t,pilot,ship_type,x_m,y_m,z_m,speed_mps,dir_x,dir_y,dir_z,residual_m
0.000,Caldari Citizen 9942864,Venture,65400,67440,69740,0,,,,0
0.000,Caldari Citizen 6206817,Skiff,69620,67600,67136,0,,,,0
0.000,Minmatar Citizen 9745080,Endurance,22015,75620,22824,0,,,,0
0.000,Amarr Citizen 0220922,Porpoise,67600,69620,67136,0,,,,0
0.000,Minmatar Citizen 4351238,Retriever,69800,67760,68539,0,,,,0
0.000,Caldari Citizen 3216932,Endurance,22840,77225,20091,0,,,,0
0.000,Minmatar Citizen 9076035,Porpoise,66425,69440,66744,0,,,,0
0.000,Minmatar Citizen 6662812,Procurer,64980,66960,65498,0,,,,0
0.000,Caldari Citizen 3891005,Orca,30785,67680,32136,0,,,,0
0.000,Caldari Citizen 8777524,Porpoise,66960,65975,64495,0,,,,0
0.000,Minmatar Citizen 0254120,Porpoise,31800,68225,29918,0,,,,0
0.000,Amarr Citizen 2674287,Orca,33440,69320,31073,0,,,,0
0.000,Amarr Citizen 5054432,Prospect,22840,77225,20091,0,,,,0
0.000,Amarr Citizen 4520313,Prospect,22865,81000,22027,0,,,,0
0.000,Minmatar Citizen 9978241,Retriever,32805,67680,30071,0,,,,0
0.000,Minmatar Citizen 7162778,Covetor,31800,65985,34579,0,,,,0
0.000,Minmatar Citizen 9678938,Venture,23135,80135,20956,0,,,,0
0.000,Minmatar Citizen 2250648,Mackinaw,80875,78635,75972,0,,,,0
0.000,Gallente Citizen 1635012,Venture,64980,65975,66490,0,,,,0
1.000,Caldari Citizen 9942864,Venture,65400,67440,69740,0,,,,0
1.000,Caldari Citizen 6206817,Skiff,69620,67600,67136,0,,,,0
1.000,Minmatar Citizen 9745080,Endurance,22015,75620,22824,0,,,,0
1.000,Amarr Citizen 0220922,Porpoise,67600,69620,67136,0,,,,0
1.000,Minmatar Citizen 4351238,Retriever,69800,67760,68539,0,,,,0
1.000,Caldari Citizen 3216932,Endurance,22840,77225,20091,0,,,,0
1.000,Minmatar Citizen 9076035,Porpoise,66425,69440,66744,0,,,,0
1.000,Minmatar Citizen 6662812,Procurer,64980,66960,65498,0,,,,0
1.000,Caldari Citizen 3891005,Orca,30785,67680,32136,0,,,,0
1.000,Caldari Citizen 8777524,Porpoise,66960,65975,64495,0,,,,0
1.000,Minmatar Citizen 0254120,Porpoise,31800,68225,29918,0,,,,0
1.000,Amarr Citizen 2674287,Orca,33440,69320,31073,0,,,,0
1.000,Amarr Citizen 5054432,Prospect,22840,77225,20091,0,,,,0
1.000,Amarr Citizen 4520313,Prospect,22865,81000,22027,0,,,,0
1.000,Minmatar Citizen 9978241,Retriever,32805,67680,30071,0,,,,0
1.000,Minmatar Citizen 7162778,Covetor,31800,65985,34579,0,,,,0
1.000,Minmatar Citizen 9678938,Venture,23135,80135,20956,0,,,,0
1.000,Minmatar Citizen 2250648,Mackinaw,80875,78635,75972,0,,,,0
1.000,Gallente Citizen 1635012,Venture,64980,65975,66490,0,,,,0
2.000,Caldari Citizen 9942864,Venture,65400,67440,69740,0,,,,0
2.000,Caldari Citizen 6206817,Skiff,69620,67600,67136,0,,,,0
2.000,Minmatar Citizen 9745080,Endurance,22015,75620,22824,0,,,,0
2.000,Amarr Citizen 0220922,Porpoise,67600,69620,67136,0,,,,0
2.000,Minmatar Citizen 4351238,Retriever,69800,67760,68539,0,,,,0
2.000,Caldari Citizen 3216932,Endurance,22840,77225,20091,0,,,,0
2.000,Minmatar Citizen 9076035,Porpoise,66425,69440,66744,0,,,,0
2.000,Minmatar Citizen 6662812,Procurer,64980,66960,65498,0,,,,0
2.000,Caldari Citizen 3891005,Orca,30785,67680,32136,0,,,,0
2.000,Caldari Citizen 8777524,Porpoise,66960,65975,64495,0,,,,0
2.000,Minmatar Citizen 0254120,Porpoise,31800,68225,29918,0,,,,0
2.000,Amarr Citizen 2674287,Orca,33440,69320,31073,0,,,,0
2.000,Amarr Citizen 5054432,Prospect,22840,77225,20091,0,,,,0
2.000,Amarr Citizen 4520313,Prospect,22865,81000,22027,0,,,,0
2.000,Minmatar Citizen 9978241,Retriever,32805,67680,30071,0,,,,0
2.000,Minmatar Citizen 7162778,Covetor,31800,65985,34579,0,,,,0
2.000,Minmatar Citizen 9678938,Venture,23135,80135,20956,0,,,,0
2.000,Minmatar Citizen 2250648,Mackinaw,80875,78635,75972,0,,,,0
2.000,Gallente Citizen 1635012,Venture,64980,65975,66490,0,,,,0
3.000,Caldari Citizen 9942864,Venture,65400,67440,69740,0,,,,0
3.000,Caldari Citizen 6206817,Skiff,69620,67600,67136,0,,,,0
3.000,Minmatar Citizen 9745080,Endurance,22015,75620,22824,0,,,,0
3.000,Amarr Citizen 0220922,Porpoise,67600,69620,67136,0,,,,0
3.000,Minmatar Citizen 4351238,Retriever,69800,67760,68539,0,,,,0
3.000,Caldari Citizen 3216932,Endurance,22840,77225,20091,0,,,,0
3.000,Minmatar Citizen 9076035,Porpoise,66425,69440,66744,0,,,,0
3.000,Minmatar Citizen 6662812,Procurer,64980,66960,65498,0,,,,0
3.000,Caldari Citizen 3891005,Orca,30785,67680,32136,0,,,,0
3.000,Caldari Citizen 8777524,Porpoise,66960,65975,64495,0,,,,0
3.000,Minmatar Citizen 0254120,Porpoise,31800,68225,29918,0,,,,0
3.000,Amarr Citizen 2674287,Orca,33440,69320,31073,0,,,,0
3.000,Amarr Citizen 5054432,Prospect,22840,77225,20091,0,,,,0
3.000,Amarr Citizen 4520313,Prospect,22865,81000,22027,0,,,,0
3.000,Minmatar Citizen 9978241,Retriever,32805,67680,30071,0,,,,0
3.000,Minmatar Citizen 7162778,Covetor,31800,65985,34579,0,,,,0
3.000,Minmatar Citizen 9678938,Venture,23135,80135,20956,0,,,,0
3.000,Minmatar Citizen 2250648,Mackinaw,80875,78635,75972,0,,,,0
3.000,Gallente Citizen 1635012,Venture,64980,65975,66490,0,,,,0
4.000,Caldari Citizen 9942864,Venture,65400,67440,69740,0,,,,0
4.000,Caldari Citizen 6206817,Skiff,69620,67600,67136,0,,,,0
4.000,Minmatar Citizen 9745080,Endurance,22015,75620,22824,0,,,,0
4.000,Amarr Citizen 0220922,Porpoise,67600,69620,67136,0,,,,0
4.000,Minmatar Citizen 4351238,Retriever,69800,67760,68539,0,,,,0
4.000,Caldari Citizen 3216932,Endurance,22840,77225,20091,0,,,,0
4.000,Minmatar Citizen 9076035,Porpoise,66425,69440,66744,0,,,,0
4.000,Minmatar Citizen 6662812,Procurer,64980,66960,65498,0,,,,0
4.000,Caldari Citizen 3891005,Orca,30785,67680,32136,0,,,,0
4.000,Caldari Citizen 8777524,Porpoise,66960,65975,64495,0,,,,0
4.000,Minmatar Citizen 0254120,Porpoise,31800,68225,29918,0,,,,0
4.000,Amarr Citizen 2674287,Orca,33440,69320,31073,0,,,,0
4.000,Amarr Citizen 5054432,Prospect,22840,77225,20091,0,,,,0
4.000,Amarr Citizen 4520313,Prospect,22865,81000,22027,0,,,,0
4.000,Minmatar Citizen 9978241,Retriever,32805,67680,30071,0,,,,0
4.000,Minmatar Citizen 7162778,Covetor,31800,65985,34579,0,,,,0
4.000,Minmatar Citizen 9678938,Venture,23135,80135,20956,0,,,,0
4.000,Minmatar Citizen 2250648,Mackinaw,80875,78635,75972,0,,,,0
4.000,Gallente Citizen 1635012,Venture,64980,65975,66490,0,,,,0
5.000,Caldari Citizen 9942864,Venture,65400,67440,69740,0,,,,0
5.000,Caldari Citizen 6206817,Skiff,69620,67600,67136,0,,,,0
5.000,Minmatar Citizen 9745080,Endurance,22015,75620,22824,0,,,,0
5.000,Amarr Citizen 0220922,Porpoise,67600,69620,67136,0,,,,0
5.000,Minmatar Citizen 4351238,Retriever,69800,67760,68539,0,,,,0
5.000,Caldari Citizen 3216932,Endurance,22840,77225,20091,0,,,,0
5.000,Minmatar Citizen 9076035,Porpoise,66425,69440,66744,0,,,,0
5.000,Minmatar Citizen 6662812,Procurer,64980,66960,65498,0,,,,0
5.000,Caldari Citizen 3891005,Orca,30785,67680,32136,0,,,,0
5.000,Caldari Citizen 8777524,Porpoise,66960,65975,64495,0,,,,0
5.000,Minmatar Citizen 0254120,Porpoise,31800,68225,29918,0,,,,0
5.000,Amarr Citizen 2674287,Orca,33440,69320,31073,0,,,,0
5.000,Amarr Citizen 5054432,Prospect,22840,77225,20091,0,,,,0
5.000,Amarr Citizen 4520313,Prospect,22865,81000,22027,0,,,,0
5.000,Minmatar Citizen 9978241,Retriever,32805,67680,30071,0,,,,0
5.000,Minmatar Citizen 7162778,Covetor,31800,65985,34579,0,,,,0
5.000,Minmatar Citizen 9678938,Venture,23135,80135,20956,0,,,,0
5.000,Minmatar Citizen 2250648,Mackinaw,80875,78635,75972,0,,,,0
5.000,Gallente Citizen 1635012,Venture,64980,65975,66490,0,,,,0
6.000,Caldari Citizen 9942864,Venture,65400,67440,69740,0,,,,0
6.000,Caldari Citizen 6206817,Skiff,69620,67600,67136,0,,,,0
6.000,Minmatar Citizen 9745080,Endurance,22015,75620,22824,0,,,,0
6.000,Amarr Citizen 0220922,Porpoise,67600,69620,67136,0,,,,0
6.000,Minmatar Citizen 4351238,Retriever,69800,67760,68539,0,,,,0
6.000,Caldari Citizen 3216932,Endurance,22840,77225,20091,0,,,,0
6.000,Minmatar Citizen 9076035,Porpoise,66425,69440,66744,0,,,,0
6.000,Minmatar Citizen 6662812,Procurer,64980,66960,65498,0,,,,0
6.000,Caldari Citizen 3891005,Orca,30785,67680,32136,0,,,,0
6.000,Caldari Citizen 8777524,Porpoise,66960,65975,64495,0,,,,0
6.000,Minmatar Citizen 0254120,Porpoise,31800,68225,29918,0,,,,0
6.000,Amarr Citizen 2674287,Orca,33440,69320,31073,0,,,,0
6.000,Amarr Citizen 5054432,Prospect,22840,77225,20091,0,,,,0
6.000,Amarr Citizen 4520313,Prospect,22865,81000,22027,0,,,,0
6.000,Minmatar Citizen 9978241,Retriever,32805,67680,30071,0,,,,0
6.000,Minmatar Citizen 7162778,Covetor,31800,65985,34579,0,,,,0
6.000,Minmatar Citizen 9678938,Venture,23135,80135,20956,0,,,,0
6.000,Minmatar Citizen 2250648,Mackinaw,80875,78635,75972,0,,,,0
6.000,Gallente Citizen 1635012,Venture,64980,65975,66490,0,,,,0
7.000,Caldari Citizen 9942864,Venture,65400,67440,69740,0,,,,0
7.000,Caldari Citizen 6206817,Skiff,69620,67600,67136,0,,,,0
7.000,Minmatar Citizen 9745080,Endurance,22015,75620,22824,0,,,,0
7.000,Amarr Citizen 0220922,Porpoise,67600,69620,67136,0,,,,0
7.000,Minmatar Citizen 4351238,Retriever,69800,67760,68539,0,,,,0
7.000,Caldari Citizen 3216932,Endurance,22840,77225,20091,0,,,,0
7.000,Minmatar Citizen 9076035,Porpoise,66425,69440,66744,0,,,,0
7.000,Minmatar Citizen 6662812,Procurer,64980,66960,65498,0,,,,0
7.000,Caldari Citizen 3891005,Orca,30785,67680,32136,0,,,,0
7.000,Caldari Citizen 8777524,Porpoise,66960,65975,64495,0,,,,0
7.000,Minmatar Citizen 0254120,Porpoise,31800,68225,29918,0,,,,0
7.000,Amarr Citizen 2674287,Orca,33440,69320,31073,0,,,,0
7.000,Amarr Citizen 5054432,Prospect,22840,77225,20091,0,,,,0
7.000,Amarr Citizen 4520313,Prospect,22865,81000,22027,0,,,,0
7.000,Minmatar Citizen 9978241,Retriever,32805,67680,30071,0,,,,0
7.000,Minmatar Citizen 7162778,Covetor,31800,65985,34579,0,,,,0
7.000,Minmatar Citizen 9678938,Venture,23135,80135,20956,0,,,,0
7.000,Minmatar Citizen 2250648,Mackinaw,80875,78635,75972,0,,,,0
7.000,Gallente Citizen 1635012,Venture,64980,65975,66490,0,,,,0
8.000,Caldari Citizen 9942864,Venture,65400,67440,69740,0,,,,0
8.000,Caldari Citizen 6206817,Skiff,69620,67600,67136,0,,,,0
8.000,Minmatar Citizen 9745080,Endurance,22015,75620,22824,0,,,,0
8.000,Amarr Citizen 0220922,Porpoise,67600,69620,67136,0,,,,0
8.000,Minmatar Citizen 4351238,Retriever,69800,67760,68539,0,,,,0
8.000,Caldari Citizen 3216932,Endurance,22840,77225,20091,0,,,,0
8.000,Minmatar Citizen 9076035,Porpoise,66425,69440,66744,0,,,,0
8.000,Minmatar Citizen 6662812,Procurer,64980,66960,65498,0,,,,0
8.000,Caldari Citizen 3891005,Orca,30785,67680,32136,0,,,,0
8.000,Caldari Citizen 8777524,Porpoise,66960,65975,64495,0,,,,0
8.000,Minmatar Citizen 0254120,Porpoise,31800,68225,29918,0,,,,0
8.000,Amarr Citizen 2674287,Orca,33440,69320,31073,0,,,,0
8.000,Amarr Citizen 5054432,Prospect,22840,77225,20091,0,,,,0
8.000,Amarr Citizen 4520313,Prospect,22865,81000,22027,0,,,,0
8.000,Minmatar Citizen 9978241,Retriever,32805,67680,30071,0,,,,0
8.000,Minmatar Citizen 7162778,Covetor,31800,65985,34579,0,,,,0
8.000,Minmatar Citizen 9678938,Venture,23135,80135,20956,0,,,,0
8.000,Minmatar Citizen 2250648,Mackinaw,80875,78635,75972,0,,,,0
8.000,Gallente Citizen 1635012,Venture,64980,65975,66490,0,,,,0
9.000,Caldari Citizen 9942864,Venture,65400,67440,69740,0,,,,0
9.000,Caldari Citizen 6206817,Skiff,69620,67600,67136,0,,,,0
9.000,Minmatar Citizen 9745080,Endurance,22015,75620,22824,0,,,,0
9.000,Amarr Citizen 0220922,Porpoise,67600,69620,67136,0,,,,0
9.000,Minmatar Citizen 4351238,Retriever,69800,67760,68539,0,,,,0
9.000,Caldari Citizen 3216932,Endurance,22840,77225,20091,0,,,,0
9.000,Minmatar Citizen 9076035,Porpoise,66425,69440,66744,0,,,,0
9.000,Minmatar Citizen 6662812,Procurer,64980,66960,65498,0,,,,0
9.000,Caldari Citizen 3891005,Orca,30785,67680,32136,0,,,,0
9.000,Caldari Citizen 8777524,Porpoise,66960,65975,64495,0,,,,0
9.000,Minmatar Citizen 0254120,Porpoise,31800,68225,29918,0,,,,0
9.000,Amarr Citizen 2674287,Orca,33440,69320,31073,0,,,,0
9.000,Amarr Citizen 5054432,Prospect,22840,77225,20091,0,,,,0
9.000,Amarr Citizen 4520313,Prospect,22865,81000,22027,0,,,,0
9.000,Minmatar Citizen 9978241,Retriever,32805,67680,30071,0,,,,0
9.000,Minmatar Citizen 7162778,Covetor,31800,65985,34579,0,,,,0
9.000,Minmatar Citizen 9678938,Venture,23135,80135,20956,0,,,,0
9.000,Minmatar Citizen 2250648,Mackinaw,80875,78635,75972,0,,,,0
9.000,Gallente Citizen 1635012,Venture,64980,65975,66490,0,,,,0
10.000,Caldari Citizen 9942864,Venture,65400,67440,69740,0,0.6682,0.6682,-0.3272,0
10.000,Caldari Citizen 6206817,Skiff,69620,67600,67136,0,,,,0
10.000,Minmatar Citizen 9745080,Endurance,22015,75620,22824,0,,,,0
10.000,Amarr Citizen 0220922,Porpoise,67600,69620,67136,0,,,,0
10.000,Minmatar Citizen 4351238,Retriever,69800,67760,68539,0,,,,0
10.000,Caldari Citizen 3216932,Endurance,22840,77225,20091,0,,,,0
10.000,Minmatar Citizen 9076035,Porpoise,66425,69440,66744,0,,,,0
10.000,Minmatar Citizen 6662812,Procurer,64980,66960,65498,0,,,,0
10.000,Caldari Citizen 3891005,Orca,30785,67680,32136,0,,,,0
10.000,Caldari Citizen 8777524,Porpoise,66960,65975,64495,0,,,,0
10.000,Minmatar Citizen 0254120,Porpoise,31800,68225,29918,0,,,,0
10.000,Amarr Citizen 2674287,Orca,33440,69320,31073,0,,,,0
10.000,Amarr Citizen 5054432,Prospect,22840,77225,20091,0,,,,0
10.000,Amarr Citizen 4520313,Prospect,22865,81000,22027,0,,,,0
10.000,Minmatar Citizen 9978241,Retriever,32805,67680,30071,0,,,,0
10.000,Minmatar Citizen 7162778,Covetor,31800,65985,34579,0,,,,0
10.000,Minmatar Citizen 9678938,Venture,23135,80135,20956,0,,,,0
10.000,Minmatar Citizen 2250648,Mackinaw,80875,78635,75972,0,,,,0
10.000,Gallente Citizen 1635012,Venture,64980,65975,66490,0,-0.4031,0.5262,-0.7488,0
11.000,Caldari Citizen 9942864,Venture,65400,67440,69740,0,0.9120,0.2884,-0.2916,0
11.000,Caldari Citizen 6206817,Skiff,69620,67600,67136,0,,,,0
11.000,Minmatar Citizen 9745080,Endurance,22015,75620,22824,0,0.7023,0.0000,-0.7119,0
11.000,Amarr Citizen 0220922,Porpoise,67600,69620,67136,0,,,,0
11.000,Minmatar Citizen 4351238,Retriever,69800,67760,68539,0,,,,0
11.000,Caldari Citizen 3216932,Endurance,22840,77225,20091,0,,,,0
11.000,Minmatar Citizen 9076035,Porpoise,66425,69440,66744,0,,,,0
11.000,Minmatar Citizen 6662812,Procurer,64980,66960,65498,0,,,,0
11.000,Caldari Citizen 3891005,Orca,30785,67680,32136,0,,,,0
11.000,Caldari Citizen 8777524,Porpoise,66960,65975,64495,0,,,,0
11.000,Minmatar Citizen 0254120,Porpoise,31800,68225,29918,0,,,,0
11.000,Amarr Citizen 2674287,Orca,33440,69320,31073,0,,,,0
11.000,Amarr Citizen 5054432,Prospect,22840,77225,20091,0,0.1492,-0.7814,0.6060,0
11.000,Amarr Citizen 4520313,Prospect,22865,81000,22027,0,,,,0
11.000,Minmatar Citizen 9978241,Retriever,32805,67680,30071,0,,,,0
11.000,Minmatar Citizen 7162778,Covetor,31800,65985,34579,0,,,,0
11.000,Minmatar Citizen 9678938,Venture,23135,80135,20956,0,,,,0
11.000,Minmatar Citizen 2250648,Mackinaw,80875,78635,75972,0,,,,0
11.000,Gallente Citizen 1635012,Venture,64980,65975,66490,0,-0.6458,0.3304,-0.6883,0
12.000,Caldari Citizen 9942864,Venture,65400,67440,69740,142,0.9511,0.1543,-0.2677,0
12.000,Caldari Citizen 6206817,Skiff,69620,67600,67136,0,,,,0
12.000,Minmatar Citizen 9745080,Endurance,22015,75620,22824,93,0.4378,-0.3475,-0.8292,0
12.000,Amarr Citizen 0220922,Porpoise,67600,69620,67136,0,,,,0
12.000,Minmatar Citizen 4351238,Retriever,69800,67760,68539,0,,,,0
12.000,Caldari Citizen 3216932,Endurance,22840,77225,20091,0,,,,0
12.000,Minmatar Citizen 9076035,Porpoise,66425,69440,66744,0,,,,0
12.000,Minmatar Citizen 6662812,Procurer,64980,66960,65498,0,,,,0
12.000,Caldari Citizen 3891005,Orca,30785,67680,32136,0,,,,0
12.000,Caldari Citizen 8777524,Porpoise,66960,65975,64495,0,,,,0
12.000,Minmatar Citizen 0254120,Porpoise,31800,68225,29918,0,,,,0
12.000,Amarr Citizen 2674287,Orca,33440,69320,31073,0,,,,0
12.000,Amarr Citizen 5054432,Prospect,22840,77225,20091,193,-0.1136,-0.9654,0.2346,0
12.000,Amarr Citizen 4520313,Prospect,22865,81000,22027,0,-0.7039,-0.7039,0.0956,0
12.000,Minmatar Citizen 9978241,Retriever,32805,67680,30071,43,,,,0
12.000,Minmatar Citizen 7162778,Covetor,31800,65985,34579,32,,,,0
12.000,Minmatar Citizen 9678938,Venture,23135,80135,20956,0,0.2346,-0.9383,-0.2542,0
12.000,Minmatar Citizen 2250648,Mackinaw,80875,78635,75972,0,,,,0
12.000,Gallente Citizen 1635012,Venture,64980,66960,65498,623,-0.6831,0.1353,-0.7177,0
13.000,Caldari Citizen 9942864,Venture,66575,68615,69165,285,0.9656,0.0702,-0.2503,0
13.000,Caldari Citizen 6206817,Skiff,69620,67600,67136,0,-0.2947,0.7128,0.6364,0
13.000,Minmatar Citizen 9745080,Endurance,22015,75620,22824,354,0.3175,-0.7143,-0.6237,0
13.000,Amarr Citizen 0220922,Porpoise,67600,69620,67136,0,,,,0
13.000,Minmatar Citizen 4351238,Retriever,69800,67760,68539,0,-0.7373,0.2794,-0.6151,0
13.000,Caldari Citizen 3216932,Endurance,22840,77225,20091,227,-0.1510,-0.9842,0.0930,0
13.000,Minmatar Citizen 9076035,Porpoise,66425,69440,66744,0,,,,0
13.000,Minmatar Citizen 6662812,Procurer,64980,66960,65498,0,0.9264,0.1295,0.3535,0
13.000,Caldari Citizen 3891005,Orca,30785,67680,32136,0,0.0000,-0.4366,0.8997,0
13.000,Caldari Citizen 8777524,Porpoise,66960,65975,64495,0,,,,0
13.000,Minmatar Citizen 0254120,Porpoise,31800,68225,29918,0,,,,0
13.000,Amarr Citizen 2674287,Orca,33440,69320,31073,63,,,,0
13.000,Amarr Citizen 5054432,Prospect,22840,76840,21516,451,-0.1013,-0.9919,0.0767,0
13.000,Amarr Citizen 4520313,Prospect,22865,81000,22027,144,-0.4348,-0.8875,0.1527,0
13.000,Minmatar Citizen 9978241,Retriever,32805,67680,30071,91,,,,0
13.000,Minmatar Citizen 7162778,Covetor,31800,65985,34579,72,0.0000,0.4567,-0.8896,0
13.000,Minmatar Citizen 9678938,Venture,23135,80135,20956,197,-0.0060,-0.9668,-0.2556,0
13.000,Minmatar Citizen 2250648,Mackinaw,80875,78635,75972,0,,,,0
13.000,Gallente Citizen 1635012,Venture,63845,66800,65043,1357,-0.7014,0.0853,-0.7077,0
14.000,Caldari Citizen 9942864,Venture,67600,67600,69170,381,0.9374,0.2010,-0.2843,0
14.000,Caldari Citizen 6206817,Skiff,69620,67600,67136,0,-0.0158,0.4301,0.9026,0
14.000,Minmatar Citizen 9745080,Endurance,23120,75620,21704,606,0.2481,-0.8904,-0.3816,0
14.000,Amarr Citizen 0220922,Porpoise,67600,69620,67136,0,,,,0
14.000,Minmatar Citizen 4351238,Retriever,69800,67760,68539,277,-0.8879,0.0493,-0.4573,0
14.000,Caldari Citizen 3216932,Endurance,22840,77225,20091,468,-0.1962,-0.9778,0.0736,0
14.000,Minmatar Citizen 9076035,Porpoise,66425,69440,66744,128,,,,0
14.000,Minmatar Citizen 6662812,Procurer,64980,66960,65498,288,0.7799,0.4715,0.4117,0
14.000,Caldari Citizen 3891005,Orca,30785,67680,32136,10,0.0000,-0.4366,0.8997,0
14.000,Caldari Citizen 8777524,Porpoise,66960,65975,64495,0,,,,0
14.000,Minmatar Citizen 0254120,Porpoise,31800,68225,29918,0,,,,0
14.000,Amarr Citizen 2674287,Orca,33440,69320,31073,145,,,,0
14.000,Amarr Citizen 5054432,Prospect,23120,76015,20278,691,-0.0416,-0.9991,0.0095,0
14.000,Amarr Citizen 4520313,Prospect,22000,80135,22145,332,-0.3123,-0.9344,0.1711,0
14.000,Minmatar Citizen 9978241,Retriever,32805,67680,30071,361,-0.6263,0.5396,-0.5627,0
14.000,Minmatar Citizen 7162778,Covetor,31800,65985,34579,105,0.0000,0.4567,-0.8896,0
14.000,Minmatar Citizen 9678938,Venture,23405,79280,19796,515,-0.0185,-0.9841,-0.1764,0
14.000,Minmatar Citizen 2250648,Mackinaw,80875,78635,75972,86,-0.6228,-0.6228,0.4735,0
14.000,Gallente Citizen 1635012,Venture,62720,66640,64570,1945,-0.6534,0.0744,-0.7534,0
15.000,Caldari Citizen 9942864,Venture,67600,67600,69170,446,0.9887,0.0882,-0.1215,0
15.000,Caldari Citizen 6206817,Skiff,68615,67600,68163,312,0.4681,0.2473,0.8484,0
15.000,Minmatar Citizen 9745080,Endurance,22305,74805,21626,800,0.2060,-0.9579,-0.2002,0
15.000,Amarr Citizen 0220922,Porpoise,67600,69620,67136,154,0.0744,-0.2280,0.9708,0
15.000,Minmatar Citizen 4351238,Retriever,68615,67600,68163,599,-0.8626,0.0921,-0.4975,0
15.000,Caldari Citizen 3216932,Endurance,22015,76400,20059,648,-0.1072,-0.9662,-0.2343,0
15.000,Minmatar Citizen 9076035,Porpoise,66425,69440,66744,288,0.1050,0.1261,0.9864,0
15.000,Minmatar Citizen 6662812,Procurer,66125,67120,65935,623,0.7653,0.4988,0.4068,0
15.000,Caldari Citizen 3891005,Orca,30785,67125,33279,84,0.0000,-0.4366,0.8997,0
15.000,Caldari Citizen 8777524,Porpoise,66960,65975,64495,137,-0.2285,0.0690,0.9711,0
15.000,Minmatar Citizen 0254120,Porpoise,31800,68225,29918,0,,,,0
15.000,Amarr Citizen 2674287,Orca,33440,69320,31073,222,0.0000,-0.4170,0.9089,0
15.000,Amarr Citizen 5054432,Prospect,22305,75200,20210,918,0.0211,-0.9992,-0.0325,0
15.000,Amarr Citizen 4520313,Prospect,22000,80135,22145,508,-0.1144,-0.9755,0.1880,0
15.000,Minmatar Citizen 9978241,Retriever,32805,67680,30071,658,-0.6462,0.5354,-0.5439,0
15.000,Minmatar Citizen 7162778,Covetor,31800,66560,33459,133,-0.3272,0.1402,-0.9345,0
15.000,Minmatar Citizen 9678938,Venture,23405,78905,21242,899,0.0076,-0.9950,-0.0992,0
15.000,Minmatar Citizen 2250648,Mackinaw,80875,78635,75972,190,-0.6228,-0.6228,0.4735,0
15.000,Gallente Citizen 1635012,Venture,61495,66320,62610,2423,-0.6768,0.0224,-0.7358,0
16.000,Caldari Citizen 9942864,Venture,67600,67600,69170,488,0.9864,-0.1027,0.1284,0
16.000,Caldari Citizen 6206817,Skiff,69800,68785,67510,659,0.6962,0.3338,0.6355,0
16.000,Minmatar Citizen 9745080,Endurance,22595,73595,21754,946,0.0679,-0.9928,-0.0984,0
16.000,Amarr Citizen 0220922,Porpoise,67600,69620,67136,332,0.0692,-0.2725,0.9597,0
16.000,Minmatar Citizen 4351238,Retriever,68615,68615,67141,860,-0.7739,0.0766,-0.6287,0
16.000,Caldari Citizen 3216932,Endurance,23120,76015,20278,777,-0.1718,-0.9790,-0.1097,0
16.000,Minmatar Citizen 9076035,Porpoise,66425,69440,66744,428,0.4158,0.1512,0.8968,0
16.000,Minmatar Citizen 6662812,Procurer,66125,67120,65935,897,0.7757,0.5878,0.2297,0
16.000,Caldari Citizen 3891005,Orca,30785,67125,33279,169,0.6104,-0.5563,0.5639,0
16.000,Caldari Citizen 8777524,Porpoise,66960,65975,64495,297,-0.0225,0.0910,0.9956,0
16.000,Minmatar Citizen 0254120,Porpoise,31800,68225,29918,99,,,,0
16.000,Amarr Citizen 2674287,Orca,33440,69320,31073,292,0.3340,-0.1100,0.9361,0
16.000,Amarr Citizen 5054432,Prospect,22595,74000,20334,1125,0.0082,-0.9958,-0.0912,0
16.000,Amarr Citizen 4520313,Prospect,22280,78905,22419,669,0.0655,-0.9793,0.1913,0
16.000,Minmatar Citizen 9978241,Retriever,31800,68225,29918,893,-0.6146,0.5272,-0.5868,0
16.000,Minmatar Citizen 7162778,Covetor,31800,66560,33459,156,-0.5567,-0.1591,-0.8153,0
16.000,Minmatar Citizen 9678938,Venture,22840,77225,20091,1258,-0.0308,-0.9988,-0.0371,0
16.000,Minmatar Citizen 2250648,Mackinaw,80875,78635,75972,279,-0.6228,-0.6228,0.4735,0
16.000,Gallente Citizen 1635012,Venture,59315,66915,60565,2801,-0.6225,0.0445,-0.7813,0
17.000,Caldari Citizen 9942864,Venture,68785,68785,68544,516,0.9199,0.3909,0.0318,0
17.000,Caldari Citizen 6206817,Skiff,69800,67760,68539,946,0.8136,0.3179,0.4867,0
17.000,Minmatar Citizen 9745080,Endurance,22885,72385,21856,1056,-0.0161,-0.9998,0.0132,0
17.000,Amarr Citizen 0220922,Porpoise,67600,68615,68163,486,0.2893,-0.2218,0.9312,0
17.000,Minmatar Citizen 4351238,Retriever,67440,67440,67769,1074,-0.7454,0.0409,-0.6654,0
17.000,Caldari Citizen 3216932,Endurance,22305,75200,20210,870,-0.1365,-0.9641,-0.2276,0
17.000,Minmatar Citizen 9076035,Porpoise,66575,69620,68153,551,0.4518,-0.0705,0.8893,0
17.000,Minmatar Citizen 6662812,Procurer,66275,68275,66349,1121,0.8034,0.5746,0.1561,0
17.000,Caldari Citizen 3891005,Orca,30785,67125,33279,247,0.9568,-0.1164,0.2665,0
17.000,Caldari Citizen 8777524,Porpoise,65975,65975,65503,440,0.0811,-0.1786,0.9806,0
17.000,Minmatar Citizen 0254120,Porpoise,31800,68225,29918,212,,,,0
17.000,Amarr Citizen 2674287,Orca,33440,68765,32282,356,0.3701,-0.0753,0.9259,0
17.000,Amarr Citizen 5054432,Prospect,22885,72800,20431,1316,0.0279,-0.9996,0.0093,0
17.000,Amarr Citizen 4520313,Prospect,22280,78905,22419,818,0.2335,-0.9722,0.0173,0
17.000,Minmatar Citizen 9978241,Retriever,31800,68760,28667,1082,-0.6423,0.5203,-0.5628,0
17.000,Minmatar Citizen 7162778,Covetor,31800,66560,33459,174,-0.7063,-0.4541,-0.5431,0
17.000,Minmatar Citizen 9678938,Venture,23120,76015,20278,1487,-0.0310,-0.9993,0.0224,0
17.000,Minmatar Citizen 2250648,Mackinaw,79520,77280,77002,355,-0.4771,-0.6770,0.5604,0
17.000,Gallente Citizen 1635012,Venture,58160,67460,57468,3101,-0.6274,0.0306,-0.7781,0
18.000,Caldari Citizen 9942864,Venture,68785,67760,69557,536,0.9522,0.2116,0.2204,0
18.000,Caldari Citizen 6206817,Skiff,70995,67920,68895,1191,0.8486,0.2722,0.4536,0
18.000,Minmatar Citizen 9745080,Endurance,23175,71175,21933,1141,0.0579,-0.9983,0.0029,0
18.000,Amarr Citizen 0220922,Porpoise,67760,69800,68539,623,0.6201,0.0270,0.7840,0
18.000,Minmatar Citizen 4351238,Retriever,66275,68275,66349,1254,-0.7673,-0.0207,-0.6409,0
18.000,Caldari Citizen 3216932,Endurance,22595,74395,18837,940,-0.1823,-0.9742,-0.1333,0
18.000,Minmatar Citizen 9076035,Porpoise,66575,69620,68153,662,0.4061,-0.1259,0.9051,0
18.000,Minmatar Citizen 6662812,Procurer,67440,68445,66754,1214,0.8266,0.5547,-0.0952,0
18.000,Caldari Citizen 3891005,Orca,30785,67125,33279,320,0.9925,0.1221,0.0031,0
18.000,Caldari Citizen 8777524,Porpoise,67120,66125,65935,508,0.3530,-0.2418,0.9038,0
18.000,Minmatar Citizen 0254120,Porpoise,31800,68225,29918,316,0.0000,-0.4098,0.9122,0
18.000,Amarr Citizen 2674287,Orca,33440,68765,32282,416,0.3976,-0.0468,0.9164,0
18.000,Amarr Citizen 5054432,Prospect,23175,71600,20503,1497,0.0348,-0.9989,-0.0313,0
18.000,Amarr Citizen 4520313,Prospect,22560,77675,22664,957,0.1192,-0.9912,0.0582,0
18.000,Minmatar Citizen 9978241,Retriever,30785,69285,28511,1236,-0.6337,0.5092,-0.5824,0
18.000,Minmatar Citizen 7162778,Covetor,30995,65755,33400,190,-0.7022,-0.4558,-0.5470,0
18.000,Minmatar Citizen 9678938,Venture,23400,74805,20437,1564,-0.0397,-0.9982,-0.0443,0
18.000,Minmatar Citizen 2250648,Mackinaw,79520,77280,77002,422,-0.3807,-0.6995,0.6048,0
18.000,Gallente Citizen 1635012,Venture,55025,66920,55704,3346,-0.6656,-0.0054,-0.7462,0
19.000,Caldari Citizen 9942864,Venture,68785,67760,69557,549,0.9251,0.0367,0.3780,0
19.000,Caldari Citizen 6206817,Skiff,72400,69295,69573,1398,0.7676,0.2380,0.5951,0
19.000,Minmatar Citizen 9745080,Endurance,22400,70400,21704,1206,0.0600,-0.9980,-0.0202,0
19.000,Amarr Citizen 0220922,Porpoise,67760,68785,69557,743,0.7024,0.2129,0.6792,0
19.000,Minmatar Citizen 4351238,Retriever,66125,68105,64917,1404,-0.7466,-0.0934,-0.6587,0
19.000,Caldari Citizen 3216932,Endurance,21800,73205,20169,992,-0.2464,-0.9454,-0.2135,0
19.000,Minmatar Citizen 9076035,Porpoise,67760,69800,68539,763,0.4973,-0.1292,0.8579,0
19.000,Minmatar Citizen 6662812,Procurer,68615,69620,66099,1314,0.8667,0.4696,-0.1680,0
19.000,Caldari Citizen 3891005,Orca,31800,67125,32311,387,0.9222,-0.0189,0.3863,0
19.000,Caldari Citizen 8777524,Porpoise,67120,66125,65935,587,0.7171,-0.2856,0.6358,0
19.000,Minmatar Citizen 0254120,Porpoise,31800,68225,29918,410,0.0000,-0.4098,0.9122,0
19.000,Amarr Citizen 2674287,Orca,34275,69600,32203,472,0.5937,-0.1310,0.7939,0
19.000,Amarr Citizen 5054432,Prospect,22700,69635,20290,1666,-0.0468,-0.9989,0.0025,0
19.000,Amarr Citizen 4520313,Prospect,22840,76445,22880,1088,0.0548,-0.9954,0.0791,0
19.000,Minmatar Citizen 9978241,Retriever,29760,70305,27066,1360,-0.6290,0.4290,-0.6483,0
19.000,Minmatar Citizen 7162778,Covetor,30995,65755,33400,204,-0.5510,-0.1643,-0.8182,0
19.000,Minmatar Citizen 9678938,Venture,22885,72800,20431,1554,-0.0138,-0.9998,0.0156,0
19.000,Minmatar Citizen 2250648,Mackinaw,79520,77280,77002,481,-0.2673,-0.7150,0.6460,0
19.000,Gallente Citizen 1635012,Venture,53960,67385,52427,3544,-0.6621,-0.0136,-0.7493,0
20.000,Caldari Citizen 9942864,Venture,69980,68955,68906,557,0.9589,-0.1985,0.2029,0
20.000,Caldari Citizen 6206817,Skiff,73625,69465,69878,1569,0.7475,0.2002,0.6334,0
20.000,Minmatar Citizen 9745080,Endurance,22700,69200,21727,1255,0.0946,-0.9949,-0.0337,0
20.000,Amarr Citizen 0220922,Porpoise,68955,68955,69932,847,0.7238,0.2062,0.6585,0
20.000,Minmatar Citizen 4351238,Retriever,64980,67935,64486,1526,-0.6730,0.0002,-0.7396,0
20.000,Caldari Citizen 3216932,Endurance,22100,72420,18733,1030,-0.1833,-0.9541,-0.2369,0
20.000,Minmatar Citizen 9076035,Porpoise,67760,68785,69557,850,0.5041,-0.2520,0.8261,0
20.000,Minmatar Citizen 6662812,Procurer,69800,69800,66460,1428,0.9267,0.2996,-0.2268,0
20.000,Caldari Citizen 3891005,Orca,32615,67375,33479,449,0.8444,0.0747,0.5305,0
20.000,Caldari Citizen 8777524,Porpoise,67120,65120,66928,665,0.8128,-0.4154,0.4084,0
20.000,Minmatar Citizen 0254120,Porpoise,31800,67680,31132,493,0.0000,-0.4151,0.9098,0
20.000,Amarr Citizen 2674287,Orca,34275,69035,33398,523,0.8549,0.0324,0.5178,0
20.000,Amarr Citizen 5054432,Prospect,23000,68445,20280,1759,-0.1096,-0.9939,-0.0112,0
20.000,Amarr Citizen 4520313,Prospect,23120,75620,21704,1208,-0.0293,-0.9963,0.0811,0
20.000,Minmatar Citizen 9978241,Retriever,28725,70800,26893,1456,-0.6377,0.3758,-0.6724,0
20.000,Minmatar Citizen 7162778,Covetor,30995,65755,33400,214,-0.3235,0.1306,-0.9372,0
20.000,Minmatar Citizen 9678938,Venture,23175,71600,20503,1562,-0.0596,-0.9975,-0.0376,0
20.000,Minmatar Citizen 2250648,Mackinaw,79520,76145,78125,531,0.0000,-0.7110,0.7032,0
20.000,Gallente Citizen 1635012,Venture,50975,66815,50411,3700,-0.6794,-0.0264,-0.7333,0
21.000,Caldari Citizen 9942864,Venture,69980,67920,69926,563,0.8120,-0.0431,-0.5821,0
21.000,Caldari Citizen 6206817,Skiff,75080,69805,71521,1710,0.7257,0.0912,0.6820,0
21.000,Minmatar Citizen 9745080,Endurance,23000,68000,21726,1293,0.0873,-0.9936,-0.0709,0
21.000,Amarr Citizen 0220922,Porpoise,70160,70160,69254,938,0.7612,0.0593,0.6458,0
21.000,Minmatar Citizen 4351238,Retriever,62720,67595,63570,1627,-0.7182,-0.0381,-0.6948,0
21.000,Caldari Citizen 3216932,Endurance,21325,71240,19978,1135,-0.2412,-0.9648,-0.1045,0
21.000,Minmatar Citizen 9076035,Porpoise,67920,68955,70937,879,0.5410,-0.2545,0.8016,0
21.000,Minmatar Citizen 6662812,Procurer,72000,70995,64620,1394,0.9298,0.1871,-0.3171,0
21.000,Caldari Citizen 3891005,Orca,32615,67375,33479,506,0.6523,0.0099,0.7579,0
21.000,Caldari Citizen 8777524,Porpoise,68275,65260,67347,737,0.8473,-0.5004,0.1781,0
21.000,Minmatar Citizen 0254120,Porpoise,31800,67680,31132,568,0.0000,-0.4177,0.9086,0
21.000,Amarr Citizen 2674287,Orca,34275,69035,33398,570,0.7983,-0.0813,0.5967,0
21.000,Amarr Citizen 5054432,Prospect,22565,66520,19872,1835,-0.1118,-0.9919,0.0602,0
21.000,Amarr Citizen 4520313,Prospect,22305,74400,22981,1320,-0.0684,-0.9945,0.0796,0
21.000,Minmatar Citizen 9978241,Retriever,27680,71760,25403,1528,-0.6661,0.2795,-0.6915,0
21.000,Minmatar Citizen 7162778,Covetor,30995,66320,32264,224,0.0000,0.4452,-0.8954,0
21.000,Minmatar Citizen 9678938,Venture,22700,69635,20290,1667,-0.0947,-0.9955,-0.0040,0
21.000,Minmatar Citizen 2250648,Mackinaw,79520,76145,78125,561,-0.2243,-0.7306,0.6450,0
21.000,Gallente Citizen 1635012,Venture,48080,66245,48217,3617,-0.6825,-0.0080,-0.7308,0
22.000,Caldari Citizen 9942864,Venture,69980,67920,69926,400,0.4997,-0.2556,-0.8276,0
22.000,Caldari Citizen 6206817,Skiff,75300,69975,72866,1504,0.7420,-0.1253,0.6586,0
22.000,Minmatar Citizen 9745080,Endurance,23300,66800,21700,1321,0.1291,-0.9879,-0.0859,0
22.000,Amarr Citizen 0220922,Porpoise,70340,70340,70630,1018,0.8076,0.1065,0.5800,0
22.000,Minmatar Citizen 4351238,Retriever,62600,67425,62098,1710,-0.7318,0.0326,-0.6807,0
22.000,Caldari Citizen 3216932,Endurance,21635,70475,18472,1222,-0.1858,-0.9745,-0.1256,0
22.000,Minmatar Citizen 9076035,Porpoise,69125,69125,71305,912,0.6313,-0.2189,0.7440,0
22.000,Minmatar Citizen 6662812,Procurer,73205,71185,64921,1414,0.9252,-0.0385,-0.3774,0
22.000,Caldari Citizen 3891005,Orca,32615,66800,34612,559,0.4221,-0.0385,0.9057,0
22.000,Caldari Citizen 8777524,Porpoise,69260,65260,66334,777,0.6408,-0.7357,0.2194,0
22.000,Minmatar Citizen 0254120,Porpoise,31800,67680,31132,635,0.0000,-0.4256,0.9049,0
22.000,Amarr Citizen 2674287,Orca,35280,68460,33534,613,0.6224,-0.2683,0.7353,0
22.000,Amarr Citizen 5054432,Prospect,22160,64160,20819,1905,-0.1004,-0.9924,0.0714,0
22.000,Amarr Citizen 4520313,Prospect,22595,73180,23112,1423,0.0280,-0.9936,0.1090,0
22.000,Minmatar Citizen 9978241,Retriever,26875,71420,24019,1576,-0.6573,0.2082,-0.7243,0
22.000,Minmatar Citizen 7162778,Covetor,30995,66320,32264,231,0.0000,0.4452,-0.8954,0
22.000,Minmatar Citizen 9678938,Venture,23000,68445,20280,1884,-0.0474,-0.9988,0.0106,0
22.000,Minmatar Citizen 2250648,Mackinaw,79520,76145,78125,590,-0.3086,-0.7275,0.6128,0
22.000,Gallente Citizen 1635012,Venture,46200,67325,44519,3495,-0.7384,-0.0197,-0.6741,0
23.000,Caldari Citizen 9942864,Venture,70995,67920,68895,1152,0.2642,-0.3668,-0.8920,0
23.000,Caldari Citizen 6206817,Skiff,76565,69040,74164,1394,0.6989,-0.3189,0.6402,0
23.000,Minmatar Citizen 9745080,Endurance,23600,65600,21649,1343,0.1059,-0.9944,-0.0046,0
23.000,Amarr Citizen 0220922,Porpoise,70340,69295,71655,1087,0.7102,-0.1224,0.6932,0
23.000,Minmatar Citizen 4351238,Retriever,61495,68180,60579,1779,-0.6703,0.0539,-0.7402,0
23.000,Caldari Citizen 3216932,Endurance,21200,68560,18058,1286,-0.1915,-0.9800,-0.0549,0
23.000,Minmatar Citizen 9076035,Porpoise,69125,68080,72304,952,0.7086,-0.2268,0.6682,0
23.000,Minmatar Citizen 6662812,Procurer,74200,70160,64907,1373,0.8509,-0.2646,-0.4539,0
23.000,Caldari Citizen 3891005,Orca,33440,67625,34607,608,0.6355,-0.0434,0.7709,0
23.000,Caldari Citizen 8777524,Porpoise,69260,64235,67327,808,0.4913,-0.8569,0.1563,0
23.000,Minmatar Citizen 0254120,Porpoise,31800,67125,32311,644,-0.1261,-0.5376,0.8337,0
23.000,Amarr Citizen 2674287,Orca,36125,69305,33419,654,0.7074,-0.0964,0.7002,0
23.000,Amarr Citizen 5054432,Prospect,21785,62285,20174,1971,-0.0792,-0.9885,0.1292,0
23.000,Amarr Citizen 4520313,Prospect,22100,71175,23015,1520,0.0743,-0.9909,0.1121,0
23.000,Minmatar Citizen 9978241,Retriever,25820,72320,22431,1596,-0.7147,0.1678,-0.6791,0
23.000,Minmatar Citizen 7162778,Covetor,30995,66320,32264,237,0.0000,0.4373,-0.8993,0
23.000,Minmatar Citizen 9678938,Venture,22565,66520,19872,2130,-0.0500,-0.9970,0.0587,0
23.000,Minmatar Citizen 2250648,Mackinaw,79520,76145,78125,618,-0.3883,-0.7188,0.5767,0
23.000,Gallente Citizen 1635012,Venture,43455,66695,41993,3403,-0.7446,-0.0228,-0.6671,0
24.000,Caldari Citizen 9942864,Venture,71800,67760,66441,1958,0.1446,-0.3935,-0.9079,0
24.000,Caldari Citizen 6206817,Skiff,77840,69200,74406,1256,0.7296,-0.4493,0.5156,0
24.000,Minmatar Citizen 9745080,Endurance,23185,63685,21158,1359,0.1048,-0.9934,0.0457,0
24.000,Amarr Citizen 0220922,Porpoise,71565,69465,71987,998,0.6795,-0.2692,0.6825,0
24.000,Minmatar Citizen 4351238,Retriever,59315,67820,59550,1835,-0.6495,0.0544,-0.7584,0
24.000,Caldari Citizen 3216932,Endurance,20465,67400,19168,1333,-0.1989,-0.9689,-0.1471,0
24.000,Minmatar Citizen 9076035,Porpoise,70340,68240,72661,995,0.6482,-0.4057,0.6445,0
24.000,Minmatar Citizen 6662812,Procurer,75185,70160,63764,1388,0.7448,-0.5352,-0.3986,0
24.000,Caldari Citizen 3891005,Orca,33440,67040,35727,652,0.7805,0.0053,0.6251,0
24.000,Caldari Citizen 8777524,Porpoise,70235,64235,66309,852,0.3761,-0.9237,0.0724,0
24.000,Minmatar Citizen 0254120,Porpoise,31800,67125,32311,683,-0.1778,-0.5773,0.7969,0
24.000,Amarr Citizen 2674287,Orca,36125,68720,34606,690,0.5640,-0.1038,0.8192,0
24.000,Amarr Citizen 5054432,Prospect,22115,60620,21451,1926,-0.0076,-0.9742,0.2254,0
24.000,Amarr Citizen 4520313,Prospect,22400,69965,23068,1608,0.1547,-0.9879,0.0107,0
24.000,Minmatar Citizen 9978241,Retriever,23960,71960,22106,1588,-0.7737,0.0803,-0.6285,0
24.000,Minmatar Citizen 7162778,Covetor,30995,66320,32264,242,0.0000,0.4296,-0.9030,0
24.000,Minmatar Citizen 9678938,Venture,22160,64160,20819,2254,-0.0444,-0.9977,0.0518,0
24.000,Minmatar Citizen 2250648,Mackinaw,78175,73655,80122,645,-0.3208,-0.7317,0.6013,0
24.000,Gallente Citizen 1635012,Venture,40700,66940,40082,3254,-0.7891,-0.0469,-0.6125,0
25.000,Caldari Citizen 9942864,Venture,71400,66425,64643,2580,0.0393,-0.4425,-0.8959,0
25.000,Caldari Citizen 6206817,Skiff,78875,68075,74354,1023,0.8321,-0.4779,0.2814,0
25.000,Minmatar Citizen 9745080,Endurance,23495,62495,21032,1372,0.1241,-0.9897,0.0714,0
25.000,Amarr Citizen 0220922,Porpoise,72800,69635,72299,944,0.7021,-0.3624,0.6130,0
25.000,Minmatar Citizen 4351238,Retriever,58240,68525,57978,1883,-0.7112,0.0059,-0.7030,0
25.000,Caldari Citizen 3216932,Endurance,20795,66240,19074,1367,-0.2042,-0.9734,-0.1036,0
25.000,Minmatar Citizen 9076035,Porpoise,71565,68400,72999,1041,0.6037,-0.4521,0.6566,0
25.000,Minmatar Citizen 6662812,Procurer,77125,69125,62566,1453,0.6672,-0.5670,-0.4830,0
25.000,Caldari Citizen 3891005,Orca,33440,67040,35727,694,0.8586,0.0915,0.5044,0
25.000,Caldari Citizen 8777524,Porpoise,69080,62045,67848,888,0.2918,-0.9563,0.0172,0
25.000,Minmatar Citizen 0254120,Porpoise,31800,66560,33459,715,-0.0789,-0.6559,0.7508,0
25.000,Amarr Citizen 2674287,Orca,36125,68125,35763,725,0.6040,-0.0504,0.7954,0
25.000,Amarr Citizen 5054432,Prospect,21780,58775,20667,1882,0.0670,-0.9690,0.2378,0
25.000,Amarr Citizen 4520313,Prospect,23755,68300,23384,1691,0.1192,-0.9915,0.0514,0
25.000,Minmatar Citizen 9978241,Retriever,23960,72385,20672,981,-0.7905,0.0143,-0.6123,0
25.000,Minmatar Citizen 7162778,Covetor,30995,66320,32264,247,0.0000,0.4296,-0.9030,0
25.000,Minmatar Citizen 9678938,Venture,22800,61800,20541,2171,-0.0379,-0.9991,0.0207,0
25.000,Minmatar Citizen 2250648,Mackinaw,78175,73655,80122,670,-0.2725,-0.7385,0.6167,0
25.000,Gallente Citizen 1635012,Venture,37975,66500,39136,2743,-0.8159,-0.0803,-0.5726,0
26.000,Caldari Citizen 9942864,Venture,71945,65120,61711,3047,-0.0602,-0.5021,-0.8627,0
26.000,Caldari Citizen 6206817,Skiff,78875,66940,75378,831,0.8868,-0.4514,0.0993,0
26.000,Minmatar Citizen 9745080,Endurance,23805,60800,22309,1382,0.1654,-0.9834,0.0750,0
26.000,Amarr Citizen 0220922,Porpoise,72800,68560,73319,931,0.6092,-0.4544,0.6499,0
26.000,Minmatar Citizen 4351238,Retriever,57105,68145,55859,1922,-0.7070,-0.0184,-0.7069,0
26.000,Caldari Citizen 3216932,Endurance,20420,64375,18409,1393,-0.1654,-0.9584,-0.2325,0
26.000,Minmatar Citizen 9076035,Porpoise,71565,67325,73992,1087,0.5556,-0.4981,0.6657,0
26.000,Minmatar Citizen 6662812,Procurer,76875,67920,62266,1537,0.5828,-0.6270,-0.5169,0
26.000,Caldari Citizen 3891005,Orca,35280,67280,35843,733,0.7699,-0.0484,0.6363,0
26.000,Caldari Citizen 8777524,Porpoise,70045,61000,67806,934,0.3684,-0.9182,-0.1454,0
26.000,Minmatar Citizen 0254120,Porpoise,30995,65180,34509,749,0.0086,-0.6983,0.7157,0
26.000,Amarr Citizen 2674287,Orca,36980,68980,35640,757,0.6015,-0.1607,0.7825,0
26.000,Amarr Citizen 5054432,Prospect,22120,57080,21854,1855,0.0690,-0.9489,0.3081,0
26.000,Amarr Citizen 4520313,Prospect,23300,66335,23082,1769,0.0691,-0.9902,0.1217,0
26.000,Minmatar Citizen 9978241,Retriever,22885,72385,21856,467,-0.7516,-0.2149,-0.6236,0
26.000,Minmatar Citizen 7162778,Covetor,30995,66875,31097,250,0.0000,0.4296,-0.9030,0
26.000,Minmatar Citizen 9678938,Venture,22445,59440,21263,1936,-0.0415,-0.9934,0.1072,0
26.000,Minmatar Citizen 2250648,Mackinaw,78175,73655,80122,681,-0.2086,-0.7444,0.6344,0
26.000,Gallente Citizen 1635012,Venture,36275,66060,37097,2232,-0.8525,-0.0971,-0.5137,0
27.000,Caldari Citizen 9942864,Venture,71315,62720,59366,3394,-0.0526,-0.4836,-0.8737,0
27.000,Caldari Citizen 6206817,Skiff,80160,67080,75602,685,0.8164,-0.5619,0.1332,0
27.000,Minmatar Citizen 9745080,Endurance,24115,59600,22143,1389,0.1657,-0.9857,0.0302,0
27.000,Amarr Citizen 0220922,Porpoise,74045,68720,73620,948,0.5368,-0.6015,0.5916,0
27.000,Minmatar Citizen 4351238,Retriever,56060,67955,55276,1954,-0.6979,-0.0133,-0.7160,0
27.000,Caldari Citizen 3216932,Endurance,19725,63680,17798,1412,-0.1696,-0.9458,-0.2768,0
27.000,Minmatar Citizen 9076035,Porpoise,71565,66240,74965,1132,0.5084,-0.5386,0.6718,0
27.000,Minmatar Citizen 6662812,Procurer,77820,66875,62224,1159,0.4764,-0.8063,-0.3507,0
27.000,Caldari Citizen 3891005,Orca,35280,67280,35843,768,0.8762,-0.0221,0.4815,0
27.000,Caldari Citizen 8777524,Porpoise,71000,61000,66806,986,0.3974,-0.9004,-0.1770,0
27.000,Minmatar Citizen 0254120,Porpoise,30995,65180,34509,785,-0.0166,-0.7607,0.6488,0
27.000,Amarr Citizen 2674287,Orca,36980,68375,36788,786,0.7050,-0.1263,0.6978,0
27.000,Amarr Citizen 5054432,Prospect,22460,55355,22965,1369,0.0419,-0.9516,0.3045,0
27.000,Amarr Citizen 4520313,Prospect,23600,65125,23039,1841,0.0027,-0.9974,0.0720,0
27.000,Minmatar Citizen 9978241,Retriever,22100,72015,20234,241,-0.5727,-0.7420,-0.3485,0
27.000,Minmatar Citizen 7162778,Covetor,30995,66875,31097,253,0.0000,0.4296,-0.9030,0
27.000,Minmatar Citizen 9678938,Venture,22120,57605,20430,1684,-0.0398,-0.9984,0.0407,0
27.000,Minmatar Citizen 2250648,Mackinaw,78175,72500,81169,693,0.0000,-0.7410,0.6715,0
27.000,Gallente Citizen 1635012,Venture,34445,65840,36982,1680,-0.8466,-0.0997,-0.5228,0
28.000,Caldari Citizen 9942864,Venture,70685,61385,55826,3649,-0.0403,-0.4585,-0.8878,0
28.000,Caldari Citizen 6206817,Skiff,81185,67080,74500,577,0.8783,-0.4768,-0.0347,0
28.000,Minmatar Citizen 9745080,Endurance,24425,58400,21951,1320,0.0306,-0.9995,0.0033,0
28.000,Amarr Citizen 0220922,Porpoise,74045,67625,74627,984,0.3748,-0.7346,0.5656,0
28.000,Minmatar Citizen 4351238,Retriever,54000,67575,54052,1981,-0.6733,0.0472,-0.7378,0
28.000,Caldari Citizen 3216932,Endurance,20075,62540,17600,1425,-0.1756,-0.9584,-0.2252,0
28.000,Minmatar Citizen 9076035,Porpoise,72800,66380,75298,1173,0.4589,-0.5778,0.6750,0
28.000,Minmatar Citizen 6662812,Procurer,78755,66875,61036,935,0.3438,-0.9187,-0.1946,0
28.000,Caldari Citizen 3891005,Orca,36125,67520,36892,801,0.8449,-0.0391,0.5334,0
28.000,Caldari Citizen 8777524,Porpoise,70800,59855,66338,1005,0.5719,-0.7519,-0.3278,0
28.000,Minmatar Citizen 0254120,Porpoise,32000,64595,34691,821,0.1293,-0.8378,0.5305,0
28.000,Amarr Citizen 2674287,Orca,38840,68625,36757,813,0.7357,-0.0895,0.6714,0
28.000,Amarr Citizen 5054432,Prospect,22800,54165,22701,1007,0.0302,-0.8886,0.4577,0
28.000,Amarr Citizen 4520313,Prospect,23185,62705,23907,1907,0.0165,-0.9941,0.1075,0
28.000,Minmatar Citizen 9978241,Retriever,23175,71600,20503,486,0.2612,-0.8133,0.5199,0
28.000,Minmatar Citizen 7162778,Covetor,30995,66875,31097,256,-0.5037,0.5459,-0.6695,0
28.000,Minmatar Citizen 9678938,Venture,22460,56435,20165,1446,-0.1123,-0.9909,0.0746,0
28.000,Minmatar Citizen 2250648,Mackinaw,78175,72500,81169,635,-0.3069,-0.7494,0.5866,0
28.000,Gallente Citizen 1635012,Venture,33620,66215,34775,1268,-0.8081,-0.0702,-0.5849,0
29.000,Caldari Citizen 9942864,Venture,70055,59135,53210,3838,-0.0210,-0.4846,-0.8745,0
29.000,Caldari Citizen 6206817,Skiff,81185,67080,74500,497,0.8755,-0.4055,-0.2630,0
29.000,Minmatar Citizen 9745080,Endurance,24735,57200,21733,1250,-0.1046,-0.9913,-0.0802,0
29.000,Amarr Citizen 0220922,Porpoise,74045,66520,75614,1028,0.4486,-0.7864,0.4248,0
29.000,Minmatar Citizen 4351238,Retriever,52985,68200,52367,2003,-0.6678,0.1020,-0.7373,0
29.000,Caldari Citizen 3216932,Endurance,19760,60735,16637,1435,-0.2155,-0.9678,-0.1299,0
29.000,Minmatar Citizen 9076035,Porpoise,72800,65275,76258,1211,0.5051,-0.6294,0.5905,0
29.000,Minmatar Citizen 6662812,Procurer,78485,65680,60723,904,0.0977,-0.9784,0.1824,0
29.000,Caldari Citizen 3891005,Orca,36125,66905,37996,831,0.7000,-0.1570,0.6966,0
29.000,Caldari Citizen 8777524,Porpoise,71735,58800,66277,1035,0.5188,-0.7618,-0.3879,0
29.000,Minmatar Citizen 0254120,Porpoise,32000,64000,35777,855,0.2597,-0.8012,0.5390,0
29.000,Amarr Citizen 2674287,Orca,38840,68000,37901,838,0.5850,-0.2160,0.7818,0
29.000,Amarr Citizen 5054432,Prospect,22175,52975,23365,686,-0.0421,-0.8634,0.5028,0
29.000,Amarr Citizen 4520313,Prospect,22800,60285,24635,1969,0.0728,-0.9842,0.1616,0
29.000,Minmatar Citizen 9978241,Retriever,23175,71600,20503,743,0.5134,-0.5688,0.6426,0
29.000,Minmatar Citizen 7162778,Covetor,30995,66875,31097,258,-0.8702,0.4673,-0.1562,0
29.000,Minmatar Citizen 9678938,Venture,21825,54720,22325,1198,-0.0351,-0.9932,0.1108,0
29.000,Minmatar Citizen 2250648,Mackinaw,78175,72500,81169,549,-0.2943,-0.8882,0.3528,0
29.000,Gallente Citizen 1635012,Venture,31800,65400,35674,959,-0.7988,-0.0428,-0.6000,0
30.000,Caldari Citizen 9942864,Venture,71505,59045,49252,3906,0.0569,-0.5194,-0.8527,0
30.000,Caldari Citizen 6206817,Skiff,81185,65925,75524,455,0.4388,-0.8913,-0.1144,0
30.000,Minmatar Citizen 9745080,Endurance,24080,56545,21162,973,-0.2492,-0.9684,-0.0118,0
30.000,Amarr Citizen 0220922,Porpoise,75080,66520,74586,1053,0.3754,-0.8497,0.3703,0
30.000,Minmatar Citizen 4351238,Retriever,51980,68000,51712,2012,-0.6143,0.1416,-0.7763,0
30.000,Caldari Citizen 3216932,Endurance,19105,59605,17528,1439,-0.1823,-0.9823,0.0427,0
30.000,Minmatar Citizen 9076035,Porpoise,74045,65405,76580,1230,0.5705,-0.6289,0.5282,0
30.000,Minmatar Citizen 6662812,Procurer,78485,64625,61844,904,-0.2547,-0.8280,0.4996,0
30.000,Caldari Citizen 3891005,Orca,37120,66905,37025,845,0.6762,-0.1454,0.7222,0
30.000,Caldari Citizen 8777524,Porpoise,71735,58800,66277,1054,0.5181,-0.7902,-0.3272,0
30.000,Minmatar Citizen 0254120,Porpoise,31205,63205,35670,872,0.1776,-0.7618,0.6229,0
30.000,Amarr Citizen 2674287,Orca,38840,68000,37901,850,0.6939,-0.1465,0.7050,0
30.000,Amarr Citizen 5054432,Prospect,22175,52975,23365,565,-0.1270,-0.7825,0.6096,0
30.000,Amarr Citizen 4520313,Prospect,23120,59600,23180,1998,0.0678,-0.9821,0.1757,0
30.000,Minmatar Citizen 9978241,Retriever,23175,71175,21933,858,0.4524,-0.4032,0.7954,0
30.000,Minmatar Citizen 7162778,Covetor,30995,66875,31097,259,-0.8702,0.4673,-0.1562,0
30.000,Minmatar Citizen 9678938,Venture,22175,54095,20640,1073,0.0409,-0.9728,0.2282,0
30.000,Minmatar Citizen 2250648,Mackinaw,78175,72500,81169,519,-0.2960,-0.9540,-0.0482,0
30.000,Gallente Citizen 1635012,Venture,31800,65985,34579,833,-0.7206,-0.0360,-0.6924,0
31.000,Caldari Citizen 9942864,Venture,70815,56895,46392,2294,0.1652,-0.6195,-0.7674,0
31.000,Caldari Citizen 6206817,Skiff,82200,65925,74418,368,-0.0269,-0.9792,0.2011,0
31.000,Minmatar Citizen 9745080,Endurance,23435,55355,21969,391,-0.5289,-0.8110,0.2499,0
31.000,Amarr Citizen 0220922,Porpoise,75080,64280,76525,1126,0.3742,-0.8547,0.3599,0
31.000,Minmatar Citizen 4351238,Retriever,50985,69360,48895,2036,-0.6330,0.0949,-0.7683,0
31.000,Caldari Citizen 3216932,Endurance,19475,58475,17245,1448,-0.1655,-0.9862,-0.0031,0
31.000,Minmatar Citizen 9076035,Porpoise,74045,64280,77527,1280,0.5530,-0.6678,0.4982,0
31.000,Minmatar Citizen 6662812,Procurer,78485,64625,61844,1066,-0.3732,-0.5950,0.7118,0
31.000,Caldari Citizen 3891005,Orca,37975,67135,38037,884,0.7910,-0.1445,0.5945,0
31.000,Caldari Citizen 8777524,Porpoise,72660,57735,66206,1115,0.6104,-0.6772,-0.4109,0
31.000,Minmatar Citizen 0254120,Porpoise,32200,62600,35852,811,0.0892,-0.7246,0.6834,0
31.000,Amarr Citizen 2674287,Orca,39715,68240,38859,883,0.6791,-0.1467,0.7192,0
31.000,Amarr Citizen 5054432,Prospect,22175,52400,24627,341,-0.1561,-0.5843,0.7964,0
31.000,Amarr Citizen 4520313,Prospect,24425,57320,24634,2080,0.1008,-0.9844,0.1443,0
31.000,Minmatar Citizen 9978241,Retriever,24240,70740,22187,1140,0.3905,-0.4019,0.8282,0
31.000,Minmatar Citizen 7162778,Covetor,29980,67420,30915,261,-0.8702,0.4673,-0.1562,0
31.000,Minmatar Citizen 9678938,Venture,21560,52925,21333,730,0.2050,-0.9108,0.3584,0
31.000,Minmatar Citizen 2250648,Mackinaw,76840,71165,81977,384,-0.1671,-0.9701,-0.1762,0
31.000,Gallente Citizen 1635012,Venture,30995,65755,33400,519,-0.7654,-0.1984,-0.6122,0
32.000,Caldari Citizen 9942864,Venture,71360,54925,45738,1838,0.2652,-0.7715,-0.5783,0
32.000,Caldari Citizen 6206817,Skiff,82200,65925,74418,336,0.0339,-0.9961,-0.0819,0
32.000,Minmatar Citizen 9745080,Endurance,23435,55355,21969,306,-0.8188,-0.5109,0.2618,0
32.000,Amarr Citizen 0220922,Porpoise,76105,64280,75506,1147,0.3883,-0.8587,0.3346,0
32.000,Minmatar Citizen 4351238,Retriever,49025,68920,47493,2048,-0.6576,0.0388,-0.7523,0
32.000,Caldari Citizen 3216932,Endurance,18215,56720,17177,1407,-0.0616,-0.9954,-0.0737,0
32.000,Minmatar Citizen 9076035,Porpoise,75080,62000,78384,1309,0.4896,-0.7099,0.5063,0
32.000,Minmatar Citizen 6662812,Procurer,77300,62375,63703,1208,-0.4011,-0.3932,0.8274,0
32.000,Caldari Citizen 3891005,Orca,37975,66500,39136,895,0.8467,-0.0288,0.5313,0
32.000,Caldari Citizen 8777524,Porpoise,73345,56600,64699,1153,0.5258,-0.7456,-0.4093,0
32.000,Minmatar Citizen 0254120,Porpoise,32200,61985,36906,664,0.2663,-0.7086,0.6534,0
32.000,Amarr Citizen 2674287,Orca,39715,67595,39970,902,0.7281,-0.1046,0.6775,0
32.000,Amarr Citizen 5054432,Prospect,22175,52400,24627,300,0.2219,-0.1184,0.9679,0
32.000,Amarr Citizen 4520313,Prospect,24080,54880,25166,2129,0.0734,-0.9785,0.1926,0
32.000,Minmatar Citizen 9978241,Retriever,24240,70295,23559,1283,0.4272,-0.4194,0.8010,0
32.000,Minmatar Citizen 7162778,Covetor,29980,67420,30915,262,-0.6309,0.5383,-0.5587,0
32.000,Minmatar Citizen 9678938,Venture,22525,52360,21727,708,0.3626,-0.4916,0.7917,0
32.000,Minmatar Citizen 2250648,Mackinaw,77945,71165,80927,325,-0.0662,-0.9593,-0.2746,0
32.000,Gallente Citizen 1635012,Venture,30995,65755,33400,369,-0.8185,-0.2497,-0.5173,0
33.000,Caldari Citizen 9942864,Venture,72125,53960,45687,1270,0.4232,-0.8382,-0.3440,0
33.000,Caldari Citizen 6206817,Skiff,80915,64640,75223,317,0.0415,-0.8883,-0.4574,0
33.000,Minmatar Citizen 9745080,Endurance,23435,55355,21969,413,-0.9968,0.0705,0.0385,0
33.000,Amarr Citizen 0220922,Porpoise,76105,63145,76457,1077,0.4370,-0.8107,0.3896,0
33.000,Minmatar Citizen 4351238,Retriever,48060,69435,45662,1994,-0.7039,-0.0457,-0.7088,0
33.000,Caldari Citizen 3216932,Endurance,18605,55085,18453,1101,0.1299,-0.9762,-0.1734,0
33.000,Minmatar Citizen 9076035,Porpoise,76335,62100,78693,1336,0.5163,-0.6910,0.5059,0
33.000,Minmatar Citizen 6662812,Procurer,76375,62375,64809,1287,-0.3785,-0.2487,0.8916,0
33.000,Caldari Citizen 3891005,Orca,38840,66720,40111,811,0.7347,-0.0839,0.6732,0
33.000,Caldari Citizen 8777524,Porpoise,74240,55525,64610,1162,0.5120,-0.7409,-0.4347,0
33.000,Minmatar Citizen 0254120,Porpoise,32200,61360,37936,547,0.4127,-0.6164,0.6706,0
33.000,Amarr Citizen 2674287,Orca,41585,67825,39893,921,0.7075,-0.1294,0.6948,0
33.000,Amarr Citizen 5054432,Prospect,22175,52400,24627,310,0.0210,0.1467,0.9890,0
33.000,Amarr Citizen 4520313,Prospect,23765,52440,25579,2175,0.0027,-0.9820,0.1888,0
33.000,Minmatar Citizen 9978241,Retriever,25295,69375,25125,1400,0.4166,-0.4331,0.7993,0
33.000,Minmatar Citizen 7162778,Covetor,29980,67420,30915,263,-0.6119,0.2169,-0.7606,0
33.000,Minmatar Citizen 9678938,Venture,22525,52360,21727,1139,0.3233,0.0530,0.9448,0
33.000,Minmatar Citizen 2250648,Mackinaw,77945,71165,80927,316,0.0324,-0.9314,-0.3626,0
33.000,Gallente Citizen 1635012,Venture,30995,65755,33400,256,-0.9132,-0.4067,0.0260,0
34.000,Caldari Citizen 9942864,Venture,72880,52985,45630,1063,0.7211,-0.6685,-0.1819,0
34.000,Caldari Citizen 6206817,Skiff,80915,64640,75223,311,-0.0570,-0.9278,-0.3686,0
34.000,Minmatar Citizen 9745080,Endurance,22460,55355,22965,488,-0.8312,0.5539,0.0467,0
34.000,Amarr Citizen 0220922,Porpoise,76105,62000,77389,1051,0.5245,-0.7661,0.3715,0
34.000,Minmatar Citizen 4351238,Retriever,46160,68260,45231,1760,-0.7361,-0.1235,-0.6656,0
34.000,Caldari Citizen 3216932,Endurance,18995,54480,16466,1034,0.3545,-0.8833,-0.3068,0
34.000,Minmatar Citizen 9076035,Porpoise,76335,62100,78693,1346,0.5661,-0.6348,0.5260,0
34.000,Minmatar Citizen 6662812,Procurer,76625,63560,65190,1340,-0.3126,-0.1219,0.9420,0
34.000,Caldari Citizen 3891005,Orca,39825,66720,39133,772,0.7480,-0.1357,0.6496,0
34.000,Caldari Citizen 8777524,Porpoise,75125,55525,63578,1164,0.4238,-0.7748,-0.4691,0
34.000,Minmatar Citizen 0254120,Porpoise,32200,61360,37936,510,0.4186,-0.6219,0.6619,0
34.000,Amarr Citizen 2674287,Orca,41585,67825,39893,928,0.6997,-0.1122,0.7056,0
34.000,Amarr Citizen 5054432,Prospect,22175,52400,24627,325,-0.1267,0.4225,0.8975,0
34.000,Amarr Citizen 4520313,Prospect,24095,51220,25297,2197,-0.0422,-0.9964,0.0732,0
34.000,Minmatar Citizen 9978241,Retriever,25295,69375,25125,1450,0.3777,-0.4442,0.8124,0
34.000,Minmatar Citizen 7162778,Covetor,29980,67420,30915,264,-0.4640,-0.0893,-0.8813,0
34.000,Minmatar Citizen 9678938,Venture,23140,52975,22410,1354,0.3379,0.4056,0.8493,0
34.000,Minmatar Citizen 2250648,Mackinaw,77945,71165,80927,325,0.2048,-0.8415,-0.4999,0
34.000,Gallente Citizen 1635012,Venture,30200,64960,33304,210,-0.8492,-0.3730,0.3737,0
35.000,Caldari Citizen 9942864,Venture,72880,52000,46749,623,0.8428,-0.5360,-0.0486,0
35.000,Caldari Citizen 6206817,Skiff,81920,64640,74127,303,0.2806,-0.9481,-0.1498,0
35.000,Minmatar Citizen 9745080,Endurance,22460,55900,21604,682,-0.7400,0.6660,-0.0940,0
35.000,Amarr Citizen 0220922,Porpoise,77120,60845,77301,1026,0.5652,-0.6865,0.4574,0
35.000,Minmatar Citizen 4351238,Retriever,45225,68745,43334,1227,-0.7145,-0.1137,-0.6903,0
35.000,Caldari Citizen 3216932,Endurance,19385,53360,16060,999,0.6550,-0.6721,-0.3452,0
35.000,Minmatar Citizen 9076035,Porpoise,76335,59760,80484,1015,0.5454,-0.5800,0.6051,0
35.000,Minmatar Citizen 6662812,Procurer,75680,62485,67299,1508,-0.2150,0.1065,0.9708,0
35.000,Caldari Citizen 3891005,Orca,40700,66940,40082,669,0.7625,-0.0682,0.6434,0
35.000,Caldari Citizen 8777524,Porpoise,74875,53315,63994,1189,0.4549,-0.6902,-0.5627,0
35.000,Minmatar Citizen 0254120,Porpoise,33185,60725,38108,458,0.4922,-0.6347,0.5957,0
35.000,Amarr Citizen 2674287,Orca,42480,67380,41897,835,0.6922,-0.0393,0.7206,0
35.000,Amarr Citizen 5054432,Prospect,22800,53025,25249,376,-0.2678,0.6982,0.6639,0
35.000,Amarr Citizen 4520313,Prospect,23820,48155,26715,2201,-0.0431,-0.9950,0.0902,0
35.000,Minmatar Citizen 9978241,Retriever,26340,68415,26638,1572,0.3700,-0.4600,0.8072,0
35.000,Minmatar Citizen 7162778,Covetor,29980,67955,29721,265,-0.5225,-0.1709,-0.8353,0
35.000,Minmatar Citizen 9678938,Venture,22800,53025,25249,1887,0.3549,0.5706,0.7406,0
35.000,Minmatar Citizen 2250648,Mackinaw,77715,69840,80664,385,0.1984,-0.8413,-0.5029,0
35.000,Gallente Citizen 1635012,Venture,29185,64960,34197,107,-0.8480,-0.3349,0.4108,0
36.000,Caldari Citizen 9942864,Venture,74640,53015,44970,551,0.9537,-0.2554,0.1589,0
36.000,Caldari Citizen 6206817,Skiff,81920,64640,74127,302,0.6519,-0.7557,-0.0621,0
36.000,Minmatar Citizen 9745080,Endurance,21475,56435,21211,733,-0.6381,0.7665,0.0728,0
36.000,Amarr Citizen 0220922,Porpoise,78375,60935,77590,1030,0.6824,-0.5221,0.5117,0
36.000,Minmatar Citizen 4351238,Retriever,44300,67820,43611,1096,-0.7110,-0.1259,-0.6919,0
36.000,Caldari Citizen 3216932,Endurance,20360,52825,16613,987,0.7931,-0.5324,-0.2958,0
36.000,Minmatar Citizen 9076035,Porpoise,77600,61025,79895,884,0.3555,-0.6934,0.6268,0
36.000,Minmatar Citizen 6662812,Procurer,75920,62595,68688,1562,-0.1815,0.1327,0.9744,0
36.000,Caldari Citizen 3891005,Orca,40700,66275,41172,638,0.6689,-0.1047,0.7359,0
36.000,Caldari Citizen 8777524,Porpoise,75740,53315,62968,1205,0.3794,-0.6342,-0.6737,0
36.000,Minmatar Citizen 0254120,Porpoise,33185,60725,38108,459,0.7006,-0.3848,0.6009,0
36.000,Amarr Citizen 2674287,Orca,42480,67380,41897,795,0.5799,-0.0112,0.8146,0
36.000,Amarr Citizen 5054432,Prospect,21825,53025,26096,391,-0.3462,0.7249,0.5956,0
36.000,Amarr Citizen 4520313,Prospect,23575,46340,25706,2057,-0.0834,-0.9880,0.1298,0
36.000,Minmatar Citizen 9978241,Retriever,26340,67920,27876,1604,0.4044,-0.4172,0.8139,0
36.000,Minmatar Citizen 7162778,Covetor,29185,67160,29644,265,-0.4270,-0.0465,-0.9031,0
36.000,Minmatar Citizen 9678938,Venture,24080,54305,26384,2026,0.3786,0.6290,0.6790,0
36.000,Minmatar Citizen 2250648,Mackinaw,77715,69840,80664,409,0.4155,-0.6440,-0.6424,0
36.000,Gallente Citizen 1635012,Venture,29185,64960,34197,82,-0.8405,-0.2687,0.4705,0
37.000,Caldari Citizen 9942864,Venture,74640,53015,44970,487,0.7915,-0.1350,0.5960,0
37.000,Caldari Citizen 6206817,Skiff,81920,64640,74127,409,0.2449,-0.8542,0.4586,0
37.000,Minmatar Citizen 9745080,Endurance,21125,57080,22817,728,-0.3495,0.9354,0.0527,0
37.000,Amarr Citizen 0220922,Porpoise,78375,59760,78499,1052,0.6448,-0.4532,0.6154,0
37.000,Minmatar Citizen 4351238,Retriever,44300,68515,42511,821,-0.6285,-0.0185,-0.7776,0
37.000,Caldari Citizen 3216932,Endurance,21325,52825,15355,981,0.8788,-0.4763,-0.0279,0
37.000,Minmatar Citizen 9076035,Porpoise,77600,59840,80786,634,0.3257,-0.7096,0.6248,0
37.000,Minmatar Citizen 6662812,Procurer,75185,62705,71108,1662,-0.1674,0.1325,0.9769,0
37.000,Caldari Citizen 3891005,Orca,40700,66275,41172,582,0.4162,-0.1815,0.8910,0
37.000,Caldari Citizen 8777524,Porpoise,75480,52200,62441,1234,0.3836,-0.5501,-0.7418,0
37.000,Minmatar Citizen 0254120,Porpoise,33185,60725,38108,481,0.8948,-0.1634,0.4155,0
37.000,Amarr Citizen 2674287,Orca,43385,67600,42767,722,0.5613,-0.0456,0.8264,0
37.000,Amarr Citizen 5054432,Prospect,21825,53025,26096,418,-0.4138,0.7405,0.5296,0
37.000,Amarr Citizen 4520313,Prospect,23925,45120,25314,1795,-0.1608,-0.9698,0.1834,0
37.000,Minmatar Citizen 9978241,Retriever,27375,66900,29309,1626,0.4074,-0.3934,0.8242,0
37.000,Minmatar Citizen 7162778,Covetor,29185,67160,29644,266,-0.3673,0.0236,-0.9298,0
37.000,Minmatar Citizen 9678938,Venture,24425,56200,27092,2259,0.3980,0.6839,0.6115,0
37.000,Minmatar Citizen 2250648,Mackinaw,77715,69840,80664,458,0.3949,-0.3449,-0.8515,0
37.000,Gallente Citizen 1635012,Venture,29185,64960,34197,43,,,,0
38.000,Caldari Citizen 9942864,Venture,74640,52020,46117,484,0.5395,-0.1395,0.8304,0
38.000,Caldari Citizen 6206817,Skiff,81920,63475,75127,695,0.0000,-0.7667,0.6420,0
38.000,Minmatar Citizen 9745080,Endurance,21125,57605,21457,739,-0.3219,0.8785,0.3530,0
38.000,Amarr Citizen 0220922,Porpoise,79640,59840,78776,1085,0.5966,-0.3721,0.7111,0
38.000,Minmatar Citizen 4351238,Retriever,43385,68285,41664,587,-0.5307,0.0864,-0.8432,0
38.000,Caldari Citizen 3216932,Endurance,22280,52280,15856,995,0.9288,-0.3175,0.1910,0
38.000,Minmatar Citizen 9076035,Porpoise,77600,59840,80786,412,0.0000,-0.8055,0.5926,0
38.000,Minmatar Citizen 6662812,Procurer,75415,63920,71490,1750,-0.1574,0.2048,0.9661,0
38.000,Caldari Citizen 3891005,Orca,41585,66485,42088,532,0.3400,-0.2664,0.9019,0
38.000,Caldari Citizen 8777524,Porpoise,77160,52200,60353,1263,0.3708,-0.4452,-0.8151,0
38.000,Minmatar Citizen 0254120,Porpoise,33185,60080,39117,522,0.9432,0.2593,0.2079,0
38.000,Amarr Citizen 2674287,Orca,43385,67600,42767,657,0.5593,-0.0617,0.8267,0
38.000,Amarr Citizen 5054432,Prospect,21825,53600,24894,438,-0.5193,0.7503,0.4090,0
38.000,Amarr Citizen 4520313,Prospect,23360,43235,26852,1567,-0.2062,-0.9408,0.2689,0
38.000,Minmatar Citizen 9978241,Retriever,27375,66375,30479,1645,0.4747,-0.3387,0.8124,0
38.000,Minmatar Citizen 7162778,Covetor,29185,67160,29644,266,-0.3000,0.0962,-0.9491,0
38.000,Minmatar Citizen 9678938,Venture,26480,58255,28375,2440,0.4291,0.7345,0.5258,0
38.000,Minmatar Citizen 2250648,Mackinaw,78800,69840,79605,491,0.3830,-0.0577,-0.9219,0
38.000,Gallente Citizen 1635012,Venture,29185,64960,34197,19,,,,0
39.000,Caldari Citizen 9942864,Venture,74920,53045,46714,501,0.0998,-0.2886,0.9522,0
39.000,Caldari Citizen 6206817,Skiff,81920,63475,75127,964,0.1095,-0.8213,0.5599,0
39.000,Minmatar Citizen 9745080,Endurance,20775,58260,23025,786,-0.1104,0.8791,0.4636,0
39.000,Amarr Citizen 0220922,Porpoise,79900,59920,80060,1124,0.6497,-0.3326,0.6836,0
39.000,Minmatar Citizen 4351238,Retriever,43385,68285,41664,417,-0.5035,0.1102,-0.8569,0
39.000,Caldari Citizen 3216932,Endurance,23225,51725,16313,945,0.9071,-0.2552,0.3348,0
39.000,Minmatar Citizen 9076035,Porpoise,77600,58645,81658,240,-0.2698,-0.9194,0.2861,0
39.000,Minmatar Citizen 6662812,Procurer,74640,64040,73870,1826,-0.1616,0.1818,0.9700,0
39.000,Caldari Citizen 3891005,Orca,41585,66485,42088,488,0.6734,-0.1651,0.7206,0
39.000,Caldari Citizen 8777524,Porpoise,76880,51095,59823,1273,0.2570,-0.5649,-0.7841,0
39.000,Minmatar Citizen 0254120,Porpoise,33980,60875,39238,575,0.9383,0.2310,0.2575,0
39.000,Amarr Citizen 2674287,Orca,44300,67820,43611,600,0.8024,0.0303,0.5960,0
39.000,Amarr Citizen 5054432,Prospect,21475,54235,26332,385,-0.2807,0.8937,0.3500,0
39.000,Amarr Citizen 4520313,Prospect,22805,42005,27212,1379,-0.2141,-0.8548,0.4727,0
39.000,Minmatar Citizen 9978241,Retriever,29185,66080,31979,1679,0.4762,-0.3321,0.8142,0
39.000,Minmatar Citizen 7162778,Covetor,29185,67685,28425,257,0.0000,0.3955,-0.9185,0
39.000,Minmatar Citizen 9678938,Venture,26915,59675,29975,2580,0.4024,0.7400,0.5389,0
39.000,Minmatar Citizen 2250648,Mackinaw,78800,69840,79605,523,0.4034,-0.0539,-0.9134,0
39.000,Gallente Citizen 1635012,Venture,29185,64960,34197,22,,,,0
40.000,Caldari Citizen 9942864,Venture,74920,52040,47831,520,0.1017,-0.2826,0.9538,0
40.000,Caldari Citizen 6206817,Skiff,81920,62300,76104,1202,0.1537,-0.8420,0.5171,0
40.000,Minmatar Citizen 9745080,Endurance,21440,59440,22276,843,-0.0709,0.8236,0.5627,0
40.000,Amarr Citizen 0220922,Porpoise,79900,58715,80948,1168,0.7619,-0.1710,0.6247,0
40.000,Minmatar Citizen 4351238,Retriever,43385,68285,41664,293,-0.6673,-0.1069,-0.7371,0
40.000,Caldari Citizen 3216932,Endurance,23225,51725,16313,904,0.7032,-0.1567,0.6935,0
40.000,Minmatar Citizen 9076035,Porpoise,77600,58645,81658,183,-0.3401,-0.8824,-0.3250,0
40.000,Minmatar Citizen 6662812,Procurer,74860,64160,75203,1892,-0.0929,0.2187,0.9714,0
40.000,Caldari Citizen 3891005,Orca,41585,65800,43151,447,0.7969,-0.1646,0.5813,0
40.000,Caldari Citizen 8777524,Porpoise,77695,51095,58760,1251,0.1426,-0.6618,-0.7360,0
40.000,Minmatar Citizen 0254120,Porpoise,34955,60875,38372,631,0.9190,0.3246,0.2237,0
40.000,Amarr Citizen 2674287,Orca,44300,67115,44689,548,0.8783,-0.0406,0.4765,0
40.000,Amarr Citizen 5054432,Prospect,21475,54235,26332,347,-0.5243,0.5425,0.6563,0
40.000,Amarr Citizen 4520313,Prospect,22260,40775,27530,1194,-0.2080,-0.7801,0.5901,0
40.000,Minmatar Citizen 9978241,Retriever,29185,65525,33102,1714,0.5338,-0.2897,0.7944,0
40.000,Minmatar Citizen 7162778,Covetor,29185,67685,28425,239,0.0000,0.3955,-0.9185,0
40.000,Minmatar Citizen 9678938,Venture,28125,61880,31699,2691,0.4065,0.7416,0.5337,0
40.000,Minmatar Citizen 2250648,Mackinaw,78560,69680,78320,556,0.2141,-0.3236,-0.9216,0
40.000,Gallente Citizen 1635012,Venture,29185,64960,34197,36,,,,0
41.000,Caldari Citizen 9942864,Venture,74920,52040,47831,384,-0.2113,-0.4751,0.8542,0
41.000,Caldari Citizen 6206817,Skiff,81920,61115,77059,1402,0.1709,-0.8537,0.4919,0
41.000,Minmatar Citizen 9745080,Endurance,20425,59440,23210,895,0.0259,0.7912,0.6110,0
41.000,Amarr Citizen 0220922,Porpoise,81185,58785,81205,1210,0.8209,-0.1174,0.5589,0
41.000,Minmatar Citizen 4351238,Retriever,43385,68960,40537,203,-0.7082,-0.1800,-0.6827,0
41.000,Caldari Citizen 3216932,Endurance,24755,51755,17567,899,0.5892,-0.0523,0.8063,0
41.000,Minmatar Citizen 9076035,Porpoise,76335,58575,81351,268,-0.1834,-0.0573,-0.9814,0
41.000,Minmatar Citizen 6662812,Procurer,74045,64280,77527,1947,-0.1037,0.1882,0.9766,0
41.000,Caldari Citizen 3891005,Orca,41585,65800,43151,412,0.9025,-0.1790,0.3918,0
41.000,Caldari Citizen 8777524,Porpoise,77405,50000,58219,1234,0.0215,-0.7434,-0.6685,0
41.000,Minmatar Citizen 0254120,Porpoise,35760,61680,38442,683,0.8760,0.4622,0.1381,0
41.000,Amarr Citizen 2674287,Orca,44300,67115,44689,502,0.9237,-0.0581,0.3787,0
41.000,Amarr Citizen 5054432,Prospect,21475,54235,26332,437,-0.4614,0.0138,0.8871,0
41.000,Amarr Citizen 4520313,Prospect,22260,40080,28532,1040,-0.1496,-0.7434,0.6519,0
41.000,Minmatar Citizen 9978241,Retriever,30995,65180,34509,1744,0.5579,-0.2627,0.7872,0
41.000,Minmatar Citizen 7162778,Covetor,29185,67685,28425,222,0.0000,0.3870,-0.9221,0
41.000,Minmatar Citizen 9678938,Venture,29415,64175,33171,2777,0.3590,0.7654,0.5340,0
41.000,Minmatar Citizen 2250648,Mackinaw,78560,69680,78320,589,0.1282,-0.5133,-0.8485,0
41.000,Gallente Citizen 1635012,Venture,29185,64960,34197,49,,,,0
42.000,Caldari Citizen 9942864,Venture,74920,52040,47831,342,-0.4175,-0.7272,0.5448,0
42.000,Caldari Citizen 6206817,Skiff,82915,59920,76933,1417,0.1214,-0.8907,0.4381,0
42.000,Minmatar Citizen 9745080,Endurance,21100,60115,23769,939,0.0577,0.8080,0.5863,0
42.000,Amarr Citizen 0220922,Porpoise,82480,58855,81444,1249,0.8553,-0.0395,0.5166,0
42.000,Minmatar Citizen 4351238,Retriever,42480,68055,40792,148,-0.7635,-0.2890,-0.5775,0
42.000,Caldari Citizen 3216932,Endurance,24755,51755,17567,898,0.5051,0.0837,0.8590,0
42.000,Minmatar Citizen 9076035,Porpoise,77360,58575,80377,391,-0.3593,0.1650,-0.9185,0
42.000,Minmatar Citizen 6662812,Procurer,74255,64400,78834,1993,-0.0542,0.2893,0.9557,0
42.000,Caldari Citizen 3891005,Orca,43455,66000,43077,380,0.8609,-0.2279,0.4549,0
42.000,Caldari Citizen 8777524,Porpoise,77115,48915,57659,1150,-0.0660,-0.7911,-0.6081,0
42.000,Minmatar Citizen 0254120,Porpoise,35760,61025,39474,731,0.8407,0.3747,0.3910,0
42.000,Amarr Citizen 2674287,Orca,46200,68040,43418,461,0.8775,-0.2332,0.4190,0
42.000,Amarr Citizen 5054432,Prospect,21475,54235,26332,580,-0.6845,-0.3004,0.6643,0
42.000,Amarr Citizen 4520313,Prospect,22260,39375,29497,932,-0.1746,-0.6208,0.7643,0
42.000,Minmatar Citizen 9978241,Retriever,30995,64000,36651,1770,0.5804,-0.2515,0.7745,0
42.000,Minmatar Citizen 7162778,Covetor,29185,67685,28425,208,0.0000,0.3786,-0.9255,0
42.000,Minmatar Citizen 9678938,Venture,29980,65755,34314,2835,0.3784,0.7874,0.4865,0
42.000,Minmatar Citizen 2250648,Mackinaw,79625,69680,77237,575,0.2059,-0.3223,-0.9240,0
42.000,Gallente Citizen 1635012,Venture,29185,64960,34197,57,,,,0
43.000,Caldari Citizen 9942864,Venture,74920,52040,47831,1115,-0.3126,-0.7428,0.5921,0
43.000,Caldari Citizen 6206817,Skiff,82915,58715,77857,1451,0.0884,-0.9167,0.3897,0
43.000,Minmatar Citizen 9745080,Endurance,20760,60800,25167,975,-0.0063,0.7149,0.6992,0
43.000,Amarr Citizen 0220922,Porpoise,84075,58995,82916,1285,0.8713,0.0621,0.4868,0
43.000,Minmatar Citizen 4351238,Retriever,42480,68055,40792,130,-0.6948,-0.6948,0.1856,0
43.000,Caldari Citizen 3216932,Endurance,25360,51785,19904,912,0.3242,0.1277,0.9373,0
43.000,Minmatar Citizen 9076035,Porpoise,77360,58575,80377,394,-0.5138,0.0649,-0.8555,0
43.000,Minmatar Citizen 6662812,Procurer,74675,65795,80490,2033,-0.0293,0.3404,0.9398,0
43.000,Caldari Citizen 3891005,Orca,43455,66000,43077,352,0.8601,-0.2323,0.4541,0
43.000,Caldari Citizen 8777524,Porpoise,76825,47840,57081,1059,-0.2006,-0.8465,-0.4932,0
43.000,Minmatar Citizen 0254120,Porpoise,36575,61840,39523,776,0.7346,0.4061,0.5435,0
43.000,Amarr Citizen 2674287,Orca,46200,67325,44519,424,0.9313,-0.0367,0.3625,0
43.000,Amarr Citizen 5054432,Prospect,20480,54235,27113,726,-0.7215,-0.3373,0.6046,0
43.000,Amarr Citizen 4520313,Prospect,22260,38660,30429,875,-0.1988,-0.5190,0.8313,0
43.000,Minmatar Citizen 9978241,Retriever,32805,64200,36921,1793,0.6345,-0.1939,0.7482,0
43.000,Minmatar Citizen 7162778,Covetor,29185,67685,28425,196,0.0000,0.3786,-0.9255,0
43.000,Minmatar Citizen 9678938,Venture,31400,68200,35381,1921,0.3489,0.8408,0.4138,0
43.000,Minmatar Citizen 2250648,Mackinaw,78320,68375,78044,510,-0.0052,-0.5233,-0.8521,0
43.000,Gallente Citizen 1635012,Venture,29185,64960,34197,64,,,,0
44.000,Caldari Citizen 9942864,Venture,73895,51015,48384,1520,-0.2216,-0.7017,0.6771,0
44.000,Caldari Citizen 6206817,Skiff,82915,57500,78758,1534,0.0090,-0.9447,0.3278,0
44.000,Minmatar Citizen 9745080,Endurance,21455,62000,24407,1003,0.1009,0.7511,0.6524,0
44.000,Amarr Citizen 0220922,Porpoise,85400,59065,83109,1318,0.8137,-0.0504,0.5791,0
44.000,Minmatar Citizen 4351238,Retriever,42480,68055,40792,136,-0.2962,-0.6643,0.6863,0
44.000,Caldari Citizen 3216932,Endurance,25360,51785,19904,930,0.1614,0.2356,0.9584,0
44.000,Minmatar Citizen 9076035,Porpoise,77360,59760,79500,363,-0.4847,0.3378,-0.8068,0
44.000,Minmatar Citizen 6662812,Procurer,73800,65925,82755,2065,-0.0520,0.3629,0.9304,0
44.000,Caldari Citizen 3891005,Orca,43455,66000,43077,326,0.8286,-0.0911,0.5524,0
44.000,Caldari Citizen 8777524,Porpoise,77600,47840,56023,983,-0.3211,-0.8703,-0.3735,0
44.000,Minmatar Citizen 0254120,Porpoise,37400,62665,39539,817,0.7557,0.4697,0.4564,0
44.000,Amarr Citizen 2674287,Orca,46200,67325,44519,392,0.8379,-0.0384,0.5445,0
44.000,Amarr Citizen 5054432,Prospect,20480,53660,28234,866,-0.7080,-0.2376,0.6651,0
44.000,Amarr Citizen 4520313,Prospect,22260,38660,30429,867,-0.3023,-0.3455,0.8884,0
44.000,Minmatar Citizen 9978241,Retriever,33620,63775,39070,1811,0.6769,-0.1648,0.7174,0
44.000,Minmatar Citizen 7162778,Covetor,29185,68200,27166,187,0.0000,0.3786,-0.9255,0
44.000,Minmatar Citizen 9678938,Venture,31200,69035,36287,938,0.2335,0.9103,0.3419,0
44.000,Minmatar Citizen 2250648,Mackinaw,79375,68375,76971,440,-0.0269,-0.4851,-0.8741,0
44.000,Gallente Citizen 1635012,Venture,29185,64960,34197,70,0.7033,0.7033,0.1039,0
45.000,Caldari Citizen 9942864,Venture,72880,48985,49900,2100,-0.0987,-0.6889,0.7181,0
45.000,Caldari Citizen 6206817,Skiff,82625,55000,79228,1635,-0.1590,-0.9364,0.3128,0
45.000,Minmatar Citizen 9745080,Endurance,21125,62705,25745,1026,0.1454,0.7530,0.6418,0
45.000,Amarr Citizen 0220922,Porpoise,85700,59135,84348,1069,0.7481,-0.1693,0.6416,0
45.000,Minmatar Citizen 4351238,Retriever,42480,68055,40792,150,0.4751,-0.6579,0.5843,0
45.000,Caldari Citizen 3216932,Endurance,25975,52400,20580,912,0.0764,0.3221,0.9436,0
45.000,Minmatar Citizen 9076035,Porpoise,76105,58505,80064,338,-0.4323,0.4116,-0.8023,0
45.000,Minmatar Citizen 6662812,Procurer,74200,67360,84368,1490,-0.1246,0.3463,0.9298,0
45.000,Caldari Citizen 3891005,Orca,43455,65295,44139,304,0.6434,0.0419,0.7644,0
45.000,Caldari Citizen 8777524,Porpoise,76535,46775,56484,932,-0.4772,-0.8610,-0.1760,0
45.000,Minmatar Citizen 0254120,Porpoise,37400,62000,40574,855,0.7628,0.5971,0.2483,0
45.000,Amarr Citizen 2674287,Orca,46200,66600,45596,363,0.4319,-0.2379,0.8700,0
45.000,Amarr Citizen 5054432,Prospect,18840,53025,28327,873,-0.7221,-0.1424,0.6770,0
45.000,Amarr Citizen 4520313,Prospect,21335,38660,31084,835,-0.3628,-0.0881,0.9277,0
45.000,Minmatar Citizen 9978241,Retriever,35440,63320,40294,1827,0.7047,-0.1371,0.6961,0
45.000,Minmatar Citizen 7162778,Covetor,29185,68200,27166,179,0.0000,0.3786,-0.9255,0
45.000,Minmatar Citizen 9678938,Venture,32045,69880,36262,473,-0.0338,0.9798,-0.1970,0
45.000,Minmatar Citizen 2250648,Mackinaw,79375,69520,75938,385,-0.1089,-0.4425,-0.8901,0
45.000,Gallente Citizen 1635012,Venture,29185,64960,34197,74,0.7033,0.7033,0.1039,0
46.000,Caldari Citizen 9942864,Venture,73895,47940,51432,2640,-0.0384,-0.6432,0.7647,0
46.000,Caldari Citizen 6206817,Skiff,82625,55000,79228,1739,-0.2372,-0.9379,0.2530,0
46.000,Minmatar Citizen 9745080,Endurance,20795,63420,27009,1043,0.2366,0.6545,0.7181,0
46.000,Amarr Citizen 0220922,Porpoise,87045,59205,84516,804,0.8614,-0.2724,0.4288,0
46.000,Minmatar Citizen 4351238,Retriever,42480,67380,41897,166,0.9797,-0.1723,0.1021,0
46.000,Caldari Citizen 3216932,Endurance,25040,52400,21708,940,-0.1184,0.3699,0.9215,0
46.000,Minmatar Citizen 9076035,Porpoise,76105,58505,80064,312,-0.5105,0.0616,-0.8577,0
46.000,Minmatar Citizen 6662812,Procurer,74400,67500,85629,884,-0.2053,0.2794,0.9380,0
46.000,Caldari Citizen 3891005,Orca,43455,65295,44139,284,0.5970,-0.0264,0.8018,0
46.000,Caldari Citizen 8777524,Porpoise,76245,45720,55869,924,-0.5737,-0.8189,-0.0174,0
46.000,Minmatar Citizen 0254120,Porpoise,38235,62835,40569,889,0.7733,0.5603,0.2967,0
46.000,Amarr Citizen 2674287,Orca,47135,67535,45314,337,0.5193,-0.1564,0.8401,0
46.000,Amarr Citizen 5054432,Prospect,18840,53025,28327,887,-0.5770,-0.0384,0.8158,0
46.000,Amarr Citizen 4520313,Prospect,21335,37935,31965,877,-0.4719,0.1550,0.8679,0
46.000,Minmatar Citizen 9978241,Retriever,36275,63500,41326,1840,0.6614,-0.1458,0.7357,0
46.000,Minmatar Citizen 7162778,Covetor,29185,68200,27166,172,,,,0
46.000,Minmatar Citizen 9678938,Venture,31200,69600,35191,846,-0.6298,-0.5488,-0.5497,0
46.000,Minmatar Citizen 2250648,Mackinaw,78080,68225,76745,344,-0.2207,-0.5947,-0.7731,0
46.000,Gallente Citizen 1635012,Venture,29980,65755,34314,77,0.7033,0.7033,0.1039,0
47.000,Caldari Citizen 9942864,Venture,73140,45840,54344,3074,0.0218,-0.5970,0.8020,0
47.000,Caldari Citizen 6206817,Skiff,82335,52500,79628,1491,-0.2755,-0.9410,0.1963,0
47.000,Minmatar Citizen 9745080,Endurance,21520,64145,27410,952,0.3074,0.5210,0.7963,0
47.000,Amarr Citizen 0220922,Porpoise,87045,57920,85402,605,0.9153,-0.3203,0.2444,0
47.000,Minmatar Citizen 4351238,Retriever,42480,67380,41897,168,0.9787,0.1085,-0.1744,0
47.000,Caldari Citizen 3216932,Endurance,25665,53025,22331,978,-0.1256,0.3767,0.9178,0
47.000,Minmatar Citizen 9076035,Porpoise,76105,59680,79192,291,-0.4728,-0.3564,-0.8059,0
47.000,Minmatar Citizen 6662812,Procurer,73275,67500,86594,423,-0.0831,0.6031,0.7933,0
47.000,Caldari Citizen 3891005,Orca,44360,66200,43940,266,0.5973,-0.0286,0.8015,0
47.000,Caldari Citizen 8777524,Porpoise,75200,44675,56259,979,-0.6393,-0.7603,0.1149,0
47.000,Minmatar Citizen 0254120,Porpoise,39080,63680,40529,921,0.7760,0.5806,0.2466,0
47.000,Amarr Citizen 2674287,Orca,47135,67535,45314,314,0.4820,-0.1969,0.8537,0
47.000,Amarr Citizen 5054432,Prospect,18460,53660,29594,935,-0.5255,0.0876,0.8463,0
47.000,Amarr Citizen 4520313,Prospect,20945,38480,33251,953,-0.4708,0.2908,0.8329,0
47.000,Minmatar Citizen 9978241,Retriever,38105,63005,42466,1850,0.7659,-0.0530,0.6408,0
47.000,Minmatar Citizen 7162778,Covetor,29185,68200,27166,165,,,,0
47.000,Minmatar Citizen 9678938,Venture,30365,68765,35190,1309,-0.3968,-0.7069,-0.5855,0
47.000,Minmatar Citizen 2250648,Mackinaw,79125,68225,75668,317,-0.5681,-0.8110,-0.1402,0
47.000,Gallente Citizen 1635012,Venture,29980,65755,34314,80,0.7033,0.7033,0.1039,0
48.000,Caldari Citizen 9942864,Venture,74165,43640,56605,3403,0.0428,-0.5803,0.8133,0
48.000,Caldari Citizen 6206817,Skiff,81080,51245,80156,1235,-0.2989,-0.9353,0.1894,0
48.000,Minmatar Citizen 9745080,Endurance,22255,64880,27772,900,0.5138,0.5179,0.6840,0
48.000,Amarr Citizen 0220922,Porpoise,87045,57920,85402,638,0.9088,-0.4139,-0.0532,0
48.000,Minmatar Citizen 4351238,Retriever,43455,67380,40885,174,0.8988,0.2713,-0.3442,0
48.000,Caldari Citizen 3216932,Endurance,25355,53660,23953,1013,-0.1560,0.3802,0.9117,0
48.000,Minmatar Citizen 9076035,Porpoise,77120,59680,78204,273,-0.1405,0.1934,-0.9710,0
48.000,Minmatar Citizen 6662812,Procurer,73275,67500,86594,303,,,,0
48.000,Caldari Citizen 3891005,Orca,44360,66200,43940,250,0.6447,0.0335,0.7637,0
48.000,Caldari Citizen 8777524,Porpoise,74165,43640,56605,1071,-0.7220,-0.6881,0.0727,0
48.000,Minmatar Citizen 0254120,Porpoise,39935,64535,40453,949,0.7669,0.6220,0.1579,0
48.000,Amarr Citizen 2674287,Orca,47135,66800,46390,294,0.4331,-0.2478,0.8666,0
48.000,Amarr Citizen 5054432,Prospect,17435,53660,30210,1006,-0.3701,0.1934,0.9086,0
48.000,Amarr Citizen 4520313,Prospect,20555,39035,34493,1042,-0.4464,0.5040,0.7394,0
48.000,Minmatar Citizen 9978241,Retriever,38960,62480,44434,1646,0.8293,0.0819,0.5528,0
48.000,Minmatar Citizen 7162778,Covetor,29185,68200,27166,159,-0.8847,0.4359,-0.1651,0
48.000,Minmatar Citizen 9678938,Venture,30575,67940,34254,1682,-0.3103,-0.8052,-0.5053,0
48.000,Minmatar Citizen 2250648,Mackinaw,79125,68225,75668,300,-0.2690,-0.9552,-0.1238,0
48.000,Gallente Citizen 1635012,Venture,29980,65755,34314,81,0.8492,0.3730,-0.3737,0
49.000,Caldari Citizen 9942864,Venture,73660,41360,60659,3644,-0.0517,-0.5902,0.8056,0
49.000,Caldari Citizen 6206817,Skiff,81080,51245,80156,1034,-0.3537,-0.9152,0.1929,0
49.000,Minmatar Citizen 9745080,Endurance,22255,64375,28924,897,0.7173,0.4340,0.5451,0
49.000,Amarr Citizen 0220922,Porpoise,89435,57980,84473,728,0.8750,-0.4504,-0.1773,0
49.000,Minmatar Citizen 4351238,Retriever,44360,68285,40624,183,0.9107,0.2983,-0.2859,0
49.000,Caldari Citizen 3216932,Endurance,24400,53660,24925,1042,-0.2037,0.4717,0.8579,0
49.000,Minmatar Citizen 9076035,Porpoise,75875,58435,78768,259,-0.2636,0.2069,-0.9422,0
49.000,Minmatar Citizen 6662812,Procurer,73275,67500,86594,548,-0.1382,0.0049,-0.9904,0
49.000,Caldari Citizen 3891005,Orca,44360,65485,44999,236,0.8654,-0.2430,0.4381,0
49.000,Caldari Citizen 8777524,Porpoise,74165,43640,56605,1175,-0.7927,-0.6020,0.0962,0
49.000,Minmatar Citizen 0254120,Porpoise,40800,64725,41413,975,0.7731,0.6158,0.1523,0
49.000,Amarr Citizen 2674287,Orca,47135,66800,46390,276,0.3235,-0.3509,0.8788,0
49.000,Amarr Citizen 5054432,Prospect,18080,53720,31816,1090,-0.3675,0.2361,0.8996,0
49.000,Amarr Citizen 4520313,Prospect,19600,39760,34220,1137,-0.4452,0.6271,0.6392,0
49.000,Minmatar Citizen 9978241,Retriever,39825,62640,45378,1455,0.8861,0.2370,0.3983,0
49.000,Minmatar Citizen 7162778,Covetor,29185,68200,27166,155,-0.8847,0.4359,-0.1651,0
49.000,Minmatar Citizen 9678938,Venture,28955,66320,34107,1954,-0.1600,-0.8897,-0.4277,0
49.000,Minmatar Citizen 2250648,Mackinaw,77840,66940,76446,290,0.0693,-0.8899,-0.4508,0
49.000,Gallente Citizen 1635012,Venture,29980,65755,34314,83,0.7431,0.0000,-0.6692,0
50.000,Caldari Citizen 9942864,Venture,73920,40145,62843,2518,-0.1651,-0.5999,0.7828,0
50.000,Caldari Citizen 6206817,Skiff,80800,48755,80438,876,-0.4151,-0.8888,0.1945,0
50.000,Minmatar Citizen 9745080,Endurance,23000,65120,29247,918,0.7768,0.3808,0.5015,0
50.000,Amarr Citizen 0220922,Porpoise,89435,57980,84473,828,0.8481,-0.4602,-0.2625,0
50.000,Minmatar Citizen 4351238,Retriever,44360,68285,40624,189,0.9746,0.1439,0.1713,0
50.000,Caldari Citizen 3216932,Endurance,25045,54305,25470,1064,-0.3204,0.4900,0.8107,0
50.000,Minmatar Citizen 9076035,Porpoise,75875,58435,78768,248,-0.5029,0.1210,-0.8558,0
50.000,Minmatar Citizen 6662812,Procurer,74400,68675,84690,683,-0.0820,-0.1041,-0.9912,0
50.000,Caldari Citizen 3891005,Orca,44360,65485,44999,223,0.8014,-0.5938,0.0718,0
50.000,Caldari Citizen 8777524,Porpoise,73140,42615,56908,1275,-0.8280,-0.5438,0.1368,0
50.000,Minmatar Citizen 0254120,Porpoise,41675,65600,41278,999,0.7684,0.6337,0.0891,0
50.000,Amarr Citizen 2674287,Orca,47135,66800,46390,260,0.5490,-0.1400,0.8240,0
50.000,Amarr Citizen 5054432,Prospect,17045,53720,32383,1182,-0.3584,0.2981,0.8847,0
50.000,Amarr Citizen 4520313,Prospect,19200,40325,35415,1234,-0.4171,0.6902,0.5913,0
50.000,Minmatar Citizen 9978241,Retriever,42560,63685,45320,1321,0.8836,0.4096,0.2270,0
50.000,Minmatar Citizen 7162778,Covetor,28160,68705,26975,152,-0.8847,0.4359,-0.1651,0
50.000,Minmatar Citizen 9678938,Venture,29415,64740,32054,1952,0.0032,-0.9472,-0.3206,0
50.000,Minmatar Citizen 2250648,Mackinaw,77840,66940,76446,279,-0.3666,-0.9301,-0.0245,0
50.000,Gallente Citizen 1635012,Venture,29980,65755,34314,84,0.7431,0.0000,-0.6692,0
51.000,Caldari Citizen 9942864,Venture,73920,39000,63560,2004,-0.4717,-0.5417,0.6958,0
51.000,Caldari Citizen 6206817,Skiff,80800,48755,80438,751,-0.3988,-0.8989,0.1816,0
51.000,Minmatar Citizen 9745080,Endurance,23755,65875,29533,948,0.8217,0.4049,0.4010,0
51.000,Amarr Citizen 0220922,Porpoise,90460,56675,84267,920,0.7912,-0.5257,-0.3124,0
51.000,Minmatar Citizen 4351238,Retriever,44360,68285,40624,195,0.4034,-0.2073,0.8912,0
51.000,Caldari Citizen 3216932,Endurance,24735,54960,26899,1082,-0.3335,0.5370,0.7748,0
51.000,Minmatar Citizen 9076035,Porpoise,75875,59600,77890,195,-0.9656,-0.0584,-0.2533,0
51.000,Minmatar Citizen 6662812,Procurer,74200,67360,84368,878,-0.2188,-0.3292,-0.9185,0
51.000,Caldari Citizen 3891005,Orca,44360,65485,44999,212,0.7994,-0.5964,0.0721,0
51.000,Caldari Citizen 8777524,Porpoise,72125,42685,56365,1373,-0.8289,-0.5335,0.1682,0
51.000,Minmatar Citizen 0254120,Porpoise,41675,65600,41278,1021,0.7800,0.6165,0.1071,0
51.000,Amarr Citizen 2674287,Orca,47135,66800,46390,245,0.7641,0.1617,0.6245,0
51.000,Amarr Citizen 5054432,Prospect,16655,54375,33496,1276,-0.2637,0.5115,0.8178,0
51.000,Amarr Citizen 4520313,Prospect,18800,41615,35760,1393,-0.3753,0.6973,0.6107,0
51.000,Minmatar Citizen 9978241,Retriever,43455,64580,45178,1243,0.8401,0.5424,-0.0012,0
51.000,Minmatar Citizen 7162778,Covetor,28160,68705,26975,149,-0.8847,0.4359,-0.1651,0
51.000,Minmatar Citizen 9678938,Venture,29645,63400,32103,1412,0.1413,-0.9807,-0.1349,0
51.000,Minmatar Citizen 2250648,Mackinaw,78875,66940,75378,273,-0.3656,-0.9303,-0.0297,0
51.000,Gallente Citizen 1635012,Venture,30995,65755,33400,85,0.7431,0.0000,-0.6692,0
52.000,Caldari Citizen 9942864,Venture,72080,37955,64652,2160,-0.8214,-0.4438,0.3583,0
52.000,Caldari Citizen 6206817,Skiff,79565,47520,80872,656,-0.4371,-0.8951,0.0881,0
52.000,Minmatar Citizen 9745080,Endurance,25565,66125,30049,976,0.8772,0.4072,0.2542,0
52.000,Amarr Citizen 0220922,Porpoise,90460,56675,84267,998,0.6471,-0.7327,-0.2107,0
52.000,Minmatar Citizen 4351238,Retriever,44360,67600,41754,201,0.2664,-0.3349,0.9038,0
52.000,Caldari Citizen 3216932,Endurance,23760,55535,26596,1095,-0.3054,0.5552,0.7737,0
52.000,Minmatar Citizen 9076035,Porpoise,75875,59600,77890,174,-0.9633,-0.0546,-0.2627,0
52.000,Minmatar Citizen 6662812,Procurer,72895,67220,84070,1013,-0.3121,-0.5761,-0.7555,0
52.000,Caldari Citizen 3891005,Orca,45325,65485,44027,202,0.8450,-0.5290,-0.0780,0
52.000,Caldari Citizen 8777524,Porpoise,71120,41680,56610,1460,-0.8571,-0.4750,0.1996,0
52.000,Minmatar Citizen 0254120,Porpoise,42560,66485,41102,1040,0.7679,0.6400,0.0275,0
52.000,Amarr Citizen 2674287,Orca,48080,67000,47163,232,0.7641,0.1617,0.6245,0
52.000,Amarr Citizen 5054432,Prospect,16265,55040,34569,1303,-0.2596,0.6457,0.7182,0
52.000,Amarr Citizen 4520313,Prospect,18400,42200,36900,1549,-0.3216,0.6960,0.6420,0
52.000,Minmatar Citizen 9978241,Retriever,44360,65485,44999,1212,0.7381,0.6429,-0.2047,0
52.000,Minmatar Citizen 7162778,Covetor,28160,68705,26975,147,,,,0
52.000,Minmatar Citizen 9678938,Venture,29875,62060,32125,983,0.6858,-0.7139,0.1414,0
52.000,Minmatar Citizen 2250648,Mackinaw,78875,66940,75378,273,-0.3061,-0.9462,-0.1044,0
52.000,Gallente Citizen 1635012,Venture,30995,65755,33400,85,0.7431,0.0000,-0.6692,0
53.000,Caldari Citizen 9942864,Venture,71045,38065,64130,1654,-0.9454,-0.3211,0.0552,0
53.000,Caldari Citizen 6206817,Skiff,79565,47520,80872,580,-0.5215,-0.8524,-0.0371,0
53.000,Minmatar Citizen 9745080,Endurance,25565,66125,30049,1001,0.9093,0.3434,0.2352,0
53.000,Amarr Citizen 0220922,Porpoise,91475,55360,84045,1070,0.6740,-0.6832,-0.2810,0
53.000,Minmatar Citizen 4351238,Retriever,44360,67600,41754,207,0.6340,0.0388,0.7723,0
53.000,Caldari Citizen 3216932,Endurance,23440,56200,27949,1105,-0.4132,0.4714,0.7792,0
53.000,Minmatar Citizen 9076035,Porpoise,75875,59600,77890,161,-0.8818,-0.4659,0.0729,0
53.000,Minmatar Citizen 6662812,Procurer,72705,67080,82796,1100,-0.4714,-0.7783,-0.4148,0
53.000,Caldari Citizen 3891005,Orca,45325,65485,44027,193,0.7238,-0.6525,0.2246,0
53.000,Caldari Citizen 8777524,Porpoise,69360,40685,57749,1528,-0.8648,-0.4284,0.2621,0
53.000,Minmatar Citizen 0254120,Porpoise,43455,67380,40885,996,0.7821,0.6198,0.0640,0
53.000,Amarr Citizen 2674287,Orca,48080,67000,47163,221,0.7641,0.1617,0.6245,0
53.000,Amarr Citizen 5054432,Prospect,15875,55715,35607,1332,-0.1751,0.7035,0.6888,0
53.000,Amarr Citizen 4520313,Prospect,17600,44105,38288,1703,-0.3758,0.7145,0.5902,0
53.000,Minmatar Citizen 9978241,Retriever,44360,65485,44999,1214,0.5929,0.7299,-0.3402,0
53.000,Minmatar Citizen 7162778,Covetor,28160,68705,26975,145,,,,0
53.000,Minmatar Citizen 9678938,Venture,30640,62240,33412,976,0.5765,0.0296,0.8166,0
53.000,Minmatar Citizen 2250648,Mackinaw,77600,65665,76127,275,-0.5055,-0.8508,0.1438,0
53.000,Gallente Citizen 1635012,Venture,30995,65755,33400,86,,,,0
54.000,Caldari Citizen 9942864,Venture,69215,38175,64467,1289,-0.9828,-0.1435,-0.1164,0
54.000,Caldari Citizen 6206817,Skiff,79565,47520,80872,521,-0.4286,-0.8898,-0.1565,0
54.000,Minmatar Citizen 9745080,Endurance,26340,66900,30242,1023,0.9388,0.2746,0.2079,0
54.000,Amarr Citizen 0220922,Porpoise,92480,55360,82938,1067,0.7169,-0.5471,-0.4321,0
54.000,Minmatar Citizen 4351238,Retriever,44360,67600,41754,,0.6954,0.1220,0.7082,0
54.000,Caldari Citizen 3216932,Endurance,23120,56875,29235,1112,-0.4116,0.4363,0.8001,0
54.000,Minmatar Citizen 9076035,Porpoise,74640,58365,78431,164,-0.8802,-0.4686,0.0745,0
54.000,Minmatar Citizen 6662812,Procurer,72515,65795,82441,1188,-0.4419,-0.8381,-0.3198,0
54.000,Caldari Citizen 3891005,Orca,45325,64760,45086,185,0.4627,-0.6953,0.5500,0
54.000,Caldari Citizen 8777524,Porpoise,68375,39700,57903,1583,-0.8447,-0.4450,0.2974,0
54.000,Minmatar Citizen 0254120,Porpoise,44360,67600,41754,600,0.7887,0.6091,0.0833,0
54.000,Amarr Citizen 2674287,Orca,48080,67000,47163,211,0.4435,-0.2605,0.8576,0
54.000,Amarr Citizen 5054432,Prospect,16180,57680,36211,1376,-0.1774,0.7747,0.6070,0
54.000,Amarr Citizen 4520313,Prospect,17200,44720,39348,1847,-0.3593,0.7474,0.5588,0
54.000,Minmatar Citizen 9978241,Retriever,45275,66400,44780,1231,0.4826,0.7236,-0.4934,0
54.000,Minmatar Citizen 7162778,Covetor,28160,68705,26975,144,,,,0
54.000,Minmatar Citizen 9678938,Venture,30640,62240,33412,1245,0.3698,0.6439,0.6698,0
54.000,Minmatar Citizen 2250648,Mackinaw,77600,65665,76127,278,-0.6529,-0.6529,0.3839,0
54.000,Gallente Citizen 1635012,Venture,30995,65755,33400,86,,,,0
55.000,Caldari Citizen 9942864,Venture,67195,37280,63992,1966,-0.9744,-0.0805,-0.2101,0
55.000,Caldari Citizen 6206817,Skiff,79295,46295,80331,475,-0.4254,-0.8883,-0.1730,0
55.000,Minmatar Citizen 9745080,Endurance,28160,67160,30619,1040,0.9305,0.3236,0.1715,0
55.000,Amarr Citizen 0220922,Porpoise,92480,54035,83807,1080,0.6099,-0.6831,-0.4019,0
55.000,Minmatar Citizen 4351238,Retriever,45275,67820,42598,696,0.7591,0.2300,0.6090,0
55.000,Caldari Citizen 3216932,Endurance,22800,57560,30463,1117,-0.3731,0.4736,0.7978,0
55.000,Minmatar Citizen 9076035,Porpoise,74640,58365,78431,168,-0.9240,-0.3823,-0.0097,0
55.000,Minmatar Citizen 6662812,Procurer,72325,64520,82069,1334,-0.3334,-0.9153,-0.2258,0
55.000,Caldari Citizen 3891005,Orca,45325,64760,45086,178,0.0000,-0.5647,0.8253,0
55.000,Caldari Citizen 8777524,Porpoise,66625,39800,58190,1575,-0.8867,-0.3769,0.2679,0
55.000,Minmatar Citizen 0254120,Porpoise,45275,68515,41471,532,0.7880,0.6136,0.0513,0
55.000,Amarr Citizen 2674287,Orca,48080,67000,47163,202,0.0000,-0.5821,0.8131,0
55.000,Amarr Citizen 5054432,Prospect,15800,58385,37183,1427,-0.2000,0.8025,0.5622,0
55.000,Amarr Citizen 4520313,Prospect,16400,46675,40602,1982,-0.3424,0.8006,0.4917,0
55.000,Minmatar Citizen 9978241,Retriever,45275,67115,43701,1259,0.3983,0.7058,-0.5859,0
55.000,Minmatar Citizen 7162778,Covetor,28160,68705,26975,143,0.0000,0.3567,-0.9342,0
55.000,Minmatar Citizen 9678938,Venture,32200,63800,33671,1539,0.1975,0.8618,0.4672,0
55.000,Minmatar Citizen 2250648,Mackinaw,77600,65665,76127,281,-0.6561,-0.6561,0.3731,0
55.000,Gallente Citizen 1635012,Venture,30995,65755,33400,86,,,,0
56.000,Caldari Citizen 9942864,Venture,65215,36415,63443,2559,-0.9690,-0.0118,-0.2466,0
56.000,Caldari Citizen 6206817,Skiff,79295,46295,80331,440,-0.5189,-0.8527,-0.0605,0
56.000,Minmatar Citizen 9745080,Endurance,28160,67160,30619,1054,0.9556,0.2461,0.1619,0
56.000,Amarr Citizen 0220922,Porpoise,93475,54035,82696,1106,0.5843,-0.6255,-0.5171,0
56.000,Minmatar Citizen 4351238,Retriever,46200,68745,42293,564,0.8004,0.3234,0.5047,0
56.000,Caldari Citizen 3216932,Endurance,21785,57560,31197,1121,-0.3954,0.5398,0.7431,0
56.000,Minmatar Citizen 9076035,Porpoise,74640,58365,78431,306,-0.9544,-0.2816,-0.0992,0
56.000,Minmatar Citizen 6662812,Procurer,71060,63255,82615,1469,-0.3856,-0.9195,-0.0762,0
56.000,Caldari Citizen 3891005,Orca,45325,64760,45086,172,,,,0
56.000,Caldari Citizen 8777524,Porpoise,64875,38835,59153,1570,-0.9342,-0.2905,0.2070,0
56.000,Minmatar Citizen 0254120,Porpoise,45275,68515,41471,478,0.7701,0.6373,-0.0294,0
56.000,Amarr Citizen 2674287,Orca,48080,67000,47163,189,0.0000,-0.5821,0.8131,0
56.000,Amarr Citizen 5054432,Prospect,15420,59100,38124,1185,-0.1563,0.8227,0.5466,0
56.000,Amarr Citizen 4520313,Prospect,14945,48005,41197,2107,-0.3274,0.8335,0.4452,0
56.000,Minmatar Citizen 9978241,Retriever,46200,68040,43418,1082,0.3087,0.6769,-0.6682,0
56.000,Minmatar Citizen 7162778,Covetor,28160,68705,26975,142,0.0000,0.3567,-0.9342,0
56.000,Minmatar Citizen 9678938,Venture,30995,64595,35592,1746,0.0026,0.9516,0.3074,0
56.000,Minmatar Citizen 2250648,Mackinaw,77600,65665,76127,245,-0.4564,-0.8882,0.0529,0
56.000,Gallente Citizen 1635012,Venture,30995,65755,33400,86,0.0000,-0.4604,0.8877,0
57.000,Caldari Citizen 9942864,Venture,62460,37760,62361,3018,-0.9274,0.1621,-0.3372,0
57.000,Caldari Citizen 6206817,Skiff,79295,46295,80331,412,-0.5936,-0.8036,0.0428,0
57.000,Minmatar Citizen 9745080,Endurance,29980,67420,30915,1059,0.9749,0.1649,0.1497,0
57.000,Amarr Citizen 0220922,Porpoise,94460,54035,81569,1140,0.4846,-0.6882,-0.5400,0
57.000,Minmatar Citizen 4351238,Retriever,46200,68040,43418,443,0.8209,0.3905,0.4167,0
57.000,Caldari Citizen 3216932,Endurance,21455,58255,32343,1124,-0.4665,0.5487,0.6938,0
57.000,Minmatar Citizen 9076035,Porpoise,74640,59520,77558,441,-0.7949,0.3261,-0.5116,0
57.000,Minmatar Citizen 6662812,Procurer,70880,62000,82201,1589,-0.4752,-0.8799,0.0014,0
57.000,Caldari Citizen 3891005,Orca,45325,64760,45086,167,,,,0
57.000,Caldari Citizen 8777524,Porpoise,63920,37880,59197,1512,-0.9502,-0.2055,0.2344,0
57.000,Minmatar Citizen 0254120,Porpoise,45275,68515,41471,433,0.7991,0.5982,0.0604,0
57.000,Amarr Citizen 2674287,Orca,48080,66245,48217,178,0.0000,-0.5821,0.8131,0
57.000,Amarr Citizen 5054432,Prospect,15040,60400,38140,1000,-0.1447,0.8077,0.5716,0
57.000,Amarr Citizen 4520313,Prospect,15200,50000,41928,2225,-0.3581,0.8486,0.3894,0
57.000,Minmatar Citizen 9978241,Retriever,46200,68745,42293,875,0.2832,0.6586,-0.6972,0
57.000,Minmatar Citizen 7162778,Covetor,28160,69200,25678,142,0.0000,0.3567,-0.9342,0
57.000,Minmatar Citizen 9678938,Venture,31600,66800,35542,1774,-0.1157,0.9838,0.1370,0
57.000,Minmatar Citizen 2250648,Mackinaw,77600,65665,76127,227,-0.3065,-0.9438,-0.1235,0
57.000,Gallente Citizen 1635012,Venture,30995,65755,33400,86,0.0000,-0.4604,0.8877,0
58.000,Caldari Citizen 9942864,Venture,58800,37065,61788,3361,-0.8973,0.2730,-0.3468,0
58.000,Caldari Citizen 6206817,Skiff,78080,45080,80699,390,-0.6914,-0.6914,0.2093,0
58.000,Minmatar Citizen 9745080,Endurance,30785,68225,30962,889,0.9922,0.1232,-0.0175,0
58.000,Amarr Citizen 0220922,Porpoise,94080,51345,82083,1177,0.4716,-0.6006,-0.6457,0
58.000,Minmatar Citizen 4351238,Retriever,46200,68040,43418,353,0.7818,0.2531,0.5699,0
58.000,Caldari Citizen 3216932,Endurance,21125,59525,32427,1127,-0.4780,0.5615,0.6755,0
58.000,Minmatar Citizen 9076035,Porpoise,73415,58295,78076,562,-0.9360,0.0430,-0.3495,0
58.000,Minmatar Citizen 6662812,Procurer,70700,60755,81770,1692,-0.4952,-0.8688,0.0075,0
58.000,Caldari Citizen 3891005,Orca,45325,64760,45086,162,0.5067,-0.1717,0.8448,0
58.000,Caldari Citizen 8777524,Porpoise,62180,38000,59377,1473,-0.9640,-0.1407,0.2258,0
58.000,Minmatar Citizen 0254120,Porpoise,46200,69440,41142,422,0.8313,0.4855,0.2707,0
58.000,Amarr Citizen 2674287,Orca,48080,66245,48217,168,0.5408,-0.1718,0.8235,0
58.000,Amarr Citizen 5054432,Prospect,14660,61135,39033,866,-0.0812,0.8901,0.4486,0
58.000,Amarr Citizen 4520313,Prospect,14400,52025,42977,2335,-0.3767,0.8523,0.3628,0
58.000,Minmatar Citizen 9978241,Retriever,46200,68745,42293,691,0.3905,0.6846,-0.6155,0
58.000,Minmatar Citizen 7162778,Covetor,28160,69200,25678,141,0.0000,0.3567,-0.9342,0
58.000,Minmatar Citizen 9678938,Venture,31400,68200,35381,1427,-0.3788,0.9220,-0.0800,0
58.000,Minmatar Citizen 2250648,Mackinaw,76335,64400,76822,223,-0.1803,-0.9504,-0.2536,0
58.000,Gallente Citizen 1635012,Venture,30995,65180,34509,87,0.0000,-0.4604,0.8877,0
59.000,Caldari Citizen 9942864,Venture,56125,38360,60494,3619,-0.8931,0.2975,-0.3375,0
59.000,Caldari Citizen 6206817,Skiff,78080,45080,80699,373,-0.6914,-0.6914,0.2093,0
59.000,Minmatar Citizen 9745080,Endurance,31800,67680,31132,824,0.9759,0.1685,-0.1385,0
59.000,Amarr Citizen 0220922,Porpoise,96000,51345,79829,1207,0.3760,-0.5940,-0.7112,0
59.000,Minmatar Citizen 4351238,Retriever,47135,68975,43090,284,0.6239,-0.0089,0.7815,0
59.000,Caldari Citizen 3216932,Endurance,20795,60240,33507,1128,-0.3543,0.6294,0.6917,0
59.000,Minmatar Citizen 9076035,Porpoise,73415,58295,78076,672,-0.9628,-0.1263,-0.2387,0
59.000,Minmatar Citizen 6662812,Procurer,69465,59520,82225,1781,-0.5136,-0.8580,0.0100,0
59.000,Caldari Citizen 3891005,Orca,45325,64760,45086,157,0.6599,0.0238,0.7510,0
59.000,Caldari Citizen 8777524,Porpoise,60440,38120,59522,1431,-0.9789,0.0554,0.1967,0
59.000,Minmatar Citizen 0254120,Porpoise,46200,69440,41142,438,0.7755,0.2514,0.5791,0
59.000,Amarr Citizen 2674287,Orca,48080,66245,48217,159,0.8466,0.4450,0.2919,0
59.000,Amarr Citizen 5054432,Prospect,15405,61880,39478,768,0.0831,0.9276,0.3643,0
59.000,Amarr Citizen 4520313,Prospect,13600,54080,43948,2428,-0.3801,0.8556,0.3513,0
59.000,Minmatar Citizen 9978241,Retriever,46200,69440,41142,344,0.4630,0.6949,-0.5503,0
59.000,Minmatar Citizen 7162778,Covetor,28160,69200,25678,141,,,,0
59.000,Minmatar Citizen 9678938,Venture,30365,68765,35190,1073,-0.4393,0.6825,-0.5842,0
59.000,Minmatar Citizen 2250648,Mackinaw,77360,64400,75790,227,-0.0254,-0.9184,-0.3949,0
59.000,Gallente Citizen 1635012,Venture,30995,65180,34509,87,0.0000,-0.4604,0.8877,0
60.000,Caldari Citizen 9942864,Venture,54375,41495,58494,3808,-0.8883,0.3063,-0.3422,0
60.000,Caldari Citizen 6206817,Skiff,78080,45080,80699,360,-0.5190,-0.8515,-0.0747,0
60.000,Minmatar Citizen 9745080,Endurance,31800,67680,31132,826,0.8518,0.2614,-0.4540,0
60.000,Amarr Citizen 0220922,Porpoise,95600,50000,79477,1154,0.2484,-0.5956,-0.7639,0
60.000,Minmatar Citizen 4351238,Retriever,47135,68975,43090,232,0.6744,0.0555,0.7362,0
60.000,Caldari Citizen 3216932,Endurance,19740,60240,34139,1129,-0.2948,0.6249,0.7229,0
60.000,Minmatar Citizen 9076035,Porpoise,73415,59440,77208,769,-0.9568,-0.2503,-0.1476,0
60.000,Minmatar Citizen 6662812,Procurer,68240,58295,82638,1855,-0.5965,-0.7981,0.0850,0
60.000,Caldari Citizen 3891005,Orca,45325,64025,46124,153,0.9635,0.1245,0.2371,0
60.000,Caldari Citizen 8777524,Porpoise,59625,38120,60338,1391,-0.9658,0.1790,0.1876,0
60.000,Minmatar Citizen 0254120,Porpoise,46200,68745,42293,471,0.6588,0.0542,0.7504,0
60.000,Amarr Citizen 2674287,Orca,48080,66245,48217,152,0.6899,0.6899,-0.2193,0
60.000,Amarr Citizen 5054432,Prospect,15405,61880,39478,698,0.2163,0.9126,0.3468,0
60.000,Amarr Citizen 4520313,Prospect,12075,55440,44324,2381,-0.3761,0.8678,0.3248,0
60.000,Minmatar Citizen 9978241,Retriever,47135,70375,40763,186,0.8318,0.4152,0.3684,0
60.000,Minmatar Citizen 7162778,Covetor,28160,69200,25678,140,,,,0
60.000,Minmatar Citizen 9678938,Venture,30365,69320,34084,1000.5,-0.3510,-0.1630,-0.9221,0
60.000,Minmatar Citizen 2250648,Mackinaw,77360,64400,75790,234,0.5144,-0.4462,-0.7323,0
60.000,Gallente Citizen 1635012,Venture,30995,65180,34509,87,,,,0
61.000,Caldari Citizen 9942864,Venture,50000,41765,57660,3946,-0.8912,0.3200,-0.3215,0
61.000,Caldari Citizen 6206817,Skiff,78080,45080,80699,346,-0.1908,-0.8845,-0.4257,0
61.000,Minmatar Citizen 9745080,Endurance,32805,67680,30071,858,0.7032,0.2481,-0.6663,0
61.000,Amarr Citizen 0220922,Porpoise,96535,50000,78339,1133,0.1160,-0.4258,-0.8973,0
61.000,Minmatar Citizen 4351238,Retriever,47135,68260,44214,194,0.4265,-0.2258,0.8758,0
61.000,Caldari Citizen 3216932,Endurance,19400,60965,35155,1130,-0.2263,0.5850,0.7789,0
61.000,Minmatar Citizen 9076035,Porpoise,72200,58225,77705,849,-0.9585,-0.1162,-0.2602,0
61.000,Minmatar Citizen 6662812,Procurer,68080,57080,82146,1917,-0.6048,-0.7819,0.1513,0
61.000,Caldari Citizen 3891005,Orca,46240,64940,45920,150,0.9807,0.1734,-0.0904,0
61.000,Caldari Citizen 8777524,Porpoise,57875,38240,60433,1369,-0.9529,0.2066,0.2219,0
61.000,Minmatar Citizen 0254120,Porpoise,47135,69680,41940,513,0.5467,-0.0910,0.8324,0
61.000,Amarr Citizen 2674287,Orca,49035,67200,47914,144,0.8408,0.5041,0.1972,0
61.000,Amarr Citizen 5054432,Prospect,15035,63200,39442,636,0.1821,0.9680,0.1724,0
61.000,Amarr Citizen 4520313,Prospect,11255,57535,45156,2314,-0.3297,0.8970,0.2944,0
61.000,Minmatar Citizen 9978241,Retriever,47135,69680,41940,466,0.5278,-0.1056,0.8428,0
61.000,Minmatar Citizen 7162778,Covetor,28160,69200,25678,140,,,,0
61.000,Minmatar Citizen 9678938,Venture,29540,68495,34056,1188,0.0032,-0.8208,-0.5712,0
61.000,Minmatar Citizen 2250648,Mackinaw,77360,64400,75790,243,0.6986,0.0000,-0.7155,0
61.000,Gallente Citizen 1635012,Venture,30995,65180,34509,87,0.7058,0.7058,0.0617,0
62.000,Caldari Citizen 9942864,Venture,45675,42035,56594,4047,-0.9097,0.2881,-0.2991,0
62.000,Caldari Citizen 6206817,Skiff,78080,45080,80699,311,-0.1908,-0.8845,-0.4257,0
62.000,Minmatar Citizen 9745080,Endurance,33620,68495,30035,899,0.5811,0.3184,-0.7490,0
62.000,Amarr Citizen 0220922,Porpoise,96125,50000,77130,1133,-0.1648,-0.5529,-0.8168,0
62.000,Minmatar Citizen 4351238,Retriever,47135,68260,44214,166,0.0000,-0.5368,0.8437,0
62.000,Caldari Citizen 3216932,Endurance,20135,61700,35548,1131,-0.2639,0.5830,0.7684,0
62.000,Minmatar Citizen 9076035,Porpoise,70995,58155,77316,924,-0.9477,-0.2891,-0.1351,0
62.000,Minmatar Citizen 6662812,Procurer,66875,55875,82497,1969,-0.5978,-0.7847,0.1642,0
62.000,Caldari Citizen 3891005,Orca,46240,64940,45920,147,0.9171,0.2109,-0.3382,0
62.000,Caldari Citizen 8777524,Porpoise,57040,39275,60563,1362,-0.9567,0.2053,0.2064,0
62.000,Minmatar Citizen 0254120,Porpoise,47135,68975,43090,555,0.6021,-0.0314,0.7978,0
62.000,Amarr Citizen 2674287,Orca,49035,67200,47914,137,0.7764,0.1545,0.6110,0
62.000,Amarr Citizen 5054432,Prospect,15800,63965,39848,512,0.0523,0.9930,0.1055,0
62.000,Amarr Citizen 4520313,Prospect,10435,59660,45911,2201,-0.1736,0.9515,0.2540,0
62.000,Minmatar Citizen 9978241,Retriever,47135,69680,41940,735,0.1667,-0.4187,0.8927,0
62.000,Minmatar Citizen 7162778,Covetor,28160,69200,25678,140,-0.8922,0.4181,-0.1708,0
62.000,Minmatar Citizen 9678938,Venture,29760,67680,33087,1408,0.2067,-0.9059,-0.3695,0
62.000,Minmatar Citizen 2250648,Mackinaw,77360,64400,75790,249.5,0.3803,-0.6158,-0.6900,0
62.000,Gallente Citizen 1635012,Venture,30995,65180,34509,87,0.7058,0.7058,0.0617,0
63.000,Caldari Citizen 9942864,Venture,42215,44015,54814,4119,-0.9199,0.2614,-0.2924,0
63.000,Caldari Citizen 6206817,Skiff,77820,43875,80119,292,-0.1908,-0.8845,-0.4257,0
63.000,Minmatar Citizen 9745080,Endurance,33620,69040,28761,938,0.5667,0.2599,-0.7819,0
63.000,Amarr Citizen 0220922,Porpoise,95715,48675,76768,1152,-0.2533,-0.4884,-0.8350,0
63.000,Minmatar Citizen 4351238,Retriever,47135,68260,44214,145,,,,0
63.000,Caldari Citizen 3216932,Endurance,19805,62445,36516,1131,-0.2706,0.5947,0.7571,0
63.000,Minmatar Citizen 9076035,Porpoise,70995,58155,77316,992,-0.9257,-0.3704,-0.0764,0
63.000,Minmatar Citizen 6662812,Procurer,64495,53495,83082,2013,-0.5780,-0.8029,0.1459,0
63.000,Caldari Citizen 3891005,Orca,47195,64940,44938,144,0.7683,0.2489,-0.5897,0
63.000,Caldari Citizen 8777524,Porpoise,55280,39385,60613,1363,-0.9539,0.2544,0.1593,0
63.000,Minmatar Citizen 0254120,Porpoise,47135,68975,43090,577,0.5523,-0.0987,0.8277,0
63.000,Amarr Citizen 2674287,Orca,49035,67200,47914,131,0.4498,-0.2708,0.8511,0
63.000,Amarr Citizen 5054432,Prospect,15800,63965,39848,449,0.0350,0.9949,0.0941,0
63.000,Amarr Citizen 4520313,Prospect,10800,61815,46328,2128,-0.0371,0.9786,0.2022,0
63.000,Minmatar Citizen 9978241,Retriever,47135,68975,43090,863,0.0000,-0.5246,0.8513,0
63.000,Minmatar Citizen 7162778,Covetor,28160,69200,25678,141,-0.8922,0.4181,-0.1708,0
63.000,Minmatar Citizen 9678938,Venture,30995,66320,32264,1553,0.3222,-0.9464,-0.0229,0
63.000,Minmatar Citizen 2250648,Mackinaw,78375,64400,74740,254,-0.0269,-0.9112,-0.4111,0
63.000,Gallente Citizen 1635012,Venture,31800,65985,34579,87,0.7058,0.7058,0.0617,0
64.000,Caldari Citizen 9942864,Venture,37820,45020,54248,3946,-0.8986,0.3113,-0.3093,0
64.000,Caldari Citizen 6206817,Skiff,77820,43875,80119,284,-0.4457,-0.8767,-0.1810,0
64.000,Minmatar Citizen 9745080,Endurance,34615,69040,27555,972,0.4648,0.2361,-0.8534,0
64.000,Amarr Citizen 0220922,Porpoise,95305,48685,75550,1231,-0.4548,-0.6530,-0.6057,0
64.000,Minmatar Citizen 4351238,Retriever,47135,68260,44214,130,,,,0
64.000,Caldari Citizen 3216932,Endurance,19475,63200,37450,1132,-0.3631,0.5628,0.7426,0
64.000,Minmatar Citizen 9076035,Porpoise,69800,58085,76910,1054,-0.9445,-0.2847,-0.1640,0
64.000,Minmatar Citizen 6662812,Procurer,63320,51165,84034,2050,-0.6163,-0.7679,0.1743,0
64.000,Caldari Citizen 3891005,Orca,47195,64940,44938,142,0.8602,-0.4026,-0.3128,0
64.000,Caldari Citizen 8777524,Porpoise,54425,39385,61382,1370,-0.9572,0.2509,0.1444,0
64.000,Minmatar Citizen 0254120,Porpoise,48080,69205,43863,569,0.3668,-0.2820,0.8865,0
64.000,Amarr Citizen 2674287,Orca,49035,66435,48969,127,0.0000,-0.5870,0.8096,0
64.000,Amarr Citizen 5054432,Prospect,15440,65295,39776,427,0.0112,0.9870,-0.1606,0
64.000,Amarr Citizen 4520313,Prospect,10000,64000,46947,2109,0.0652,0.9888,0.1342,0
64.000,Minmatar Citizen 9978241,Retriever,47135,68975,43090,726,0.0000,-0.5304,0.8478,0
64.000,Minmatar Citizen 7162778,Covetor,27125,69685,25480,151,-0.8922,0.4181,-0.1708,0
64.000,Minmatar Citizen 9678938,Venture,31205,64385,33494,1562,0.5182,-0.8322,0.1973,0
64.000,Minmatar Citizen 2250648,Mackinaw,78375,64400,74740,228,-0.3071,-0.9419,-0.1359,0
64.000,Gallente Citizen 1635012,Venture,31800,65985,34579,86,0.7058,0.7058,0.0617,0
65.000,Caldari Citizen 9942864,Venture,36080,45925,53199,3323,-0.8825,0.3574,-0.3058,0
65.000,Caldari Citizen 6206817,Skiff,77820,43875,80119,283,-0.7331,-0.6354,-0.2424,0
65.000,Minmatar Citizen 9745080,Endurance,34615,69040,27555,987,0.3966,0.1571,-0.9044,0
65.000,Amarr Citizen 0220922,Porpoise,94895,47380,75167,1275,-0.4985,-0.6800,-0.5377,0
65.000,Minmatar Citizen 4351238,Retriever,47135,68260,44214,124,,,,0
65.000,Caldari Citizen 3216932,Endurance,18380,63200,37999,1132,-0.4405,0.5307,0.7240,0
65.000,Minmatar Citizen 9076035,Porpoise,68615,56900,77320,1082,-0.9447,-0.2665,-0.1910,0
65.000,Minmatar Citizen 6662812,Procurer,62155,50000,84219,2066,-0.6340,-0.7575,0.1559,0
65.000,Caldari Citizen 3891005,Orca,47195,64940,44938,140,0.5456,-0.7093,0.4463,0
65.000,Caldari Citizen 8777524,Porpoise,52655,39495,61381,1382,-0.9558,0.2705,0.1154,0
65.000,Minmatar Citizen 0254120,Porpoise,48080,69205,43863,589,0.3019,-0.3454,0.8886,0
65.000,Amarr Citizen 2674287,Orca,49035,66435,48969,125,0.0000,-0.5870,0.8096,0
65.000,Amarr Citizen 5054432,Prospect,15440,65295,39776,425,-0.1677,0.8737,-0.4566,0
65.000,Amarr Citizen 4520313,Prospect,11620,66215,46953,2124,0.1438,0.9866,0.0771,0
65.000,Minmatar Citizen 9978241,Retriever,47135,68260,44214,655,0.0000,-0.5321,0.8467,0
65.000,Minmatar Citizen 7162778,Covetor,27125,69685,25480,161,-0.8922,0.4181,-0.1708,0
65.000,Minmatar Citizen 9678938,Venture,31415,63600,32437,1496,0.6089,-0.5785,0.5427,0
65.000,Minmatar Citizen 2250648,Mackinaw,77120,63145,75434,221,-0.5083,-0.8535,0.1149,0
65.000,Gallente Citizen 1635012,Venture,31800,65985,34579,85,,,,0
66.000,Caldari Citizen 9942864,Venture,34340,46800,52101,2400,-0.8824,0.3776,-0.2806,0
66.000,Caldari Citizen 6206817,Skiff,77820,43875,80119,272,-0.9675,-0.0717,-0.2425,0
66.000,Minmatar Citizen 9745080,Endurance,35600,69040,26270,1012,0.4327,0.1175,-0.8939,0
66.000,Amarr Citizen 0220922,Porpoise,94485,47400,73938,1363,-0.5826,-0.6431,-0.4970,0
66.000,Minmatar Citizen 4351238,Retriever,47135,68260,44214,207,0.5258,-0.1465,0.8379,0
66.000,Caldari Citizen 3216932,Endurance,18040,63965,38885,1132,-0.4049,0.4921,0.7706,0
66.000,Minmatar Citizen 9076035,Porpoise,67440,56840,76877,1130,-0.9718,-0.1171,-0.2048,0
66.000,Minmatar Citizen 6662812,Procurer,62045,48845,83604,1915,-0.7332,-0.6676,0.1293,0
66.000,Caldari Citizen 3891005,Orca,47195,64940,44938,138,0.0000,-0.5758,0.8176,0
66.000,Caldari Citizen 8777524,Porpoise,51780,40500,61470,1404,-0.9625,0.2446,0.1171,0
66.000,Minmatar Citizen 0254120,Porpoise,48080,68480,44987,642,0.1713,-0.4433,0.8798,0
66.000,Amarr Citizen 2674287,Orca,49035,66435,48969,123,,,,0
66.000,Amarr Citizen 5054432,Prospect,15440,65295,39776,431,-0.0879,0.7219,-0.6864,0
66.000,Amarr Citizen 4520313,Prospect,11240,67625,46792,2139,0.1741,0.9840,0.0388,0
66.000,Minmatar Citizen 9978241,Retriever,47135,68260,44214,461,0.0000,-0.5419,0.8405,0
66.000,Minmatar Citizen 7162778,Covetor,27125,69685,25480,180,,,,0
66.000,Minmatar Citizen 9678938,Venture,32200,63205,34775,1352,0.6219,-0.0879,0.7782,0
66.000,Minmatar Citizen 2250648,Mackinaw,77120,63145,75434,218,-0.6586,-0.6586,0.3642,0
66.000,Gallente Citizen 1635012,Venture,31800,65985,34579,85,,,,0
67.000,Caldari Citizen 9942864,Venture,31625,47645,51564,1793,-0.8785,0.4154,-0.2359,0
67.000,Caldari Citizen 6206817,Skiff,76625,42680,80424,490,-0.9514,0.0401,-0.3053,0
67.000,Minmatar Citizen 9745080,Endurance,35600,69575,24819,1032,0.3969,0.1300,-0.9086,0
67.000,Amarr Citizen 0220922,Porpoise,92800,44840,74206,1437,-0.6195,-0.6103,-0.4937,0
67.000,Minmatar Citizen 4351238,Retriever,47135,68260,44214,212,0.6884,0.0546,0.7232,0
67.000,Caldari Citizen 3216932,Endurance,17700,64740,39742,1132,-0.3478,0.4943,0.7967,0
67.000,Minmatar Citizen 9076035,Porpoise,66275,56780,76418,1172,-0.9707,0.0195,-0.2394,0
67.000,Minmatar Citizen 6662812,Procurer,59855,47700,84487,1663,-0.8501,-0.5088,0.1360,0
67.000,Caldari Citizen 3891005,Orca,47195,64195,45996,137,0.0000,-0.5758,0.8176,0
67.000,Caldari Citizen 8777524,Porpoise,50000,40600,61422,1393,-0.9600,0.2658,0.0880,0
67.000,Minmatar Citizen 0254120,Porpoise,48080,68480,44987,693,0.0000,-0.5537,0.8327,0
67.000,Amarr Citizen 2674287,Orca,49035,66435,48969,121,,,,0
67.000,Amarr Citizen 5054432,Prospect,15440,65840,38868,545,-0.2427,0.5314,-0.8116,0
67.000,Amarr Citizen 4520313,Prospect,11705,69880,46955,2143,0.2135,0.9769,0.0058,0
67.000,Minmatar Citizen 9978241,Retriever,47135,68260,44214,331,0.0000,-0.5453,0.8383,0
67.000,Minmatar Citizen 7162778,Covetor,27125,69685,25480,194,,,,0
67.000,Minmatar Citizen 9678938,Venture,32995,64000,34862,1268,0.4042,0.5434,0.7358,0
67.000,Minmatar Citizen 2250648,Mackinaw,77120,63145,75434,223,-0.6586,-0.6586,0.3642,0
67.000,Gallente Citizen 1635012,Venture,31800,65985,34579,85,,,,0
68.000,Caldari Citizen 9942864,Venture,30640,48440,51417,1328,-0.9021,0.4126,-0.1261,0
68.000,Caldari Citizen 6206817,Skiff,76625,43925,79751,798,-0.9325,0.2434,-0.2669,0
68.000,Minmatar Citizen 9745080,Endurance,35600,69575,24819,1048,0.4020,0.1221,-0.9075,0
68.000,Amarr Citizen 0220922,Porpoise,92400,44880,72966,1507,-0.6697,-0.5363,-0.5137,0
68.000,Minmatar Citizen 4351238,Retriever,47135,67535,45314,179,0.7618,0.1774,0.6230,0
68.000,Caldari Citizen 3216932,Endurance,17360,65525,40572,1132,-0.2706,0.5325,0.8020,0
68.000,Minmatar Citizen 9076035,Porpoise,65120,56720,75942,1211,-0.9399,0.1525,-0.3054,0
68.000,Minmatar Citizen 6662812,Procurer,58720,46565,84573,1498,-0.9265,-0.3384,0.1645,0
68.000,Caldari Citizen 3891005,Orca,47195,64195,45996,135,0.0000,-0.5758,0.8176,0
68.000,Caldari Citizen 8777524,Porpoise,49105,41585,61485,1379,-0.9366,0.3456,0.0573,0
68.000,Minmatar Citizen 0254120,Porpoise,48080,67745,46086,670,0.1772,-0.6311,0.7552,0
68.000,Amarr Citizen 2674287,Orca,49035,66435,48969,120,,,,0
68.000,Amarr Citizen 5054432,Prospect,15440,65840,38868,699,-0.2986,0.5271,-0.7956,0
68.000,Amarr Citizen 4520313,Prospect,12200,72165,47036,2082,0.1513,0.9884,-0.0128,0
68.000,Minmatar Citizen 9978241,Retriever,47135,68260,44214,224,0.0000,-0.5504,0.8349,0
68.000,Minmatar Citizen 7162778,Covetor,27125,69685,25480,207,0.0000,0.3344,-0.9424,0
68.000,Minmatar Citizen 9678938,Venture,33800,64200,36013,1292,0.0378,0.7843,0.6192,0
68.000,Minmatar Citizen 2250648,Mackinaw,77120,63145,75434,231,,,,0
68.000,Gallente Citizen 1635012,Venture,31800,65985,34579,86,,,,0
69.000,Caldari Citizen 9942864,Venture,29645,49225,51255,1004,-0.9008,0.4340,-0.0155,0
69.000,Caldari Citizen 6206817,Skiff,75440,43975,79366,1063,-0.8491,0.4258,-0.3126,0
69.000,Minmatar Citizen 9745080,Endurance,36575,69575,23358,673,0.2611,-0.0644,-0.9632,0
69.000,Amarr Citizen 0220922,Porpoise,90755,43675,72333,1576,-0.7090,-0.4401,-0.5511,0
69.000,Minmatar Citizen 4351238,Retriever,48080,68480,44987,155,0.8113,0.2926,0.5062,0
69.000,Caldari Citizen 3216932,Endurance,17020,65755,42268,1132,-0.2741,0.5474,0.7907,0
69.000,Minmatar Citizen 9076035,Porpoise,64105,57805,75988,1247,-0.9360,0.1511,-0.3180,0
69.000,Minmatar Citizen 6662812,Procurer,56540,46595,84712,1446,-0.9764,-0.1143,0.1831,0
69.000,Caldari Citizen 3891005,Orca,47195,64195,45996,134,,,,0
69.000,Caldari Citizen 8777524,Porpoise,47315,40700,62039,1348,-0.9156,0.3979,-0.0579,0
69.000,Minmatar Citizen 0254120,Porpoise,48080,67745,46086,644,0.1147,-0.7635,0.6355,0
69.000,Amarr Citizen 2674287,Orca,49035,66435,48969,120,,,,0
69.000,Amarr Citizen 5054432,Prospect,15440,66375,37947,845,-0.2956,0.5200,-0.8014,0
69.000,Amarr Citizen 4520313,Prospect,12725,74480,47030,2004,0.1697,0.9848,-0.0363,0
69.000,Minmatar Citizen 9978241,Retriever,47135,67535,45314,148,0.0000,-0.5504,0.8349,0
69.000,Minmatar Citizen 7162778,Covetor,27125,69685,25480,217,0.0000,0.3344,-0.9424,0
69.000,Minmatar Citizen 9678938,Venture,33620,65620,35885,1376,-0.2579,0.8814,0.3957,0
69.000,Minmatar Citizen 2250648,Mackinaw,77120,63145,75434,227,-0.6644,-0.6644,0.3422,0
69.000,Gallente Citizen 1635012,Venture,31800,65985,34579,86,,,,0
70.000,Caldari Citizen 9942864,Venture,28640,49225,51823,805,-0.9023,0.4156,0.1146,0
70.000,Caldari Citizen 6206817,Skiff,74265,44025,78965,1287,-0.8630,0.3963,-0.3134,0
70.000,Minmatar Citizen 9745080,Endurance,36575,69575,23358,284,0.1051,-0.5355,-0.8380,0
70.000,Amarr Citizen 0220922,Porpoise,90365,43725,71072,1622,-0.6831,-0.2657,-0.6803,0
70.000,Minmatar Citizen 4351238,Retriever,48080,68480,44987,137,0.8405,0.4536,0.2962,0
70.000,Caldari Citizen 3216932,Endurance,16680,66560,43041,1132,-0.3679,0.5309,0.7634,0
70.000,Minmatar Citizen 9076035,Porpoise,62960,57735,75490,1279,-0.9316,0.1148,-0.3450,0
70.000,Minmatar Citizen 6662812,Procurer,55475,46595,85413,1469,-0.9903,0.0574,0.1262,0
70.000,Caldari Citizen 3891005,Orca,47195,64195,45996,132,,,,0
70.000,Caldari Citizen 8777524,Porpoise,46400,41675,62082,1323,-0.8394,0.5252,-0.1397,0
70.000,Minmatar Citizen 0254120,Porpoise,48080,67000,47163,641,0.0575,-0.8198,0.5698,0
70.000,Amarr Citizen 2674287,Orca,49035,66435,48969,119,,,,0
70.000,Amarr Citizen 5054432,Prospect,14295,66900,37471,983,-0.3638,0.5062,-0.7820,0
70.000,Amarr Citizen 4520313,Prospect,13280,76825,46931,1938,0.1269,0.9882,-0.0862,0
70.000,Minmatar Citizen 9978241,Retriever,47135,67535,45314,118,0.0000,-0.5504,0.8349,0
70.000,Minmatar Citizen 7162778,Covetor,27125,70160,24141,226,-0.4980,0.4527,-0.7396,0
70.000,Minmatar Citizen 9678938,Venture,32425,67040,36650,1446,-0.4322,0.8650,0.2549,0
70.000,Minmatar Citizen 2250648,Mackinaw,77120,63145,75434,409,-0.4809,-0.7462,0.4603,0
70.000,Gallente Citizen 1635012,Venture,31800,65985,34579,158,0.0000,-0.4715,0.8818,0
71.000,Caldari Citizen 9942864,Venture,28640,49225,51823,694,-0.9295,0.2916,0.2259,0
71.000,Caldari Citizen 6206817,Skiff,73320,45240,79161,1475,-0.8930,0.3172,-0.3193,0
71.000,Minmatar Citizen 9745080,Endurance,36575,69575,23358,171,-0.3168,-0.7885,-0.5272,0
71.000,Amarr Citizen 0220922,Porpoise,88760,42560,70366,1665,-0.7450,-0.1919,-0.6389,0
71.000,Minmatar Citizen 4351238,Retriever,48080,68480,44987,124,,,,0
71.000,Caldari Citizen 3216932,Endurance,16340,67375,43791,1132,-0.4431,0.5508,0.7073,0
71.000,Minmatar Citizen 9076035,Porpoise,61825,57665,74976,1307,-0.9546,0.0419,-0.2950,0
71.000,Minmatar Citizen 6662812,Procurer,53285,46625,85486,1531,-0.9698,0.2227,0.0994,0
71.000,Caldari Citizen 3891005,Orca,47195,64195,45996,131,,,,0
71.000,Caldari Citizen 8777524,Porpoise,46400,42640,61424,1319,-0.8233,0.5488,-0.1446,0
71.000,Minmatar Citizen 0254120,Porpoise,49045,67000,46158,655,-0.1424,-0.8873,0.4386,0
71.000,Amarr Citizen 2674287,Orca,49035,66435,48969,119,,,,0
71.000,Amarr Citizen 5054432,Prospect,14295,67415,36536,1111,-0.3430,0.4974,-0.7968,0
71.000,Amarr Citizen 4520313,Prospect,12940,78275,46579,1884,0.0600,0.9881,-0.1416,0
71.000,Minmatar Citizen 9978241,Retriever,47135,67535,45314,123,,,,0
71.000,Minmatar Citizen 7162778,Covetor,27125,70160,24141,233,-0.8950,0.4068,-0.1827,0
71.000,Minmatar Citizen 9678938,Venture,31400,67625,36468,1170,-0.4930,0.8694,-0.0338,0
71.000,Minmatar Citizen 2250648,Mackinaw,77120,63145,75434,658,-0.5164,-0.6481,0.5597,0
71.000,Gallente Citizen 1635012,Venture,31800,65985,34579,232,0.3390,-0.1477,0.9291,0
72.000,Caldari Citizen 9942864,Venture,27625,50000,51632,635,-0.8902,0.2544,0.3780,0
72.000,Caldari Citizen 6206817,Skiff,72155,46475,78037,1634,-0.8779,0.3536,-0.3230,0
72.000,Minmatar Citizen 9745080,Endurance,35760,68760,23543,354,-0.6981,-0.6981,0.1588,0
72.000,Amarr Citizen 0220922,Porpoise,87185,42680,68835,1711,-0.7697,-0.1506,-0.6203,0
72.000,Minmatar Citizen 4351238,Retriever,48080,68480,44987,115,,,,0
72.000,Caldari Citizen 3216932,Endurance,16000,68200,44517,1132,-0.3942,0.5873,0.7069,0
72.000,Minmatar Citizen 9076035,Porpoise,60700,57595,74447,1334,-0.9559,-0.0514,-0.2891,0
72.000,Minmatar Citizen 6662812,Procurer,52200,47760,85529,1589,-0.9349,0.3495,0.0614,0
72.000,Caldari Citizen 3891005,Orca,47195,64195,45996,130,,,,0
72.000,Caldari Citizen 8777524,Porpoise,44600,43665,60607,1253,-0.8210,0.5510,-0.1499,0
72.000,Minmatar Citizen 0254120,Porpoise,48100,65300,47522,660,-0.2827,-0.8764,0.3898,0
72.000,Amarr Citizen 2674287,Orca,49035,66435,48969,120,-0.3035,-0.7139,0.6310,0
72.000,Amarr Citizen 5054432,Prospect,14295,67920,35588,1231,-0.2991,0.4857,-0.8213,0
72.000,Amarr Citizen 4520313,Prospect,13535,80660,46333,1840,-0.0217,0.9799,-0.1984,0
72.000,Minmatar Citizen 9978241,Retriever,47135,67535,45314,142,0.6869,0.6869,-0.2376,0
72.000,Minmatar Citizen 7162778,Covetor,27125,70160,24141,239,-0.9806,0.0529,-0.1885,0
72.000,Minmatar Citizen 9678938,Venture,31200,68460,37360,814,-0.5946,0.7647,-0.2483,0
72.000,Minmatar Citizen 2250648,Mackinaw,75875,61900,76075,884,-0.4546,-0.6452,0.6141,0
72.000,Gallente Citizen 1635012,Venture,31800,65400,35674,288,0.5132,0.0712,0.8553,0
73.000,Caldari Citizen 9942864,Venture,26600,50000,52167,606,-0.7763,0.4459,0.4455,0
73.000,Caldari Citizen 6206817,Skiff,69855,45360,77838,1768,-0.8457,0.3867,-0.3677,0
73.000,Minmatar Citizen 9745080,Endurance,35760,68760,23543,527,-0.5470,-0.6822,0.4852,0
73.000,Amarr Citizen 0220922,Porpoise,86815,42740,67531,1710,-0.8079,-0.0699,-0.5852,0
73.000,Minmatar Citizen 4351238,Retriever,48080,68480,44987,108,0.0000,-0.5558,0.8313,0
73.000,Caldari Citizen 3216932,Endurance,14825,68200,44922,1087,-0.2141,0.6381,0.7396,0
73.000,Minmatar Citizen 9076035,Porpoise,59585,57525,73902,1336,-0.9598,-0.0505,-0.2760,0
73.000,Minmatar Citizen 6662812,Procurer,50000,47780,85540,1658,-0.8856,0.4644,0.0093,0
73.000,Caldari Citizen 3891005,Orca,47195,64195,45996,129,-0.4042,-0.7376,0.5409,0
73.000,Caldari Citizen 8777524,Porpoise,43665,44600,60607,1176,-0.8598,0.4880,-0.1507,0
73.000,Minmatar Citizen 0254120,Porpoise,48100,65300,47522,672,-0.3937,-0.9044,0.1643,0
73.000,Amarr Citizen 2674287,Orca,49035,66435,48969,120,-0.3683,-0.7269,0.5796,0
73.000,Amarr Citizen 5054432,Prospect,13140,68900,34119,1345,-0.1975,0.4699,-0.8604,0
73.000,Amarr Citizen 4520313,Prospect,13205,82120,45901,1836,-0.0984,0.9636,-0.2484,0
73.000,Minmatar Citizen 9978241,Retriever,47135,67535,45314,162,0.6869,0.6869,-0.2376,0
73.000,Minmatar Citizen 7162778,Covetor,26080,70160,25267,244,-0.9864,-0.1548,-0.0553,0
73.000,Minmatar Citizen 9678938,Venture,31200,69035,36287,528,-0.5502,0.5732,-0.6073,0
73.000,Minmatar Citizen 2250648,Mackinaw,75875,60755,76992,1083,-0.4695,-0.5756,0.6695,0
73.000,Gallente Citizen 1635012,Venture,31800,65400,35674,330,0.7848,0.0179,0.6195,0
74.000,Caldari Citizen 9942864,Venture,25565,50000,52682,1806,-0.7116,0.6078,0.3525,0
74.000,Caldari Citizen 6206817,Skiff,68720,46565,76670,1880,-0.8053,0.4006,-0.4371,0
74.000,Minmatar Citizen 9745080,Endurance,35760,68760,23543,662,-0.5184,-0.5046,0.6904,0
74.000,Amarr Citizen 0220922,Porpoise,84475,42860,66955,1716,-0.8547,-0.0401,-0.5176,0
74.000,Minmatar Citizen 4351238,Retriever,48080,68480,44987,103,0.0000,-0.5558,0.8313,0
74.000,Caldari Citizen 3216932,Endurance,14475,69035,45614,1068,-0.0767,0.6813,0.7280,0
74.000,Minmatar Citizen 9076035,Porpoise,57455,57455,74147,1338,-0.9684,0.0333,-0.2472,0
74.000,Minmatar Citizen 6662812,Procurer,48895,48895,85549,1730,-0.8200,0.5724,-0.0017,0
74.000,Caldari Citizen 3891005,Orca,47195,64195,45996,128,-0.4042,-0.7376,0.5409,0
74.000,Caldari Citizen 8777524,Porpoise,42720,44600,61277,1085,-0.8827,0.4599,-0.0969,0
74.000,Minmatar Citizen 0254120,Porpoise,47165,64365,47766,696,-0.4730,-0.8745,0.1075,0
74.000,Amarr Citizen 2674287,Orca,49035,65660,50003,121,-0.4041,-0.7321,0.5484,0
74.000,Amarr Citizen 5054432,Prospect,13140,69375,33143,1183,-0.2730,0.4614,-0.8441,0
74.000,Amarr Citizen 4520313,Prospect,12875,83580,45438,1761,-0.1405,0.9490,-0.2823,0
74.000,Minmatar Citizen 9978241,Retriever,48080,68480,44987,179,0.6869,0.6869,-0.2376,0
74.000,Minmatar Citizen 7162778,Covetor,26080,70160,25267,248,-0.9372,-0.1811,-0.2982,0
74.000,Minmatar Citizen 9678938,Venture,31200,69600,35191,325,-0.4891,0.3278,-0.8083,0
74.000,Minmatar Citizen 2250648,Mackinaw,74860,60755,77980,1255,-0.4228,-0.5624,0.7106,0
74.000,Gallente Citizen 1635012,Venture,32615,66215,35719,362,0.9145,0.0148,0.4043,0
75.000,Caldari Citizen 9942864,Venture,24240,50775,54021,2307,-0.6176,0.7523,0.2294,0
75.000,Caldari Citizen 6206817,Skiff,66640,47740,76315,1972,-0.7813,0.4573,-0.4248,0
75.000,Minmatar Citizen 9745080,Endurance,35760,68760,23543,765,-0.4733,-0.3921,0.7888,0
75.000,Amarr Citizen 0220922,Porpoise,82980,41775,66069,1736,-0.8886,0.0060,-0.4586,0
75.000,Minmatar Citizen 4351238,Retriever,48080,67745,46086,100,0.0000,-0.5558,0.8313,0
75.000,Caldari Citizen 3216932,Endurance,15320,69305,46767,1069,0.0095,0.7242,0.6895,0
75.000,Minmatar Citizen 9076035,Porpoise,56360,57385,73563,1346,-0.9794,0.0859,-0.1827,0
75.000,Minmatar Citizen 6662812,Procurer,47780,50000,85540,1774,-0.7478,0.6616,-0.0550,0
75.000,Caldari Citizen 3891005,Orca,47195,64195,45996,127,-0.4042,-0.7376,0.5409,0
75.000,Caldari Citizen 8777524,Porpoise,40900,44660,61063,1001,-0.8672,0.4910,-0.0832,0
75.000,Minmatar Citizen 0254120,Porpoise,47165,64365,47766,726,-0.4800,-0.8599,-0.1735,0
75.000,Amarr Citizen 2674287,Orca,48080,64705,50265,121,-0.4388,-0.7355,0.5163,0
75.000,Amarr Citizen 5054432,Prospect,13140,69840,32151,1019,-0.2448,0.5441,-0.8025,0
75.000,Amarr Citizen 4520313,Prospect,12545,85040,44942,1694,-0.1985,0.9075,-0.3703,0
75.000,Minmatar Citizen 9978241,Retriever,48080,68480,44987,145,0.6869,0.6869,-0.2376,0
75.000,Minmatar Citizen 7162778,Covetor,25295,69840,23802,251,-0.8069,-0.1975,-0.5567,0
75.000,Minmatar Citizen 9678938,Venture,30365,68765,35190,215,-0.6494,-0.2793,-0.7073,0
75.000,Minmatar Citizen 2250648,Mackinaw,74860,59600,78866,1380,-0.4251,-0.4803,0.7672,0
75.000,Gallente Citizen 1635012,Venture,32615,66215,35719,385,0.9688,0.2295,0.0937,0
76.000,Caldari Citizen 9942864,Venture,23680,53120,54932,3049,-0.5330,0.8416,0.0872,0
76.000,Caldari Citizen 6206817,Skiff,65525,48885,75085,2049,-0.8173,0.4401,-0.3720,0
76.000,Minmatar Citizen 9745080,Endurance,34955,67420,25153,836,-0.5394,-0.4304,0.7237,0
76.000,Amarr Citizen 0220922,Porpoise,81845,43040,64946,1763,-0.9508,-0.0136,-0.3096,0
76.000,Minmatar Citizen 4351238,Retriever,48080,67745,46086,97,0.0000,-0.5558,0.8313,0
76.000,Caldari Citizen 3216932,Endurance,15845,71025,47680,1077,0.0495,0.7705,0.6356,0
76.000,Minmatar Citizen 9076035,Porpoise,55275,57315,72963,1311,-0.9563,0.2067,-0.2068,0
76.000,Minmatar Citizen 6662812,Procurer,46655,51095,85514,1823,-0.7286,0.6786,-0.0931,0
76.000,Caldari Citizen 3891005,Orca,46280,62525,47221,127,-0.4042,-0.7376,0.5409,0
76.000,Caldari Citizen 8777524,Porpoise,40900,45575,60383,924,-0.8869,0.4332,-0.1604,0
76.000,Minmatar Citizen 0254120,Porpoise,47195,63440,47032,760,-0.5313,-0.8384,-0.1219,0
76.000,Amarr Citizen 2674287,Orca,48080,64705,50265,122,-0.4960,-0.7375,0.4583,0
76.000,Amarr Citizen 5054432,Prospect,13140,70295,31144,775,-0.1312,0.6156,-0.7771,0
76.000,Amarr Citizen 4520313,Prospect,12215,86500,44413,1651,-0.1906,0.8895,-0.4152,0
76.000,Minmatar Citizen 9978241,Retriever,48080,68480,44987,108,,,,0
76.000,Minmatar Citizen 7162778,Covetor,25295,69840,23802,254,-0.3239,-0.0194,-0.9459,0
76.000,Minmatar Citizen 9678938,Venture,30365,68765,35190,202,-0.0553,-0.9158,-0.3978,0
76.000,Minmatar Citizen 2250648,Mackinaw,73835,59600,79826,1487,-0.5567,-0.4323,0.7094,0
76.000,Gallente Citizen 1635012,Venture,33620,65620,35885,403,0.9400,0.0884,0.3296,0
77.000,Caldari Citizen 9942864,Venture,21200,56160,54384,3741,-0.4408,0.8969,-0.0365,0
77.000,Caldari Citizen 6206817,Skiff,64420,50000,73825,2066,-0.8705,0.3538,-0.3421,0
77.000,Minmatar Citizen 9745080,Endurance,33980,67420,26456,894,-0.5369,-0.3933,0.7463,0
77.000,Amarr Citizen 0220922,Porpoise,79605,41985,64972,1778,-0.9565,0.0522,-0.2872,0
77.000,Minmatar Citizen 4351238,Retriever,48080,67745,46086,95,,,,0
77.000,Caldari Citizen 3216932,Endurance,15515,71900,48308,1086,0.0681,0.8684,0.4911,0
77.000,Minmatar Citizen 9076035,Porpoise,54240,58320,72944,1295,-0.9398,0.2666,-0.2140,0
77.000,Minmatar Citizen 6662812,Procurer,45520,52180,85470,1867,-0.7296,0.6668,-0.1520,0
77.000,Caldari Citizen 3891005,Orca,46280,62525,47221,126,-0.4042,-0.7376,0.5409,0
77.000,Caldari Citizen 8777524,Porpoise,39935,46480,60339,854,-0.8028,0.5131,-0.3037,0
77.000,Minmatar Citizen 0254120,Porpoise,47195,63440,47032,795,-0.5853,-0.8080,-0.0671,0
77.000,Amarr Citizen 2674287,Orca,48080,64705,50265,122,,,,0
77.000,Amarr Citizen 5054432,Prospect,11975,70740,30601,599,-0.3045,0.6938,-0.6526,0
77.000,Amarr Citizen 4520313,Prospect,11885,87960,43850,1629,-0.2452,0.8334,-0.4953,0
77.000,Minmatar Citizen 9978241,Retriever,48080,68480,44987,80,,,,0
77.000,Minmatar Citizen 7162778,Covetor,25295,69840,23802,257,-0.5684,0.1354,-0.8115,0
77.000,Minmatar Citizen 9678938,Venture,30365,68765,35190,242,0.4440,-0.8927,0.0770,0
77.000,Minmatar Citizen 2250648,Mackinaw,73835,58435,80683,1562,-0.6039,-0.4418,0.6634,0
77.000,Gallente Citizen 1635012,Venture,33620,65620,35885,416,0.8417,-0.0886,0.5326,0
78.000,Caldari Citizen 9942864,Venture,19465,59945,54007,4304,-0.3907,0.9083,-0.1495,0
78.000,Caldari Citizen 6206817,Skiff,62360,51085,73366,2065,-0.8958,0.3021,-0.3260,0
78.000,Minmatar Citizen 9745080,Endurance,33980,67420,26456,921,-0.5407,-0.3665,0.7572,0
78.000,Amarr Citizen 0220922,Porpoise,78500,43220,63795,1795,-0.9746,0.1163,-0.1916,0
78.000,Minmatar Citizen 4351238,Retriever,48080,67745,46086,94,,,,0
78.000,Caldari Citizen 3216932,Endurance,15185,72785,48916,1024,-0.1078,0.9260,0.3618,0
78.000,Minmatar Citizen 9076035,Porpoise,52120,58240,73079,1277,-0.9296,0.3376,-0.1482,0
78.000,Minmatar Citizen 6662812,Procurer,44375,54320,84736,1912,-0.6991,0.6822,-0.2141,0
78.000,Caldari Citizen 3891005,Orca,46280,62525,47221,125,0.0177,-0.9861,0.1650,0
78.000,Caldari Citizen 8777524,Porpoise,39935,46480,60339,793,-0.8193,0.5213,-0.2387,0
78.000,Minmatar Citizen 0254120,Porpoise,46280,62525,47221,833,-0.6441,-0.7647,0.0173,0
78.000,Amarr Citizen 2674287,Orca,48080,64705,50265,123,,,,0
78.000,Amarr Citizen 5054432,Prospect,12760,71525,31022,498,-0.3028,0.8743,-0.3793,0
78.000,Amarr Citizen 4520313,Prospect,11555,89875,42296,1671,-0.2810,0.7925,-0.5414,0
78.000,Minmatar Citizen 9978241,Retriever,48080,68480,44987,59,,,,0
78.000,Minmatar Citizen 7162778,Covetor,25295,69840,23802,259,-0.8139,0.4212,-0.4002,0
78.000,Minmatar Citizen 9678938,Venture,30365,68200,36273,805,0.6935,-0.7125,0.1069,0
78.000,Minmatar Citizen 2250648,Mackinaw,72800,58435,81618,1631,-0.6919,-0.4392,0.5730,0
78.000,Gallente Citizen 1635012,Venture,34445,66445,35883,421,0.7468,-0.0436,0.6637,0
79.000,Caldari Citizen 9942864,Venture,17680,63680,53453,4738,-0.3729,0.9025,-0.2153,0
79.000,Caldari Citizen 6206817,Skiff,59225,50000,73766,2082,-0.9418,0.2332,-0.2423,0
79.000,Minmatar Citizen 9745080,Endurance,33185,66625,26474,948,-0.5775,-0.2799,0.7669,0
79.000,Amarr Citizen 0220922,Porpoise,75515,42195,64661,1819,-0.9805,0.1497,-0.1276,0
79.000,Minmatar Citizen 4351238,Retriever,48080,67745,46086,93,,,,0
79.000,Caldari Citizen 3216932,Endurance,14855,73680,49503,1006,-0.2351,0.9521,0.1954,0
79.000,Minmatar Citizen 9076035,Porpoise,52120,59225,72284,1270,-0.9380,0.3435,-0.0471,0
79.000,Minmatar Citizen 6662812,Procurer,42125,54280,84618,1964,-0.6828,0.6891,-0.2430,0
79.000,Caldari Citizen 3891005,Orca,46280,62525,47221,125,0.7071,0.0000,-0.7071,0
79.000,Caldari Citizen 8777524,Porpoise,38105,46520,60074,740,-0.8441,0.4890,-0.2200,0
79.000,Minmatar Citizen 0254120,Porpoise,45375,61620,47372,868,-0.7029,-0.7029,0.1085,0
79.000,Amarr Citizen 2674287,Orca,48080,64705,50265,123,,,,0
79.000,Amarr Citizen 5054432,Prospect,12760,71960,29999,454,-0.2175,0.9739,-0.0654,0
79.000,Amarr Citizen 4520313,Prospect,11225,91325,41650,1741,-0.4246,0.7017,-0.5721,0
79.000,Minmatar Citizen 9978241,Retriever,48080,68480,44987,45,0.0000,-0.5558,0.8313,0
79.000,Minmatar Citizen 7162778,Covetor,25295,70295,22423,260,-0.8984,0.3875,-0.2068,0
79.000,Minmatar Citizen 9678938,Venture,31600,67375,34439,1314,0.7355,-0.6676,0.1157,0
79.000,Minmatar Citizen 2250648,Mackinaw,70520,57200,82970,1697,-0.7320,-0.4429,0.5178,0
79.000,Gallente Citizen 1635012,Venture,34445,65840,36982,427,0.5588,0.0973,0.8236,0
80.000,Caldari Citizen 9942864,Venture,16720,68875,52160,5072,-0.3261,0.9084,-0.2617,0
80.000,Caldari Citizen 6206817,Skiff,58160,51055,72435,2112,-0.9801,0.1158,-0.1611,0
80.000,Minmatar Citizen 9745080,Endurance,32200,66080,28941,976,-0.5685,-0.2772,0.7746,0
80.000,Amarr Citizen 0220922,Porpoise,74440,43400,63436,1810,-0.9694,0.2308,-0.0836,0
80.000,Minmatar Citizen 4351238,Retriever,48080,67745,46086,92,,,,0
80.000,Caldari Citizen 3216932,Endurance,15760,75160,48822,1016,-0.2657,0.9582,0.1060,0
80.000,Minmatar Citizen 9076035,Porpoise,50000,59135,72381,1273,-0.9362,0.3514,-0.0021,0
80.000,Minmatar Citizen 6662812,Procurer,40960,56360,83826,2008,-0.6486,0.7109,-0.2718,0
80.000,Caldari Citizen 3891005,Orca,46280,62525,47221,125,0.7071,0.0000,-0.7071,0
80.000,Caldari Citizen 8777524,Porpoise,38105,47405,59378,692,-0.8649,0.4738,-0.1654,0
80.000,Minmatar Citizen 0254120,Porpoise,44480,60725,47487,903,-0.7041,-0.7041,0.0914,0
80.000,Amarr Citizen 2674287,Orca,48080,64705,50265,124,,,,0
80.000,Amarr Citizen 5054432,Prospect,11585,71960,30472,444,-0.0815,0.9942,0.0706,0
80.000,Amarr Citizen 4520313,Prospect,9880,92185,40066,1826,-0.5688,0.5926,-0.5703,0
80.000,Minmatar Citizen 9978241,Retriever,48080,68480,44987,60,0.0000,-0.5558,0.8313,0
80.000,Minmatar Citizen 7162778,Covetor,24240,70295,23559,201.5,-0.9410,0.3382,-0.0116,0
80.000,Minmatar Citizen 9678938,Venture,32615,66215,35719,1678,0.7721,-0.6247,0.1166,0
80.000,Minmatar Citizen 2250648,Mackinaw,70520,57200,82970,1472,-0.7328,-0.4605,0.5009,0
80.000,Gallente Citizen 1635012,Venture,34445,65840,36982,433,0.7702,0.0440,0.6363,0
81.000,Caldari Citizen 9942864,Venture,14855,73095,50363,5323,-0.3192,0.8963,-0.3079,0
81.000,Caldari Citizen 6206817,Skiff,56120,52080,71856,2147,-0.9831,0.0937,-0.1571,0
81.000,Minmatar Citizen 9745080,Endurance,32200,66080,28941,1001,-0.5877,-0.1843,0.7878,0
81.000,Amarr Citizen 0220922,Porpoise,72560,43460,63893,1797,-0.9794,0.2018,0.0011,0
81.000,Minmatar Citizen 4351238,Retriever,48080,67745,46086,92,,,,0
81.000,Caldari Citizen 3216932,Endurance,14525,75160,49204,1035,-0.1651,0.9857,-0.0329,0
81.000,Minmatar Citizen 9076035,Porpoise,48935,60100,72314,1282,-0.9214,0.3746,0.1038,0
81.000,Minmatar Citizen 6662812,Procurer,39785,58400,82992,2044,-0.6356,0.7239,-0.2682,0
81.000,Caldari Citizen 3891005,Orca,47225,62525,46276,124,0.7071,0.0000,-0.7071,0
81.000,Caldari Citizen 8777524,Porpoise,37120,47405,59999,650,-0.7840,0.5932,-0.1832,0
81.000,Minmatar Citizen 0254120,Porpoise,44480,60725,47487,936,-0.7056,-0.7056,0.0649,0
81.000,Amarr Citizen 2674287,Orca,48080,64705,50265,121,,,,0
81.000,Amarr Citizen 5054432,Prospect,12380,72755,30878,450,-0.2656,0.9399,0.2144,0
81.000,Amarr Citizen 4520313,Prospect,9540,93615,39360,1921,-0.6750,0.4736,-0.5658,0
81.000,Minmatar Citizen 9978241,Retriever,48080,67745,46086,98,0.0000,-0.5558,0.8313,0
81.000,Minmatar Citizen 7162778,Covetor,24240,70295,23559,254,-0.8663,0.1396,0.4796,0
81.000,Minmatar Citizen 9678938,Venture,33620,65620,35885,1368,0.8090,-0.5771,0.1115,0
81.000,Minmatar Citizen 2250648,Mackinaw,69295,55975,83361,1262,-0.6767,-0.5761,0.4585,0
81.000,Gallente Citizen 1635012,Venture,34445,65840,36982,438,0.7597,-0.1803,0.6248,0
82.000,Caldari Citizen 9942864,Venture,12600,78120,48862,5508,-0.3008,0.8791,-0.3697,0
82.000,Caldari Citizen 6206817,Skiff,54080,52060,71980,2180,-0.9711,0.1562,-0.1802,0
82.000,Minmatar Citizen 9745080,Endurance,31205,66080,30011,1022,-0.4978,-0.0312,0.8667,0
82.000,Amarr Citizen 0220922,Porpoise,70680,44625,63545,1800,-0.9546,0.2972,0.0183,0
82.000,Minmatar Citizen 4351238,Retriever,48080,67745,46086,91,,,,0
82.000,Caldari Citizen 3216932,Endurance,14195,76640,48875,1054,-0.1260,0.9912,-0.0411,0
82.000,Minmatar Citizen 9076035,Porpoise,47860,60100,73030,1278,-0.9243,0.2585,0.2807,0
82.000,Minmatar Citizen 6662812,Procurer,38600,59405,82838,2074,-0.5703,0.7699,-0.2865,0
82.000,Caldari Citizen 3891005,Orca,47225,62525,46276,124,0.7071,0.0000,-0.7071,0
82.000,Caldari Citizen 8777524,Porpoise,37120,48280,59297,613,-0.6538,0.7339,-0.1839,0
82.000,Minmatar Citizen 0254120,Porpoise,43595,59840,47567,964,-0.7065,-0.7065,0.0399,0
82.000,Amarr Citizen 2674287,Orca,48080,64705,50265,119,,,,0
82.000,Amarr Citizen 5054432,Prospect,12380,72755,30878,607,-0.3897,0.8848,0.2553,0
82.000,Amarr Citizen 4520313,Prospect,6800,94415,37994,2019,-0.6635,0.4420,-0.6037,0
82.000,Minmatar Citizen 9978241,Retriever,48080,67745,46086,130,0.0000,-0.5558,0.8313,0
82.000,Minmatar Citizen 7162778,Covetor,24240,70295,23559,432,-0.5427,0.2083,0.8137,0
82.000,Minmatar Citizen 9678938,Venture,34615,65015,36040,1077,0.8042,-0.5475,0.2312,0
82.000,Minmatar Citizen 2250648,Mackinaw,68240,55975,84226,1091,-0.6574,-0.5825,0.4780,0
82.000,Gallente Citizen 1635012,Venture,35280,66060,38045,441,0.8636,-0.1420,0.4838,0
83.000,Caldari Citizen 9942864,Venture,11580,83075,46695,5642,-0.3323,0.8422,-0.4247,0
83.000,Caldari Citizen 6206817,Skiff,51015,51015,72104,2146,-0.9736,0.1568,-0.1657,0
83.000,Minmatar Citizen 9745080,Endurance,31205,66080,30011,1039,-0.5179,0.0409,0.8545,0
83.000,Amarr Citizen 0220922,Porpoise,68800,44675,63927,1822,-0.9509,0.2893,0.1099,0
83.000,Minmatar Citizen 4351238,Retriever,48080,67745,46086,91,,,,0
83.000,Caldari Citizen 3216932,Endurance,13865,77565,49401,1072,-0.2452,0.9689,-0.0331,0
83.000,Minmatar Citizen 9076035,Porpoise,46775,61055,72941,1281,-0.8970,0.2142,0.3866,0
83.000,Minmatar Citizen 6662812,Procurer,37405,61385,81937,2100,-0.5773,0.7580,-0.3037,0
83.000,Caldari Citizen 3891005,Orca,47225,62525,46276,124,,,,0
83.000,Caldari Citizen 8777524,Porpoise,36125,48280,59908,580,-0.8973,0.4358,-0.0696,0
83.000,Minmatar Citizen 0254120,Porpoise,42720,58965,47614,987,-0.7070,-0.7070,0.0181,0
83.000,Amarr Citizen 2674287,Orca,48080,64705,50265,117,,,,0
83.000,Amarr Citizen 5054432,Prospect,12000,73985,30712,762,-0.1440,0.9709,0.1912,0
83.000,Amarr Citizen 4520313,Prospect,5415,94800,37251,2119,-0.6556,0.4308,-0.6202,0
83.000,Minmatar Citizen 9978241,Retriever,48080,67745,46086,154,,,,0
83.000,Minmatar Citizen 7162778,Covetor,24240,70295,23559,610,-0.3745,0.1685,0.9118,0
83.000,Minmatar Citizen 9678938,Venture,35600,64400,36184,833,0.8595,-0.4517,0.2393,0
83.000,Minmatar Citizen 2250648,Mackinaw,68240,54800,84996,949,-0.6657,-0.5562,0.4975,0
83.000,Gallente Citizen 1635012,Venture,36275,66060,37097,445,0.8335,-0.2177,0.5078,0
84.000,Caldari Citizen 9942864,Venture,9225,87960,44485,5729,-0.3491,0.8028,-0.4834,0
84.000,Caldari Citizen 6206817,Skiff,48985,52000,71397,2127,-0.9676,0.1694,-0.1874,0
84.000,Minmatar Citizen 9745080,Endurance,30200,66080,31022,1051,-0.5752,0.0962,0.8124,0
84.000,Amarr Citizen 0220922,Porpoise,66920,44725,64268,1849,-0.9228,0.3678,0.1144,0
84.000,Minmatar Citizen 4351238,Retriever,48080,67745,46086,91,,,,0
84.000,Caldari Citizen 3216932,Endurance,14800,79055,48655,1086,-0.1989,0.9724,-0.1222,0
84.000,Minmatar Citizen 9076035,Porpoise,45680,61055,73632,1290,-0.8680,0.2728,0.4150,0
84.000,Minmatar Citizen 6662812,Procurer,36200,62360,81742,2121,-0.5652,0.7541,-0.3345,0
84.000,Caldari Citizen 3891005,Orca,47225,62525,46276,124,0.0000,-0.6015,0.7989,0
84.000,Caldari Citizen 8777524,Porpoise,36125,49145,59201,548,-0.8944,0.3870,-0.2244,0
84.000,Minmatar Citizen 0254120,Porpoise,41855,58100,47629,1008,-0.7071,-0.7071,0.0078,0
84.000,Amarr Citizen 2674287,Orca,48080,64705,50265,117,,,,0
84.000,Amarr Citizen 5054432,Prospect,11620,74800,31527,907,-0.2908,0.9421,0.1669,0
84.000,Amarr Citizen 4520313,Prospect,4020,95540,35496,2218,-0.6345,0.3879,-0.6685,0
84.000,Minmatar Citizen 9978241,Retriever,48080,67745,46086,170,,,,0
84.000,Minmatar Citizen 7162778,Covetor,23175,70295,24608,769,-0.3541,0.1222,0.9272,0
84.000,Minmatar Citizen 9678938,Venture,36575,63775,36318,640,0.8588,-0.3692,0.3552,0
84.000,Minmatar Citizen 2250648,Mackinaw,67025,53585,85307,832,-0.6831,-0.5602,0.4686,0
84.000,Gallente Citizen 1635012,Venture,36275,65435,38189,447,0.7644,-0.1878,0.6168,0
85.000,Caldari Citizen 9942864,Venture,8175,93200,40632,5762,-0.3979,0.7369,-0.5464,0
85.000,Caldari Citizen 6206817,Skiff,46955,52955,70647,2117,-0.9049,0.3100,-0.2917,0
85.000,Minmatar Citizen 9745080,Endurance,29980,66320,33209,1008,-0.6350,0.1286,0.7617,0
85.000,Amarr Citizen 0220922,Porpoise,66065,45800,64395,1877,-0.8918,0.4164,0.1769,0
85.000,Minmatar Citizen 4351238,Retriever,48080,67745,46086,91,0.0000,-0.5691,0.8223,0
85.000,Caldari Citizen 3216932,Endurance,14480,80000,49146,1098,-0.1537,0.9775,-0.1446,0
85.000,Minmatar Citizen 9076035,Porpoise,43460,61055,74963,1308,-0.8542,0.3060,0.4204,0
85.000,Minmatar Citizen 6662812,Procurer,34985,64280,80778,2137,-0.5613,0.7482,-0.3538,0
85.000,Caldari Citizen 3891005,Orca,47225,62525,46276,124,0.0000,-0.6015,0.7989,0
85.000,Caldari Citizen 8777524,Porpoise,36125,49145,59201,473,-0.9497,0.2380,-0.2036,0
85.000,Minmatar Citizen 0254120,Porpoise,41000,57245,47613,1031,-0.6651,-0.7428,0.0764,0
85.000,Amarr Citizen 2674287,Orca,48080,64705,50265,116,,,,0
85.000,Amarr Citizen 5054432,Prospect,10415,75215,30955,1042,-0.4035,0.8907,0.2093,0
85.000,Amarr Citizen 4520313,Prospect,3640,97265,33694,2296,-0.5717,0.3811,-0.7266,0
85.000,Minmatar Citizen 9978241,Retriever,48080,67745,46086,137,,,,0
85.000,Minmatar Citizen 7162778,Covetor,23960,71080,24790,911,-0.3721,0.0211,0.9280,0
85.000,Minmatar Citizen 9678938,Venture,36575,63775,36318,509,0.8326,-0.2495,0.4946,0
85.000,Minmatar Citizen 2250648,Mackinaw,65960,53585,86133,736,-0.7049,-0.5957,0.3851,0
85.000,Gallente Citizen 1635012,Venture,36275,65435,38189,450,0.6685,-0.1924,0.7184,0
86.000,Caldari Citizen 9942864,Venture,4675,96860,37580,5707,-0.4349,0.6740,-0.5971,0
86.000,Caldari Citizen 6206817,Skiff,44925,53880,69855,2129,-0.8478,0.4024,-0.3455,0
86.000,Minmatar Citizen 9745080,Endurance,28955,66320,34107,960,-0.6325,0.2278,0.7403,0
86.000,Amarr Citizen 0220922,Porpoise,63300,46895,64792,1905,-0.8915,0.3700,0.2615,0
86.000,Minmatar Citizen 4351238,Retriever,48080,67745,46086,91,0.0000,-0.5691,0.8223,0
86.000,Caldari Citizen 3216932,Endurance,13205,80545,48612,1107,-0.2528,0.9392,-0.2324,0
86.000,Minmatar Citizen 9076035,Porpoise,42335,61055,75604,1387,-0.8407,0.2122,0.4982,0
86.000,Minmatar Citizen 6662812,Procurer,33760,66160,79775,2129,-0.5947,0.7261,-0.3451,0
86.000,Caldari Citizen 3891005,Orca,47225,61760,47292,124,0.0000,-0.6015,0.7989,0
86.000,Caldari Citizen 8777524,Porpoise,34275,48300,59568,410,-0.9142,0.2187,-0.3412,0
86.000,Minmatar Citizen 0254120,Porpoise,40155,56400,47567,1096,-0.6341,-0.7646,0.1150,0
86.000,Amarr Citizen 2674287,Orca,48080,64705,50265,106,,,,0
86.000,Amarr Citizen 5054432,Prospect,12075,76875,31630,1164,-0.4722,0.8605,0.1912,0
86.000,Amarr Citizen 4520313,Prospect,2225,97600,32837,2081,-0.5321,0.3608,-0.7660,0
86.000,Minmatar Citizen 9978241,Retriever,48080,67745,46086,103,,,,0
86.000,Minmatar Citizen 7162778,Covetor,22885,70625,27007,1033,-0.3750,-0.0380,0.9262,0
86.000,Minmatar Citizen 9678938,Venture,37400,63965,37399,440,0.6046,0.1435,0.7835,0
86.000,Minmatar Citizen 2250648,Mackinaw,65960,53585,86133,659,-0.8091,-0.4530,0.3744,0
86.000,Gallente Citizen 1635012,Venture,36275,65435,38189,451,0.6203,-0.1971,0.7592,0
87.000,Caldari Citizen 9942864,Venture,2500,100400,33906,5425,-0.4629,0.5987,-0.6537,0
87.000,Caldari Citizen 6206817,Skiff,42895,53840,69752,2153,-0.8462,0.3906,-0.3623,0
87.000,Minmatar Citizen 9745080,Endurance,27920,66875,33885,937,-0.7040,0.3927,0.5918,0
87.000,Amarr Citizen 0220922,Porpoise,62415,47940,64885,1932,-0.8863,0.3429,0.3112,0
87.000,Minmatar Citizen 4351238,Retriever,48080,67000,47163,91,0.0000,-0.5691,0.8223,0
87.000,Caldari Citizen 3216932,Endurance,12875,82035,48171,1113,-0.3856,0.9066,-0.1714,0
87.000,Minmatar Citizen 9076035,Porpoise,42265,63065,75402,1463,-0.8132,0.2373,0.5314,0
87.000,Minmatar Citizen 6662812,Procurer,32525,68000,78735,2129,-0.6001,0.7153,-0.3582,0
87.000,Caldari Citizen 3891005,Orca,47225,61760,47292,124,0.0000,-0.6015,0.7989,0
87.000,Caldari Citizen 8777524,Porpoise,34275,49155,58864,356,-0.9640,0.0943,-0.2487,0
87.000,Minmatar Citizen 0254120,Porpoise,40155,56400,47567,1156,-0.6202,-0.7752,0.1201,0
87.000,Amarr Citizen 2674287,Orca,48080,64705,50265,96,,,,0
87.000,Amarr Citizen 5054432,Prospect,10480,78125,31807,1277,-0.4012,0.8944,0.1980,0
87.000,Amarr Citizen 4520313,Prospect,800,98240,30940,1917,-0.5497,0.2602,-0.7938,0
87.000,Minmatar Citizen 9978241,Retriever,48080,67745,46086,76,,,,0
87.000,Minmatar Citizen 7162778,Covetor,22885,70625,27007,1137,-0.4375,-0.0925,0.8945,0
87.000,Minmatar Citizen 9678938,Venture,37400,63965,37399,415,0.2440,0.2272,0.9428,0
87.000,Minmatar Citizen 2250648,Mackinaw,64755,52380,86389,595,-0.8261,-0.3780,0.4179,0
87.000,Gallente Citizen 1635012,Venture,37120,65645,39215,452,0.8159,-0.1604,0.5556,0
88.000,Caldari Citizen 9942864,Venture,-800,102440,30893,4363,-0.5063,0.4865,-0.7120,0
88.000,Caldari Citizen 6206817,Skiff,42895,55700,68275,2182,-0.7782,0.4734,-0.4126,0
88.000,Minmatar Citizen 9745080,Endurance,26875,66875,34720,933,-0.7104,0.5775,0.4021,0
88.000,Amarr Citizen 0220922,Porpoise,60615,48975,65812,1958,-0.8896,0.3103,0.3350,0
88.000,Minmatar Citizen 4351238,Retriever,48080,67000,47163,91,0.0000,-0.5691,0.8223,0
88.000,Caldari Citizen 3216932,Endurance,13840,83000,48254,1118,-0.2121,0.9450,-0.2491,0
88.000,Minmatar Citizen 9076035,Porpoise,39965,63065,76646,1534,-0.7871,0.2482,0.5647,0
88.000,Minmatar Citizen 6662812,Procurer,31280,68905,78452,2130,-0.5659,0.7188,-0.4038,0
88.000,Caldari Citizen 3891005,Orca,47225,61760,47292,124,,,,0
88.000,Caldari Citizen 8777524,Porpoise,34275,49155,58864,309,-0.8812,0.2763,-0.3837,0
88.000,Minmatar Citizen 0254120,Porpoise,39320,54800,48372,1205,-0.6644,-0.7234,0.1880,0
88.000,Amarr Citizen 2674287,Orca,48080,64705,50265,87,,,,0
88.000,Amarr Citizen 5054432,Prospect,9245,78125,32187,1379,-0.3371,0.9189,0.2050,0
88.000,Amarr Citizen 4520313,Prospect,-635,98840,28970,1792,-0.5149,0.1502,-0.8440,0
88.000,Minmatar Citizen 9978241,Retriever,48080,67745,46086,57,,,,0
88.000,Minmatar Citizen 7162778,Covetor,21800,70160,29040,1205,-0.5415,-0.1631,0.8248,0
88.000,Minmatar Citizen 9678938,Venture,37400,63965,37399,496,0.3533,0.2880,0.8901,0
88.000,Minmatar Citizen 2250648,Mackinaw,64755,52380,86389,543,-0.8251,-0.3985,0.4004,0
88.000,Gallente Citizen 1635012,Venture,37120,65645,39215,453,0.8400,-0.2337,0.4897,0
89.000,Caldari Citizen 9942864,Venture,-1200,104115,28681,3781,-0.5074,0.3149,-0.8021,0
89.000,Caldari Citizen 6206817,Skiff,40865,55640,68141,2198,-0.7353,0.5117,-0.4443,0
89.000,Minmatar Citizen 9745080,Endurance,27680,67680,34846,935,-0.6482,0.6999,0.2999,0
89.000,Amarr Citizen 0220922,Porpoise,57760,47960,67562,1969,-0.8769,0.3438,0.3358,0
89.000,Minmatar Citizen 4351238,Retriever,48080,67000,47163,91,,,,0
89.000,Caldari Citizen 3216932,Endurance,12545,83525,47699,1120,-0.0666,0.9827,-0.1726,0
89.000,Minmatar Citizen 9076035,Porpoise,38800,62120,78004,1567,-0.8046,0.1630,0.5710,0
89.000,Minmatar Citizen 6662812,Procurer,30025,69800,78150,2133,-0.5898,0.6675,-0.4545,0
89.000,Caldari Citizen 3891005,Orca,47225,61760,47292,125,,,,0
89.000,Caldari Citizen 8777524,Porpoise,34275,49155,58864,289,-0.4725,0.7914,-0.3878,0
89.000,Minmatar Citizen 0254120,Porpoise,38495,53975,48258,1209,-0.7102,-0.6784,0.1881,0
89.000,Amarr Citizen 2674287,Orca,48080,64705,50265,84,,,,0
89.000,Amarr Citizen 5054432,Prospect,8855,79375,31894,1425,-0.4738,0.8731,0.1149,0
89.000,Amarr Citizen 4520313,Prospect,-635,99125,27979,1743,-0.3928,0.1220,-0.9115,0
89.000,Minmatar Citizen 9978241,Retriever,48080,67745,46086,49,,,,0
89.000,Minmatar Citizen 7162778,Covetor,21800,70160,29040,1238,-0.6208,-0.1398,0.7714,0
89.000,Minmatar Citizen 9678938,Venture,37260,64800,38323,802,0.3943,0.3276,0.8586,0
89.000,Minmatar Citizen 2250648,Mackinaw,63680,52380,87185,521,-0.8356,-0.3001,0.4600,0
89.000,Gallente Citizen 1635012,Venture,38105,65000,39345,454,0.8326,-0.1996,0.5167,0
90.000,Caldari Citizen 9942864,Venture,-2685,104675,26456,2753,-0.4813,0.0449,-0.8754,0
90.000,Caldari Citizen 6206817,Skiff,38835,56475,67219,2228,-0.7242,0.5124,-0.4614,0
90.000,Minmatar Citizen 9745080,Endurance,26625,68225,34604,948,-0.6713,0.7086,0.2173,0
90.000,Amarr Citizen 0220922,Porpoise,56825,48985,67619,1967,-0.8955,0.3661,0.2531,0
90.000,Minmatar Citizen 4351238,Retriever,48080,67000,47163,90,,,,0
90.000,Caldari Citizen 3216932,Endurance,12215,84500,48110,1124,-0.0727,0.9823,-0.1726,0
90.000,Minmatar Citizen 9076035,Porpoise,37515,63195,79139,1618,-0.7962,0.1208,0.5928,0
90.000,Minmatar Citizen 6662812,Procurer,28760,71560,77026,2138,-0.5874,0.6353,-0.5013,0
90.000,Caldari Citizen 3891005,Orca,47225,61760,47292,125,,,,0
90.000,Caldari Citizen 8777524,Porpoise,34275,49155,58864,252,-0.7649,0.6368,-0.0976,0
90.000,Minmatar Citizen 0254120,Porpoise,37680,53160,48117,1223,-0.7833,-0.5966,0.1750,0
90.000,Amarr Citizen 2674287,Orca,48080,64705,50265,80,,,,0
90.000,Amarr Citizen 5054432,Prospect,9340,81115,32820,1512,-0.3013,0.9521,0.0516,0
90.000,Amarr Citizen 4520313,Prospect,-1660,98375,26900,1666,-0.2505,0.1066,-0.9622,0
90.000,Minmatar Citizen 9978241,Retriever,48080,67745,46086,41,,,,0
90.000,Minmatar Citizen 7162778,Covetor,20705,70160,29831,1304,-0.6411,-0.1438,0.7539,0
90.000,Minmatar Citizen 9678938,Venture,37260,64155,39393,1297,0.3625,0.2846,0.8875,0
90.000,Minmatar Citizen 2250648,Mackinaw,63680,52380,87185,483,-0.8039,0.0000,0.5948,0
90.000,Gallente Citizen 1635012,Venture,38105,65000,39345,454,0.8362,-0.2022,0.5098,0
91.000,Caldari Citizen 9942864,Venture,-3760,104120,24370,2199,-0.3720,-0.3276,-0.8685,0
91.000,Caldari Citizen 6206817,Skiff,37760,59100,65554,2257,-0.7418,0.5000,-0.4469,0
91.000,Minmatar Citizen 9745080,Endurance,26375,69040,35522,966,-0.6501,0.7584,0.0459,0
91.000,Amarr Citizen 0220922,Porpoise,55880,50000,67664,1959,-0.8792,0.4571,0.1344,0
91.000,Minmatar Citizen 4351238,Retriever,48080,67000,47163,90,,,,0
91.000,Caldari Citizen 3216932,Endurance,13200,86000,47231,1126,-0.2368,0.9595,-0.1523,0
91.000,Minmatar Citizen 9076035,Porpoise,37515,63195,79139,1568,-0.8028,0.3027,0.5137,0
91.000,Minmatar Citizen 6662812,Procurer,28760,73280,75392,2145,-0.5674,0.5883,-0.5761,0
91.000,Caldari Citizen 3891005,Orca,47225,61760,47292,125,,,,0
91.000,Caldari Citizen 8777524,Porpoise,34275,49155,58864,221,-0.7649,0.6368,-0.0976,0
91.000,Minmatar Citizen 0254120,Porpoise,36725,53160,48850,1243,-0.8649,-0.4606,0.1997,0
91.000,Amarr Citizen 2674287,Orca,48080,64705,50265,79,,,,0
91.000,Amarr Citizen 5054432,Prospect,8960,82385,32457,1590,-0.3025,0.9531,-0.0129,0
91.000,Amarr Citizen 4520313,Prospect,-1660,98895,24920,1616,-0.2019,0.0394,-0.9786,0
91.000,Minmatar Citizen 9978241,Retriever,48080,67745,46086,45,0.0000,-0.5691,0.8223,0
91.000,Minmatar Citizen 7162778,Covetor,19600,69685,31636,1366,-0.6510,-0.0740,0.7554,0
91.000,Minmatar Citizen 9678938,Venture,38960,65200,40337,1180,0.4313,0.3352,0.8376,0
91.000,Minmatar Citizen 2250648,Mackinaw,63680,52380,87185,451,,,,0
91.000,Gallente Citizen 1635012,Venture,38105,65000,39345,455,0.6328,-0.2137,0.7443,0
92.000,Caldari Citizen 9942864,Venture,-4395,102245,23487,2008,-0.2764,-0.6397,-0.7172,0
92.000,Caldari Citizen 6206817,Skiff,35720,59845,64557,2284,-0.6771,0.5625,-0.4744,0
92.000,Minmatar Citizen 9745080,Endurance,25300,69575,35259,985,-0.7353,0.6767,-0.0373,0
92.000,Amarr Citizen 0220922,Porpoise,54925,51005,67696,1959,-0.8312,0.5521,0.0651,0
92.000,Minmatar Citizen 4351238,Retriever,48080,67000,47163,90,,,,0
92.000,Caldari Citizen 3216932,Endurance,12880,86995,47602,1128,-0.2420,0.9586,-0.1498,0
92.000,Minmatar Citizen 9076035,Porpoise,35115,63195,80233,1481,-0.8242,0.4129,0.3876,0
92.000,Minmatar Citizen 6662812,Procurer,26400,73875,74226,2154,-0.5100,0.5684,-0.6456,0
92.000,Caldari Citizen 3891005,Orca,47225,61760,47292,125,-0.7146,0.0000,0.6996,0
92.000,Caldari Citizen 8777524,Porpoise,33260,50000,58735,194,-0.7649,0.6368,-0.0976,0
92.000,Minmatar Citizen 0254120,Porpoise,35920,52355,48669,1267,-0.8377,-0.4695,0.2791,0
92.000,Amarr Citizen 2674287,Orca,48080,64705,50265,79,,,,0
92.000,Amarr Citizen 5054432,Prospect,7295,83655,32382,1659,-0.2961,0.9532,-0.0614,0
92.000,Amarr Citizen 4520313,Prospect,-1660,99140,23927,1591,-0.0904,0.0419,-0.9950,0
92.000,Minmatar Citizen 9978241,Retriever,48080,67745,46086,76,0.0000,-0.5691,0.8223,0
92.000,Minmatar Citizen 7162778,Covetor,18485,69685,32300,1423,-0.6259,-0.0639,0.7773,0
92.000,Minmatar Citizen 9678938,Venture,38960,65200,40337,1190,0.4694,0.4056,0.7843,0
92.000,Minmatar Citizen 2250648,Mackinaw,63680,52380,87185,425,-0.8289,-0.4345,0.3524,0
92.000,Gallente Citizen 1635012,Venture,38960,65200,40337,455,0.4094,-0.1696,0.8964,0
93.000,Caldari Citizen 9942864,Venture,-3965,101435,22610,1690,-0.0904,-0.8022,-0.5902,0
93.000,Caldari Citizen 6206817,Skiff,33680,60560,63515,2308,-0.6598,0.5630,-0.4977,0
93.000,Minmatar Citizen 9745080,Endurance,24215,70100,34980,1004,-0.6949,0.7191,-0.0069,0
93.000,Amarr Citizen 0220922,Porpoise,51980,51980,67795,1965,-0.8849,0.4586,0.0818,0
93.000,Minmatar Citizen 4351238,Retriever,48080,67000,47163,90,,,,0
93.000,Caldari Citizen 3216932,Endurance,12560,88505,47012,1129,-0.3551,0.9234,-0.1458,0
93.000,Minmatar Citizen 9076035,Porpoise,34985,64280,80778,1432,-0.8640,0.4310,0.2603,0
93.000,Minmatar Citizen 6662812,Procurer,25115,75515,73012,2119,-0.4926,0.5118,-0.7039,0
93.000,Caldari Citizen 3891005,Orca,47225,61760,47292,182,-0.7884,-0.2553,0.5597,0
93.000,Caldari Citizen 8777524,Porpoise,33260,50000,58735,171,-0.7649,0.6368,-0.0976,0
93.000,Minmatar Citizen 0254120,Porpoise,34160,51560,49149,1295,-0.8225,-0.4522,0.3450,0
93.000,Amarr Citizen 2674287,Orca,48080,64705,50265,81,-0.6975,-0.6975,0.1639,0
93.000,Amarr Citizen 5054432,Prospect,7820,85840,32161,1721,-0.3861,0.9188,-0.0816,0
93.000,Amarr Citizen 4520313,Prospect,-1660,99600,21934,1586,0.0557,0.0068,-0.9984,0
93.000,Minmatar Citizen 9978241,Retriever,48080,67000,47163,114,0.0000,-0.5691,0.8223,0
93.000,Minmatar Citizen 7162778,Covetor,17360,69200,33926,1475,-0.6343,-0.0482,0.7716,0
93.000,Minmatar Citizen 9678938,Venture,38840,65400,42229,740,0.2379,0.5313,0.8131,0
93.000,Minmatar Citizen 2250648,Mackinaw,63680,52380,87185,403,-0.8289,-0.4345,0.3524,0
93.000,Gallente Citizen 1635012,Venture,38960,65200,40337,455,0.4937,-0.3439,0.7987,0
94.000,Caldari Citizen 9942864,Venture,-4560,99600,21519,1374,0.0717,-0.8365,-0.5433,0
94.000,Caldari Citizen 6206817,Skiff,32575,62180,62518,2329,-0.6602,0.5521,-0.5093,0
94.000,Minmatar Citizen 9745080,Endurance,23945,71440,34813,1021,-0.6869,0.7104,-0.1533,0
94.000,Amarr Citizen 0220922,Porpoise,50995,52955,67788,1923,-0.8888,0.4564,0.0422,0
94.000,Minmatar Citizen 4351238,Retriever,48080,67000,47163,90,,,,0
94.000,Caldari Citizen 3216932,Endurance,11225,88505,47348,1130,-0.3495,0.9222,-0.1654,0
94.000,Minmatar Citizen 9076035,Porpoise,33760,65225,80542,1418,-0.8602,0.4894,0.1432,0
94.000,Minmatar Citizen 6662812,Procurer,24040,76040,71337,2183,-0.4659,0.4622,-0.7545,0
94.000,Caldari Citizen 3891005,Orca,46280,61760,48217,259,-0.7983,-0.3543,0.4870,0
94.000,Caldari Citizen 8777524,Porpoise,33260,50000,58735,152,,,,0
94.000,Minmatar Citizen 0254120,Porpoise,33185,51560,49813,1286,-0.7742,-0.4722,0.4215,0
94.000,Amarr Citizen 2674287,Orca,48080,64705,50265,83,-0.6975,-0.6975,0.1639,0
94.000,Amarr Citizen 5054432,Prospect,6125,87120,31962,1772,-0.3922,0.9170,-0.0730,0
94.000,Amarr Citizen 4520313,Prospect,-2675,98800,20794,1493,0.0408,-0.1478,-0.9882,0
94.000,Minmatar Citizen 9978241,Retriever,48080,67000,47163,143,0.0000,-0.5691,0.8223,0
94.000,Minmatar Citizen 7162778,Covetor,17020,69995,34800,1516,-0.6591,-0.0520,0.7503,0
94.000,Minmatar Citizen 9678938,Venture,39715,66275,42123,,-0.9031,-0.3784,0.2030,0
94.000,Minmatar Citizen 2250648,Mackinaw,63680,52380,87185,589,-0.8436,-0.3565,0.4015,0
94.000,Gallente Citizen 1635012,Venture,38960,64535,41393,454,0.6919,-0.2875,0.6623,0
95.000,Caldari Citizen 9942864,Venture,-4120,98585,21564,1139,0.2871,-0.7357,-0.6135,0
95.000,Caldari Citizen 6206817,Skiff,31460,63760,61489,2348,-0.6021,0.5990,-0.5279,0
95.000,Minmatar Citizen 9745080,Endurance,22840,71945,34515,1091,-0.7152,0.6914,-0.1019,0
95.000,Amarr Citizen 0220922,Porpoise,48995,53920,68499,1863,-0.9083,0.4183,0.0035,0
95.000,Minmatar Citizen 4351238,Retriever,48080,67000,47163,90,,,,0
95.000,Caldari Citizen 3216932,Endurance,10895,90015,46718,1131,-0.2304,0.9512,-0.2052,0
95.000,Minmatar Citizen 9076035,Porpoise,32525,65225,81048,1422,-0.7580,0.6522,-0.0103,0
95.000,Minmatar Citizen 6662812,Procurer,24040,77600,69637,2246,-0.3881,0.4281,-0.8162,0
95.000,Caldari Citizen 3891005,Orca,46280,61760,48217,331,-0.6663,-0.5088,0.5451,0
95.000,Caldari Citizen 8777524,Porpoise,33260,50000,58735,135,,,,0
95.000,Minmatar Citizen 0254120,Porpoise,32400,50000,50341,1265,-0.7291,-0.4437,0.5210,0
95.000,Amarr Citizen 2674287,Orca,47135,63760,50487,87,-0.6975,-0.6975,0.1639,0
95.000,Amarr Citizen 5054432,Prospect,6680,89345,31589,1815,-0.3618,0.9206,-0.1471,0
95.000,Amarr Citizen 4520313,Prospect,-1240,99200,18943,1385,0.1367,-0.2245,-0.9648,0
95.000,Minmatar Citizen 9978241,Retriever,48080,67000,47163,137,,,,0
95.000,Minmatar Citizen 7162778,Covetor,15875,69500,36301,1539,-0.6148,-0.0501,0.7871,0
95.000,Minmatar Citizen 9678938,Venture,38840,66065,41181,885,0.0044,-0.7522,-0.6589,0
95.000,Minmatar Citizen 2250648,Mackinaw,61400,51185,88154,829,-0.8520,-0.2719,0.4473,0
95.000,Gallente Citizen 1635012,Venture,38960,64535,41393,454,0.8507,-0.2550,0.4596,0
96.000,Caldari Citizen 9942864,Venture,-3680,97795,20557,1107,0.3912,-0.5812,-0.7136,0
96.000,Caldari Citizen 6206817,Skiff,29400,65120,59532,2364,-0.5426,0.6300,-0.5556,0
96.000,Minmatar Citizen 9745080,Endurance,22560,72780,35357,1164,-0.7042,0.7060,-0.0759,0
96.000,Amarr Citizen 0220922,Porpoise,46985,53880,68486,1812,-0.9131,0.4077,-0.0008,0
96.000,Minmatar Citizen 4351238,Retriever,48080,67000,47163,90,,,,0
96.000,Caldari Citizen 3216932,Endurance,10565,91040,47001,1131,-0.1180,0.9664,-0.2282,0
96.000,Minmatar Citizen 9076035,Porpoise,31280,66160,80780,1405,-0.8094,0.5791,-0.0977,0
96.000,Minmatar Citizen 6662812,Procurer,22975,78055,67938,2321,-0.3132,0.3672,-0.8758,0
96.000,Caldari Citizen 3891005,Orca,45375,60855,48351,397,-0.5509,-0.6203,0.5584,0
96.000,Caldari Citizen 8777524,Porpoise,33260,50000,58735,121,,,,0
96.000,Minmatar Citizen 0254120,Porpoise,31415,50000,50962,1222,-0.6529,-0.4473,0.6112,0
96.000,Amarr Citizen 2674287,Orca,47135,63760,50487,90,-0.6975,-0.6975,0.1639,0
96.000,Amarr Citizen 5054432,Prospect,4955,90300,32208,1848,-0.3938,0.8907,-0.2273,0
96.000,Amarr Citizen 4520313,Prospect,-820,98380,17908,1315,0.2433,-0.3213,-0.9152,0
96.000,Minmatar Citizen 9978241,Retriever,48080,67000,47163,112,,,,0
96.000,Minmatar Citizen 7162778,Covetor,14720,69500,36784,1561,-0.6130,-0.0763,0.7864,0
96.000,Minmatar Citizen 9678938,Venture,37975,65200,41266,1179,0.1787,-0.7680,-0.6150,0
96.000,Minmatar Citizen 2250648,Mackinaw,61400,51185,88154,1035,-0.8542,-0.3010,0.4239,0
96.000,Gallente Citizen 1635012,Venture,39935,63860,41510,454,0.8421,-0.2220,0.4915,0
97.000,Caldari Citizen 9942864,Venture,-3240,97005,19507,1411,0.5478,-0.3430,-0.7631,0
97.000,Caldari Citizen 6206817,Skiff,28265,66600,58434,2501,-0.5485,0.6216,-0.5593,0
97.000,Minmatar Citizen 9745080,Endurance,21435,73760,34000,1220,-0.7878,0.6159,0.0046,0
97.000,Amarr Citizen 0220922,Porpoise,45960,55760,67672,1770,-0.9168,0.3992,-0.0132,0
97.000,Minmatar Citizen 4351238,Retriever,48080,67000,47163,90,,,,0
97.000,Caldari Citizen 3216932,Endurance,11600,92560,45979,1132,-0.1210,0.9635,-0.2390,0
97.000,Minmatar Citizen 9076035,Porpoise,30025,67085,80493,1374,-0.8098,0.5690,-0.1427,0
97.000,Minmatar Citizen 6662812,Procurer,21920,79205,65354,2410,-0.2946,0.3295,-0.8970,0
97.000,Caldari Citizen 3891005,Orca,45375,60855,48351,422,-0.3745,-0.7594,0.5320,0
97.000,Caldari Citizen 8777524,Porpoise,33260,50000,58735,108,,,,0
97.000,Minmatar Citizen 0254120,Porpoise,30420,49215,52312,1172,-0.6515,-0.4084,0.6394,0
97.000,Amarr Citizen 2674287,Orca,47135,63760,50487,93,,,,0
97.000,Amarr Citizen 5054432,Prospect,4565,91600,31585,1872,-0.4064,0.8627,-0.3010,0
97.000,Amarr Citizen 4520313,Prospect,-1815,97560,16726,1281,0.4183,-0.3427,-0.8412,0
97.000,Minmatar Citizen 9978241,Retriever,48080,67000,47163,86,,,,0
97.000,Minmatar Citizen 7162778,Covetor,13555,68995,38157,1585,-0.5242,-0.1091,0.8446,0
97.000,Minmatar Citizen 9678938,Venture,38105,64345,40407,1250,0.3498,-0.8668,-0.3555,0
97.000,Minmatar Citizen 2250648,Mackinaw,60305,51185,88907,1199,-0.8596,-0.2789,0.4282,0
97.000,Gallente Citizen 1635012,Venture,40800,64725,41413,454,0.8774,-0.1404,0.4587,0
98.000,Caldari Citizen 9942864,Venture,-1815,97200,18705,1732,0.6006,-0.1768,-0.7797,0
98.000,Caldari Citizen 6206817,Skiff,27120,68040,57307,2647,-0.5485,0.6227,-0.5580,0
98.000,Minmatar Citizen 9745080,Endurance,20300,73760,34690,1049,-0.7650,0.6283,0.1415,0
98.000,Amarr Citizen 0220922,Porpoise,43940,55700,67608,1736,-0.9083,0.4096,-0.0848,0
98.000,Minmatar Citizen 4351238,Retriever,48080,67000,47163,90,,,,0
98.000,Caldari Citizen 3216932,Endurance,11280,93605,46215,1132,-0.2461,0.9532,-0.1757,0
98.000,Minmatar Citizen 9076035,Porpoise,29855,69095,80216,1355,-0.7561,0.6082,-0.2416,0
98.000,Minmatar Citizen 6662812,Procurer,20875,79580,63618,2499,-0.2506,0.2797,-0.9268,0
98.000,Caldari Citizen 3891005,Orca,45375,60080,49310,396,-0.2721,-0.7382,0.6173,0
98.000,Caldari Citizen 8777524,Porpoise,33260,50000,58735,98,,,,0
98.000,Minmatar Citizen 0254120,Porpoise,30420,49215,52312,1123,-0.5720,-0.3003,0.7633,0
98.000,Amarr Citizen 2674287,Orca,47135,63760,50487,96,,,,0
98.000,Amarr Citizen 5054432,Prospect,3785,94200,30216,1885,-0.4551,0.8078,-0.3746,0
98.000,Amarr Citizen 4520313,Prospect,-400,97725,15832,1276,0.4568,-0.4579,-0.7627,0
98.000,Minmatar Citizen 9978241,Retriever,48080,67000,47163,66,,,,0
98.000,Minmatar Citizen 7162778,Covetor,13185,69285,39834,1609,-0.4490,-0.1033,0.8876,0
98.000,Minmatar Citizen 9678938,Venture,40045,63680,39576,1229,0.6758,-0.7371,-0.0035,0
98.000,Minmatar Citizen 2250648,Mackinaw,59200,51185,89646,1347,-0.8673,-0.2911,0.4038,0
98.000,Gallente Citizen 1635012,Venture,40800,64725,41413,454,0.7372,-0.0948,0.6690,0
99.000,Caldari Citizen 9942864,Venture,-1385,96575,16594,1730,0.6638,-0.0639,-0.7451,0
99.000,Caldari Citizen 6206817,Skiff,25965,70125,55293,2772,-0.5630,0.6259,-0.5397,0
99.000,Minmatar Citizen 9745080,Endurance,20000,75080,34467,956,-0.7225,0.6323,0.2797,0
99.000,Amarr Citizen 0220922,Porpoise,41840,56615,68177,1708,-0.8894,0.4462,-0.0993,0
99.000,Minmatar Citizen 4351238,Retriever,48080,67000,47163,90,,,,0
99.000,Caldari Citizen 3216932,Endurance,10960,95135,45445,1132,-0.3584,0.9118,-0.2005,0
99.000,Minmatar Citizen 9076035,Porpoise,27485,68905,79860,1346,-0.7516,0.5954,-0.2840,0
99.000,Minmatar Citizen 6662812,Procurer,21125,80600,60551,2583,-0.1476,0.2706,-0.9513,0
99.000,Caldari Citizen 3891005,Orca,45375,60080,49310,362,0.0000,-0.6283,0.7780,0
99.000,Caldari Citizen 8777524,Porpoise,33260,50000,58735,89,0.0000,0.7568,-0.6536,0
99.000,Minmatar Citizen 0254120,Porpoise,29415,48420,53612,1073,-0.4825,-0.3273,0.8124,0
99.000,Amarr Citizen 2674287,Orca,47135,63760,50487,99,0.0000,0.6147,-0.7888,0
99.000,Amarr Citizen 5054432,Prospect,3395,95500,29466,1887,-0.3973,0.7972,-0.4547,0
99.000,Amarr Citizen 4520313,Prospect,20,96895,14675,1296,0.5340,-0.4970,-0.6839,0
99.000,Minmatar Citizen 9978241,Retriever,48080,67000,47163,52,,,,0
99.000,Minmatar Citizen 7162778,Covetor,12000,68760,41098,1634,-0.4152,-0.1434,0.8984,0
99.000,Minmatar Citizen 9678938,Venture,40155,62160,39746,1288,0.8331,-0.4689,0.2933,0
99.000,Minmatar Citizen 2250648,Mackinaw,58015,50000,89768,1480,-0.8707,-0.3014,0.3886,0
99.000,Gallente Citizen 1635012,Venture,40800,64040,42465,455,0.5465,-0.0482,0.8360,0
100.000,Caldari Citizen 9942864,Venture,20,96740,15664,1486,0.6654,-0.0513,-0.7448,0
100.000,Caldari Citizen 6206817,Skiff,23625,72120,53755,2876,-0.6039,0.5942,-0.5313,0
100.000,Minmatar Citizen 9745080,Endurance,18845,75080,35112,967,-0.5943,0.6259,0.5050,0
100.000,Amarr Citizen 0220922,Porpoise,40775,57520,68065,1660,-0.8739,0.4646,-0.1428,0
100.000,Minmatar Citizen 4351238,Retriever,48080,67000,47163,90,0.0000,-0.5821,0.8131,0
100.000,Caldari Citizen 3216932,Endurance,9575,95135,45756,1132,-0.3661,0.9157,-0.1658,0
100.000,Minmatar Citizen 9076035,Porpoise,26200,69800,79514,1343,-0.7617,0.5684,-0.3108,0
100.000,Minmatar Citizen 6662812,Procurer,20100,80895,58788,2659,-0.1104,0.2419,-0.9640,0
100.000,Caldari Citizen 3891005,Orca,45375,60080,49310,332,,,,0
100.000,Caldari Citizen 8777524,Porpoise,33260,50000,58735,87,0.0000,0.7568,-0.6536,0
100.000,Minmatar Citizen 0254120,Porpoise,28400,48420,54157,1024,-0.3997,-0.3690,0.8391,0
100.000,Amarr Citizen 2674287,Orca,47135,63760,50487,102,0.0000,0.6147,-0.7888,0
100.000,Amarr Citizen 5054432,Prospect,1600,96800,28778,1740,-0.3990,0.7627,-0.5090,0
100.000,Amarr Citizen 4520313,Prospect,1825,96065,13311,1333,0.6950,-0.4480,-0.5624,0
100.000,Minmatar Citizen 9978241,Retriever,48080,67000,47163,49,,,,0
100.000,Minmatar Citizen 7162778,Covetor,12815,69040,42347,1657,-0.3983,-0.2029,0.8945,0
100.000,Minmatar Citizen 9678938,Venture,41000,62320,40746,1433,0.6608,-0.1211,0.7408,0
100.000,Minmatar Citizen 2250648,Mackinaw,56900,50000,90479,1596,-0.9050,-0.2767,0.3230,0
100.000,Gallente Citizen 1635012,Venture,40800,64040,42465,455,0.3383,-0.2874,0.8961,0
101.000,Caldari Citizen 9942864,Venture,1415,96895,14607,1203,0.6013,-0.1807,-0.7783,0
101.000,Caldari Citizen 6206817,Skiff,22440,73400,52516,2964,-0.6143,0.5696,-0.5460,0
101.000,Minmatar Citizen 9745080,Endurance,18535,75935,35865,1025,-0.4488,0.6134,0.6499,0
101.000,Amarr Citizen 0220922,Porpoise,38725,58325,67138,1616,-0.7542,0.5988,-0.2695,0
101.000,Minmatar Citizen 4351238,Retriever,48080,67000,47163,90,0.0000,-0.5821,0.8131,0
101.000,Caldari Citizen 3216932,Endurance,9245,96200,45925,1132,-0.2430,0.9527,-0.1825,0
101.000,Minmatar Citizen 9076035,Porpoise,26200,70685,78729,1345,-0.7361,0.5648,-0.3731,0
101.000,Minmatar Citizen 6662812,Procurer,20360,81785,55657,2727,-0.1091,0.1918,-0.9754,0
101.000,Caldari Citizen 3891005,Orca,45375,60080,49310,306,,,,0
101.000,Caldari Citizen 8777524,Porpoise,33260,50835,58014,86,0.0000,0.7568,-0.6536,0
101.000,Minmatar Citizen 0254120,Porpoise,29185,48400,55197,974,-0.3465,-0.3088,0.8857,0
101.000,Amarr Citizen 2674287,Orca,47135,64535,49493,104,0.0000,0.6147,-0.7888,0
101.000,Amarr Citizen 5054432,Prospect,1200,98100,27910,1588,-0.3771,0.7287,-0.5716,0
101.000,Amarr Citizen 4520313,Prospect,2235,95100,12923,1384,0.6590,-0.5900,-0.4665,0
101.000,Minmatar Citizen 9978241,Retriever,48080,67000,47163,64,,,,0
101.000,Minmatar Citizen 7162778,Covetor,11620,68495,43559,1333,-0.3876,-0.3162,0.8659,0
101.000,Minmatar Citizen 9678938,Venture,41855,62480,41718,1606,0.3848,0.1688,0.9074,0
101.000,Minmatar Citizen 2250648,Mackinaw,54600,48825,91236,1699,-0.9277,-0.2188,0.3024,0
101.000,Gallente Citizen 1635012,Venture,41675,64220,43393,455,0.3390,-0.2906,0.8948,0
102.000,Caldari Citizen 9942864,Venture,2800,97040,13394,1773,0.5636,-0.3059,-0.7673,0
102.000,Caldari Citizen 6206817,Skiff,20040,75245,50849,3037,-0.6068,0.5722,-0.5518,0
102.000,Minmatar Citizen 9745080,Endurance,18225,76800,36587,1093,-0.3536,0.5337,0.7682,0
102.000,Amarr Citizen 0220922,Porpoise,37640,59200,66989,1585,-0.7266,0.5808,-0.3671,0
102.000,Minmatar Citizen 4351238,Retriever,48080,66245,48217,90,0.0000,-0.5821,0.8131,0
102.000,Caldari Citizen 3216932,Endurance,8915,97740,45071,1132,-0.1190,0.9690,-0.2164,0
102.000,Minmatar Citizen 9076035,Porpoise,24905,71560,78358,1353,-0.7172,0.5679,-0.4039,0
102.000,Minmatar Citizen 6662812,Procurer,20620,82595,52468,2784,-0.1177,0.1327,-0.9841,0
102.000,Caldari Citizen 3891005,Orca,45375,60080,49310,283,0.0000,-0.6405,0.7680,0
102.000,Caldari Citizen 8777524,Porpoise,33260,50835,58014,99,0.0000,0.7568,-0.6536,0
102.000,Minmatar Citizen 0254120,Porpoise,28160,47585,56424,926,-0.2416,-0.3162,0.9174,0
102.000,Amarr Citizen 2674287,Orca,47135,64535,49493,107,0.0000,0.6147,-0.7888,0
102.000,Amarr Citizen 5054432,Prospect,800,99400,26981,1475,-0.3000,0.6866,-0.6623,0
102.000,Amarr Citizen 4520313,Prospect,2645,94145,12439,1442,0.6921,-0.6403,-0.3332,0
102.000,Minmatar Citizen 9978241,Retriever,48080,67000,47163,100,,,,0
102.000,Minmatar Citizen 7162778,Covetor,10415,67940,44718,1020,-0.3537,-0.3774,0.8558,0
102.000,Minmatar Citizen 9678938,Venture,42720,62640,42664,1740,0.2581,0.3897,0.8840,0
102.000,Minmatar Citizen 2250648,Mackinaw,53465,48825,91905,1786,-0.9398,-0.1220,0.3192,0
102.000,Gallente Citizen 1635012,Venture,41675,64220,43393,456,0.4542,-0.1822,0.8721,0
103.000,Caldari Citizen 9942864,Venture,3200,96200,12013,2371,0.4703,-0.4925,-0.7323,0
103.000,Caldari Citizen 6206817,Skiff,17600,77000,49094,3098,-0.5786,0.5988,-0.5538,0
103.000,Minmatar Citizen 9745080,Endurance,18225,76800,36587,1157,-0.3371,0.4348,0.8350,0
103.000,Amarr Citizen 0220922,Porpoise,37640,60065,66215,1563,-0.7431,0.5602,-0.3660,0
103.000,Minmatar Citizen 4351238,Retriever,48080,66245,48217,90,0.0000,-0.5821,0.8131,0
103.000,Caldari Citizen 3216932,Endurance,10000,98825,44885,1132,-0.0168,0.9671,-0.2539,0
103.000,Minmatar Citizen 9076035,Porpoise,23600,72425,77966,1363,-0.7288,0.5169,-0.4491,0
103.000,Minmatar Citizen 6662812,Procurer,19625,82760,50662,2809,-0.0383,0.1394,-0.9895,0
103.000,Caldari Citizen 3891005,Orca,45375,60080,49310,264,0.0000,-0.6405,0.7680,0
103.000,Caldari Citizen 8777524,Porpoise,33260,50835,58014,113,,,,0
103.000,Minmatar Citizen 0254120,Porpoise,28160,46760,57110,878,-0.0757,-0.2563,0.9636,0
103.000,Amarr Citizen 2674287,Orca,47135,64535,49493,109,,,,0
103.000,Amarr Citizen 5054432,Prospect,800,99665,25986,1396,-0.0661,0.6646,-0.7442,0
103.000,Amarr Citizen 4520313,Prospect,5345,94145,11539,1561,0.7020,-0.6696,-0.2425,0
103.000,Minmatar Citizen 9978241,Retriever,48080,67000,47163,132,,,,0
103.000,Minmatar Citizen 7162778,Covetor,10415,67375,45565,791,-0.3169,-0.5800,0.7505,0
103.000,Minmatar Citizen 9678938,Venture,42560,63685,45320,1747,0.0554,0.5253,0.8491,0
103.000,Minmatar Citizen 2250648,Mackinaw,51155,48835,91947,1854,-0.9449,-0.1418,0.2950,0
103.000,Gallente Citizen 1635012,Venture,41675,63515,44419,450,0.4565,-0.1839,0.8705,0
104.000,Caldari Citizen 9942864,Venture,4000,94405,9833,1858,0.4280,-0.5905,-0.6842,0
104.000,Caldari Citizen 6206817,Skiff,16365,78665,46830,3150,-0.5819,0.5981,-0.5511,0
104.000,Minmatar Citizen 9745080,Endurance,17915,77200,38252,1212,-0.3669,0.2863,0.8851,0
104.000,Amarr Citizen 0220922,Porpoise,36545,61765,65258,1541,-0.7332,0.5374,-0.4166,0
104.000,Minmatar Citizen 4351238,Retriever,48080,66245,48217,90,,,,0
104.000,Caldari Citizen 3216932,Endurance,9680,99920,44970,1132,-0.0545,0.9681,-0.2447,0
104.000,Minmatar Citizen 9076035,Porpoise,23600,73280,77163,1375,-0.6646,0.5287,-0.5280,0
104.000,Minmatar Citizen 6662812,Procurer,18920,82465,47440,2835,0.0031,0.1241,-0.9923,0
104.000,Caldari Citizen 3891005,Orca,45375,59295,50251,247,-0.2903,-0.4773,0.8294,0
104.000,Caldari Citizen 8777524,Porpoise,33260,50835,58014,117,-0.9187,-0.3016,0.2550,0
104.000,Minmatar Citizen 0254120,Porpoise,27920,47555,57957,832,-0.0521,-0.1270,0.9905,0
104.000,Amarr Citizen 2674287,Orca,47135,64535,49493,111,,,,0
104.000,Amarr Citizen 5054432,Prospect,400,100955,24979,1350,0.0419,0.5707,-0.8201,0
104.000,Amarr Citizen 4520313,Prospect,4800,92120,11826,1691,0.7379,-0.6328,-0.2344,0
104.000,Minmatar Citizen 9978241,Retriever,48080,67000,47163,134,,,,0
104.000,Minmatar Citizen 7162778,Covetor,10415,66800,46404,666,-0.0824,-0.7398,0.6678,0
104.000,Minmatar Citizen 9678938,Venture,42480,64580,46096,1478,-0.1393,0.7012,0.6992,0
104.000,Minmatar Citizen 2250648,Mackinaw,50000,48835,92580,1626,-0.9471,-0.1338,0.2917,0
104.000,Gallente Citizen 1635012,Venture,41675,63515,44419,446,0.4404,-0.2077,0.8734,0
105.000,Caldari Citizen 9942864,Venture,4400,93460,9048,1367,0.4983,-0.6326,-0.5929,0
105.000,Caldari Citizen 6206817,Skiff,14800,81175,45029,3193,-0.5451,0.6226,-0.5615,0
105.000,Minmatar Citizen 9745080,Endurance,17605,78085,38908,1256,-0.3603,0.2074,0.9095,0
105.000,Amarr Citizen 0220922,Porpoise,34475,61635,65028,1521,-0.7588,0.4862,-0.4333,0
105.000,Minmatar Citizen 4351238,Retriever,48080,66245,48217,90,,,,0
105.000,Caldari Citizen 3216932,Endurance,9360,101480,43991,1132,-0.1368,0.9747,-0.1770,0
105.000,Minmatar Citizen 9076035,Porpoise,21200,73040,76679,1388,-0.6627,0.4631,-0.5886,0
105.000,Minmatar Citizen 6662812,Procurer,19200,82560,45069,2851,0.1044,0.1078,-0.9887,0
105.000,Caldari Citizen 3891005,Orca,45375,59295,50251,232,-0.4394,-0.3612,0.8224,0
105.000,Caldari Citizen 8777524,Porpoise,33260,50835,58014,122,-0.9097,-0.3679,0.1926,0
105.000,Minmatar Citizen 0254120,Porpoise,27920,46720,58632,790,0.1126,-0.0633,0.9916,0
105.000,Amarr Citizen 2674287,Orca,47135,64535,49493,94,-0.7308,0.0000,0.6825,0
105.000,Amarr Citizen 5054432,Prospect,400,101200,23967,1334,0.1076,0.4839,-0.8685,0
105.000,Amarr Citizen 4520313,Prospect,6515,91040,11544,1819,0.7581,-0.6293,-0.1712,0
105.000,Minmatar Citizen 9978241,Retriever,48080,67000,47163,113,0.0000,-0.5821,0.8131,0
105.000,Minmatar Citizen 7162778,Covetor,10415,66800,46404,648,0.2100,-0.9203,0.3301,0
105.000,Minmatar Citizen 9678938,Venture,42400,65485,46850,1055,-0.5264,0.7510,0.3986,0
105.000,Minmatar Citizen 2250648,Mackinaw,48835,48835,93200,1393,-0.9370,-0.1737,0.3030,0
105.000,Gallente Citizen 1635012,Venture,42560,63685,45320,446,0.4063,-0.2502,0.8788,0
106.000,Caldari Citizen 9942864,Venture,4800,92400,9391,1253,0.6171,-0.6450,-0.4506,0
106.000,Caldari Citizen 6206817,Skiff,13205,83120,44065,3225,-0.5469,0.6255,-0.5565,0
106.000,Minmatar Citizen 9745080,Endurance,16400,77600,40377,1291,-0.3589,0.2494,0.8995,0
106.000,Amarr Citizen 0220922,Porpoise,33360,62460,64822,1481,-0.8053,0.3939,-0.4432,0
106.000,Minmatar Citizen 4351238,Retriever,48080,66245,48217,90,,,,0
106.000,Caldari Citizen 3216932,Endurance,9040,102595,44006,1133,-0.3767,0.9178,-0.1253,0
106.000,Minmatar Citizen 9076035,Porpoise,21200,73875,75875,1400,-0.6246,0.4490,-0.6390,0
106.000,Minmatar Citizen 6662812,Procurer,20435,84075,41591,2871,0.1952,0.0998,-0.9757,0
106.000,Caldari Citizen 3891005,Orca,45375,59295,50251,220,-0.5707,-0.2346,0.7869,0
106.000,Caldari Citizen 8777524,Porpoise,32235,50835,58589,129,-0.9011,-0.4045,0.1560,0
106.000,Minmatar Citizen 0254120,Porpoise,28725,47525,58968,752,0.2381,0.0485,0.9700,0
106.000,Amarr Citizen 2674287,Orca,47135,64535,49493,79,-0.7308,0.0000,0.6825,0
106.000,Amarr Citizen 5054432,Prospect,1445,102480,22820,1342,0.2278,0.4137,-0.8815,0
106.000,Amarr Citizen 4520313,Prospect,8200,89960,10998,1945,0.7709,-0.6144,-0.1681,0
106.000,Minmatar Citizen 9978241,Retriever,48080,67000,47163,89,0.0000,-0.5821,0.8131,0
106.000,Minmatar Citizen 7162778,Covetor,10805,65400,46552,707,0.1140,-0.9899,-0.0846,0
106.000,Minmatar Citizen 9678938,Venture,41405,66200,46735,848,-0.7396,0.1066,-0.6646,0
106.000,Minmatar Citizen 2250648,Mackinaw,46505,47680,93749,1200,-0.9117,-0.2164,0.3493,0
106.000,Gallente Citizen 1635012,Venture,42560,63685,45320,447,0.4077,-0.2557,0.8766,0
107.000,Caldari Citizen 9942864,Venture,6515,91475,7340,1247,0.7514,-0.6257,-0.2098,0
107.000,Caldari Citizen 6206817,Skiff,10625,84545,42003,2644,-0.5400,0.6343,-0.5532,0
107.000,Minmatar Citizen 9745080,Endurance,16080,78000,41922,1319,-0.4154,0.2076,0.8856,0
107.000,Amarr Citizen 0220922,Porpoise,32405,63125,63168,1438,-0.7705,0.3274,-0.5469,0
107.000,Minmatar Citizen 4351238,Retriever,48080,66245,48217,90,,,,0
107.000,Caldari Citizen 3216932,Endurance,8720,103720,43990,1133,-0.4511,0.8764,-0.1686,0
107.000,Minmatar Citizen 9076035,Porpoise,21200,75515,74243,1385,-0.5337,0.5024,-0.6803,0
107.000,Minmatar Citizen 6662812,Procurer,20705,84080,39075,2893,0.2314,0.0853,-0.9691,0
107.000,Caldari Citizen 3891005,Orca,44420,59295,51098,209,-0.7485,0.0000,0.6632,0
107.000,Caldari Citizen 8777524,Porpoise,31400,50000,58336,137,-0.8901,-0.4400,0.1191,0
107.000,Minmatar Citizen 0254120,Porpoise,28495,47495,60467,718,0.3471,0.0172,0.9377,0
107.000,Amarr Citizen 2674287,Orca,46160,64535,50403,68,-0.7308,0.0000,0.6825,0
107.000,Amarr Citizen 5054432,Prospect,1445,102920,20746,1371,0.3041,0.3074,-0.9017,0
107.000,Amarr Citizen 4520313,Prospect,9855,88880,10160,2066,0.7985,-0.5804,-0.1597,0
107.000,Minmatar Citizen 9978241,Retriever,48080,66245,48217,69,0.0000,-0.5821,0.8131,0
107.000,Minmatar Citizen 7162778,Covetor,10805,65400,46552,793,0.0188,-0.9414,-0.3367,0
107.000,Minmatar Citizen 9678938,Venture,41495,66000,44968,983,-0.2412,-0.5950,-0.7667,0
107.000,Minmatar Citizen 2250648,Mackinaw,46505,47680,93749,1039,-0.9156,-0.2046,0.3462,0
107.000,Gallente Citizen 1635012,Venture,42560,63685,45320,448,0.1981,-0.4511,0.8702,0
108.000,Caldari Citizen 9942864,Venture,7820,91340,7736,1285,0.7678,-0.6377,-0.0613,0
108.000,Caldari Citizen 6206817,Skiff,10275,86400,40564,2074,-0.5494,0.6061,-0.5751,0
108.000,Minmatar Citizen 9745080,Endurance,15760,78400,43429,1339,-0.4334,0.2300,0.8713,0
108.000,Amarr Citizen 0220922,Porpoise,31280,63920,62935,1410,-0.6888,0.2984,-0.6607,0
108.000,Minmatar Citizen 4351238,Retriever,48080,66245,48217,90,,,,0
108.000,Caldari Citizen 3216932,Endurance,8400,104855,43942,1133,-0.3808,0.9042,-0.1935,0
108.000,Minmatar Citizen 9076035,Porpoise,18800,75245,73714,1375,-0.4369,0.5154,-0.7372,0
108.000,Minmatar Citizen 6662812,Procurer,22180,84055,35760,2836,0.2154,0.0262,-0.9762,0
108.000,Caldari Citizen 3891005,Orca,44420,59295,51098,199,-0.5446,-0.2720,0.7933,0
108.000,Caldari Citizen 8777524,Porpoise,31400,50000,58336,144,-0.6922,-0.6922,-0.2042,0
108.000,Minmatar Citizen 0254120,Porpoise,28495,46640,61129,634,0.4472,0.1023,0.8886,0
108.000,Amarr Citizen 2674287,Orca,46160,64535,50403,63,-0.7308,0.0000,0.6825,0
108.000,Amarr Citizen 5054432,Prospect,1445,103125,19701,1409,0.3869,0.2389,-0.8906,0
108.000,Amarr Citizen 4520313,Prospect,11480,87605,10704,2181,0.7703,-0.6292,-0.1038,0
108.000,Minmatar Citizen 9978241,Retriever,48080,66245,48217,56,0.0000,-0.5821,0.8131,0
108.000,Minmatar Citizen 7162778,Covetor,11195,64595,45849,532,-0.0839,-0.8019,-0.5915,0
108.000,Minmatar Citizen 9678938,Venture,40600,65105,45100,1233,0.0711,-0.8590,-0.5070,0
108.000,Minmatar Citizen 2250648,Mackinaw,45320,47680,94328,908,-0.9164,-0.2690,0.2964,0
108.000,Gallente Citizen 1635012,Venture,42560,62960,46322,450,0.2206,-0.4387,0.8711,0
109.000,Caldari Citizen 9942864,Venture,8200,90280,7955,1334,0.7865,-0.6150,0.0566,0
109.000,Caldari Citizen 6206817,Skiff,8960,86835,39942,1620,-0.5102,0.5878,-0.6279,0
109.000,Minmatar Citizen 9745080,Endurance,15440,79315,43986,1115,-0.5395,0.3650,0.7587,0
109.000,Amarr Citizen 0220922,Porpoise,30335,63760,62052,1382,-0.6718,0.1802,-0.7185,0
109.000,Minmatar Citizen 4351238,Retriever,48080,66245,48217,90,,,,0
109.000,Caldari Citizen 3216932,Endurance,6935,104855,44197,1133,-0.2834,0.9141,-0.2899,0
109.000,Minmatar Citizen 9076035,Porpoise,18800,76040,72894,1373,-0.4459,0.4753,-0.7585,0
109.000,Minmatar Citizen 6662812,Procurer,22440,84000,33007,2754,0.2048,-0.0471,-0.9777,0
109.000,Caldari Citizen 3891005,Orca,44420,59295,51098,191,-0.3328,-0.4617,0.8223,0
109.000,Caldari Citizen 8777524,Porpoise,31400,50000,58336,148,0.4145,-0.0047,-0.9100,0
109.000,Minmatar Citizen 0254120,Porpoise,29320,47465,61453,556,0.5001,0.0258,0.8656,0
109.000,Amarr Citizen 2674287,Orca,46160,64535,50403,61,,,,0
109.000,Amarr Citizen 5054432,Prospect,2880,103320,18485,1353,0.4320,0.0734,-0.8989,0
109.000,Amarr Citizen 4520313,Prospect,14300,86300,9582,2290,0.7603,-0.6365,-0.1296,0
109.000,Minmatar Citizen 9978241,Retriever,48080,66245,48217,54,,,,0
109.000,Minmatar Citizen 7162778,Covetor,10400,63800,45414,348,0.0581,-0.4643,-0.8838,0
109.000,Minmatar Citizen 9678938,Venture,41675,63515,44419,1445,0.3244,-0.9136,-0.2452,0
109.000,Minmatar Citizen 2250648,Mackinaw,45320,47680,94328,800,-0.9238,-0.2357,0.3018,0
109.000,Gallente Citizen 1635012,Venture,42560,62960,46322,451,0.3779,-0.3007,0.8757,0
110.000,Caldari Citizen 9942864,Venture,9855,89055,8490,1379,0.7451,-0.6226,0.2393,0
110.000,Caldari Citizen 6206817,Skiff,8600,88640,38445,1266,-0.4631,0.5980,-0.6542,0
110.000,Minmatar Citizen 9745080,Endurance,14195,78800,45311,959,-0.5931,0.5200,0.6146,0
110.000,Amarr Citizen 0220922,Porpoise,29400,64365,60347,1369,-0.6819,0.0728,-0.7279,0
110.000,Minmatar Citizen 4351238,Retriever,48080,66245,48217,90,,,,0
110.000,Caldari Citizen 3216932,Endurance,6605,106445,43021,1133,-0.1369,0.8694,-0.4747,0
110.000,Minmatar Citizen 9076035,Porpoise,18800,77600,71231,1366,-0.4381,0.4125,-0.7987,0
110.000,Minmatar Citizen 6662812,Procurer,22700,83915,30116,2725,0.2111,-0.0915,-0.9732,0
110.000,Caldari Citizen 3891005,Orca,44420,59295,51098,184,0.0000,-0.6586,0.7525,0
110.000,Caldari Citizen 8777524,Porpoise,31400,50000,58336,153,0.6034,0.4047,-0.6871,0
110.000,Minmatar Citizen 0254120,Porpoise,29320,47465,61453,486,0.6922,0.1046,0.7141,0
110.000,Amarr Citizen 2674287,Orca,46160,64535,50403,63,,,,0
110.000,Amarr Citizen 5054432,Prospect,2880,103505,17419,1309,0.5823,-0.0174,-0.8128,0
110.000,Amarr Citizen 4520313,Prospect,14980,84100,9939,2392,0.7509,-0.6601,-0.0202,0
110.000,Minmatar Citizen 9978241,Retriever,48080,66245,48217,68,,,,0
110.000,Minmatar Citizen 7162778,Covetor,10400,63800,45414,352,0.2277,-0.0843,-0.9701,0
110.000,Minmatar Citizen 9678938,Venture,41765,62640,43599,1556,0.4721,-0.8705,0.1394,0
110.000,Minmatar Citizen 2250648,Mackinaw,44125,47680,94893,711,-0.9222,-0.2682,0.2786,0
110.000,Gallente Citizen 1635012,Venture,42560,62225,47304,452,0.4166,-0.2677,0.8688,0
111.000,Caldari Citizen 9942864,Venture,10225,87985,8665,1414,0.7101,-0.6683,0.2219,0
111.000,Caldari Citizen 6206817,Skiff,7265,89045,37778,991,-0.4504,0.5332,-0.7161,0
111.000,Minmatar Citizen 9745080,Endurance,13865,79725,45833,909,-0.6909,0.6516,0.3133,0
111.000,Amarr Citizen 0220922,Porpoise,28475,64195,59432,1370,-0.6160,0.0489,-0.7862,0
111.000,Minmatar Citizen 4351238,Retriever,48080,66245,48217,90,,,,0
111.000,Caldari Citizen 3216932,Endurance,7760,107600,42638,824,0.0413,0.7950,-0.6052,0
111.000,Minmatar Citizen 9076035,Porpoise,17735,77300,70329,1365,-0.3020,0.4456,-0.8427,0
111.000,Minmatar Citizen 6662812,Procurer,22960,83405,28239,2686,0.2343,-0.1543,-0.9598,0
111.000,Caldari Citizen 3891005,Orca,44420,58500,52006,177,0.0000,-0.6586,0.7525,0
111.000,Caldari Citizen 8777524,Porpoise,32425,50000,57772,159,0.3837,0.2584,-0.8866,0
111.000,Minmatar Citizen 0254120,Porpoise,30155,47435,62423,423,0.7417,0.3575,0.5675,0
111.000,Amarr Citizen 2674287,Orca,46160,64535,50403,66,,,,0
111.000,Amarr Citizen 5054432,Prospect,4305,103680,16029,1295,0.6160,-0.1424,-0.7747,0
111.000,Amarr Citizen 4520313,Prospect,16505,82745,10288,2415,0.7575,-0.6499,-0.0623,0
111.000,Minmatar Citizen 9978241,Retriever,48080,66245,48217,101,,,,0
111.000,Minmatar Citizen 7162778,Covetor,10400,64385,44580,523,0.2844,0.3428,-0.8953,0
111.000,Minmatar Citizen 9678938,Venture,42720,61200,44705,1598,0.6292,-0.6383,0.4435,0
111.000,Minmatar Citizen 2250648,Mackinaw,42980,46535,94780,639,-0.9172,-0.3139,0.2454,0
111.000,Gallente Citizen 1635012,Venture,43455,63120,47197,453,0.4964,-0.1876,0.8476,0
112.000,Caldari Citizen 9942864,Venture,11480,87800,8965,1441,0.7513,-0.6580,0.0515,0
112.000,Caldari Citizen 6206817,Skiff,7265,89440,36833,781,-0.2994,0.4966,-0.8147,0
112.000,Minmatar Citizen 9745080,Endurance,12600,80240,45297,939,-0.7442,0.6678,-0.0135,0
112.000,Amarr Citizen 0220922,Porpoise,27560,64025,58500,1377,-0.5651,0.1108,-0.8175,0
112.000,Minmatar Citizen 4351238,Retriever,48080,66245,48217,90,,,,0
112.000,Caldari Citizen 3216932,Endurance,7760,107600,42638,683,0.2204,0.6647,-0.7139,0
112.000,Minmatar Citizen 9076035,Porpoise,17735,78055,69490,1370,-0.2692,0.3737,-0.8876,0
112.000,Minmatar Citizen 6662812,Procurer,24375,83280,23881,2681,0.3066,-0.2132,-0.9277,0
112.000,Caldari Citizen 3891005,Orca,44420,58500,52006,172,0.0000,-0.6586,0.7525,0
112.000,Caldari Citizen 8777524,Porpoise,32425,50825,57048,163,0.1171,0.0966,-0.9884,0
112.000,Minmatar Citizen 0254120,Porpoise,30155,47435,62423,367,0.7455,0.3617,0.5598,0
112.000,Amarr Citizen 2674287,Orca,46160,64535,50403,70,,,,0
112.000,Amarr Citizen 5054432,Prospect,4675,102800,15043,1308,0.6433,-0.2236,-0.7322,0
112.000,Amarr Citizen 4520313,Prospect,19155,81360,8345,2438,0.7484,-0.6595,0.0705,0
112.000,Minmatar Citizen 9978241,Retriever,48080,66245,48217,130,,,,0
112.000,Minmatar Citizen 7162778,Covetor,11585,64385,44287,691,0.4072,0.5683,-0.7150,0
112.000,Minmatar Citizen 9678938,Venture,43665,60465,44792,1607,0.5409,-0.3388,0.7698,0
112.000,Minmatar Citizen 2250648,Mackinaw,41775,46535,95317,579,-0.9170,-0.3174,0.2414,0
112.000,Gallente Citizen 1635012,Venture,43455,63120,47197,454,0.3485,-0.3477,0.8704,0
113.000,Caldari Citizen 9942864,Venture,13075,86515,9391,1461,0.7660,-0.6365,0.0902,0
113.000,Caldari Citizen 6206817,Skiff,7265,89440,36833,633,-0.2094,0.3856,-0.8986,0
113.000,Minmatar Citizen 9745080,Endurance,13535,81175,45425,1005,-0.6164,0.7000,-0.3607,0
113.000,Amarr Citizen 0220922,Porpoise,26655,63855,57550,1400,-0.6309,0.1089,-0.7682,0
113.000,Minmatar Citizen 4351238,Retriever,48080,66245,48217,90,,,,0
113.000,Caldari Citizen 3216932,Endurance,7760,108035,41524,652,0.2468,0.3336,-0.9098,0
113.000,Minmatar Citizen 9076035,Porpoise,16680,78480,67732,1378,-0.2078,0.3513,-0.9129,0
113.000,Minmatar Citizen 6662812,Procurer,24625,82385,22963,2595,0.3845,-0.2850,-0.8780,0
113.000,Caldari Citizen 3891005,Orca,44420,58500,52006,167,,,,0
113.000,Caldari Citizen 8777524,Porpoise,32425,50825,57048,168,-0.2626,-0.1155,-0.9580,0
113.000,Minmatar Citizen 0254120,Porpoise,30155,47435,62423,317,0.7432,0.4886,0.4570,0
113.000,Amarr Citizen 2674287,Orca,46160,64535,50403,75,,,,0
113.000,Amarr Citizen 5054432,Prospect,6080,102800,14533,1340,0.6878,-0.3407,-0.6410,0
113.000,Amarr Citizen 4520313,Prospect,20600,79640,11050,2459,0.7842,-0.6203,0.0168,0
113.000,Minmatar Citizen 9978241,Retriever,48080,66245,48217,129,,,,0
113.000,Minmatar Citizen 7162778,Covetor,11585,64960,43439,841,0.4024,0.6238,-0.6701,0
113.000,Minmatar Citizen 9678938,Venture,44540,59840,46684,1608,0.3524,-0.0548,0.9343,0
113.000,Minmatar Citizen 2250648,Mackinaw,41775,46535,95317,520,-0.9292,-0.2436,0.2778,0
113.000,Gallente Citizen 1635012,Venture,43455,62375,48177,455,0.2225,-0.4607,0.8592,0
114.000,Caldari Citizen 9942864,Venture,13425,85425,9557,1475,0.7935,-0.6080,-0.0245,0
114.000,Caldari Citizen 6206817,Skiff,7265,89825,35884,732,0.2031,0.3468,-0.9157,0
114.000,Minmatar Citizen 9745080,Endurance,12260,81680,44878,1041,-0.6520,0.5705,-0.4993,0
114.000,Amarr Citizen 0220922,Porpoise,26655,64580,56736,1419,-0.6584,0.1199,-0.7430,0
114.000,Minmatar Citizen 4351238,Retriever,48080,66245,48217,90,,,,0
114.000,Caldari Citizen 3216932,Endurance,7760,108035,41524,712,0.1504,-0.1416,-0.9784,0
114.000,Minmatar Citizen 9076035,Porpoise,16680,79205,66883,1388,-0.1712,0.3428,-0.9237,0
114.000,Minmatar Citizen 6662812,Procurer,26000,81500,20634,2574,0.4714,-0.3094,-0.8259,0
114.000,Caldari Citizen 3891005,Orca,44420,58500,52006,163,,,,0
114.000,Caldari Citizen 8777524,Porpoise,31600,50000,56793,172,-0.7435,-0.3717,-0.5560,0
114.000,Minmatar Citizen 0254120,Porpoise,31000,48280,62714,274,0.6870,0.6870,0.2368,0
114.000,Amarr Citizen 2674287,Orca,46160,64535,50403,80,,,,0
114.000,Amarr Citizen 5054432,Prospect,6440,101920,13410,1386,0.6924,-0.4374,-0.5738,0
114.000,Amarr Citizen 4520313,Prospect,23120,78175,8839,2479,0.7692,-0.6390,-0.0017,0
114.000,Minmatar Citizen 9978241,Retriever,48080,66245,48217,109,,,,0
114.000,Minmatar Citizen 7162778,Covetor,11585,65525,42582,973,0.4554,0.6149,-0.6439,0
114.000,Minmatar Citizen 9678938,Venture,45375,60855,48351,1612,0.1671,0.2834,0.9443,0
114.000,Minmatar Citizen 2250648,Mackinaw,41775,46535,95317,473,-0.9330,-0.2426,0.2657,0
114.000,Gallente Citizen 1635012,Venture,43455,62375,48177,455,0.1739,-0.5020,0.8472,0
115.000,Caldari Citizen 9942864,Venture,14980,84335,7695,1486,0.7485,-0.6556,-0.0998,0
115.000,Caldari Citizen 6206817,Skiff,7265,90200,34931,904,0.3501,0.3147,-0.8822,0
115.000,Minmatar Citizen 9745080,Endurance,10975,82175,44304,1099,-0.6164,0.5201,-0.5912,0
115.000,Amarr Citizen 0220922,Porpoise,25760,65105,54943,1424,-0.6843,0.0908,-0.7235,0
115.000,Minmatar Citizen 4351238,Retriever,48080,66245,48217,90,,,,0
115.000,Caldari Citizen 3216932,Endurance,7760,108460,40401,777,0.3649,-0.2358,-0.9007,0
115.000,Minmatar Citizen 9076035,Porpoise,16960,79580,64772,1393,-0.1555,0.2288,-0.9610,0
115.000,Minmatar Citizen 6662812,Procurer,27345,80625,17913,2592,0.5494,-0.3120,-0.7751,0
115.000,Caldari Citizen 3891005,Orca,44420,58500,52006,159,,,,0
115.000,Caldari Citizen 8777524,Porpoise,31600,50000,56793,175,-0.6908,-0.6908,-0.2133,0
115.000,Minmatar Citizen 0254120,Porpoise,31000,48280,62714,236,0.7434,0.2815,0.6067,0
115.000,Amarr Citizen 2674287,Orca,46160,64535,50403,85,,,,0
115.000,Amarr Citizen 5054432,Prospect,7825,101920,12652,1428,0.6914,-0.4962,-0.5251,0
115.000,Amarr Citizen 4520313,Prospect,24485,76325,11661,2479,0.7367,-0.6573,-0.1590,0
115.000,Minmatar Citizen 9978241,Retriever,48080,66245,48217,87,,,,0
115.000,Minmatar Citizen 7162778,Covetor,12380,66875,42124,1087,0.3902,0.6224,-0.6785,0
115.000,Minmatar Citizen 9678938,Venture,45325,60985,50075,1594,-0.0738,0.4521,0.8889,0
115.000,Minmatar Citizen 2250648,Mackinaw,41775,46535,95317,434,-0.9851,-0.1656,0.0473,0
115.000,Gallente Citizen 1635012,Venture,43455,61620,49139,455,0.3015,-0.4041,0.8636,0
116.000,Caldari Citizen 9942864,Venture,16175,83855,10135,1494,0.7622,-0.6456,0.0477,0
116.000,Caldari Citizen 6206817,Skiff,7265,90200,34931,769,0.4453,0.2902,-0.8471,0
116.000,Minmatar Citizen 9745080,Endurance,10975,82660,43392,1158,-0.6721,0.4118,-0.6154,0
116.000,Amarr Citizen 0220922,Porpoise,23740,64915,54465,1426,-0.6795,0.0926,-0.7279,0
116.000,Minmatar Citizen 4351238,Retriever,48080,66245,48217,90,,,,0
116.000,Caldari Citizen 3216932,Endurance,8080,107720,39448,849,0.3680,-0.5042,-0.7813,0
116.000,Minmatar Citizen 9076035,Porpoise,16960,80275,63908,1381,-0.0920,0.2282,-0.9693,0
116.000,Minmatar Citizen 6662812,Procurer,28660,79375,16559,2631,0.5964,-0.3182,-0.7369,0
116.000,Caldari Citizen 3891005,Orca,44420,58500,52006,156,,,,0
116.000,Caldari Citizen 8777524,Porpoise,31600,50000,56793,178,,,,0
116.000,Minmatar Citizen 0254120,Porpoise,31000,48280,62714,205,0.7083,0.1007,0.6987,0
116.000,Amarr Citizen 2674287,Orca,46160,64535,50403,102,,,,0
116.000,Amarr Citizen 5054432,Prospect,8175,100895,12545,1481,0.6648,-0.5082,-0.5475,0
116.000,Amarr Citizen 4520313,Prospect,26875,74780,9257,2296,0.7303,-0.6522,-0.2035,0
116.000,Minmatar Citizen 9978241,Retriever,48080,66245,48217,69,,,,0
116.000,Minmatar Citizen 7162778,Covetor,12380,66875,42124,1185,0.4003,0.5796,-0.7098,0
116.000,Minmatar Citizen 9678938,Venture,44300,61900,51671,1505,-0.3691,0.5813,0.7251,0
116.000,Minmatar Citizen 2250648,Mackinaw,40560,46535,95840,400,-0.9965,-0.0696,-0.0471,0
116.000,Gallente Citizen 1635012,Venture,43455,61620,49139,456,0.4651,-0.2514,0.8488,0
117.000,Caldari Citizen 9942864,Venture,17680,82745,8104,1500,0.7826,-0.6217,0.0315,0
117.000,Caldari Citizen 6206817,Skiff,8600,90565,33660,664,0.5281,0.0863,-0.8448,0
117.000,Minmatar Citizen 9745080,Endurance,9680,83135,42789,1200,-0.5866,0.4253,-0.6893,0
117.000,Amarr Citizen 0220922,Porpoise,22865,64725,53450,1427,-0.6510,0.0759,-0.7553,0
117.000,Minmatar Citizen 4351238,Retriever,48080,66245,48217,90,,,,0
117.000,Caldari Citizen 3216932,Endurance,8400,106575,39588,914,0.4548,-0.4733,-0.7544,0
117.000,Minmatar Citizen 9076035,Porpoise,15925,79925,62987,1371,-0.1833,0.1617,-0.9697,0
117.000,Minmatar Citizen 6662812,Procurer,30800,78980,14475,2646,0.6343,-0.3111,-0.7077,0
117.000,Caldari Citizen 3891005,Orca,44420,58500,52006,153,,,,0
117.000,Caldari Citizen 8777524,Porpoise,31600,50000,56793,180,,,,0
117.000,Minmatar Citizen 0254120,Porpoise,31000,48280,62714,179,0.6160,-0.1405,0.7752,0
117.000,Amarr Citizen 2674287,Orca,46160,64535,50403,215,,,,0
117.000,Amarr Citizen 5054432,Prospect,9880,99880,11286,1541,0.7029,-0.4884,-0.5171,0
117.000,Amarr Citizen 4520313,Prospect,28160,73205,9436,2130,0.7294,-0.6813,0.0614,0
117.000,Minmatar Citizen 9978241,Retriever,48080,66245,48217,59,,,,0
117.000,Minmatar Citizen 7162778,Covetor,13555,67420,40875,1269,0.4300,0.4888,-0.7590,0
117.000,Minmatar Citizen 9678938,Venture,44240,63600,51448,1311,-0.7096,0.6161,0.3419,0
117.000,Minmatar Citizen 2250648,Mackinaw,39425,45400,95674,374,-0.9908,0.0138,-0.1347,0
117.000,Gallente Citizen 1635012,Venture,44360,61760,49989,456,0.4286,-0.2960,0.8536,0
118.000,Caldari Citizen 9942864,Venture,18000,81635,8230,1504,0.6984,-0.6713,0.2482,0
118.000,Caldari Citizen 6206817,Skiff,8600,90565,33660,595,0.5411,-0.0782,-0.8373,0
118.000,Minmatar Citizen 9745080,Endurance,9680,83600,41873,1176,-0.4840,0.4358,-0.7588,0
118.000,Amarr Citizen 0220922,Porpoise,22000,64535,52414,1426,-0.5496,0.1508,-0.8217,0
118.000,Minmatar Citizen 4351238,Retriever,48080,66245,48217,90,,,,0
118.000,Caldari Citizen 3216932,Endurance,9855,106980,38133,960,0.5254,-0.5708,-0.6310,0
118.000,Minmatar Citizen 9076035,Porpoise,16215,79575,61716,1369,-0.1331,0.1799,-0.9746,0
118.000,Minmatar Citizen 6662812,Procurer,32900,78575,11814,2515,0.6873,-0.3163,-0.6538,0
118.000,Caldari Citizen 3891005,Orca,44420,58500,52006,151,0.0000,-0.6701,0.7423,0
118.000,Caldari Citizen 8777524,Porpoise,31600,50000,56793,182,-0.4589,0.3059,-0.8342,0
118.000,Minmatar Citizen 0254120,Porpoise,31000,47405,63378,162,0.7577,0.3700,0.5376,0
118.000,Amarr Citizen 2674287,Orca,46160,64535,50403,299,,,,0
118.000,Amarr Citizen 5054432,Prospect,10220,98875,10922,1593,0.6944,-0.4965,-0.5209,0
118.000,Amarr Citizen 4520313,Prospect,29415,72015,5709,2004,0.7534,-0.6313,0.1838,0
118.000,Minmatar Citizen 9978241,Retriever,48080,66245,48217,58,,,,0
118.000,Minmatar Citizen 7162778,Covetor,13555,67955,39980,1330,0.4256,0.4700,-0.7733,0
118.000,Minmatar Citizen 9678938,Venture,43245,63600,52287,1151,-0.8285,0.3935,-0.3986,0
118.000,Minmatar Citizen 2250648,Mackinaw,39425,46565,95112,358,-0.9536,0.1346,-0.2693,0
118.000,Gallente Citizen 1635012,Venture,44360,61760,49989,456,0.4297,-0.3015,0.8511,0
119.000,Caldari Citizen 9942864,Venture,19155,81075,10767,1507,0.7601,-0.6469,0.0613,0
119.000,Caldari Citizen 6206817,Skiff,8600,90565,33660,543,0.4511,-0.1877,-0.8725,0
119.000,Minmatar Citizen 9745080,Endurance,8375,84055,41239,1162,-0.4323,0.5202,-0.7365,0
119.000,Amarr Citizen 0220922,Porpoise,22000,65200,51584,1413,-0.4049,0.2121,-0.8894,0
119.000,Minmatar Citizen 4351238,Retriever,48080,66245,48217,90,,,,0
119.000,Caldari Citizen 3216932,Endurance,8720,105845,38598,990,0.5189,-0.5639,-0.6425,0
119.000,Minmatar Citizen 9076035,Porpoise,16215,80895,59976,1370,-0.0098,0.1386,-0.9903,0
119.000,Minmatar Citizen 6662812,Procurer,33080,77305,12436,2453,0.7916,-0.3771,-0.4808,0
119.000,Caldari Citizen 3891005,Orca,44420,58500,52006,149,0.0000,-0.6701,0.7423,0
119.000,Caldari Citizen 8777524,Porpoise,31600,50000,56793,184,-0.5771,0.1154,-0.8085,0
119.000,Minmatar Citizen 0254120,Porpoise,31855,48260,63657,150,0.6899,0.6899,0.2193,0
119.000,Amarr Citizen 2674287,Orca,46160,64535,50403,292,0.0000,-0.6215,0.7834,0
119.000,Amarr Citizen 5054432,Prospect,11555,98875,9498,1638,0.7003,-0.4510,-0.5533,0
119.000,Amarr Citizen 4520313,Prospect,30420,71175,9630,1910,0.7014,-0.5442,0.4604,0
119.000,Minmatar Citizen 9978241,Retriever,48080,66245,48217,68,,,,0
119.000,Minmatar Citizen 7162778,Covetor,13555,68480,39074,1373,0.4611,0.4759,-0.7489,0
119.000,Minmatar Citizen 9678938,Venture,42320,63440,51462,1026,-0.5145,-0.3379,-0.7881,0
119.000,Minmatar Citizen 2250648,Mackinaw,39425,46565,95112,349,-0.8634,-0.1216,-0.4896,0
119.000,Gallente Citizen 1635012,Venture,44360,61760,49989,456,0.2074,-0.5031,0.8390,0
120.000,Caldari Citizen 9942864,Venture,20600,79945,8570,1509,0.7990,-0.5947,0.0889,0
120.000,Caldari Citizen 6206817,Skiff,8960,89955,32308,483,0.5215,-0.3126,-0.7939,0
120.000,Minmatar Citizen 9745080,Endurance,8375,84500,40319,1126,-0.2858,0.5817,-0.7615,0
120.000,Amarr Citizen 0220922,Porpoise,21145,65645,49685,1399,-0.3123,0.3082,-0.8986,0
120.000,Minmatar Citizen 4351238,Retriever,48080,66245,48217,90,,,,0
120.000,Caldari Citizen 3216932,Endurance,10165,106240,37131,1026,0.4675,-0.6316,-0.6185,0
120.000,Minmatar Citizen 9076035,Porpoise,15200,80525,59040,1375,0.0283,0.1556,-0.9874,0
120.000,Minmatar Citizen 6662812,Procurer,36125,76445,8726,2403,0.8618,-0.3969,-0.3160,0
120.000,Caldari Citizen 3891005,Orca,44420,57695,52898,147,0.0000,-0.6701,0.7423,0
120.000,Caldari Citizen 8777524,Porpoise,31600,50815,56065,184,-0.6332,0.0000,-0.7740,0
120.000,Minmatar Citizen 0254120,Porpoise,31855,48260,63657,138,0.5250,0.8474,-0.0798,0
120.000,Amarr Citizen 2674287,Orca,46160,64535,50403,274,-0.2926,-0.4604,0.8381,0
120.000,Amarr Citizen 5054432,Prospect,13200,97725,8751,1751,0.7093,-0.5651,-0.4213,0
120.000,Amarr Citizen 4520313,Prospect,31415,70295,12478,1782,0.7243,-0.4670,0.5072,0
120.000,Minmatar Citizen 9978241,Retriever,48080,66245,48217,94,,,,0
120.000,Minmatar Citizen 7162778,Covetor,14720,68995,37723,1430,0.4851,0.4867,-0.7265,0
120.000,Minmatar Citizen 9678938,Venture,42400,63280,49788,1045,-0.1430,-0.7560,-0.6387,0
120.000,Minmatar Citizen 2250648,Mackinaw,39425,46565,95112,339,-0.7830,0.1858,-0.5937,0
120.000,Gallente Citizen 1635012,Venture,44360,60985,50932,456,0.2309,-0.4903,0.8404,0
121.000,Caldari Citizen 9942864,Venture,20900,78500,11178,2039,0.8249,-0.5653,-0.0006,0
121.000,Caldari Citizen 6206817,Skiff,8960,89955,32308,438,0.5765,-0.1387,-0.8053,0
121.000,Minmatar Citizen 9745080,Endurance,8375,84935,39394,1096,-0.2091,0.6037,-0.7693,0
121.000,Amarr Citizen 0220922,Porpoise,21145,66280,48835,1385,-0.2397,0.3744,-0.8958,0
121.000,Minmatar Citizen 4351238,Retriever,48080,66245,48217,90,,,,0
121.000,Caldari Citizen 3216932,Endurance,10475,105115,37217,1054,0.3707,-0.7489,-0.5493,0
121.000,Minmatar Citizen 9076035,Porpoise,16505,81160,57807,1383,0.0109,0.0936,-0.9956,0
121.000,Minmatar Citizen 6662812,Procurer,38105,75545,8122,2252,0.9099,-0.4147,0.0143,0
121.000,Caldari Citizen 3891005,Orca,44420,57695,52898,145,0.0000,-0.6701,0.7423,0
121.000,Caldari Citizen 8777524,Porpoise,30785,50000,55797,185,-0.6773,-0.1129,-0.7270,0
121.000,Minmatar Citizen 0254120,Porpoise,31855,49135,62984,131,0.2906,0.8855,-0.3626,0
121.000,Amarr Citizen 2674287,Orca,46160,63760,51380,258,-0.4022,-0.3797,0.8331,0
121.000,Amarr Citizen 5054432,Prospect,14815,96575,7602,1859,0.6928,-0.6123,-0.3809,0
121.000,Amarr Citizen 4520313,Prospect,33375,69375,12539,1669,0.7421,-0.4256,0.5178,0
121.000,Minmatar Citizen 9978241,Retriever,48080,66245,48217,120,,,,0
121.000,Minmatar Citizen 7162778,Covetor,15525,70305,37110,1289,0.5076,0.4744,-0.7192,0
121.000,Minmatar Citizen 9678938,Venture,42480,62375,49039,1195,0.2305,-0.8359,-0.4981,0
121.000,Minmatar Citizen 2250648,Mackinaw,39425,46565,95112,331,-0.8601,-0.1242,-0.4948,0
121.000,Gallente Citizen 1635012,Venture,44360,60985,50932,456,0.3971,-0.3481,0.8492,0
122.000,Caldari Citizen 9942864,Venture,24215,77840,8864,2640,0.8045,-0.5916,0.0531,0
122.000,Caldari Citizen 6206817,Skiff,8960,89955,32308,406,0.4600,-0.2238,-0.8592,0
122.000,Minmatar Citizen 9745080,Endurance,8005,86305,38889,1076,-0.0756,0.5933,-0.8015,0
122.000,Amarr Citizen 0220922,Porpoise,20300,66060,47749,1377,-0.1857,0.4126,-0.8918,0
122.000,Minmatar Citizen 4351238,Retriever,48080,66245,48217,90,,,,0
122.000,Caldari Citizen 3216932,Endurance,10785,104385,36173,1070,0.4053,-0.7480,-0.5255,0
122.000,Minmatar Citizen 9076035,Porpoise,16795,80780,56502,1400,0.1186,0.0244,-0.9926,0
122.000,Minmatar Citizen 6662812,Procurer,40045,74120,11297,1888,0.9049,-0.3715,0.2076,0
122.000,Caldari Citizen 3891005,Orca,44420,57695,52898,144,-0.4587,-0.3826,0.8020,0
122.000,Caldari Citizen 8777524,Porpoise,30785,50000,55797,186,-0.7239,-0.2896,-0.6262,0
122.000,Minmatar Citizen 0254120,Porpoise,31855,49135,62984,127,0.0000,0.7927,-0.6096,0
122.000,Amarr Citizen 2674287,Orca,46160,63760,51380,244,-0.4797,-0.3145,0.8192,0
122.000,Amarr Citizen 5054432,Prospect,16400,95425,5840,1962,0.6277,-0.7516,-0.2025,0
122.000,Amarr Citizen 4520313,Prospect,34340,68900,12552,1569,0.8095,-0.4675,0.3551,0
122.000,Minmatar Citizen 9978241,Retriever,48080,66245,48217,126,,,,0
122.000,Minmatar Citizen 7162778,Covetor,16680,70800,35639,1093,0.4572,0.4719,-0.7539,0
122.000,Minmatar Citizen 9678938,Venture,42560,60725,49215,1375,0.4915,-0.8696,-0.0473,0
122.000,Minmatar Citizen 2250648,Mackinaw,38300,45440,94933,497,-0.9337,0.0183,-0.3575,0
122.000,Gallente Citizen 1635012,Venture,44360,60200,51857,456,0.4376,-0.3133,0.8428,0
123.000,Caldari Citizen 9942864,Venture,26625,75960,9066,3085,0.7825,-0.5986,0.1715,0
123.000,Caldari Citizen 6206817,Skiff,10275,89955,31914,382,0.3341,-0.2902,-0.8967,0
123.000,Minmatar Citizen 9745080,Endurance,8005,86720,37955,1063,-0.0636,0.5568,-0.8282,0
123.000,Amarr Citizen 0220922,Porpoise,20300,67280,46014,1370,-0.1671,0.4142,-0.8947,0
123.000,Minmatar Citizen 4351238,Retriever,48080,66245,48217,90,,,,0
123.000,Caldari Citizen 3216932,Endurance,11095,103280,36196,1083,0.5017,-0.7324,-0.4603,0
123.000,Minmatar Citizen 9076035,Porpoise,15800,81005,54677,1418,0.1118,0.0586,-0.9920,0
123.000,Minmatar Citizen 6662812,Procurer,41855,74480,9843,1534,0.8068,-0.3669,0.4631,0
123.000,Caldari Citizen 3891005,Orca,44420,57695,52898,142,-0.4074,0.5242,0.7479,0
123.000,Caldari Citizen 8777524,Porpoise,30785,50000,55797,186,,,,0
123.000,Minmatar Citizen 0254120,Porpoise,31855,49135,62984,126,,,,0
123.000,Amarr Citizen 2674287,Orca,45175,63760,52248,232,-0.5725,-0.2252,0.7884,0
123.000,Amarr Citizen 5054432,Prospect,17000,93125,7983,2068,0.6037,-0.7542,-0.2582,0
123.000,Amarr Citizen 4520313,Prospect,36240,67920,12551,1480,0.8623,-0.4260,0.2739,0
123.000,Minmatar Citizen 9978241,Retriever,48080,66245,48217,112,,,,0
123.000,Minmatar Citizen 7162778,Covetor,16680,70800,35639,930,0.4066,0.5404,-0.7367,0
123.000,Minmatar Citizen 9678938,Venture,43525,59960,49309,1527,0.5993,-0.7226,0.3444,0
123.000,Minmatar Citizen 2250648,Mackinaw,38300,46595,94372,733,-0.9305,0.0697,-0.3596,0
123.000,Gallente Citizen 1635012,Venture,45275,61115,51760,456,0.5209,-0.2286,0.8225,0
124.000,Caldari Citizen 9942864,Venture,28955,74000,9252,3421,0.8076,-0.5872,0.0546,0
124.000,Caldari Citizen 6206817,Skiff,10275,90300,30925,364,0.4317,-0.3319,-0.8388,0
124.000,Minmatar Citizen 9745080,Endurance,8005,87125,37016,1055,-0.0386,0.4878,-0.8721,0
124.000,Amarr Citizen 0220922,Porpoise,20300,67875,45132,1369,-0.1660,0.4028,-0.9001,0
124.000,Minmatar Citizen 4351238,Retriever,48080,66245,48217,90,,,,0
124.000,Caldari Citizen 3216932,Endurance,11405,102560,35105,1090,0.6170,-0.6436,-0.4528,0
124.000,Minmatar Citizen 9076035,Porpoise,16100,80615,53348,1434,0.0324,0.0178,-0.9993,0
124.000,Minmatar Citizen 6662812,Procurer,42800,73460,12953,1249,0.8652,-0.3066,0.3968,0
124.000,Caldari Citizen 3891005,Orca,44420,57695,52898,141,-0.1924,0.6882,0.6996,0
124.000,Caldari Citizen 8777524,Porpoise,30785,50000,55797,187,,,,0
124.000,Minmatar Citizen 0254120,Porpoise,31855,49135,62984,128,,,,0
124.000,Amarr Citizen 2674287,Orca,45175,63760,52248,220,-0.7502,0.0000,0.6612,0
124.000,Amarr Citizen 5054432,Prospect,18535,91975,5749,2174,0.4301,-0.6122,-0.6635,0
124.000,Amarr Citizen 4520313,Prospect,37175,67415,12539,1402,0.8564,-0.3936,0.3342,0
124.000,Minmatar Citizen 9978241,Retriever,48080,66245,48217,91,,,,0
124.000,Minmatar Citizen 7162778,Covetor,16680,71285,34659,794,0.3236,0.5458,-0.7729,0
124.000,Minmatar Citizen 9678938,Venture,44480,59185,49393,1634,0.5560,-0.5193,0.6490,0
124.000,Minmatar Citizen 2250648,Mackinaw,38300,46595,94372,949,-0.8278,0.3410,-0.4455,0
124.000,Gallente Citizen 1635012,Venture,45275,61115,51760,456,0.3650,-0.3961,0.8426,0
125.000,Caldari Citizen 9942864,Venture,31205,71525,12305,3667,0.7854,-0.6013,0.1469,0
125.000,Caldari Citizen 6206817,Skiff,9320,89345,30913,351,0.4567,-0.3859,-0.8016,0
125.000,Minmatar Citizen 9745080,Endurance,8005,87520,36072,1051,0.0000,0.3810,-0.9246,0
125.000,Amarr Citizen 0220922,Porpoise,20300,69035,43337,1374,-0.1299,0.4250,-0.8958,0
125.000,Minmatar Citizen 4351238,Retriever,48080,66245,48217,90,,,,0
125.000,Caldari Citizen 3216932,Endurance,11715,101475,35065,1080,0.6742,-0.6387,-0.3708,0
125.000,Minmatar Citizen 9076035,Porpoise,17375,81200,52045,1448,0.0445,0.0689,-0.9966,0
125.000,Minmatar Citizen 6662812,Procurer,43735,72935,12796,1020,0.9625,-0.2607,0.0753,0
125.000,Caldari Citizen 3891005,Orca,43455,57695,53693,140,-0.0507,0.7644,0.6427,0
125.000,Caldari Citizen 8777524,Porpoise,30785,50000,55797,188,-0.6853,-0.6853,-0.2465,0
125.000,Minmatar Citizen 0254120,Porpoise,31855,49135,62984,130,,,,0
125.000,Amarr Citizen 2674287,Orca,45175,63760,52248,210,-0.4464,-0.3558,0.8211,0
125.000,Amarr Citizen 5054432,Prospect,19115,89675,7551,2279,0.3476,-0.5051,-0.7900,0
125.000,Amarr Citizen 4520313,Prospect,38100,66375,15058,1334,0.8244,-0.3047,0.4770,0
125.000,Minmatar Citizen 9978241,Retriever,48080,66245,48217,74,,,,0
125.000,Minmatar Citizen 7162778,Covetor,16680,71760,33664,682,0.2487,0.6352,-0.7312,0
125.000,Minmatar Citizen 9678938,Venture,45375,58500,51175,1687,0.5480,-0.2020,0.8117,0
125.000,Minmatar Citizen 2250648,Mackinaw,35960,46625,94096,1138,-0.7355,0.4622,-0.4954,0
125.000,Gallente Citizen 1635012,Venture,45275,60320,52685,456,0.2319,-0.5112,0.8276,0
126.000,Caldari Citizen 9942864,Venture,34340,68900,12552,3842,0.8053,-0.5599,0.1949,0
126.000,Caldari Citizen 6206817,Skiff,9320,89345,30913,341,0.4144,-0.5073,-0.7556,0
126.000,Minmatar Citizen 9745080,Endurance,8005,87905,35123,1047,0.2162,0.4287,-0.8772,0
126.000,Amarr Citizen 0220922,Porpoise,19465,68765,42208,1384,-0.1326,0.4023,-0.9059,0
126.000,Minmatar Citizen 4351238,Retriever,48080,66245,48217,90,,,,0
126.000,Caldari Citizen 3216932,Endurance,14475,101475,34019,1085,0.6745,-0.6577,-0.3353,0
126.000,Minmatar Citizen 9076035,Porpoise,16400,81365,50197,1453,0.1060,0.0450,-0.9933,0
126.000,Minmatar Citizen 6662812,Procurer,44660,72400,12638,838,0.8916,-0.3162,0.3242,0
126.000,Caldari Citizen 3891005,Orca,44360,58600,53658,139,0.0911,0.8180,0.5679,0
126.000,Caldari Citizen 8777524,Porpoise,30785,50000,55797,189,-0.2804,-0.3794,-0.8817,0
126.000,Minmatar Citizen 0254120,Porpoise,31855,49135,62984,134,,,,0
126.000,Amarr Citizen 2674287,Orca,45175,63760,52248,264,0.0000,-0.6396,0.7687,0
126.000,Amarr Citizen 5054432,Prospect,21785,88280,3613,2378,0.3421,-0.4706,-0.8133,0
126.000,Amarr Citizen 4520313,Prospect,39800,66625,14767,1225,0.7989,-0.2414,0.5509,0
126.000,Minmatar Citizen 9978241,Retriever,48080,66245,48217,62,,,,0
126.000,Minmatar Citizen 7162778,Covetor,17495,72575,33923,593,0.2773,0.6526,-0.7052,0
126.000,Minmatar Citizen 9678938,Venture,46280,58600,52012,1689,0.4369,0.0681,0.8970,0
126.000,Minmatar Citizen 2250648,Mackinaw,34855,46655,93319,1300,-0.8045,0.3622,-0.4708,0
126.000,Gallente Citizen 1635012,Venture,45275,60320,52685,457,0.1808,-0.5522,0.8139,0
127.000,Caldari Citizen 9942864,Venture,38100,67415,9360,3958,0.8432,-0.4768,0.2483,0
127.000,Caldari Citizen 6206817,Skiff,10625,89345,30489,334,0.6538,-0.6196,-0.4344,0
127.000,Minmatar Citizen 9745080,Endurance,8005,88280,34170,1042,0.3318,0.4425,-0.8332,0
127.000,Amarr Citizen 0220922,Porpoise,19465,69320,41290,1396,-0.1097,0.4092,-0.9058,0
127.000,Minmatar Citizen 4351238,Retriever,48080,66245,48217,90,-0.3037,-0.7135,0.6314,0
127.000,Caldari Citizen 3216932,Endurance,14765,100400,33924,1094,0.7114,-0.6424,-0.2850,0
127.000,Minmatar Citizen 9076035,Porpoise,16700,80955,48820,1455,0.0765,0.0382,-0.9963,0
127.000,Minmatar Citizen 6662812,Procurer,45525,73265,11345,690,0.9830,-0.1750,0.0558,0
127.000,Caldari Citizen 3891005,Orca,44360,58600,53658,138,0.2954,0.3770,0.8778,0
127.000,Caldari Citizen 8777524,Porpoise,29980,49195,55507,189,0.0297,-0.0977,-0.9948,0
127.000,Minmatar Citizen 0254120,Porpoise,31855,49135,62984,138,,,,0
127.000,Amarr Citizen 2674287,Orca,45175,63760,52248,330,0.0000,-0.6396,0.7687,0
127.000,Amarr Citizen 5054432,Prospect,22325,85685,-8982,2473,0.3947,-0.5192,-0.7581,0
127.000,Amarr Citizen 4520313,Prospect,40705,66080,14749,1114,0.8589,-0.1244,0.4969,0
127.000,Minmatar Citizen 9978241,Retriever,48080,66245,48217,61,,,,0
127.000,Minmatar Citizen 7162778,Covetor,17495,73040,32910,520,0.2701,0.6399,-0.7194,0
127.000,Minmatar Citizen 9678938,Venture,46240,57875,54556,1643,0.1612,0.2574,0.9528,0
127.000,Minmatar Citizen 2250648,Mackinaw,34855,48895,92165,1442,-0.7601,0.4218,-0.4943,0
127.000,Gallente Citizen 1635012,Venture,45275,59515,53592,457,0.3146,-0.4534,0.8340,0
128.000,Caldari Citizen 9942864,Venture,40815,65295,12438,3982,0.8431,-0.3837,0.3769,0
128.000,Caldari Citizen 6206817,Skiff,10625,89345,30489,329,0.7858,-0.4487,-0.4256,0
128.000,Minmatar Citizen 9745080,Endurance,8005,88645,33211,1036,0.4406,0.3586,-0.8230,0
128.000,Amarr Citizen 0220922,Porpoise,19465,69865,40361,1410,0.0237,0.4132,-0.9103,0
128.000,Minmatar Citizen 4351238,Retriever,48080,66245,48217,90,-0.3689,-0.7274,0.5786,0
128.000,Caldari Citizen 3216932,Endurance,15055,99335,33792,1101,0.6668,-0.6830,-0.2982,0
128.000,Minmatar Citizen 9076035,Porpoise,16700,81500,47905,1458,0.1299,0.0276,-0.9911,0
128.000,Minmatar Citizen 6662812,Procurer,46440,72720,11141,873,0.9969,-0.0520,-0.0596,0
128.000,Caldari Citizen 3891005,Orca,44360,58600,53658,137,0.5174,-0.2592,0.8156,0
128.000,Caldari Citizen 8777524,Porpoise,29980,49195,55507,189,0.2182,0.0851,-0.9722,0
128.000,Minmatar Citizen 0254120,Porpoise,31855,49135,62984,142,,,,0
128.000,Amarr Citizen 2674287,Orca,45175,62975,53192,391,-0.3023,-0.4770,0.8253,0
128.000,Amarr Citizen 5054432,Prospect,23740,84220,-9349,2564,0.4356,-0.5797,-0.6886,0
128.000,Amarr Citizen 4520313,Prospect,41500,66320,16715,1019,0.8421,-0.0575,0.5362,0
128.000,Minmatar Citizen 9978241,Retriever,48080,66245,48217,74,,,,0
128.000,Minmatar Citizen 7162778,Covetor,17495,73040,32910,462,0.3548,0.6865,-0.6346,0
128.000,Minmatar Citizen 9678938,Venture,47135,59735,55191,1548,-0.0630,0.4398,0.8959,0
128.000,Minmatar Citizen 2250648,Mackinaw,33760,48905,91376,1564,-0.7272,0.4735,-0.4970,0
128.000,Gallente Citizen 1635012,Venture,45275,59515,53592,457,0.4863,-0.2948,0.8226,0
129.000,Caldari Citizen 9942864,Venture,44225,63800,14653,3540,0.7961,-0.2543,0.5491,0
129.000,Caldari Citizen 6206817,Skiff,10625,89345,30489,325,0.6517,-0.6143,-0.4449,0
129.000,Minmatar Citizen 9745080,Endurance,10275,89955,31914,1024,0.4803,0.2847,-0.8296,0
129.000,Amarr Citizen 0220922,Porpoise,19465,70925,38468,1424,0.1411,0.4437,-0.8850,0
129.000,Minmatar Citizen 4351238,Retriever,48080,65480,49251,90,-0.5074,-0.6057,0.6130,0
129.000,Caldari Citizen 3216932,Endurance,15345,98280,33624,1108,0.5054,-0.8197,-0.2695,0
129.000,Minmatar Citizen 9076035,Porpoise,17000,81080,46498,1458,0.2583,0.0168,-0.9659,0
129.000,Minmatar Citizen 6662812,Procurer,46440,72165,14302,1101,0.9501,0.0261,-0.3108,0
129.000,Caldari Citizen 3891005,Orca,44360,58600,53658,136,0.0000,-0.6809,0.7324,0
129.000,Caldari Citizen 8777524,Porpoise,30995,50000,54215,184,0.3798,0.2496,-0.8908,0
129.000,Minmatar Citizen 0254120,Porpoise,31855,49135,62984,146,0.6934,0.3444,-0.6329,0
129.000,Amarr Citizen 2674287,Orca,45175,62975,53192,449,-0.3525,-0.4471,0.8221,0
129.000,Amarr Citizen 5054432,Prospect,25375,81860,-7145,2651,0.4966,-0.7575,-0.4237,0
129.000,Amarr Citizen 4520313,Prospect,42395,65755,16702,938,0.7969,-0.0428,0.6027,0
129.000,Minmatar Citizen 9978241,Retriever,48080,66245,48217,100,,,,0
129.000,Minmatar Citizen 7162778,Covetor,17495,73040,32910,416,0.3350,0.6700,-0.6625,0
129.000,Minmatar Citizen 9678938,Venture,47105,60680,55893,1403,-0.3548,0.4429,0.8234,0
129.000,Minmatar Citizen 2250648,Mackinaw,31440,48915,91010,1665,-0.7748,0.4223,-0.4705,0
129.000,Gallente Citizen 1635012,Venture,46200,59625,54401,395,0.2935,-0.4791,0.8273,0
130.000,Caldari Citizen 9942864,Venture,46680,64200,16135,2403,0.7257,-0.1037,0.6802,0
130.000,Caldari Citizen 6206817,Skiff,10975,88400,30016,322,0.2702,-0.6002,-0.7528,0
130.000,Minmatar Citizen 9745080,Endurance,10275,90300,30925,1004,0.5689,0.1858,-0.8011,0
130.000,Amarr Citizen 0220922,Porpoise,19465,71440,37503,1294,0.1847,0.4213,-0.8879,0
130.000,Minmatar Citizen 4351238,Retriever,47135,64535,49493,90,-0.5839,-0.5258,0.6186,0
130.000,Caldari Citizen 3216932,Endurance,16680,98280,32982,1114,0.6185,-0.7511,-0.2309,0
130.000,Minmatar Citizen 9076035,Porpoise,17300,81175,44129,1460,0.2787,-0.0082,-0.9603,0
130.000,Minmatar Citizen 6662812,Procurer,48220,72475,12892,1292,0.9660,-0.0006,-0.2586,0
130.000,Caldari Citizen 3891005,Orca,44360,57785,54535,135,0.0000,-0.6809,0.7324,0
130.000,Caldari Citizen 8777524,Porpoise,30995,50000,54215,180,0.3371,0.2055,-0.9188,0
130.000,Minmatar Citizen 0254120,Porpoise,31855,49135,62984,150,0.4363,0.2072,-0.8756,0
130.000,Amarr Citizen 2674287,Orca,45175,62975,53192,502,-0.2434,-0.2713,0.9312,0
130.000,Amarr Citizen 5054432,Prospect,27805,80000,-7203,2733,0.5791,-0.8152,-0.0079,0
130.000,Amarr Citizen 4520313,Prospect,43200,66560,16264,870,0.8213,0.0173,0.5702,0
130.000,Minmatar Citizen 9978241,Retriever,48080,66245,48217,122,,,,0
130.000,Minmatar Citizen 7162778,Covetor,17495,73495,31881,380,0.1352,0.8206,-0.5553,0
130.000,Minmatar Citizen 9678938,Venture,45125,60680,57504,1501,-0.4932,0.4040,0.7704,0
130.000,Minmatar Citizen 2250648,Mackinaw,31440,50000,90419,1753,-0.8380,0.3553,-0.4142,0
130.000,Gallente Citizen 1635012,Venture,46200,59625,54401,354,0.0000,-0.6747,0.7380,0
131.000,Caldari Citizen 9942864,Venture,47495,63775,20024,1541,0.6677,0.0804,0.7401,0
131.000,Caldari Citizen 6206817,Skiff,10975,88400,30016,320,0.2534,-0.5300,-0.8093,0
131.000,Minmatar Citizen 9745080,Endurance,10625,89345,30489,970,0.6073,-0.0333,-0.7938,0
131.000,Amarr Citizen 0220922,Porpoise,20600,71945,35896,1102,0.2074,0.4023,-0.8917,0
131.000,Minmatar Citizen 4351238,Retriever,47135,64535,49493,90,-0.6602,-0.4382,0.6100,0
131.000,Caldari Citizen 3216932,Endurance,16960,97235,32768,1119,0.7083,-0.6602,-0.2501,0
131.000,Minmatar Citizen 9076035,Porpoise,18535,81680,42671,1464,0.2803,-0.0252,-0.9596,0
131.000,Minmatar Citizen 6662812,Procurer,50000,72785,11106,1450,0.8934,0.0608,-0.4451,0
131.000,Caldari Citizen 3891005,Orca,44360,57785,54535,135,0.0000,-0.6809,0.7324,0
131.000,Caldari Citizen 8777524,Porpoise,30995,50000,54215,177,-0.1651,-0.2770,-0.9466,0
131.000,Minmatar Citizen 0254120,Porpoise,32900,49135,62445,154,0.2242,0.1028,-0.9691,0
131.000,Amarr Citizen 2674287,Orca,44180,62975,54021,550,-0.0968,-0.1912,0.9768,0
131.000,Amarr Citizen 5054432,Prospect,28265,77600,-8266,2810,0.5507,-0.8308,-0.0801,0
131.000,Amarr Citizen 4520313,Prospect,43200,65985,18459,812,0.8322,0.0408,0.5530,0
131.000,Minmatar Citizen 9978241,Retriever,48080,66245,48217,122,-0.4050,-0.7329,0.5466,0
131.000,Minmatar Citizen 7162778,Covetor,18320,74320,32092,352,-0.0740,0.8473,-0.5260,0
131.000,Minmatar Citizen 9678938,Venture,45075,61635,58184,1744,-0.6063,0.1388,0.7830,0
131.000,Minmatar Citizen 2250648,Mackinaw,29120,51065,89406,1824,-0.8221,0.3796,-0.4243,0
131.000,Gallente Citizen 1635012,Venture,46200,59625,54401,341,-0.4207,-0.7915,0.4434,0
132.000,Caldari Citizen 9942864,Venture,48320,64600,19520,925,0.5066,0.2673,0.8197,0
132.000,Caldari Citizen 6206817,Skiff,10975,88400,30016,318,0.2377,-0.4668,-0.8518,0
132.000,Minmatar Citizen 9745080,Endurance,10625,89680,29489,926,0.5324,-0.3063,-0.7892,0
132.000,Amarr Citizen 0220922,Porpoise,20600,72440,34887,941,0.2296,0.3830,-0.8947,0
132.000,Minmatar Citizen 4351238,Retriever,46160,64535,50403,90,-0.7871,-0.2569,0.5608,0
132.000,Caldari Citizen 3216932,Endurance,17240,96200,32517,1122,0.7789,-0.5526,-0.2965,0
132.000,Minmatar Citizen 9076035,Porpoise,18825,81240,41167,1469,0.2778,-0.0690,-0.9582,0
132.000,Minmatar Citizen 6662812,Procurer,51780,73095,8715,1582,0.9634,0.0625,-0.2606,0
132.000,Caldari Citizen 3891005,Orca,44360,57785,54535,134,,,,0
132.000,Caldari Citizen 8777524,Porpoise,30995,50000,54215,176,-0.6845,-0.6845,-0.2507,0
132.000,Minmatar Citizen 0254120,Porpoise,32900,50000,61754,157,0.0114,0.0072,-0.9999,0
132.000,Amarr Citizen 2674287,Orca,44180,62180,54934,595,-0.1423,-0.1916,0.9711,0
132.000,Amarr Citizen 5054432,Prospect,29760,74805,-8919,2882,0.5465,-0.8211,-0.1649,0
132.000,Amarr Citizen 4520313,Prospect,44900,66215,17988,795,0.8112,0.1928,0.5520,0
132.000,Minmatar Citizen 9978241,Retriever,48080,66245,48217,106,-0.4050,-0.7329,0.5466,0
132.000,Minmatar Citizen 7162778,Covetor,18320,74320,32092,331,-0.2894,0.8418,-0.4557,0
132.000,Minmatar Citizen 9678938,Venture,43035,61635,59709,2002,-0.5975,0.0307,0.8013,0
132.000,Minmatar Citizen 2250648,Mackinaw,28055,51055,88557,1599,-0.8042,0.4130,-0.4273,0
132.000,Gallente Citizen 1635012,Venture,45275,58700,54484,244,-0.7057,-0.7057,0.0635,0
133.000,Caldari Citizen 9942864,Venture,49155,65435,18922,525,0.1842,0.4651,0.8659,0
133.000,Caldari Citizen 6206817,Skiff,10975,88735,29011,317,0.2091,-0.3585,-0.9098,0
133.000,Minmatar Citizen 9745080,Endurance,11920,89680,28990,920,0.5743,-0.4672,-0.6722,0
133.000,Amarr Citizen 0220922,Porpoise,20600,72440,34887,807,0.1610,0.3935,-0.9051,0
133.000,Minmatar Citizen 4351238,Retriever,46160,64535,50403,90,-0.7308,0.0000,0.6825,0
133.000,Caldari Citizen 3216932,Endurance,18545,95825,32904,1125,0.7648,-0.6029,-0.2269,0
133.000,Minmatar Citizen 9076035,Porpoise,19115,80800,39623,1474,0.2508,-0.1734,-0.9524,0
133.000,Minmatar Citizen 6662812,Procurer,53560,72800,10606,1692,0.9752,-0.0056,0.2213,0
133.000,Caldari Citizen 3891005,Orca,44360,57785,54535,133,,,,0
133.000,Caldari Citizen 8777524,Porpoise,30200,49205,53924,175,-0.6845,-0.6845,-0.2507,0
133.000,Minmatar Citizen 0254120,Porpoise,32045,49145,61505,160,-0.2888,-0.1165,-0.9503,0
133.000,Amarr Citizen 2674287,Orca,45125,63125,54808,637,-0.1206,-0.2876,0.9501,0
133.000,Amarr Citizen 5054432,Prospect,32000,72755,-9095,2951,0.5270,-0.8368,-0.1481,0
133.000,Amarr Citizen 4520313,Prospect,44900,66215,17988,804,0.7133,0.1281,0.6890,0
133.000,Minmatar Citizen 9978241,Retriever,48080,66245,48217,88,-0.5074,-0.6057,0.6130,0
133.000,Minmatar Citizen 7162778,Covetor,17165,74765,31695,315,-0.2443,0.9583,-0.1480,0
133.000,Minmatar Citizen 9678938,Venture,42965,61765,61222,2230,-0.5691,-0.0963,0.8166,0
133.000,Minmatar Citizen 2250648,Mackinaw,26800,52100,88337,1368,-0.8744,0.3474,-0.3389,0
133.000,Gallente Citizen 1635012,Venture,45275,58700,54484,213,-0.8129,-0.4980,0.3018,0
134.000,Caldari Citizen 9942864,Venture,48300,65435,21009,418,-0.3575,0.7650,0.5357,0
134.000,Caldari Citizen 6206817,Skiff,11325,87800,28494,316,0.4909,-0.3260,-0.8079,0
134.000,Minmatar Citizen 9745080,Endurance,12260,88735,28492,821,0.5248,-0.4298,-0.7348,0
134.000,Amarr Citizen 0220922,Porpoise,20600,72925,33861,668,0.0000,0.4256,-0.9049,0
134.000,Minmatar Citizen 4351238,Retriever,46160,64535,50403,90,,,,0
134.000,Caldari Citizen 3216932,Endurance,20100,94800,31827,1207,0.7610,-0.6108,-0.2185,0
134.000,Minmatar Citizen 9076035,Porpoise,19115,81275,38639,1468,0.2459,-0.1897,-0.9505,0
134.000,Minmatar Citizen 6662812,Procurer,55340,73100,7608,1784,0.9096,-0.0353,0.4140,0
134.000,Caldari Citizen 3891005,Orca,44360,57785,54535,133,,,,0
134.000,Caldari Citizen 8777524,Porpoise,30200,49205,53924,177,-0.6845,-0.6845,-0.2507,0
134.000,Minmatar Citizen 0254120,Porpoise,32045,49145,61505,163,-0.7546,-0.2965,-0.5854,0
134.000,Amarr Citizen 2674287,Orca,45125,62320,55722,675,-0.0721,-0.3627,0.9291,0
134.000,Amarr Citizen 5054432,Prospect,33375,69840,-9617,3016,0.5286,-0.8237,-0.2055,0
134.000,Amarr Citizen 4520313,Prospect,45725,66445,19578,815,0.7673,0.2874,0.5733,0
134.000,Minmatar Citizen 9978241,Retriever,47135,64535,49493,118,-0.5516,-0.5367,0.6385,0
134.000,Minmatar Citizen 7162778,Covetor,17165,74765,31695,304,-0.1794,0.8641,-0.4702,0
134.000,Minmatar Citizen 9678938,Venture,40865,60920,63465,2415,-0.5633,-0.1676,0.8091,0
134.000,Minmatar Citizen 2250648,Mackinaw,25745,52080,87464,1141,-0.9270,0.3095,-0.2117,0
134.000,Gallente Citizen 1635012,Venture,45275,58700,54484,246,-0.9468,-0.2801,0.1584,0
135.000,Caldari Citizen 9942864,Venture,48300,65435,21009,612,-0.7027,0.6910,0.1694,0
135.000,Caldari Citizen 6206817,Skiff,11325,87800,28494,315,0.6669,-0.3012,-0.6816,0
135.000,Minmatar Citizen 9745080,Endurance,12260,88735,28492,708,0.2753,-0.6519,-0.7066,0
135.000,Amarr Citizen 0220922,Porpoise,20600,72925,33861,555,0.0000,0.4205,-0.9073,0
135.000,Minmatar Citizen 4351238,Retriever,46160,64535,50403,90,,,,0
135.000,Caldari Citizen 3216932,Endurance,21375,94800,30985,1275,0.7949,-0.5615,-0.2297,0
135.000,Minmatar Citizen 9076035,Porpoise,19405,80360,38036,1465,0.3074,-0.2070,-0.9288,0
135.000,Minmatar Citizen 6662812,Procurer,56265,72765,13730,1790,0.7519,-0.0604,0.6565,0
135.000,Caldari Citizen 3891005,Orca,44360,57785,54535,132,,,,0
135.000,Caldari Citizen 8777524,Porpoise,30200,49205,53924,178,-0.6827,-0.6827,-0.2607,0
135.000,Minmatar Citizen 0254120,Porpoise,32045,49145,61505,166,,,,0
135.000,Amarr Citizen 2674287,Orca,44120,62320,56521,711,-0.2848,-0.3905,0.8754,0
135.000,Amarr Citizen 5054432,Prospect,35465,67640,-9801,3009,0.5141,-0.8202,-0.2510,0
135.000,Amarr Citizen 4520313,Prospect,46560,67280,19015,827,0.6350,0.2981,0.7127,0
135.000,Minmatar Citizen 9978241,Retriever,47135,64535,49493,146,-0.5865,-0.4742,0.6566,0
135.000,Minmatar Citizen 7162778,Covetor,17165,74765,31695,295,0.1521,0.8388,-0.5228,0
135.000,Minmatar Citizen 9678938,Venture,39700,61040,65590,2562,-0.5296,-0.2011,0.8241,0
135.000,Minmatar Citizen 2250648,Mackinaw,24480,53105,87210,949,-0.9652,0.2563,-0.0521,0
135.000,Gallente Citizen 1635012,Venture,45275,58700,54484,288,-0.9971,-0.0478,0.0598,0
136.000,Caldari Citizen 9942864,Venture,47435,66060,21024,823,-0.8246,0.5510,0.1281,0
136.000,Caldari Citizen 6206817,Skiff,11325,87800,28494,314,0.6255,-0.5891,-0.5116,0
136.000,Minmatar Citizen 9745080,Endurance,12600,87800,27954,637,-0.0995,-0.7070,-0.7001,0
136.000,Amarr Citizen 0220922,Porpoise,20600,73400,32819,459,0.0000,0.4146,-0.9100,0
136.000,Minmatar Citizen 4351238,Retriever,46160,64535,50403,90,,,,0
136.000,Caldari Citizen 3216932,Endurance,21625,93400,31777,1325,0.7419,-0.6143,-0.2688,0
136.000,Minmatar Citizen 9076035,Porpoise,19695,79920,36399,1465,0.3932,-0.1604,-0.9053,0
136.000,Minmatar Citizen 6662812,Procurer,58055,72400,14962,1811,0.7958,-0.0478,0.6037,0
136.000,Caldari Citizen 3891005,Orca,44360,57785,54535,131,,,,0
136.000,Caldari Citizen 8777524,Porpoise,30200,49205,53924,179,-0.1757,-0.7580,-0.6281,0
136.000,Minmatar Citizen 0254120,Porpoise,32045,49145,61505,168,,,,0
136.000,Amarr Citizen 2674287,Orca,44120,61505,57407,743,-0.3993,-0.4518,0.7978,0
136.000,Amarr Citizen 5054432,Prospect,36720,64605,-10141,2997,0.5141,-0.8102,-0.2815,0
136.000,Amarr Citizen 4520313,Prospect,46560,66675,21038,897,0.7748,0.3004,0.5563,0
136.000,Minmatar Citizen 9978241,Retriever,46160,64535,50403,165,-0.6334,-0.3741,0.6774,0
136.000,Minmatar Citizen 7162778,Covetor,18000,75600,31885,289,0.1802,0.9062,-0.3825,0
136.000,Minmatar Citizen 9678938,Venture,37520,59300,68409,2677,-0.5617,-0.2273,0.7955,0
136.000,Minmatar Citizen 2250648,Mackinaw,23205,53105,87558,996,-0.9630,0.2471,0.1075,0
136.000,Gallente Citizen 1635012,Venture,44300,58700,55279,326,-0.9984,-0.0528,-0.0180,0
137.000,Caldari Citizen 9942864,Venture,46560,66675,21038,967,-0.6491,0.7348,-0.1968,0
137.000,Caldari Citizen 6206817,Skiff,12600,87800,27954,314,0.4689,-0.7169,-0.5160,0
137.000,Minmatar Citizen 9745080,Endurance,12600,88125,26911,613,-0.3006,-0.6461,-0.7016,0
137.000,Amarr Citizen 0220922,Porpoise,20600,73400,32819,380,0.0000,0.4081,-0.9129,0
137.000,Minmatar Citizen 4351238,Retriever,46160,64535,50403,155,,,,0
137.000,Caldari Citizen 3216932,Endurance,21875,92395,31379,1362,0.7207,-0.6573,-0.2204,0
137.000,Minmatar Citizen 9076035,Porpoise,20880,80375,34697,1468,0.4750,-0.1797,-0.8615,0
137.000,Minmatar Citizen 6662812,Procurer,59845,72680,12696,1519,0.8046,-0.0482,0.5919,0
137.000,Caldari Citizen 3891005,Orca,44360,57785,54535,131,,,,0
137.000,Caldari Citizen 8777524,Porpoise,30200,49205,53924,180,0.0473,-0.7077,-0.7049,0
137.000,Minmatar Citizen 0254120,Porpoise,32045,49145,61505,170,0.0000,0.7769,-0.6297,0
137.000,Amarr Citizen 2674287,Orca,44120,61505,57407,774,-0.4493,-0.4254,0.7856,0
137.000,Amarr Citizen 5054432,Prospect,37775,62255,-13167,2769,0.5649,-0.7759,-0.2807,0
137.000,Amarr Citizen 4520313,Prospect,47405,67520,20465,968,0.7916,0.3630,0.4916,0
137.000,Minmatar Citizen 9978241,Retriever,46160,64535,50403,135,-0.7308,0.0000,0.6825,0
137.000,Minmatar Citizen 7162778,Covetor,18000,76035,30833,284,-0.2262,0.9304,-0.2885,0
137.000,Minmatar Citizen 9678938,Venture,36285,59400,70399,2766,-0.5519,-0.2423,0.7979,0
137.000,Minmatar Citizen 2250648,Mackinaw,21920,53105,87888,1178,-0.9032,0.2419,0.3547,0
137.000,Gallente Citizen 1635012,Venture,43385,58600,54450,357,-0.9937,-0.0575,-0.0958,0
138.000,Caldari Citizen 9942864,Venture,46560,67280,19015,933,-0.3239,0.9067,-0.2701,0
138.000,Caldari Citizen 6206817,Skiff,12600,87800,27954,313,0.5431,-0.6525,-0.5285,0
138.000,Minmatar Citizen 9745080,Endurance,11675,87200,26905,624,-0.5450,-0.7829,-0.3000,0
138.000,Amarr Citizen 0220922,Porpoise,20600,73400,32819,313,0.0000,0.4059,-0.9139,0
138.000,Minmatar Citizen 4351238,Retriever,46160,64535,50403,141,,,,0
138.000,Caldari Citizen 3216932,Endurance,24355,92000,30706,1389,0.7345,-0.6520,-0.1883,0
138.000,Minmatar Citizen 9076035,Porpoise,21160,79480,34003,1470,0.5448,-0.1296,-0.8285,0
138.000,Minmatar Citizen 6662812,Procurer,60800,72275,17195,1257,0.8867,-0.0753,0.4562,0
138.000,Caldari Citizen 3891005,Orca,44360,57785,54535,130,-0.7813,0.0000,0.6241,0
138.000,Caldari Citizen 8777524,Porpoise,29415,48420,53612,176,0.1839,-0.6560,-0.7320,0
138.000,Minmatar Citizen 0254120,Porpoise,32045,49145,61505,172,0.0000,0.7769,-0.6297,0
138.000,Amarr Citizen 2674287,Orca,43105,60680,59033,802,-0.3558,-0.3709,0.8578,0
138.000,Amarr Citizen 5054432,Prospect,39665,59825,-13291,2558,0.5798,-0.7351,-0.3513,0
138.000,Amarr Citizen 4520313,Prospect,48260,67760,21807,1036,0.7503,0.3481,0.5620,0
138.000,Minmatar Citizen 9978241,Retriever,46160,64535,50403,154,,,,0
138.000,Minmatar Citizen 7162778,Covetor,18000,76035,30833,281,-0.5325,0.7070,-0.4655,0
138.000,Minmatar Citizen 9678938,Venture,35020,58595,73077,2835,-0.5628,-0.2396,0.7911,0
138.000,Minmatar Citizen 2250648,Mackinaw,20625,53105,88201,1403,-0.8345,0.1723,0.5235,0
138.000,Gallente Citizen 1635012,Venture,43385,58600,54450,381,-0.9658,0.1769,-0.1894,0
139.000,Caldari Citizen 9942864,Venture,45675,67280,21052,779,0.2157,0.9052,-0.3663,0
139.000,Caldari Citizen 6206817,Skiff,11675,86875,27936,313,0.5400,-0.6515,-0.5330,0
139.000,Minmatar Citizen 9745080,Endurance,11675,87200,26905,635,-0.6778,-0.7257,0.1186,0
139.000,Amarr Citizen 0220922,Porpoise,20600,73865,31758,263,0.0000,0.4016,-0.9158,0
139.000,Minmatar Citizen 4351238,Retriever,46160,64535,50403,128,,,,0
139.000,Caldari Citizen 3216932,Endurance,24585,91005,30243,1408,0.7731,-0.5943,-0.2215,0
139.000,Minmatar Citizen 9076035,Porpoise,22325,79925,32165,1469,0.6202,-0.1210,-0.7751,0
139.000,Minmatar Citizen 6662812,Procurer,62600,72545,15082,1072,0.8890,-0.0061,0.4578,0
139.000,Caldari Citizen 3891005,Orca,44360,57785,54535,130,-0.7813,0.0000,0.6241,0
139.000,Caldari Citizen 8777524,Porpoise,30420,48420,53048,174,0.3164,-0.5899,-0.7429,0
139.000,Minmatar Citizen 0254120,Porpoise,32045,50000,60812,174,0.0000,0.7769,-0.6297,0
139.000,Amarr Citizen 2674287,Orca,43105,60680,59033,827,-0.2936,-0.3138,0.9030,0
139.000,Amarr Citizen 5054432,Prospect,41365,58645,-13368,2372,0.6441,-0.6774,-0.3553,0
139.000,Amarr Citizen 4520313,Prospect,50000,68000,21095,1099,0.7959,0.4692,0.3827,0
139.000,Minmatar Citizen 9978241,Retriever,46160,64535,50403,170,,,,0
139.000,Minmatar Citizen 7162778,Covetor,16835,76035,31484,278,-0.5273,0.7060,-0.4728,0
139.000,Minmatar Citizen 9678938,Venture,32720,57680,74849,2887,-0.5592,-0.2177,0.7999,0
139.000,Minmatar Citizen 2250648,Mackinaw,20375,54160,88812,1623,-0.7758,0.1562,0.6114,0
139.000,Gallente Citizen 1635012,Venture,43385,58600,54450,399,-0.8494,0.4125,-0.3291,0
140.000,Caldari Citizen 9942864,Venture,46520,68125,20491,749,0.5704,0.8203,-0.0423,0
140.000,Caldari Citizen 6206817,Skiff,11675,86875,27936,313,0.4565,-0.7121,-0.5334,0
140.000,Minmatar Citizen 9745080,Endurance,11675,87200,26905,407,-0.3759,-0.8589,0.3479,0
140.000,Amarr Citizen 0220922,Porpoise,20600,73865,31758,222,0.0000,0.4016,-0.9158,0
140.000,Minmatar Citizen 4351238,Retriever,46160,64535,50403,119,,,,0
140.000,Caldari Citizen 3216932,Endurance,26020,89615,29935,1422,0.7982,-0.5504,-0.2449,0
140.000,Minmatar Citizen 9076035,Porpoise,23740,79040,30547,1470,0.6281,-0.1863,-0.7555,0
140.000,Minmatar Citizen 6662812,Procurer,62600,72545,15082,960,0.8297,0.0387,0.5569,0
140.000,Caldari Citizen 3891005,Orca,43385,57785,55314,130,-0.6083,-0.2574,0.7508,0
140.000,Caldari Citizen 8777524,Porpoise,30420,48420,53048,174,0.5160,-0.4551,-0.7257,0
140.000,Minmatar Citizen 0254120,Porpoise,32045,50000,60812,175,-0.4832,0.3317,-0.8102,0
140.000,Amarr Citizen 2674287,Orca,42080,59845,60604,851,-0.2606,-0.3389,0.9040,0
140.000,Amarr Citizen 5054432,Prospect,43025,57425,-13425,2215,0.6968,-0.6098,-0.3777,0
140.000,Amarr Citizen 4520313,Prospect,50000,68875,22366,1158,0.7666,0.4492,0.4589,0
140.000,Minmatar Citizen 9978241,Retriever,46160,64535,50403,182,,,,0
140.000,Minmatar Citizen 7162778,Covetor,16835,76035,31484,276,-0.2190,0.9275,-0.3029,0
140.000,Minmatar Citizen 9678938,Venture,31385,56825,77375,2927,-0.5928,-0.2040,0.7791,0
140.000,Minmatar Citizen 2250648,Mackinaw,18800,54200,90321,1826,-0.7413,0.1205,0.6602,0
140.000,Gallente Citizen 1635012,Venture,43385,58600,54450,413,-0.9695,0.2377,-0.0600,0
141.000,Caldari Citizen 9942864,Venture,47375,68980,19834,834,0.8060,0.5774,0.1300,0
141.000,Caldari Citizen 6206817,Skiff,12940,86875,27373,292,0.8196,-0.2651,-0.5080,0
141.000,Minmatar Citizen 9745080,Endurance,10760,85960,27859,402,0.1556,-0.9213,0.3564,0
141.000,Amarr Citizen 0220922,Porpoise,20600,73865,31758,187,,,,0
141.000,Minmatar Citizen 4351238,Retriever,46160,64535,50403,113,0.6978,0.6978,-0.1615,0
141.000,Caldari Citizen 3216932,Endurance,27215,89200,30112,1433,0.7490,-0.6303,-0.2043,0
141.000,Minmatar Citizen 9076035,Porpoise,24875,79040,29630,1473,0.6495,-0.1693,-0.7413,0
141.000,Minmatar Citizen 6662812,Procurer,62600,71840,18145,996,0.6869,0.1909,0.7012,0
141.000,Caldari Citizen 3891005,Orca,43385,57785,55314,130,-0.4712,-0.3987,0.7868,0
141.000,Caldari Citizen 8777524,Porpoise,30420,48420,53048,173,,,,0
141.000,Minmatar Citizen 0254120,Porpoise,32045,50000,60812,176,-0.2072,-0.3070,-0.9289,0
141.000,Amarr Citizen 2674287,Orca,43035,60800,60559,873,-0.2062,-0.3515,0.9132,0
141.000,Amarr Citizen 5054432,Prospect,43840,56165,-15892,2080,0.6943,-0.5568,-0.4559,0
141.000,Amarr Citizen 4520313,Prospect,50885,69125,23526,1208,0.7513,0.4554,0.4776,0
141.000,Minmatar Citizen 9978241,Retriever,46160,64535,50403,191,0.6978,0.6978,-0.1615,0
141.000,Minmatar Citizen 7162778,Covetor,16835,76460,30438,275,-0.2441,0.9537,-0.1758,0
141.000,Minmatar Citizen 9678938,Venture,30020,56895,79157,2946,-0.6344,-0.2189,0.7414,0
141.000,Minmatar Citizen 2250648,Mackinaw,17195,54240,91795,2013,-0.7160,0.1414,0.6836,0
141.000,Gallente Citizen 1635012,Venture,42400,59405,54353,424,-0.9787,0.1962,-0.0610,0
142.000,Caldari Citizen 9942864,Venture,48240,69845,19068,961,0.8761,0.4604,-0.1430,0
142.000,Caldari Citizen 6206817,Skiff,12940,86875,27373,283,0.8329,-0.2320,-0.5025,0
142.000,Minmatar Citizen 9745080,Endurance,10760,85960,27859,516,0.3459,-0.9002,0.2645,0
142.000,Amarr Citizen 0220922,Porpoise,20600,73865,31758,158,,,,0
142.000,Minmatar Citizen 4351238,Retriever,46160,64535,50403,135,0.8347,0.4924,0.2464,0
142.000,Caldari Citizen 3216932,Endurance,28600,87800,29702,1441,0.7490,-0.6346,-0.1903,0
142.000,Minmatar Citizen 9076035,Porpoise,26000,79040,28647,1477,0.6601,-0.1938,-0.7258,0
142.000,Minmatar Citizen 6662812,Procurer,63575,72815,16131,1120,-0.0537,-0.0258,0.9982,0
142.000,Caldari Citizen 3891005,Orca,43385,57785,55314,130,-0.3113,-0.5268,0.7909,0
142.000,Caldari Citizen 8777524,Porpoise,30420,48420,53048,173,,,,0
142.000,Minmatar Citizen 0254120,Porpoise,32045,50000,60812,177,0.0158,-0.7630,-0.6462,0
142.000,Amarr Citizen 2674287,Orca,43035,59955,61395,894,-0.2884,-0.3970,0.8713,0
142.000,Amarr Citizen 5054432,Prospect,45440,54865,-15939,1979,0.6755,-0.5122,-0.5304,0
142.000,Amarr Citizen 4520313,Prospect,51780,70020,22716,1192,0.6996,0.3993,0.5926,0
142.000,Minmatar Citizen 9978241,Retriever,46160,64535,50403,176,0.6978,0.6978,-0.1615,0
142.000,Minmatar Citizen 7162778,Covetor,17680,77305,30600,273,-0.0853,0.8940,-0.4399,0
142.000,Minmatar Citizen 9678938,Venture,28625,56000,81570,2967,-0.6736,-0.2036,0.7105,0
142.000,Minmatar Citizen 2250648,Mackinaw,15560,54280,93234,2138,-0.7571,0.1253,0.6411,0
142.000,Gallente Citizen 1635012,Venture,42400,59405,54353,432,-0.9844,0.1650,-0.0609,0
143.000,Caldari Citizen 9942864,Venture,48240,69240,21160,1079,0.9248,0.3786,0.0366,0
143.000,Caldari Citizen 6206817,Skiff,12940,86875,27373,282,0.6887,-0.4668,-0.5548,0
143.000,Minmatar Citizen 9745080,Endurance,12025,85960,27336,638,0.6437,-0.7351,0.2128,0
143.000,Amarr Citizen 0220922,Porpoise,20600,73865,31758,134,,,,0
143.000,Minmatar Citizen 4351238,Retriever,47105,65480,50185,124,0.8117,0.2570,0.5246,0
143.000,Caldari Citizen 3216932,Endurance,29765,87800,28534,1447,0.7411,-0.6472,-0.1788,0
143.000,Minmatar Citizen 9076035,Porpoise,26240,78165,27761,1482,0.6189,-0.2090,-0.7571,0
143.000,Minmatar Citizen 6662812,Procurer,63575,72815,16131,1230,-0.1511,-0.1285,0.9801,0
143.000,Caldari Citizen 3891005,Orca,43385,56960,56163,129,0.0000,-0.6968,0.7172,0
143.000,Caldari Citizen 8777524,Porpoise,30420,48420,53048,174,-0.1718,-0.7478,-0.6413,0
143.000,Minmatar Citizen 0254120,Porpoise,31200,49155,60550,179,0.1524,-0.3389,-0.9284,0
143.000,Amarr Citizen 2674287,Orca,42000,59100,62922,912,-0.2491,-0.3477,0.9039,0
143.000,Amarr Citizen 5054432,Prospect,46960,54260,-18072,1902,0.7145,-0.4317,-0.5506,0
143.000,Amarr Citizen 4520313,Prospect,52685,70280,23791,1186,0.8079,0.3947,0.4376,0
143.000,Minmatar Citizen 9978241,Retriever,47105,65480,50185,184,0.8347,0.4924,0.2464,0
143.000,Minmatar Citizen 7162778,Covetor,17680,77305,30600,273,-0.3182,0.8533,-0.4130,0
143.000,Minmatar Citizen 9678938,Venture,25955,56060,83664,2987,-0.7399,-0.1762,0.6492,0
143.000,Minmatar Citizen 2250648,Mackinaw,13895,54320,94638,1748,-0.8367,0.1494,0.5269,0
143.000,Gallente Citizen 1635012,Venture,41495,58500,54368,438,-0.9908,0.1211,-0.0598,0
144.000,Caldari Citizen 9942864,Venture,50000,69500,20341,1179,0.9152,0.3068,0.2615,0
144.000,Caldari Citizen 6206817,Skiff,14195,86875,26744,283,0.2935,-0.7898,-0.5386,0
144.000,Minmatar Citizen 9745080,Endurance,12375,84720,27738,743,0.8946,-0.4467,0.0111,0
144.000,Amarr Citizen 0220922,Porpoise,20600,73865,31758,114,,,,0
144.000,Minmatar Citizen 4351238,Retriever,47105,65480,50185,115,0.6957,0.0110,0.7183,0
144.000,Caldari Citizen 3216932,Endurance,29955,86400,29219,1451,0.7642,-0.6013,-0.2332,0
144.000,Minmatar Citizen 9076035,Porpoise,27345,78165,26674,1488,0.5815,-0.2000,-0.7885,0
144.000,Minmatar Citizen 6662812,Procurer,62740,72815,19122,1020,-0.2255,-0.1847,0.9566,0
144.000,Caldari Citizen 3891005,Orca,43385,56960,56163,129,0.0000,-0.6968,0.7172,0
144.000,Caldari Citizen 8777524,Porpoise,30420,48420,53048,175,0.0486,-0.6959,-0.7165,0
144.000,Minmatar Citizen 0254120,Porpoise,32235,49155,60006,179,0.2384,0.0000,-0.9712,0
144.000,Amarr Citizen 2674287,Orca,42000,59100,62922,920,-0.3601,-0.3606,0.8604,0
144.000,Amarr Citizen 5054432,Prospect,48500,52880,-18096,1847,0.7717,-0.3480,-0.5323,0
144.000,Amarr Citizen 4520313,Prospect,53600,70540,24802,1144,0.7233,0.3941,0.5670,0
144.000,Minmatar Citizen 9978241,Retriever,47105,65480,50185,191,0.7652,0.1377,0.6289,0
144.000,Minmatar Citizen 7162778,Covetor,16505,77305,31249,272,-0.6434,0.7161,-0.2705,0
144.000,Minmatar Citizen 9678938,Venture,23435,54080,85686,3005,-0.7741,-0.1542,0.6140,0
144.000,Minmatar Citizen 2250648,Mackinaw,13605,55425,95205,1523,-0.8490,0.2552,0.4627,0
144.000,Gallente Citizen 1635012,Venture,40500,59295,54257,443,-0.9307,0.2306,-0.2840,0
145.000,Caldari Citizen 9942864,Venture,50885,70385,19434,1254,0.8649,0.2772,0.4185,0
145.000,Caldari Citizen 6206817,Skiff,13280,85960,26749,287,0.5563,-0.7994,-0.2268,0
145.000,Minmatar Citizen 9745080,Endurance,12375,84720,27738,825,0.8581,-0.5111,0.0501,0
145.000,Amarr Citizen 0220922,Porpoise,20600,73865,31758,98,0.0000,0.3883,-0.9215,0
145.000,Minmatar Citizen 4351238,Retriever,47105,64705,51180,111,0.4506,-0.2885,0.8449,0
145.000,Caldari Citizen 3216932,Endurance,31280,85000,28663,1454,0.7666,-0.6173,-0.1769,0
145.000,Minmatar Citizen 9076035,Porpoise,28440,78165,25503,1493,0.6136,-0.2005,-0.7637,0
145.000,Minmatar Citizen 6662812,Procurer,61765,71840,20811,861,-0.2227,-0.1668,0.9605,0
145.000,Caldari Citizen 3891005,Orca,43385,56960,56163,129,,,,0
145.000,Caldari Citizen 8777524,Porpoise,29645,47645,52727,175,0.1829,-0.6442,-0.7426,0
145.000,Minmatar Citizen 0254120,Porpoise,32235,49155,60006,180,0.3089,0.2966,-0.9036,0
145.000,Amarr Citizen 2674287,Orca,40955,58235,64400,924,-0.3783,-0.2707,0.8852,0
145.000,Amarr Citizen 5054432,Prospect,50000,52205,-19991,1811,0.7383,-0.2405,-0.6301,0
145.000,Amarr Citizen 4520313,Prospect,54525,70800,25756,1109,0.6819,0.4248,0.5954,0
145.000,Minmatar Citizen 9978241,Retriever,47105,65480,50185,194,0.4506,-0.2885,0.8449,0
145.000,Minmatar Citizen 7162778,Covetor,16505,77720,30202,271,-0.8027,0.5911,-0.0788,0
145.000,Minmatar Citizen 9678938,Venture,20625,54120,87582,3020,-0.8002,-0.1341,0.5845,0
145.000,Minmatar Citizen 2250648,Mackinaw,12200,55425,95395,1452,-0.8766,0.3210,0.3584,0
145.000,Gallente Citizen 1635012,Venture,40500,59295,54257,446,-0.8789,0.4257,-0.2151,0
146.000,Caldari Citizen 9942864,Venture,51780,70655,20657,1300,0.8297,0.3159,0.4603,0
146.000,Caldari Citizen 6206817,Skiff,13280,85960,26749,290,0.6545,-0.7554,0.0313,0
146.000,Minmatar Citizen 9745080,Endurance,13620,84375,28202,880,0.8213,-0.5625,0.0958,0
146.000,Amarr Citizen 0220922,Porpoise,20600,73865,31758,87,0.0000,0.3883,-0.9215,0
146.000,Minmatar Citizen 4351238,Retriever,47105,64705,51180,106,0.0000,-0.6144,0.7890,0
146.000,Caldari Citizen 3216932,Endurance,32405,84545,28759,1456,0.7776,-0.5923,-0.2110,0
146.000,Minmatar Citizen 9076035,Porpoise,28660,77300,24481,1496,0.6575,-0.1727,-0.7334,0
146.000,Minmatar Citizen 6662812,Procurer,61765,71125,23137,765,-0.1572,-0.1510,0.9760,0
146.000,Caldari Citizen 3891005,Orca,43385,56960,56163,129,,,,0
146.000,Caldari Citizen 8777524,Porpoise,30640,47645,52155,176,0.3130,-0.5790,-0.7529,0
146.000,Minmatar Citizen 0254120,Porpoise,32235,50000,59303,181,0.3724,0.6080,-0.7012,0
146.000,Amarr Citizen 2674287,Orca,41920,59200,64398,929,-0.3866,-0.2779,0.8794,0
146.000,Amarr Citizen 5054432,Prospect,50755,52960,-19879,1778,0.7422,-0.0980,-0.6629,0
146.000,Amarr Citizen 4520313,Prospect,55460,71735,24785,1083,0.6956,0.4941,0.5215,0
146.000,Minmatar Citizen 9978241,Retriever,47105,64705,51180,197,0.0000,-0.6144,0.7890,0
146.000,Minmatar Citizen 7162778,Covetor,16505,77720,30202,271,-0.6298,0.7728,0.0789,0
146.000,Minmatar Citizen 9678938,Venture,17735,54160,89377,3030,-0.7716,-0.1598,0.6158,0
146.000,Minmatar Citizen 2250648,Mackinaw,9360,55425,95716,1254,-0.8702,0.4509,0.1985,0
146.000,Gallente Citizen 1635012,Venture,40500,59295,54257,448,-0.7380,0.6537,-0.1675,0
147.000,Caldari Citizen 9942864,Venture,52685,70925,21793,1329,0.6984,0.2578,0.6677,0
147.000,Caldari Citizen 6206817,Skiff,13280,85960,26749,292,0.6585,-0.6627,0.3568,0
147.000,Minmatar Citizen 9745080,Endurance,14855,84375,27572,915,0.8780,-0.4705,0.0881,0
147.000,Amarr Citizen 0220922,Porpoise,20600,74320,30679,80,0.0000,0.3883,-0.9215,0
147.000,Minmatar Citizen 4351238,Retriever,47105,64705,51180,103,,,,0
147.000,Caldari Citizen 3216932,Endurance,34625,84080,27508,1457,0.7765,-0.5770,-0.2531,0
147.000,Minmatar Citizen 9076035,Porpoise,30800,77300,21727,1465,0.7158,-0.2242,-0.6613,0
147.000,Minmatar Citizen 6662812,Procurer,61765,71125,23137,796,0.0288,-0.0469,0.9985,0
147.000,Caldari Citizen 3891005,Orca,43385,56960,56163,129,-0.7967,0.0000,0.6044,0
147.000,Caldari Citizen 8777524,Porpoise,30640,47645,52155,176,0.5095,-0.4470,-0.7352,0
147.000,Minmatar Citizen 0254120,Porpoise,32235,50000,59303,181,0.0000,0.7691,-0.6392,0
147.000,Amarr Citizen 2674287,Orca,40865,58325,65858,934,-0.4192,-0.3132,0.8522,0
147.000,Amarr Citizen 5054432,Prospect,52265,52265,-21581,1762,0.6772,0.0420,-0.7346,0
147.000,Amarr Citizen 4520313,Prospect,55520,72005,27528,1066,0.6984,0.5402,0.4694,0
147.000,Minmatar Citizen 9978241,Retriever,47105,64705,51180,199,0.0000,-0.6144,0.7890,0
147.000,Minmatar Citizen 7162778,Covetor,16505,77720,30202,270,-0.2476,0.9490,-0.1952,0
147.000,Minmatar Citizen 9678938,Venture,16120,54200,90838,3037,-0.7459,-0.0931,0.6596,0
147.000,Minmatar Citizen 2250648,Mackinaw,10475,56540,96112,1122,-0.8955,0.4343,0.0967,0
147.000,Gallente Citizen 1635012,Venture,40500,60080,53387,392,-0.7845,0.6127,-0.0959,0
148.000,Caldari Citizen 9942864,Venture,53600,71195,22854,1366,0.6517,0.1913,0.7339,0
148.000,Caldari Citizen 6206817,Skiff,14525,85625,27173,296,0.9173,-0.2468,0.3124,0
148.000,Minmatar Citizen 9745080,Endurance,15185,83125,27940,959,0.7927,-0.5923,0.1441,0
148.000,Amarr Citizen 0220922,Porpoise,20600,74320,30679,70,0.0000,0.3883,-0.9215,0
148.000,Minmatar Citizen 4351238,Retriever,47105,64705,51180,100,,,,0
148.000,Caldari Citizen 3216932,Endurance,34775,82660,28178,1458,0.7620,-0.6147,-0.2037,0
148.000,Minmatar Citizen 9076035,Porpoise,31855,76855,21785,1424,0.7847,-0.2410,-0.5711,0
148.000,Minmatar Citizen 6662812,Procurer,61895,72100,23971,952,0.3151,0.1024,0.9435,0
148.000,Caldari Citizen 3891005,Orca,43385,56960,56163,213,-0.7967,0.0000,0.6044,0
148.000,Caldari Citizen 8777524,Porpoise,30640,47645,52155,177,,,,0
148.000,Minmatar Citizen 0254120,Porpoise,32235,50000,59303,182,,,,0
148.000,Amarr Citizen 2674287,Orca,40865,58325,65858,933,-0.5355,-0.3031,0.7882,0
148.000,Amarr Citizen 5054432,Prospect,53040,52295,-23151,1721,0.6809,0.1390,-0.7191,0
148.000,Amarr Citizen 4520313,Prospect,56475,72960,26522,1034,0.5761,0.4807,0.6611,0
148.000,Minmatar Citizen 9978241,Retriever,47105,64705,51180,201,0.0000,-0.6203,0.7843,0
148.000,Minmatar Citizen 7162778,Covetor,16175,78575,30989,270,-0.2661,0.9615,-0.0692,0
148.000,Minmatar Citizen 9678938,Venture,13100,53195,93074,3046,-0.7264,-0.1224,0.6763,0
148.000,Minmatar Citizen 2250648,Mackinaw,9040,56540,96258,951,-0.8442,0.5352,0.0305,0
148.000,Gallente Citizen 1635012,Venture,39495,60080,54134,349,-0.8379,0.5454,0.0186,0
149.000,Caldari Citizen 9942864,Venture,54525,71465,23849,1396,0.6780,0.1968,0.7082,0
149.000,Caldari Citizen 6206817,Skiff,14525,85625,27173,299,0.9861,-0.1663,0.0028,0
149.000,Minmatar Citizen 9745080,Endurance,15185,83125,27940,992,0.7684,-0.6352,0.0785,0
149.000,Amarr Citizen 0220922,Porpoise,20600,74320,30679,63,,,,0
149.000,Minmatar Citizen 4351238,Retriever,47105,64705,51180,97,,,,0
149.000,Caldari Citizen 3216932,Endurance,35860,82660,26784,1374,0.7345,-0.6636,-0.1420,0
149.000,Minmatar Citizen 9076035,Porpoise,31855,76855,21785,1397,0.8654,-0.2406,-0.4395,0
149.000,Minmatar Citizen 6662812,Procurer,61895,71375,26050,1132,0.5069,0.1658,0.8459,0
149.000,Caldari Citizen 3891005,Orca,42400,56960,56910,332,-0.6473,0.2889,0.7054,0
149.000,Caldari Citizen 8777524,Porpoise,30640,47645,52155,178,,,,0
149.000,Minmatar Citizen 0254120,Porpoise,32235,50000,59303,182,-0.6903,-0.6903,-0.2170,0
149.000,Amarr Citizen 2674287,Orca,39800,57440,67273,927,-0.6256,-0.3654,0.6893,0
149.000,Amarr Citizen 5054432,Prospect,54620,53120,-24391,1686,0.6624,0.1532,-0.7333,0
149.000,Amarr Citizen 4520313,Prospect,57440,73240,27305,1000,0.4983,0.3359,0.7993,0
149.000,Minmatar Citizen 9978241,Retriever,47105,64705,51180,203,0.0000,-0.6263,0.7796,0
149.000,Minmatar Citizen 7162778,Covetor,16175,78575,30989,269,-0.2262,0.9193,-0.3220,0
149.000,Minmatar Citizen 9678938,Venture,12800,52160,94850,3053,-0.7247,-0.1265,0.6774,0
149.000,Minmatar Citizen 2250648,Mackinaw,9040,57595,95630,810,-0.8667,0.4972,-0.0402,0
149.000,Gallente Citizen 1635012,Venture,39495,60080,54134,277,-0.8874,0.4159,0.1990,0
150.000,Caldari Citizen 9942864,Venture,55460,71735,24785,1419,0.5954,0.1902,0.7806,0
150.000,Caldari Citizen 6206817,Skiff,14525,85625,27173,301,0.9712,-0.0985,-0.2170,0
150.000,Minmatar Citizen 9745080,Endurance,16400,82760,28334,1008,0.7974,-0.5923,0.1153,0
150.000,Amarr Citizen 0220922,Porpoise,20600,74320,30679,58,,,,0
150.000,Minmatar Citizen 4351238,Retriever,47105,64705,51180,69,-0.6993,-0.6993,0.1482,0
150.000,Caldari Citizen 3216932,Endurance,36000,81240,27442,1292,0.7354,-0.6774,-0.0166,0
150.000,Minmatar Citizen 9076035,Porpoise,32900,76400,21832,1375,0.8714,-0.1780,-0.4572,0
150.000,Minmatar Citizen 6662812,Procurer,62880,72360,24721,1302,0.6059,0.1281,0.7851,0
150.000,Caldari Citizen 3891005,Orca,42400,56960,56910,444,-0.5208,0.4475,0.7270,0
150.000,Caldari Citizen 8777524,Porpoise,30640,47645,52155,180,0.5013,-0.4375,-0.7465,0
150.000,Minmatar Citizen 0254120,Porpoise,32235,50000,59303,183,-0.7468,-0.3734,-0.5502,0
150.000,Amarr Citizen 2674287,Orca,39800,57440,67273,922,-0.6579,-0.3404,0.6717,0
150.000,Amarr Citizen 5054432,Prospect,55425,53160,-25750,1663,0.6945,0.2563,-0.6723,0
150.000,Amarr Citizen 4520313,Prospect,57440,73240,27305,970,0.5317,0.2982,0.7927,0
150.000,Minmatar Citizen 9978241,Retriever,47105,64705,51180,204,0.0000,-0.6263,0.7796,0
150.000,Minmatar Citizen 7162778,Covetor,16175,78980,29942,269,-0.1540,0.7771,-0.6103,0
150.000,Minmatar Citizen 9678938,Venture,10785,53285,96775,3058,-0.7640,-0.0587,0.6426,0
150.000,Minmatar Citizen 2250648,Mackinaw,7595,57595,95756,685,-0.9130,0.3792,-0.1503,0
150.000,Gallente Citizen 1635012,Venture,39495,60080,54134,243,-0.4900,-0.3827,0.7832,0
151.000,Caldari Citizen 9942864,Venture,56405,72005,25666,1437,0.5464,0.1863,0.8165,0
151.000,Caldari Citizen 6206817,Skiff,14525,85625,27173,304,0.8708,0.0000,-0.4916,0
151.000,Minmatar Citizen 9745080,Endurance,16720,81500,28674,1021,0.9078,-0.4171,-0.0443,0
151.000,Amarr Citizen 0220922,Porpoise,20600,74320,30679,53,,,,0
151.000,Minmatar Citizen 4351238,Retriever,47105,64705,51180,43,-0.6993,-0.6993,0.1482,0
151.000,Caldari Citizen 3216932,Endurance,37065,80745,27485,1241,0.8231,-0.5678,-0.0066,0
151.000,Minmatar Citizen 9076035,Porpoise,34960,75935,20191,1361,0.8414,-0.1179,-0.5273,0
151.000,Minmatar Citizen 6662812,Procurer,63875,71875,27458,1451,0.7113,0.0947,0.6965,0
151.000,Caldari Citizen 3891005,Orca,42400,56960,56910,546,-0.3693,0.5902,0.7179,0
151.000,Caldari Citizen 8777524,Porpoise,30640,47645,52155,181,0.3092,-0.5672,-0.7633,0
151.000,Minmatar Citizen 0254120,Porpoise,31400,49165,59041,183,-0.6959,-0.1160,-0.7087,0
151.000,Amarr Citizen 2674287,Orca,38725,57440,67897,921,-0.7050,-0.2910,0.6467,0
151.000,Amarr Citizen 5054432,Prospect,57065,54025,-26719,1654,0.6901,0.3248,-0.6467,0
151.000,Amarr Citizen 4520313,Prospect,57520,73520,29837,944,0.3123,0.1647,0.9356,0
151.000,Minmatar Citizen 9978241,Retriever,47105,63920,52157,205,0.0000,-0.6263,0.7796,0
151.000,Minmatar Citizen 7162778,Covetor,16175,78980,29942,269,-0.1777,0.8293,-0.5298,0
151.000,Minmatar Citizen 9678938,Venture,7595,52220,98790,2700,-0.7992,0.1358,0.5855,0
151.000,Minmatar Citizen 2250648,Mackinaw,7595,57595,95756,590,-0.8660,0.4554,-0.2066,0
151.000,Gallente Citizen 1635012,Venture,39495,60080,54134,260,0.5187,-0.2312,0.8231,0
152.000,Caldari Citizen 9942864,Venture,57360,72275,26498,1450,0.4757,0.2445,0.8450,0
152.000,Caldari Citizen 6206817,Skiff,15760,85625,26476,305,0.8708,0.0000,-0.4916,0
152.000,Minmatar Citizen 9745080,Endurance,17915,81500,27943,1035,0.9319,-0.3512,-0.0910,0
152.000,Amarr Citizen 0220922,Porpoise,20600,74320,30679,50,,,,0
152.000,Minmatar Citizen 4351238,Retriever,46160,63760,51380,35,-0.6993,-0.6993,0.1482,0
152.000,Caldari Citizen 3216932,Endurance,38120,80240,27521,1208,0.8382,-0.5385,0.0868,0
152.000,Minmatar Citizen 9076035,Porpoise,35975,75460,20189,1357,0.8447,-0.1149,-0.5228,0
152.000,Minmatar Citizen 6662812,Procurer,64880,72125,28099,1578,0.7189,0.0799,0.6905,0
152.000,Caldari Citizen 3891005,Orca,42320,57875,57650,536,-0.3768,0.5919,0.7126,0
152.000,Caldari Citizen 8777524,Porpoise,31625,47645,51564,183,0.1818,-0.6323,-0.7531,0
152.000,Minmatar Citizen 0254120,Porpoise,31400,49165,59041,184,-0.5972,0.1194,-0.7932,0
152.000,Amarr Citizen 2674287,Orca,37640,56545,69245,924,-0.7236,-0.2830,0.6295,0
152.000,Amarr Citizen 5054432,Prospect,57900,54075,-27919,1661,0.6294,0.3712,-0.6827,0
152.000,Amarr Citizen 4520313,Prospect,58505,73800,30524,921,0.3480,0.2668,0.8987,0
152.000,Minmatar Citizen 9978241,Retriever,47105,63920,52157,205,0.0000,-0.6263,0.7796,0
152.000,Minmatar Citizen 7162778,Covetor,16175,78980,29942,268,-0.2244,0.9145,-0.3368,0
152.000,Minmatar Citizen 9678938,Venture,5800,52240,100032,2255,-0.8444,0.3297,0.4222,0
152.000,Minmatar Citizen 2250648,Mackinaw,6140,57595,95860,519,-0.8851,0.4247,-0.1905,0
152.000,Gallente Citizen 1635012,Venture,39495,60080,54134,294,0.1968,-0.0246,0.9801,0
153.000,Caldari Citizen 9942864,Venture,57440,72545,29101,1461,0.4318,0.3465,0.8328,0
153.000,Caldari Citizen 6206817,Skiff,15760,85625,26476,307,0.9660,-0.1015,-0.2378,0
153.000,Minmatar Citizen 9745080,Endurance,19100,81115,28276,1049,0.9508,-0.2904,-0.1081,0
153.000,Amarr Citizen 0220922,Porpoise,20600,74320,30679,48,,,,0
153.000,Minmatar Citizen 4351238,Retriever,46160,63760,51380,41,-0.6993,-0.6993,0.1482,0
153.000,Caldari Citizen 3216932,Endurance,39165,79725,27550,1185,0.8942,-0.4471,0.0232,0
153.000,Minmatar Citizen 9076035,Porpoise,37845,76325,17642,1359,0.8514,-0.0625,-0.5208,0
153.000,Minmatar Citizen 6662812,Procurer,65895,72375,28700,1684,0.5237,-0.0333,0.8512,0
153.000,Caldari Citizen 3891005,Orca,42320,57875,57650,492,-0.4774,0.1822,0.8596,0
153.000,Caldari Citizen 8777524,Porpoise,30860,46880,51244,184,0.0500,-0.6846,-0.7272,0
153.000,Minmatar Citizen 0254120,Porpoise,31400,50000,58336,184,0.0793,0.3486,-0.9339,0
153.000,Amarr Citizen 2674287,Orca,37640,56545,69245,929,-0.7094,-0.3078,0.6341,0
153.000,Amarr Citizen 5054432,Prospect,59600,54980,-28654,1681,0.5853,0.4916,-0.6448,0
153.000,Amarr Citizen 4520313,Prospect,58505,73800,30524,900,0.3864,0.2438,0.8895,0
153.000,Minmatar Citizen 9978241,Retriever,47105,63920,52157,204,,,,0
153.000,Minmatar Citizen 7162778,Covetor,16175,78980,29942,268,-0.2653,0.9600,-0.0896,0
153.000,Minmatar Citizen 9678938,Venture,3975,53375,100654,1925,-0.8119,0.5385,0.2255,0
153.000,Minmatar Citizen 2250648,Mackinaw,6140,58640,95224,465,-0.5610,0.7230,-0.4032,0
153.000,Gallente Citizen 1635012,Venture,39495,59295,54993,328,0.0309,-0.1447,0.9890,0
154.000,Caldari Citizen 9942864,Venture,58415,72815,29827,1469,0.4470,0.4177,0.7910,0
154.000,Caldari Citizen 6206817,Skiff,15760,85625,26476,308,0.9844,-0.1728,-0.0324,0
154.000,Minmatar Citizen 9745080,Endurance,20275,81115,27446,1060,0.9691,-0.1870,-0.1611,0
154.000,Amarr Citizen 0220922,Porpoise,20600,74320,30679,47,,,,0
154.000,Minmatar Citizen 4351238,Retriever,46160,63760,51380,51,,,,0
154.000,Caldari Citizen 3216932,Endurance,40200,79200,27574,1169,0.9336,-0.3551,-0.0484,0
154.000,Minmatar Citizen 9076035,Porpoise,38840,75840,17571,1365,0.9783,-0.1240,-0.1662,0
154.000,Minmatar Citizen 6662812,Procurer,66920,72625,29263,1775,0.5694,0.0254,0.8217,0
154.000,Caldari Citizen 3891005,Orca,42320,57875,57650,452,-0.5041,-0.1150,0.8559,0
154.000,Caldari Citizen 8777524,Porpoise,30860,46880,51244,185,-0.1682,-0.7393,-0.6520,0
154.000,Minmatar Citizen 0254120,Porpoise,31400,50000,58336,184,0.5594,0.4557,-0.6925,0
154.000,Amarr Citizen 2674287,Orca,36545,56545,69829,935,-0.7263,-0.2977,0.6196,0
154.000,Amarr Citizen 5054432,Prospect,59720,55845,-29730,1712,0.5189,0.5496,-0.6547,0
154.000,Amarr Citizen 4520313,Prospect,58595,74080,32845,882,0.4190,0.3399,0.8419,0
154.000,Minmatar Citizen 9978241,Retriever,47105,63920,52157,153,,,,0
154.000,Minmatar Citizen 7162778,Covetor,15845,79845,30704,267,-0.2475,0.9448,-0.2145,0
154.000,Minmatar Citizen 9678938,Venture,3625,55625,100587,1762,-0.4872,0.8683,-0.0937,0
154.000,Minmatar Citizen 2250648,Mackinaw,6140,58640,95224,423,-0.3405,0.8113,-0.4752,0
154.000,Gallente Citizen 1635012,Venture,40400,60200,54998,358,-0.0500,-0.1872,0.9810,0
155.000,Caldari Citizen 9942864,Venture,58505,73800,30524,1474,0.3504,0.3617,0.8640,0
155.000,Caldari Citizen 6206817,Skiff,15760,85625,26476,309,0.9274,-0.2612,0.2677,0
155.000,Minmatar Citizen 9745080,Endurance,21440,80720,27724,1069,0.9688,-0.2148,-0.1234,0
155.000,Amarr Citizen 0220922,Porpoise,20600,74320,30679,46,,,,0
155.000,Minmatar Citizen 4351238,Retriever,46160,63760,51380,60,,,,0
155.000,Caldari Citizen 3216932,Endurance,41225,78665,27592,1158,0.9382,-0.3435,0.0429,0
155.000,Minmatar Citizen 9076035,Porpoise,39825,75345,17496,1374,0.9812,-0.1400,0.1330,0
155.000,Minmatar Citizen 6662812,Procurer,67955,72080,31664,1851,0.5916,0.0499,0.8047,0
155.000,Caldari Citizen 3891005,Orca,41315,57875,58374,417,-0.5909,-0.3262,0.7378,0
155.000,Caldari Citizen 8777524,Porpoise,30860,46880,51244,185,,,,0
155.000,Minmatar Citizen 0254120,Porpoise,31400,50000,58336,152,0.7134,0.2906,-0.6377,0
155.000,Amarr Citizen 2674287,Orca,35440,55640,71114,936,-0.7981,-0.2058,0.5662,0
155.000,Amarr Citizen 5054432,Prospect,60725,56800,-31737,1750,0.4606,0.6118,-0.6431,0
155.000,Amarr Citizen 4520313,Prospect,59600,75085,31798,867,0.2827,0.2410,0.9285,0
155.000,Minmatar Citizen 9978241,Retriever,47105,63920,52157,122,,,,0
155.000,Minmatar Citizen 7162778,Covetor,15845,80240,29656,266,-0.2252,0.9137,-0.3382,0
155.000,Minmatar Citizen 9678938,Venture,2120,56720,100017,1749,-0.1686,0.9069,-0.3862,0
155.000,Minmatar Citizen 2250648,Mackinaw,6140,58640,95224,391,0.0000,0.8505,-0.5259,0
155.000,Gallente Citizen 1635012,Venture,39385,60200,55730,376,-0.1258,-0.2089,0.9698,0
156.000,Caldari Citizen 9942864,Venture,59600,75085,31798,1478,0.4004,0.4017,0.8236,0
156.000,Caldari Citizen 6206817,Skiff,16985,85280,26830,309,0.9274,-0.2612,0.2677,0
156.000,Minmatar Citizen 9745080,Endurance,22595,80315,27982,1076,0.9661,-0.2327,-0.1117,0
156.000,Amarr Citizen 0220922,Porpoise,20600,74320,30679,45,,,,0
156.000,Minmatar Citizen 4351238,Retriever,46160,63760,51380,67,,,,0
156.000,Caldari Citizen 3216932,Endurance,42240,78120,27605,1142,0.9312,-0.3488,0.1057,0
156.000,Minmatar Citizen 9076035,Porpoise,41675,75715,16566,1362,0.9330,-0.1421,0.3306,0
156.000,Minmatar Citizen 6662812,Procurer,68145,71505,35613,1914,0.6501,0.0902,0.7544,0
156.000,Caldari Citizen 3891005,Orca,41315,57040,59190,385,-0.6135,-0.3043,0.7287,0
156.000,Caldari Citizen 8777524,Porpoise,30860,46880,51244,185,0.8517,0.0000,-0.5241,0
156.000,Minmatar Citizen 0254120,Porpoise,32425,50000,57772,117,0.8763,0.0000,-0.4817,0
156.000,Amarr Citizen 2674287,Orca,35440,55640,71114,939,-0.8191,-0.1755,0.5462,0
156.000,Amarr Citizen 5054432,Prospect,61760,58600,-32136,1793,0.4315,0.6789,-0.5940,0
156.000,Amarr Citizen 4520313,Prospect,59600,74360,33458,853,0.3901,0.3047,0.8689,0
156.000,Minmatar Citizen 9978241,Retriever,47105,63920,52157,125,,,,0
156.000,Minmatar Citizen 7162778,Covetor,15845,80240,29656,266,-0.1171,0.6771,-0.7265,0
156.000,Minmatar Citizen 9678938,Venture,2120,57805,99394,1820,-0.0026,0.7629,-0.6465,0
156.000,Minmatar Citizen 2250648,Mackinaw,6140,59675,94579,289,-0.4952,0.4241,-0.7583,0
156.000,Gallente Citizen 1635012,Venture,39385,59405,56576,391,0.0336,-0.1508,0.9880,0
157.000,Caldari Citizen 9942864,Venture,60615,75375,32379,1259,0.3334,0.2790,0.9006,0
157.000,Caldari Citizen 6206817,Skiff,16985,85280,26830,310,0.9826,-0.1735,-0.0662,0
157.000,Minmatar Citizen 9745080,Endurance,23740,80315,27017,1082,0.9612,-0.2356,-0.1433,0
157.000,Amarr Citizen 0220922,Porpoise,20600,74320,30679,44,,,,0
157.000,Minmatar Citizen 4351238,Retriever,46160,63760,51380,72,,,,0
157.000,Caldari Citizen 3216932,Endurance,44180,78500,26868,1133,0.9297,-0.2986,0.2158,0
157.000,Minmatar Citizen 9076035,Porpoise,41675,74675,20757,1348,0.9558,-0.0997,0.2767,0
157.000,Minmatar Citizen 6662812,Procurer,70265,72800,34814,1640,0.7501,0.1555,0.6428,0
157.000,Caldari Citizen 3891005,Orca,41315,57040,59190,358,-0.6297,-0.2887,0.7212,0
157.000,Caldari Citizen 8777524,Porpoise,30860,46880,51244,186,0.8517,0.0000,-0.5241,0
157.000,Minmatar Citizen 0254120,Porpoise,32425,50000,57772,90,0.8763,0.0000,-0.4817,0
157.000,Amarr Citizen 2674287,Orca,34325,55640,71659,943,-0.8568,-0.1154,0.5026,0
157.000,Amarr Citizen 5054432,Prospect,62825,59625,-33866,1839,0.4165,0.7385,-0.5302,0
157.000,Amarr Citizen 4520313,Prospect,59700,75375,34037,841,0.4042,0.3149,0.8588,0
157.000,Minmatar Citizen 9978241,Retriever,47105,63920,52157,141,0.0000,-0.6380,0.7700,0
157.000,Minmatar Citizen 7162778,Covetor,15845,80240,29656,265,0.2534,0.5537,-0.7932,0
157.000,Minmatar Citizen 9678938,Venture,3625,59945,98074,1910,0.1752,0.5540,-0.8139,0
157.000,Minmatar Citizen 2250648,Mackinaw,6140,59675,94579,186,-0.7231,-0.0519,-0.6888,0
157.000,Gallente Citizen 1635012,Venture,39385,59405,56576,401,0.1351,-0.3025,0.9435,0
158.000,Caldari Citizen 9942864,Venture,59700,74640,35620,964,0.2963,0.2036,0.9331,0
158.000,Caldari Citizen 6206817,Skiff,16985,85280,26830,310,0.9513,-0.1010,-0.2911,0
158.000,Minmatar Citizen 9745080,Endurance,24875,79900,27225,1086,0.9256,-0.3249,-0.1940,0
158.000,Amarr Citizen 0220922,Porpoise,20600,74320,30679,44,,,,0
158.000,Minmatar Citizen 4351238,Retriever,46160,63760,51380,77,,,,0
158.000,Caldari Citizen 3216932,Endurance,45175,77360,28472,1108,0.9143,-0.2875,0.2854,0
158.000,Minmatar Citizen 9076035,Porpoise,43525,75025,19946,1338,0.9951,-0.0431,0.0888,0
158.000,Minmatar Citizen 6662812,Procurer,71340,73040,35210,1347,0.7341,0.1695,0.6575,0
158.000,Caldari Citizen 3891005,Orca,40300,57040,59886,333,-0.6521,-0.2682,0.7091,0
158.000,Caldari Citizen 8777524,Porpoise,31835,46880,50644,187,0.4658,0.0156,-0.8848,0
158.000,Minmatar Citizen 0254120,Porpoise,32425,50000,57772,73,,,,0
158.000,Amarr Citizen 2674287,Orca,33200,55640,72187,949,-0.8673,-0.1111,0.4852,0
158.000,Amarr Citizen 5054432,Prospect,62975,60560,-34679,1888,0.3983,0.7710,-0.4970,0
158.000,Amarr Citizen 4520313,Prospect,59700,74640,35620,830,0.3046,0.2576,0.9170,0
158.000,Minmatar Citizen 9978241,Retriever,47105,63920,52157,160,0.0000,-0.6380,0.7700,0
158.000,Minmatar Citizen 7162778,Covetor,15845,80240,29656,264,0.0973,0.8560,-0.5077,0
158.000,Minmatar Citizen 9678938,Venture,3975,60900,96288,1968,0.3156,0.3684,-0.8745,0
158.000,Minmatar Citizen 2250648,Mackinaw,6140,59675,94579,101,-0.7609,-0.4077,-0.5048,0
158.000,Gallente Citizen 1635012,Venture,39385,59405,56576,410,0.2367,-0.1691,0.9568,0
159.000,Caldari Citizen 9942864,Venture,60725,75665,34587,720,0.2091,0.1638,0.9641,0
159.000,Caldari Citizen 6206817,Skiff,16985,85280,26830,310,0.9710,-0.1419,-0.1924,0
159.000,Minmatar Citizen 9745080,Endurance,26000,79475,27418,1089,0.8944,-0.4146,-0.1676,0
159.000,Amarr Citizen 0220922,Porpoise,20600,74320,30679,43,,,,0
159.000,Minmatar Citizen 4351238,Retriever,46160,63760,51380,80,0.0000,0.6215,-0.7834,0
159.000,Caldari Citizen 3216932,Endurance,46160,76775,28475,1098,0.8916,-0.2361,0.3865,0
159.000,Minmatar Citizen 9076035,Porpoise,45375,75375,18966,1331,0.9858,-0.0425,0.1624,0
159.000,Minmatar Citizen 6662812,Procurer,72425,73280,35576,1074,0.7973,0.2330,0.5568,0
159.000,Caldari Citizen 3891005,Orca,40300,57040,59886,310,-0.8284,0.0000,0.5601,0
159.000,Caldari Citizen 8777524,Porpoise,31835,46880,50644,185,0.1306,0.0237,-0.9912,0
159.000,Minmatar Citizen 0254120,Porpoise,32425,50000,57772,76,-0.6898,-0.6898,-0.2202,0
159.000,Amarr Citizen 2674287,Orca,33200,55640,72187,956,-0.8517,-0.1560,0.5002,0
159.000,Amarr Citizen 5054432,Prospect,64080,62460,-34764,1911,0.3079,0.7502,-0.5852,0
159.000,Amarr Citizen 4520313,Prospect,60725,75665,34587,857,0.4682,0.3716,0.8017,0
159.000,Minmatar Citizen 9978241,Retriever,47105,63125,53116,175,0.0000,-0.6380,0.7700,0
159.000,Minmatar Citizen 7162778,Covetor,15845,80625,28593,263,-0.0967,0.9433,-0.3176,0
159.000,Minmatar Citizen 9678938,Venture,3200,60700,94071,1929,0.4292,0.1224,-0.8949,0
159.000,Minmatar Citizen 2250648,Mackinaw,5025,58560,94162,38,-0.6836,-0.6836,-0.2557,0
159.000,Gallente Citizen 1635012,Venture,40300,59515,57427,419,0.0324,-0.1586,0.9868,0
160.000,Caldari Citizen 9942864,Venture,60725,74920,36173,539,0.1685,0.2584,0.9512,0
160.000,Caldari Citizen 6206817,Skiff,18200,85280,26021,310,0.9753,-0.1588,-0.1534,0
160.000,Minmatar Citizen 9745080,Endurance,27115,79475,26315,1092,0.8704,-0.4534,-0.1921,0
160.000,Amarr Citizen 0220922,Porpoise,20600,74320,30679,43,,,,0
160.000,Minmatar Citizen 4351238,Retriever,46160,63760,51380,83,0.0000,0.6215,-0.7834,0
160.000,Caldari Citizen 3216932,Endurance,47105,77125,29289,1101,0.8636,-0.2565,0.4339,0
160.000,Minmatar Citizen 9076035,Porpoise,46320,74820,18879,1327,0.9984,-0.0385,0.0420,0
160.000,Minmatar Citizen 6662812,Procurer,73520,73520,35911,858,0.5510,0.0379,0.8336,0
160.000,Caldari Citizen 3891005,Orca,40300,57040,59886,290,-0.8308,0.0000,0.5565,0
160.000,Caldari Citizen 8777524,Porpoise,31835,46880,50644,185,-0.1915,0.0286,-0.9811,0
160.000,Minmatar Citizen 0254120,Porpoise,32425,50000,57772,85,-0.6898,-0.6898,-0.2202,0
160.000,Amarr Citizen 2674287,Orca,32065,55640,72698,964,-0.8335,-0.2004,0.5149,0
160.000,Amarr Citizen 5054432,Prospect,64400,64400,-36184,1935,0.2269,0.7684,-0.5985,0
160.000,Amarr Citizen 4520313,Prospect,60835,75955,36687,892,0.3771,0.2808,0.8826,0
160.000,Minmatar Citizen 9978241,Retriever,47105,63125,53116,188,-0.3328,-0.4477,0.8300,0
160.000,Minmatar Citizen 7162778,Covetor,16720,81500,28674,262,-0.2644,0.9583,-0.1085,0
160.000,Minmatar Citizen 9678938,Venture,5025,60600,92862,1743,0.5062,-0.2069,-0.8372,0
160.000,Minmatar Citizen 2250648,Mackinaw,5025,58560,94162,42,-0.6836,-0.6836,-0.2557,0
160.000,Gallente Citizen 1635012,Venture,40300,59515,57427,410,-0.1195,-0.2674,0.9561,0
161.000,Caldari Citizen 9942864,Venture,60835,75955,36687,425,0.5165,0.4834,0.7068,0
161.000,Caldari Citizen 6206817,Skiff,18200,85280,26021,310,0.9787,-0.2012,-0.0416,0
161.000,Minmatar Citizen 9745080,Endurance,27345,78165,26674,1094,0.8600,-0.4433,-0.2527,0
161.000,Amarr Citizen 0220922,Porpoise,20600,74320,30679,43,,,,0
161.000,Minmatar Citizen 4351238,Retriever,46160,64535,50403,85,0.0000,0.6215,-0.7834,0
161.000,Caldari Citizen 3216932,Endurance,48080,76520,29292,1105,0.9186,-0.1270,0.3742,0
161.000,Minmatar Citizen 9076035,Porpoise,48160,75160,17680,1325,0.9364,-0.0868,0.3401,0
161.000,Minmatar Citizen 6662812,Procurer,72655,72655,39275,694,0.4003,-0.0400,0.9155,0
161.000,Caldari Citizen 3891005,Orca,40300,57040,59886,273,-0.8344,0.0000,0.5512,0
161.000,Caldari Citizen 8777524,Porpoise,31080,46920,49574,185,-0.5762,0.0305,-0.8167,0
161.000,Minmatar Citizen 0254120,Porpoise,31600,49175,57509,95,-0.6898,-0.6898,-0.2202,0
161.000,Amarr Citizen 2674287,Orca,30920,54725,73879,972,-0.8390,-0.2005,0.5058,0
161.000,Amarr Citizen 5054432,Prospect,65555,65555,-37484,1965,0.2305,0.7936,-0.5632,0
161.000,Amarr Citizen 4520313,Prospect,60835,75955,36687,926,0.2240,0.1704,0.9596,0
161.000,Minmatar Citizen 9978241,Retriever,47105,63125,53116,198,-0.5462,-0.2645,0.7948,0
161.000,Minmatar Citizen 7162778,Covetor,15515,81500,29343,261,-0.3806,0.8872,-0.2608,0
161.000,Minmatar Citizen 9678938,Venture,5375,60500,91711,1496,0.6271,-0.5225,-0.5777,0
161.000,Minmatar Citizen 2250648,Mackinaw,5025,58560,94162,85,-0.6836,-0.6836,-0.2557,0
161.000,Gallente Citizen 1635012,Venture,39275,59515,58133,409,-0.3951,-0.1027,0.9129,0
162.000,Caldari Citizen 9942864,Venture,60835,75955,36687,472,0.1942,0.2870,0.9380,0
162.000,Caldari Citizen 6206817,Skiff,18200,84925,27157,614,0.9683,-0.2411,0.0649,0
162.000,Minmatar Citizen 9745080,Endurance,28440,77720,26828,1095,0.9122,-0.3255,-0.2489,0
162.000,Amarr Citizen 0220922,Porpoise,20600,74320,30679,42,,,,0
162.000,Minmatar Citizen 4351238,Retriever,46160,64535,50403,86,0.0000,0.6215,-0.7834,0
162.000,Caldari Citizen 3216932,Endurance,49035,76860,30068,1108,0.9191,-0.1355,0.3700,0
162.000,Minmatar Citizen 9076035,Porpoise,49075,74915,21057,1325,0.9094,-0.0669,0.4106,0
162.000,Minmatar Citizen 6662812,Procurer,73760,73760,37946,572,0.2704,-0.1076,0.9567,0
162.000,Caldari Citizen 3891005,Orca,39275,57040,60563,257,-0.8344,0.0000,0.5512,0
162.000,Caldari Citizen 8777524,Porpoise,31080,46920,49574,186,-0.1212,0.0275,-0.9922,0
162.000,Minmatar Citizen 0254120,Porpoise,31600,49175,57509,105,-0.7322,-0.2929,-0.6149,0
162.000,Amarr Citizen 2674287,Orca,29765,54725,74352,980,-0.8670,-0.1561,0.4733,0
162.000,Amarr Citizen 5054432,Prospect,64880,66560,-39514,1971,0.1525,0.7832,-0.6028,0
162.000,Amarr Citizen 4520313,Prospect,61880,76245,37183,934,0.0485,0.0717,0.9962,0
162.000,Minmatar Citizen 9978241,Retriever,47105,63125,53116,205,-0.7542,0.0000,0.6566,0
162.000,Minmatar Citizen 7162778,Covetor,15515,81500,29343,260,-0.1012,0.9719,-0.2124,0
162.000,Minmatar Citizen 9678938,Venture,7160,59405,91109,1336,0.6205,-0.7839,-0.0204,0
162.000,Minmatar Citizen 2250648,Mackinaw,5025,58560,94162,123,,,,0
162.000,Gallente Citizen 1635012,Venture,39275,58700,58956,412,-0.6211,-0.0986,0.7775,0
163.000,Caldari Citizen 9942864,Venture,60835,75955,36687,715,0.3278,0.3681,0.8701,0
163.000,Caldari Citizen 6206817,Skiff,19405,84925,26310,911,0.9682,-0.2477,0.0349,0
163.000,Minmatar Citizen 9745080,Endurance,29525,77720,25630,1095,0.9551,-0.2466,-0.1645,0
163.000,Amarr Citizen 0220922,Porpoise,20600,74320,30679,42,,,,0
163.000,Minmatar Citizen 4351238,Retriever,46160,64535,50403,87,,,,0
163.000,Caldari Citizen 3216932,Endurance,50000,76235,30070,1111,0.9227,-0.1419,0.3585,0
163.000,Minmatar Citizen 9076035,Porpoise,50000,74320,20989,1326,0.8342,-0.0301,0.5507,0
163.000,Minmatar Citizen 6662812,Procurer,73760,72885,39601,484,0.2110,-0.1670,0.9631,0
163.000,Caldari Citizen 3891005,Orca,39275,57040,60563,243,-0.8344,0.0000,0.5512,0
163.000,Caldari Citizen 8777524,Porpoise,31080,46920,49574,187,0.3763,0.0176,-0.9263,0
163.000,Minmatar Citizen 0254120,Porpoise,31600,49175,57509,114,-0.4683,0.3122,-0.8266,0
163.000,Amarr Citizen 2674287,Orca,29765,54725,74352,989,-0.9001,-0.0964,0.4249,0
163.000,Amarr Citizen 5054432,Prospect,65200,68600,-40645,1980,0.1202,0.8208,-0.5585,0
163.000,Amarr Citizen 4520313,Prospect,60945,76245,38696,939,0.0061,-0.0070,1.0000,0
163.000,Minmatar Citizen 9978241,Retriever,46120,63125,53974,211,-0.7542,0.0000,0.6566,0
163.000,Minmatar Citizen 7162778,Covetor,15515,81500,29343,258,0.1028,0.8475,-0.5207,0
163.000,Minmatar Citizen 9678938,Venture,7160,58400,91756,1326,0.2654,-0.8247,0.4994,0
163.000,Minmatar Citizen 2250648,Mackinaw,5025,58560,94162,214,0.0000,-0.8521,0.5234,0
163.000,Gallente Citizen 1635012,Venture,39275,58700,58956,1087,-0.6448,0.0041,0.7643,0
164.000,Caldari Citizen 9942864,Venture,61880,76245,37183,920,0.1330,0.0371,0.9904,0
164.000,Caldari Citizen 6206817,Skiff,20600,84560,26575,1152,0.9450,-0.3269,-0.0143,0
164.000,Minmatar Citizen 9745080,Endurance,30600,77265,25744,1094,0.9849,-0.1669,-0.0462,0
164.000,Amarr Citizen 0220922,Porpoise,20600,74320,30679,42,,,,0
164.000,Minmatar Citizen 4351238,Retriever,46160,64535,50403,88,,,,0
164.000,Caldari Citizen 3216932,Endurance,50965,76565,30812,1113,0.9085,-0.0482,0.4152,0
164.000,Minmatar Citizen 9076035,Porpoise,50925,74640,22012,1329,0.7690,-0.0125,0.6391,0
164.000,Minmatar Citizen 6662812,Procurer,73760,72885,39601,422,0.0488,-0.2625,0.9637,0
164.000,Caldari Citizen 3891005,Orca,39275,57040,60563,231,-0.5616,0.4577,0.6893,0
164.000,Caldari Citizen 8777524,Porpoise,31080,46920,49574,188,0.8420,0.0000,-0.5395,0
164.000,Minmatar Citizen 0254120,Porpoise,31600,49175,57509,123,-0.3940,0.4037,-0.8257,0
164.000,Amarr Citizen 2674287,Orca,28600,54725,74808,997,-0.9349,0.0000,0.3548,0
164.000,Amarr Citizen 5054432,Prospect,66405,70680,-40246,1997,0.0313,0.8331,-0.5522,0
164.000,Amarr Citizen 4520313,Prospect,60945,75480,40168,949,-0.0189,0.0662,0.9976,0
164.000,Minmatar Citizen 9978241,Retriever,46120,63125,53974,215,-0.7542,0.0000,0.6566,0
164.000,Minmatar Citizen 7162778,Covetor,15515,81875,28280,256,0.4807,0.6844,-0.5482,0
164.000,Minmatar Citizen 9678938,Venture,7160,57385,92394,1431,-0.0136,-0.5209,0.8535,0
164.000,Minmatar Citizen 2250648,Mackinaw,5025,58560,94162,299,0.5209,-0.7411,0.4236,0
164.000,Gallente Citizen 1635012,Venture,38120,59625,60338,1724,-0.6356,0.0680,0.7690,0
165.000,Caldari Citizen 9942864,Venture,60945,76245,38696,1072,-0.0499,-0.0208,0.9985,0
165.000,Caldari Citizen 6206817,Skiff,21785,84185,26820,1358,0.9324,-0.3386,-0.1266,0
165.000,Minmatar Citizen 9745080,Endurance,32540,77675,25529,1094,0.9853,-0.1687,-0.0277,0
165.000,Amarr Citizen 0220922,Porpoise,20600,74320,30679,42,0.0000,0.3747,-0.9271,0
165.000,Minmatar Citizen 4351238,Retriever,46160,64535,50403,89,,,,0
165.000,Caldari Citizen 3216932,Endurance,51920,75920,30813,1116,0.8308,-0.0892,0.5494,0
165.000,Minmatar Citizen 9076035,Porpoise,52775,74960,20780,1337,0.8470,-0.0152,0.5314,0
165.000,Minmatar Citizen 6662812,Procurer,73760,72885,39601,380,-0.0595,-0.2139,0.9751,0
165.000,Caldari Citizen 3891005,Orca,39275,57040,60563,220,-0.0936,0.7873,0.6095,0
165.000,Caldari Citizen 8777524,Porpoise,32045,46920,48955,169,0.8420,0.0000,-0.5395,0
165.000,Minmatar Citizen 0254120,Porpoise,31600,50000,56793,225,-0.1374,0.1168,-0.9836,0
165.000,Amarr Citizen 2674287,Orca,27425,54725,75247,1005,-0.9388,0.0000,0.3446,0
165.000,Amarr Citizen 5054432,Prospect,65680,71735,-42145,2020,0.0282,0.8955,-0.4441,0
165.000,Amarr Citizen 4520313,Prospect,61055,76535,40629,964,-0.0538,0.0278,0.9982,0
165.000,Minmatar Citizen 9978241,Retriever,46120,63125,53974,218,,,,0
165.000,Minmatar Citizen 7162778,Covetor,16400,82760,28334,251,0.5188,0.7020,-0.4878,0
165.000,Minmatar Citizen 9678938,Venture,6820,56420,94182,1577,-0.2339,-0.2032,0.9508,0
165.000,Minmatar Citizen 2250648,Mackinaw,5025,57525,94798,373,0.7173,-0.6123,0.3326,0
165.000,Gallente Citizen 1635012,Venture,36000,58800,62414,2236,-0.6575,0.1029,0.7464,0
166.000,Caldari Citizen 9942864,Venture,62000,76535,39171,1186,-0.0656,-0.0320,0.9973,0
166.000,Caldari Citizen 6206817,Skiff,24125,83800,26010,1534,0.9201,-0.3485,-0.1786,0
166.000,Minmatar Citizen 9745080,Endurance,33595,77200,25603,1094,0.9713,-0.2310,0.0574,0
166.000,Amarr Citizen 0220922,Porpoise,20600,74320,30679,42,0.0000,0.3747,-0.9271,0
166.000,Minmatar Citizen 4351238,Retriever,46160,64535,50403,48,,,,0
166.000,Caldari Citizen 3216932,Endurance,52895,76240,31521,1119,0.8507,-0.0283,0.5248,0
166.000,Minmatar Citizen 9076035,Porpoise,53720,74645,23818,1390,0.8088,0.0041,0.5880,0
166.000,Minmatar Citizen 6662812,Procurer,73760,72885,39601,352,0.0258,0.0210,0.9994,0
166.000,Caldari Citizen 3891005,Orca,39275,57040,60563,210,-0.0936,0.7873,0.6095,0
166.000,Caldari Citizen 8777524,Porpoise,32045,46920,48955,150,0.8420,0.0000,-0.5395,0
166.000,Minmatar Citizen 0254120,Porpoise,31600,50000,56793,327,0.0228,-0.0944,-0.9953,0
166.000,Amarr Citizen 2674287,Orca,26240,54725,75668,916,-0.9406,0.0000,0.3396,0
166.000,Amarr Citizen 5054432,Prospect,66000,73875,-43017,2045,-0.0665,0.8829,-0.4648,0
166.000,Amarr Citizen 4520313,Prospect,61055,75760,42056,981,-0.0584,0.0275,0.9979,0
166.000,Minmatar Citizen 9978241,Retriever,46120,63125,53974,220,,,,0
166.000,Minmatar Citizen 7162778,Covetor,16400,82760,28334,214,0.7290,0.5032,-0.4640,0
166.000,Minmatar Citizen 9678938,Venture,6480,56480,95336,1678,-0.2983,0.1862,0.9361,0
166.000,Minmatar Citizen 2250648,Mackinaw,5025,57525,94798,438,0.6780,-0.6454,0.3518,0
166.000,Gallente Citizen 1635012,Venture,34775,59735,63706,2653,-0.6665,0.0796,0.7412,0
167.000,Caldari Citizen 9942864,Venture,61055,75760,42056,1269,-0.1656,-0.0459,0.9851,0
167.000,Caldari Citizen 6206817,Skiff,24375,82500,26450,1681,0.8900,-0.4342,-0.1388,0
167.000,Minmatar Citizen 9745080,Endurance,33595,76715,27022,1095,0.9819,-0.1872,-0.0289,0
167.000,Amarr Citizen 0220922,Porpoise,20600,74765,29578,42,0.0000,0.3747,-0.9271,0
167.000,Minmatar Citizen 4351238,Retriever,46160,64535,50403,16,,,,0
167.000,Caldari Citizen 3216932,Endurance,53880,76560,32195,1122,0.8110,-0.0646,0.5815,0
167.000,Minmatar Citizen 9076035,Porpoise,54675,74955,24666,1434,0.7172,-0.0575,0.6944,0
167.000,Minmatar Citizen 6662812,Procurer,72885,72000,42717,334,0.1245,0.1193,0.9850,0
167.000,Caldari Citizen 3891005,Orca,39165,57965,61279,201,-0.0936,0.7873,0.6095,0
167.000,Caldari Citizen 8777524,Porpoise,32045,46920,48955,134,,,,0
167.000,Minmatar Citizen 0254120,Porpoise,30785,49185,56517,418,-0.1151,-0.2260,-0.9673,0
167.000,Amarr Citizen 2674287,Orca,26240,54725,75668,829,-0.9450,0.0000,0.3271,0
167.000,Amarr Citizen 5054432,Prospect,65225,74960,-44807,1905,-0.1948,0.8629,-0.4663,0
167.000,Amarr Citizen 4520313,Prospect,61165,76825,42494,1000,-0.1455,0.0368,0.9887,0
167.000,Minmatar Citizen 9978241,Retriever,46120,63125,53974,135,,,,0
167.000,Minmatar Citizen 7162778,Covetor,16400,82760,28334,191,0.9846,0.1735,-0.0228,0
167.000,Minmatar Citizen 9678938,Venture,5800,57665,97006,1655,-0.3148,0.4150,0.8536,0
167.000,Minmatar Citizen 2250648,Mackinaw,6480,57525,94709,492,0.8140,-0.5190,0.2607,0
167.000,Gallente Citizen 1635012,Venture,33520,59845,65727,2984,-0.6633,0.0566,0.7462,0
168.000,Caldari Citizen 9942864,Venture,60100,75760,43410,1326,-0.0717,-0.0139,0.9973,0
168.000,Caldari Citizen 6206817,Skiff,26655,82095,25494,1805,0.8749,-0.4618,-0.1461,0
168.000,Minmatar Citizen 9745080,Endurance,34640,76715,25669,1096,0.9713,-0.2224,-0.0840,0
168.000,Amarr Citizen 0220922,Porpoise,20600,74765,29578,42,0.0000,0.3747,-0.9271,0
168.000,Minmatar Citizen 4351238,Retriever,46160,64535,50403,14,,,,0
168.000,Caldari Citizen 3216932,Endurance,53880,75885,33755,1124,0.6993,-0.1070,0.7068,0
168.000,Minmatar Citizen 9076035,Porpoise,55580,74300,24625,1484,0.6250,-0.0605,0.7783,0
168.000,Minmatar Citizen 6662812,Procurer,74000,73115,41499,323,0.2605,0.2549,0.9312,0
168.000,Caldari Citizen 3891005,Orca,39165,57965,61279,193,-0.0936,0.7873,0.6095,0
168.000,Caldari Citizen 8777524,Porpoise,32045,46920,48955,120,,,,0
168.000,Minmatar Citizen 0254120,Porpoise,31800,49185,55952,499,-0.0984,-0.4571,-0.8839,0
168.000,Amarr Citizen 2674287,Orca,25045,54725,76072,753,-0.9481,0.0000,0.3180,0
168.000,Amarr Citizen 5054432,Prospect,65525,77985,-44111,1771,-0.2649,0.8587,-0.4388,0
168.000,Amarr Citizen 4520313,Prospect,61165,76040,43883,1020,-0.2577,-0.1292,0.9575,0
168.000,Minmatar Citizen 9978241,Retriever,46120,63125,53974,91,,,,0
168.000,Minmatar Citizen 7162778,Covetor,16400,82760,28334,328,0.8064,-0.3380,0.4853,0
168.000,Minmatar Citizen 9678938,Venture,5460,57735,98147,1306,-0.2974,0.7533,0.5866,0
168.000,Minmatar Citizen 2250648,Mackinaw,6480,57525,94709,539,0.8097,-0.5269,0.2584,0
168.000,Gallente Citizen 1635012,Venture,31100,59955,68222,3250,-0.6727,0.0668,0.7369,0
169.000,Caldari Citizen 9942864,Venture,61165,76040,43883,1315,-0.1398,0.0231,0.9899,0
169.000,Caldari Citizen 6206817,Skiff,28895,81680,24361,1909,0.8398,-0.5378,-0.0737,0
169.000,Minmatar Citizen 9745080,Endurance,35675,76220,25726,1097,0.9704,-0.1972,-0.1393,0
169.000,Amarr Citizen 0220922,Porpoise,20600,74765,29578,42,,,,0
169.000,Minmatar Citizen 4351238,Retriever,46160,64535,50403,32,,,,0
169.000,Caldari Citizen 3216932,Endurance,55820,76195,32840,1126,0.6554,-0.1559,0.7390,0
169.000,Minmatar Citizen 9076035,Porpoise,56545,74600,25426,1536,0.5834,-0.0129,0.8121,0
169.000,Minmatar Citizen 6662812,Procurer,74000,73115,41499,319,0.5590,0.5533,0.6175,0
169.000,Caldari Citizen 3891005,Orca,39165,57965,61279,187,,,,0
169.000,Caldari Citizen 8777524,Porpoise,32045,46920,48955,108,,,,0
169.000,Minmatar Citizen 0254120,Porpoise,31800,49185,55952,573,-0.0745,-0.4121,-0.9081,0
169.000,Amarr Citizen 2674287,Orca,25045,54725,76072,684,-0.9516,0.0000,0.3073,0
169.000,Amarr Citizen 5054432,Prospect,64700,79100,-45838,1655,-0.4058,0.8071,-0.4289,0
169.000,Amarr Citizen 4520313,Prospect,60200,76040,45198,1040,-0.2591,-0.0539,0.9643,0
169.000,Minmatar Citizen 9978241,Retriever,46120,63125,53974,95,0.0000,0.6442,-0.7649,0
169.000,Minmatar Citizen 7162778,Covetor,17605,82760,27602,511,0.8458,-0.3265,0.4220,0
169.000,Minmatar Citizen 9678938,Venture,5120,59945,98007,895,-0.1404,0.9847,-0.1028,0
169.000,Minmatar Citizen 2250648,Mackinaw,6480,56480,95336,581,0.7086,-0.6276,0.3224,0
169.000,Gallente Citizen 1635012,Venture,28600,60065,70592,3464,-0.6787,0.0695,0.7312,0
170.000,Caldari Citizen 9942864,Venture,60200,76040,45198,1131,-0.0739,0.1297,0.9888,0
170.000,Caldari Citizen 6206817,Skiff,29105,79925,26190,1997,0.8451,-0.5338,-0.0307,0
170.000,Minmatar Citizen 9745080,Endurance,37585,76600,25314,1171,0.9861,-0.1419,-0.0860,0
170.000,Amarr Citizen 0220922,Porpoise,20600,74765,29578,42,,,,0
170.000,Minmatar Citizen 4351238,Retriever,46160,64535,50403,46,,,,0
170.000,Caldari Citizen 3216932,Endurance,56825,75800,35018,1128,0.6592,-0.1329,0.7401,0
170.000,Minmatar Citizen 9076035,Porpoise,57520,74215,28064,1581,0.5152,0.0291,0.8566,0
170.000,Minmatar Citizen 6662812,Procurer,74000,73115,41499,316,0.5596,0.5596,-0.6113,0
170.000,Caldari Citizen 3891005,Orca,39165,57965,61279,180,-0.5314,-0.4297,0.7300,0
170.000,Caldari Citizen 8777524,Porpoise,32045,46920,48955,98,,,,0
170.000,Minmatar Citizen 0254120,Porpoise,30995,49195,54947,640,0.0057,-0.2532,-0.9674,0
170.000,Amarr Citizen 2674287,Orca,23840,54725,76458,608,-0.9530,0.0000,0.3030,0
170.000,Amarr Citizen 5054432,Prospect,63715,79915,-45804,1559,-0.4473,0.8441,-0.2957,0
170.000,Amarr Citizen 4520313,Prospect,60200,76040,45198,1061,-0.2674,-0.1349,0.9541,0
170.000,Minmatar Citizen 9978241,Retriever,46120,63125,53974,119,0.0000,0.6442,-0.7649,0
170.000,Minmatar Citizen 7162778,Covetor,17605,82385,28701,682,0.9310,-0.1562,0.3299,0
170.000,Minmatar Citizen 9678938,Venture,5460,58800,97513,841,0.2592,0.0901,-0.9616,0
170.000,Minmatar Citizen 2250648,Mackinaw,7925,56480,95227,614,0.5517,-0.7353,0.3937,0
170.000,Gallente Citizen 1635012,Venture,25800,60285,74169,3637,-0.6694,0.0953,0.7368,0
171.000,Caldari Citizen 9942864,Venture,61275,76320,45658,940,-0.1520,0.0040,0.9884,0
171.000,Caldari Citizen 6206817,Skiff,31285,79480,25004,2071,0.8443,-0.5231,-0.1165,0
171.000,Minmatar Citizen 9745080,Endurance,38600,76085,25340,1225,0.9915,-0.1238,-0.0398,0
171.000,Amarr Citizen 0220922,Porpoise,20600,74765,29578,42,,,,0
171.000,Minmatar Citizen 4351238,Retriever,46160,64535,50403,56,,,,0
171.000,Caldari Citizen 3216932,Endurance,56825,75085,36526,1105,0.6161,-0.1223,0.7781,0
171.000,Minmatar Citizen 9076035,Porpoise,58505,74505,28761,1629,0.4504,0.0519,0.8913,0
171.000,Minmatar Citizen 6662812,Procurer,74000,73115,41499,313,,,,0
171.000,Caldari Citizen 3891005,Orca,39165,57965,61279,175,-0.5314,-0.4297,0.7300,0
171.000,Caldari Citizen 8777524,Porpoise,32045,46920,48955,89,,,,0
171.000,Minmatar Citizen 0254120,Porpoise,31205,48400,54080,699,0.0600,-0.2235,-0.9728,0
171.000,Amarr Citizen 2674287,Orca,23840,54725,76458,542,-0.9549,0.0000,0.2970,0
171.000,Amarr Citizen 5054432,Prospect,62840,81040,-47462,1482,-0.5884,0.7468,-0.3100,0
171.000,Amarr Citizen 4520313,Prospect,59225,75245,47745,1081,-0.3179,-0.0730,0.9453,0
171.000,Minmatar Citizen 9978241,Retriever,46120,63920,53030,143,0.0000,0.6442,-0.7649,0
171.000,Minmatar Citizen 7162778,Covetor,17605,82000,29784,832,0.9519,-0.1117,0.2852,0
171.000,Minmatar Citizen 9678938,Venture,5460,59855,96869,1089,0.4570,-0.3468,-0.8191,0
171.000,Minmatar Citizen 2250648,Mackinaw,7925,55425,95845,562,0.4484,-0.7857,0.4261,0
171.000,Gallente Citizen 1635012,Venture,23120,60395,76275,3765,-0.6689,0.1188,0.7338,0
172.000,Caldari Citizen 9942864,Venture,60300,76320,46938,835,-0.2986,-0.0945,0.9497,0
172.000,Caldari Citizen 6206817,Skiff,32540,77675,25529,2132,0.8574,-0.4788,-0.1888,0
172.000,Minmatar Citizen 9745080,Endurance,39605,75560,25360,1151,0.9990,-0.0449,0.0049,0
172.000,Amarr Citizen 0220922,Porpoise,20600,74765,29578,41,,,,0
172.000,Minmatar Citizen 4351238,Retriever,46160,64535,50403,24,,,,0
172.000,Caldari Citizen 3216932,Endurance,57840,75375,37110,1100,0.5206,-0.1181,0.8456,0
172.000,Minmatar Citizen 9076035,Porpoise,58595,74795,31182,1672,0.3169,-0.0130,0.9484,0
172.000,Minmatar Citizen 6662812,Procurer,74000,73115,41499,307,,,,0
172.000,Caldari Citizen 3891005,Orca,39165,57965,61279,170,-0.5314,-0.4297,0.7300,0
172.000,Caldari Citizen 8777524,Porpoise,32045,46920,48955,82,,,,0
172.000,Minmatar Citizen 0254120,Porpoise,31205,48400,54080,753,0.1135,-0.2799,-0.9533,0
172.000,Amarr Citizen 2674287,Orca,22625,54725,76826,482,-0.9570,0.0000,0.2901,0
172.000,Amarr Citizen 5054432,Prospect,61825,81845,-47414,1423,-0.6401,0.7472,-0.1786,0
172.000,Amarr Citizen 4520313,Prospect,60300,76320,46938,1101,-0.3077,-0.0778,0.9483,0
172.000,Minmatar Citizen 9978241,Retriever,46120,63920,53030,159,0.0000,0.6442,-0.7649,0
172.000,Minmatar Citizen 7162778,Covetor,18800,82000,29044,964,0.9182,-0.1194,0.3776,0
172.000,Minmatar Citizen 9678938,Venture,6140,58640,95224,1388,0.4722,-0.6689,-0.5741,0
172.000,Minmatar Citizen 2250648,Mackinaw,7925,55425,95845,516,0.5874,-0.7207,0.3682,0
172.000,Gallente Citizen 1635012,Venture,21375,61520,78501,2211,-0.6389,0.1526,0.7540,0
173.000,Caldari Citizen 9942864,Venture,60300,76320,46938,900,-0.3693,-0.1397,0.9188,0
173.000,Caldari Citizen 6206817,Skiff,34640,76715,25669,2185,0.8753,-0.4010,-0.2704,0
173.000,Minmatar Citizen 9745080,Endurance,40500,75920,26380,1141,0.9854,0.0321,0.1674,0
173.000,Amarr Citizen 0220922,Porpoise,20600,74765,29578,41,,,,0
173.000,Minmatar Citizen 4351238,Retriever,46160,64535,50403,17,,,,0
173.000,Caldari Citizen 3216932,Endurance,58865,75665,37666,1101,0.5217,-0.1374,0.8420,0
173.000,Minmatar Citizen 9076035,Porpoise,59600,75085,31798,1710,0.2776,-0.0302,0.9602,0
173.000,Minmatar Citizen 6662812,Procurer,74000,73115,41499,186,,,,0
173.000,Caldari Citizen 3891005,Orca,38120,57120,62715,166,-0.5314,-0.4297,0.7300,0
173.000,Caldari Citizen 8777524,Porpoise,32045,46920,48955,76,-0.6743,-0.6743,-0.3010,0
173.000,Minmatar Citizen 0254120,Porpoise,31415,48420,52465,802,0.3213,-0.2880,-0.9021,0
173.000,Amarr Citizen 2674287,Orca,22625,54725,76826,428,-0.9593,0.0000,0.2825,0
173.000,Amarr Citizen 5054432,Prospect,61935,83775,-46280,1382,-0.6386,0.7690,-0.0291,0
173.000,Amarr Citizen 4520313,Prospect,59315,75515,49429,1121,-0.3550,-0.1222,0.9268,0
173.000,Minmatar Citizen 9978241,Retriever,46120,63920,53030,90,,,,0
173.000,Minmatar Citizen 7162778,Covetor,20880,82500,29288,1082,0.9462,-0.1284,0.2971,0
173.000,Minmatar Citizen 9678938,Venture,6480,57525,94709,1650,0.5453,-0.7464,-0.3816,0
173.000,Minmatar Citizen 2250648,Mackinaw,7925,55425,95845,478,0.5562,-0.7408,0.3767,0
173.000,Gallente Citizen 1635012,Venture,21125,61640,79770,1217,-0.6942,0.1938,0.6932,0
174.000,Caldari Citizen 9942864,Venture,59315,75515,49429,1055,-0.4611,-0.1994,0.8647,0
174.000,Caldari Citizen 6206817,Skiff,37715,76220,22629,2229,0.8814,-0.4081,-0.2379,0
174.000,Minmatar Citizen 9745080,Endurance,41495,75920,24785,1168,0.9297,0.1865,0.3176,0
174.000,Amarr Citizen 0220922,Porpoise,20600,74765,29578,41,,,,0
174.000,Minmatar Citizen 4351238,Retriever,46160,64535,50403,32,,,,0
174.000,Caldari Citizen 3216932,Endurance,58865,74920,39127,1106,0.5682,-0.1130,0.8151,0
174.000,Minmatar Citizen 9076035,Porpoise,60615,74640,34040,1739,0.2164,-0.0507,0.9750,0
174.000,Minmatar Citizen 6662812,Procurer,74000,73115,41499,122,0.0000,-0.5028,0.8644,0
174.000,Caldari Citizen 3891005,Orca,38120,57120,62715,162,-0.5314,-0.4297,0.7300,0
174.000,Caldari Citizen 8777524,Porpoise,32045,46920,48955,70,-0.6743,-0.6743,-0.3010,0
174.000,Minmatar Citizen 0254120,Porpoise,32400,48420,51863,821,0.2352,-0.2145,-0.9480,0
174.000,Amarr Citizen 2674287,Orca,22625,54725,76826,380,-0.9600,0.0000,0.2799,0
174.000,Amarr Citizen 5054432,Prospect,59855,84560,-47571,1359,-0.7164,0.6764,0.1711,0
174.000,Amarr Citizen 4520313,Prospect,58320,75515,50599,1140,-0.4011,-0.1540,0.9030,0
174.000,Minmatar Citizen 9978241,Retriever,46120,63920,53030,80,,,,0
174.000,Minmatar Citizen 7162778,Covetor,22055,82095,29563,1183,0.8991,-0.2130,0.3823,0
174.000,Minmatar Citizen 9678938,Venture,8255,56420,94067,1839,0.5272,-0.8355,-0.1548,0
174.000,Minmatar Citizen 2250648,Mackinaw,7925,54360,96453,447,0.7756,-0.5756,0.2591,0
174.000,Gallente Citizen 1635012,Venture,19840,61640,80099,425,-0.6935,0.3007,0.6547,0
175.000,Caldari Citizen 9942864,Venture,59315,75515,49429,1173,-0.4449,-0.2264,0.8665,0
175.000,Caldari Citizen 6206817,Skiff,39715,75200,22620,2265,0.8920,-0.3858,-0.2353,0
175.000,Minmatar Citizen 9745080,Endurance,42400,76280,25780,1206,0.8958,0.3987,0.1966,0
175.000,Amarr Citizen 0220922,Porpoise,20600,74765,29578,41,-0.8313,0.0000,0.5559,0
175.000,Minmatar Citizen 4351238,Retriever,46160,64535,50403,46,,,,0
175.000,Caldari Citizen 3216932,Endurance,59900,75200,39660,1111,0.3889,-0.1471,0.9095,0
175.000,Minmatar Citizen 9076035,Porpoise,59700,73895,37141,1741,0.2584,-0.0425,0.9651,0
175.000,Minmatar Citizen 6662812,Procurer,74000,73115,41499,119,0.0000,-0.5028,0.8644,0
175.000,Caldari Citizen 3891005,Orca,38120,57120,62715,158,-0.5314,-0.4297,0.7300,0
175.000,Caldari Citizen 8777524,Porpoise,31300,46175,48623,66,-0.6743,-0.6743,-0.3010,0
175.000,Minmatar Citizen 0254120,Porpoise,31625,47645,51564,747,0.1514,-0.2295,-0.9615,0
175.000,Amarr Citizen 2674287,Orca,21400,54725,77177,338,-0.9615,0.0000,0.2749,0
175.000,Amarr Citizen 5054432,Prospect,58800,85335,-47503,1354,-0.7774,0.5896,0.2193,0
175.000,Amarr Citizen 4520313,Prospect,58320,75515,50599,1158,-0.4779,-0.2053,0.8541,0
175.000,Minmatar Citizen 9978241,Retriever,46120,63920,53030,105,,,,0
175.000,Minmatar Citizen 7162778,Covetor,22055,81680,30691,1271,0.8473,-0.2982,0.4395,0
175.000,Minmatar Citizen 9678938,Venture,8585,54280,94133,1931,0.5756,-0.8106,0.1072,0
175.000,Minmatar Citizen 2250648,Mackinaw,9360,54360,96324,422,0.6728,-0.6681,0.3176,0
175.000,Gallente Citizen 1635012,Venture,21125,61640,79770,426,0.2266,-0.5111,-0.8291,0
176.000,Caldari Citizen 9942864,Venture,58320,75515,50599,1261,-0.4857,-0.1971,0.8516,0
176.000,Caldari Citizen 6206817,Skiff,41675,74140,22593,2296,0.8857,-0.4576,-0.0778,0
176.000,Minmatar Citizen 9745080,Endurance,43315,76640,26723,1244,0.8161,0.4885,0.3088,0
176.000,Amarr Citizen 0220922,Porpoise,20600,74765,29578,41,-0.8313,0.0000,0.5559,0
176.000,Minmatar Citizen 4351238,Retriever,46160,64535,50403,57,,,,0
176.000,Caldari Citizen 3216932,Endurance,59900,74435,41078,1115,0.3432,-0.1040,0.9335,0
176.000,Minmatar Citizen 9076035,Porpoise,60725,74165,37697,1745,0.2534,0.0629,0.9653,0
176.000,Minmatar Citizen 6662812,Procurer,74000,73115,41499,147,0.0000,-0.5028,0.8644,0
176.000,Caldari Citizen 3891005,Orca,38120,57120,62715,155,,,,0
176.000,Caldari Citizen 8777524,Porpoise,31300,46175,48623,62,-0.6743,-0.6743,-0.3010,0
176.000,Minmatar Citizen 0254120,Porpoise,32600,47645,50953,674,0.0563,-0.3460,-0.9365,0
176.000,Amarr Citizen 2674287,Orca,21400,54725,77177,301,-0.9615,0.0000,0.2749,0
176.000,Amarr Citizen 5054432,Prospect,58800,86100,-46102,1362,-0.8859,0.3965,0.2409,0
176.000,Amarr Citizen 4520313,Prospect,57315,74700,52905,1175,-0.4609,-0.2409,0.8541,0
176.000,Minmatar Citizen 9978241,Retriever,46120,63920,53030,132,,,,0
176.000,Minmatar Citizen 7162778,Covetor,23220,81255,30959,1346,0.8388,-0.3198,0.4406,0
176.000,Minmatar Citizen 9678938,Venture,10000,53225,94594,1926,0.6353,-0.6960,0.3347,0
176.000,Minmatar Citizen 2250648,Mackinaw,9360,54360,96324,401,0.6014,-0.7183,0.3499,0
176.000,Gallente Citizen 1635012,Venture,20100,61520,78837,919,0.4947,-0.3090,-0.8123,0
177.000,Caldari Citizen 9942864,Venture,57315,74700,52905,1326,-0.4800,-0.2199,0.8493,0
177.000,Caldari Citizen 6206817,Skiff,43595,73040,22553,2244,0.8728,-0.4715,0.1266,0
177.000,Minmatar Citizen 9745080,Endurance,44240,77000,27619,1278,0.7128,0.5146,0.4765,0
177.000,Amarr Citizen 0220922,Porpoise,19465,74765,30337,41,-0.8313,0.0000,0.5559,0
177.000,Minmatar Citizen 4351238,Retriever,46160,64535,50403,65,,,,0
177.000,Caldari Citizen 3216932,Endurance,60945,74705,41592,1109,0.3209,-0.0858,0.9432,0
177.000,Minmatar Citizen 9076035,Porpoise,60835,74435,39680,1756,0.1827,0.1362,0.9737,0
177.000,Minmatar Citizen 6662812,Procurer,74000,72220,43038,177,0.0000,-0.5028,0.8644,0
177.000,Caldari Citizen 3891005,Orca,38120,57120,62715,153,,,,0
177.000,Caldari Citizen 8777524,Porpoise,31300,46175,48623,58,,,,0
177.000,Minmatar Citizen 0254120,Porpoise,31835,47675,49896,609,-0.0613,-0.3665,-0.9284,0
177.000,Amarr Citizen 2674287,Orca,21400,54725,77177,269,-0.9636,0.0000,0.2672,0
177.000,Amarr Citizen 5054432,Prospect,56600,86465,-45708,1382,-0.8071,0.3587,0.4689,0
177.000,Amarr Citizen 4520313,Prospect,57315,74700,52905,1191,-0.3951,-0.1787,0.9011,0
177.000,Minmatar Citizen 9978241,Retriever,46120,63920,53030,155,-0.7606,0.0000,0.6492,0
177.000,Minmatar Citizen 7162778,Covetor,24375,80375,32338,1411,0.8863,-0.2710,0.3757,0
177.000,Minmatar Citizen 9678938,Venture,10000,52160,95186,1793,0.5772,-0.5336,0.6181,0
177.000,Minmatar Citizen 2250648,Mackinaw,9360,54360,96324,385,0.5130,-0.7686,0.3821,0
177.000,Gallente Citizen 1635012,Venture,21375,61520,78501,1324,0.7043,-0.2243,-0.6735,0
178.000,Caldari Citizen 9942864,Venture,57315,74700,52905,1352,-0.4342,-0.1543,0.8875,0
178.000,Caldari Citizen 6206817,Skiff,44540,72475,22529,1987,0.8923,-0.3873,0.2321,0
178.000,Minmatar Citizen 9745080,Endurance,46120,78880,25998,1293,0.7001,0.5214,0.4879,0
178.000,Amarr Citizen 0220922,Porpoise,19465,74765,30337,41,-0.8313,0.0000,0.5559,0
178.000,Minmatar Citizen 4351238,Retriever,46160,64535,50403,68,,,,0
178.000,Caldari Citizen 3216932,Endurance,60000,74705,42944,1081,0.2304,-0.1292,0.9645,0
178.000,Minmatar Citizen 9076035,Porpoise,61880,74705,40187,1765,0.1641,0.1845,0.9690,0
178.000,Minmatar Citizen 6662812,Procurer,74000,72220,43038,191,0.0000,-0.5028,0.8644,0
178.000,Caldari Citizen 3891005,Orca,38120,57120,62715,151,,,,0
178.000,Caldari Citizen 8777524,Porpoise,31300,46175,48623,57,0.6271,0.3093,-0.7150,0
178.000,Minmatar Citizen 0254120,Porpoise,31835,47675,49896,579,-0.1219,-0.4301,-0.8945,0
178.000,Amarr Citizen 2674287,Orca,21400,54725,77177,253,-0.9657,0.0000,0.2595,0
178.000,Amarr Citizen 5054432,Prospect,56600,86465,-45708,1395,-0.8381,0.2873,0.4637,0
178.000,Amarr Citizen 4520313,Prospect,56300,74700,53984,1199,-0.3794,-0.1426,0.9142,0
178.000,Minmatar Citizen 9978241,Retriever,46120,63920,53030,165,-0.7606,0.0000,0.6492,0
178.000,Minmatar Citizen 7162778,Covetor,25520,80375,31442,1441,0.8964,-0.2529,0.3641,0
178.000,Minmatar Citizen 9678938,Venture,11095,52180,96198,1670,0.4530,-0.1500,0.8788,0
178.000,Minmatar Citizen 2250648,Mackinaw,9360,53285,96923,377,0.5117,-0.7721,0.3769,0
178.000,Gallente Citizen 1635012,Venture,21625,60505,77926,1510,0.7490,-0.2492,-0.6140,0
179.000,Caldari Citizen 9942864,Venture,56300,74700,53984,1393,-0.3794,-0.1426,0.9142,0
179.000,Caldari Citizen 6206817,Skiff,45475,71315,24294,1614,0.8924,-0.2359,0.3847,0
179.000,Minmatar Citizen 9745080,Endurance,46080,79260,28469,1319,0.7460,0.5981,0.2929,0
179.000,Amarr Citizen 0220922,Porpoise,19465,74765,30337,41,,,,0
179.000,Minmatar Citizen 4351238,Retriever,46160,64535,50403,74,0.7308,0.0000,-0.6825,0
179.000,Caldari Citizen 3216932,Endurance,61055,74975,43440,1054,0.1958,-0.1964,0.9608,0
179.000,Minmatar Citizen 9076035,Porpoise,62000,75760,40650,1758,-0.0389,0.0607,0.9974,0
179.000,Minmatar Citizen 6662812,Procurer,74000,72220,43038,215,,,,0
179.000,Caldari Citizen 3891005,Orca,38120,57120,62715,149,-0.8588,0.0000,0.5122,0
179.000,Caldari Citizen 8777524,Porpoise,31300,46175,48623,54,0.5562,0.3810,-0.7385,0
179.000,Minmatar Citizen 0254120,Porpoise,32045,46920,48955,523,-0.3373,-0.5787,-0.7425,0
179.000,Amarr Citizen 2674287,Orca,21400,54725,77177,226,-0.9657,0.0000,0.2595,0
179.000,Amarr Citizen 5054432,Prospect,54400,86800,-45281,1426,-0.8926,0.1978,0.4051,0
179.000,Amarr Citizen 4520313,Prospect,56300,73875,55107,1214,-0.3614,-0.0956,0.9275,0
179.000,Minmatar Citizen 9978241,Retriever,45125,63920,53879,180,-0.7606,0.0000,0.6492,0
179.000,Minmatar Citizen 7162778,Covetor,27560,80360,32615,1494,0.8761,-0.2112,0.4334,0
179.000,Minmatar Citizen 9678938,Venture,12200,52200,97197,1469,0.1015,0.0998,0.9898,0
179.000,Minmatar Citizen 2250648,Mackinaw,9360,53285,96923,365,0.5992,-0.7257,0.3382,0
179.000,Gallente Citizen 1635012,Venture,23120,60395,76275,1812,0.7992,-0.2723,-0.5358,0
180.000,Caldari Citizen 9942864,Venture,56300,73875,55107,1326,-0.3614,-0.0956,0.9275,0
180.000,Caldari Citizen 6206817,Skiff,47285,71605,23619,1402,0.8503,-0.0465,0.5242,0
180.000,Minmatar Citizen 9745080,Endurance,47045,79640,29210,1340,0.7130,0.6131,0.3400,0
180.000,Amarr Citizen 0220922,Porpoise,19465,74765,30337,41,,,,0
180.000,Minmatar Citizen 4351238,Retriever,46160,64535,50403,78,0.7308,0.0000,-0.6825,0
180.000,Caldari Citizen 3216932,Endurance,61055,74180,44784,1049,-0.0164,-0.2869,0.9578,0
180.000,Minmatar Citizen 9076035,Porpoise,61055,74975,43440,1746,-0.1266,0.0479,0.9908,0
180.000,Minmatar Citizen 6662812,Procurer,74000,72220,43038,222,0.8602,0.4450,-0.2491,0
180.000,Caldari Citizen 3891005,Orca,38120,57120,62715,147,-0.8588,0.0000,0.5122,0
180.000,Caldari Citizen 8777524,Porpoise,32255,46175,47995,52,0.5121,0.4210,-0.7486,0
180.000,Minmatar Citizen 0254120,Porpoise,32045,46920,48955,461,-0.3036,-0.5229,-0.7965,0
180.000,Amarr Citizen 2674287,Orca,20165,54725,77508,208,-0.9657,0.0000,0.2595,0
180.000,Amarr Citizen 5054432,Prospect,54400,87515,-43884,1464.5,-0.8904,0.1164,0.4401,0
180.000,Amarr Citizen 4520313,Prospect,56360,74960,55548,1229,-0.4032,-0.0880,0.9109,0
180.000,Minmatar Citizen 9978241,Retriever,45125,63920,53879,192,-0.7606,0.0000,0.6492,0
180.000,Minmatar Citizen 7162778,Covetor,28685,79885,32811,1541,0.8295,-0.2299,0.5090,0
180.000,Minmatar Citizen 9678938,Venture,11900,52220,98364,1327,-0.1421,0.3920,0.9089,0
180.000,Minmatar Citizen 2250648,Mackinaw,9360,53285,96923,354,0.6701,-0.6780,0.3021,0
180.000,Gallente Citizen 1635012,Venture,25580,60395,75486,2062,0.7913,-0.2991,-0.5332,0
181.000,Caldari Citizen 9942864,Venture,56360,74960,55548,1178,-0.4032,-0.0880,0.9109,0
181.000,Caldari Citizen 6206817,Skiff,48180,71895,24694,1337,0.8609,0.1628,0.4820,0
181.000,Minmatar Citizen 9745080,Endurance,48020,80020,29915,1356,0.6980,0.5589,0.4477,0
181.000,Amarr Citizen 0220922,Porpoise,19465,74765,30337,41,,,,0
181.000,Minmatar Citizen 4351238,Retriever,47135,64535,49493,81,0.7308,0.0000,-0.6825,0
181.000,Caldari Citizen 3216932,Endurance,61055,74180,44784,1054,-0.0574,-0.3724,0.9263,0
181.000,Minmatar Citizen 9076035,Porpoise,61165,75245,45233,1746,-0.2286,-0.0199,0.9733,0
181.000,Minmatar Citizen 6662812,Procurer,74000,72220,43038,230,0.9493,0.3129,0.0302,0
181.000,Caldari Citizen 3891005,Orca,37065,57120,63344,145,-0.8588,0.0000,0.5122,0
181.000,Caldari Citizen 8777524,Porpoise,32255,46960,47227,241,0.4660,0.4596,-0.7561,0
181.000,Minmatar Citizen 0254120,Porpoise,31300,46175,48623,262,-0.3905,-0.2857,-0.8751,0
181.000,Amarr Citizen 2674287,Orca,20165,54725,77508,197,-0.9657,0.0000,0.2595,0
181.000,Amarr Citizen 5054432,Prospect,52200,87800,-43443,1423,-0.9145,0.0565,0.4007,0
181.000,Amarr Citizen 4520313,Prospect,55325,74125,57668,1155,-0.4794,-0.0691,0.8749,0
181.000,Minmatar Citizen 9978241,Retriever,45125,63920,53879,201,,,,0
181.000,Minmatar Citizen 7162778,Covetor,28685,79400,33968,1581,0.7578,-0.2927,0.5831,0
181.000,Minmatar Citizen 9678938,Venture,11300,53375,100097,1262,-0.4277,0.6505,0.6277,0
181.000,Minmatar Citizen 2250648,Mackinaw,10785,53285,96775,346,0.7725,-0.5882,0.2393,0
181.000,Gallente Citizen 1635012,Venture,27005,59400,74454,2267,0.7933,-0.3154,-0.5208,0
182.000,Caldari Citizen 9942864,Venture,55325,74125,57668,1032,-0.3840,-0.1585,0.9096,0
182.000,Caldari Citizen 6206817,Skiff,49085,72185,25710,1164,0.8582,0.3515,0.3741,0
182.000,Minmatar Citizen 9745080,Endurance,50000,82000,27857,1369,0.7167,0.6077,0.3421,0
182.000,Amarr Citizen 0220922,Porpoise,19465,74765,30337,35,,,,0
182.000,Minmatar Citizen 4351238,Retriever,47135,64535,49493,83,0.7308,0.0000,-0.6825,0
182.000,Caldari Citizen 3216932,Endurance,61055,73375,46091,1064,-0.1898,-0.2829,0.9402,0
182.000,Minmatar Citizen 9076035,Porpoise,60200,74440,47788,1772,-0.2708,-0.1045,0.9569,0
182.000,Minmatar Citizen 6662812,Procurer,75125,73345,41782,241,0.9506,0.1859,0.2486,0
182.000,Caldari Citizen 3891005,Orca,37065,57120,63344,144,-0.8588,0.0000,0.5122,0
182.000,Caldari Citizen 8777524,Porpoise,32255,46960,47227,293,0.3816,0.5228,-0.7623,0
182.000,Minmatar Citizen 0254120,Porpoise,31300,46175,48623,171,-0.5097,0.1348,-0.8497,0
182.000,Amarr Citizen 2674287,Orca,20165,54725,77508,187,,,,0
182.000,Amarr Citizen 5054432,Prospect,51095,87380,-43059,1390,-0.9291,-0.0384,0.3679,0
182.000,Amarr Citizen 4520313,Prospect,55325,74125,57668,1053,-0.5898,-0.0328,0.8069,0
182.000,Minmatar Citizen 9978241,Retriever,45125,63920,53879,208,,,,0
182.000,Minmatar Citizen 7162778,Covetor,30715,79315,35067,1616,0.7642,-0.3130,0.5639,0
182.000,Minmatar Citizen 9678938,Venture,9855,53375,100250,1245,-0.7188,0.6900,0.0852,0
182.000,Minmatar Citizen 2250648,Mackinaw,10785,52200,97364,339,0.7091,-0.6479,0.2783,0
182.000,Gallente Citizen 1635012,Venture,28400,58415,73383,2434,0.8035,-0.3173,-0.5037,0
183.000,Caldari Citizen 9942864,Venture,55325,74125,57668,923,-0.4792,-0.1709,0.8609,0
183.000,Caldari Citizen 6206817,Skiff,50000,72475,26672,954,0.7998,0.3993,0.4482,0
183.000,Minmatar Citizen 9745080,Endurance,50000,82400,30187,1379,0.6862,0.6100,0.3963,0
183.000,Amarr Citizen 0220922,Porpoise,19465,74765,30337,29,0.7025,0.7025,0.1140,0
183.000,Minmatar Citizen 4351238,Retriever,47135,64535,49493,85,,,,0
183.000,Caldari Citizen 3216932,Endurance,60100,73375,47330,1054,-0.2129,-0.1462,0.9661,0
183.000,Minmatar Citizen 9076035,Porpoise,60300,75515,48222,1806,-0.2884,-0.0501,0.9562,0
183.000,Minmatar Citizen 6662812,Procurer,75125,72440,43332,253,0.9253,0.3689,-0.0885,0
183.000,Caldari Citizen 3891005,Orca,37065,57120,63344,142,,,,0
183.000,Caldari Citizen 8777524,Porpoise,32255,46960,47227,256,0.5018,0.4168,-0.7579,0
183.000,Minmatar Citizen 0254120,Porpoise,31300,46960,47865,133,-0.3455,0.3826,-0.8569,0
183.000,Amarr Citizen 2674287,Orca,20165,54725,77508,178,,,,0
183.000,Amarr Citizen 5054432,Prospect,50000,86960,-42649,1378,-0.9456,-0.1358,0.2957,0
183.000,Amarr Citizen 4520313,Prospect,54280,74125,58653,967,-0.6694,-0.0887,0.7376,0
183.000,Minmatar Citizen 9978241,Retriever,45125,63920,53879,213,,,,0
183.000,Minmatar Citizen 7162778,Covetor,31820,78275,36394,1647,0.8016,-0.3042,0.5147,0
183.000,Minmatar Citizen 9678938,Venture,9855,54480,99653,1238,-0.5933,0.5214,-0.6133,0
183.000,Minmatar Citizen 2250648,Mackinaw,10785,52200,97364,333,0.5819,-0.7384,0.3407,0
183.000,Gallente Citizen 1635012,Venture,30920,57440,71789,2572,0.7912,-0.3064,-0.5292,0
184.000,Caldari Citizen 9942864,Venture,54280,74125,58653,871,-0.5495,-0.2333,0.8022,0
184.000,Caldari Citizen 6206817,Skiff,50925,73400,25847,795,0.8269,0.4423,0.3473,0
184.000,Minmatar Citizen 9745080,Endurance,51015,82800,30751,1387,0.5886,0.5541,0.5887,0
184.000,Amarr Citizen 0220922,Porpoise,19465,74765,30337,26,0.7025,0.7025,0.1140,0
184.000,Minmatar Citizen 4351238,Retriever,47135,64535,49493,86,,,,0
184.000,Caldari Citizen 3216932,Endurance,60100,72560,48570,1054,-0.2488,-0.1188,0.9612,0
184.000,Minmatar Citizen 9076035,Porpoise,59315,74700,50652,1829,-0.3369,-0.0788,0.9382,0
184.000,Minmatar Citizen 6662812,Procurer,75125,72440,43332,263,0.8685,0.4342,-0.2391,0
184.000,Caldari Citizen 3891005,Orca,37065,57120,63344,141,,,,0
184.000,Caldari Citizen 8777524,Porpoise,32255,46960,47227,224,0.8201,0.0000,-0.5723,0
184.000,Minmatar Citizen 0254120,Porpoise,31300,46960,47865,96,0.0000,0.7195,-0.6945,0
184.000,Amarr Citizen 2674287,Orca,20165,54725,77508,170,,,,0
184.000,Amarr Citizen 5054432,Prospect,47820,87195,-42122,1382,-0.9233,-0.1999,0.3279,0
184.000,Amarr Citizen 4520313,Prospect,53225,74125,59612,899,-0.7036,0.1374,0.6972,0
184.000,Minmatar Citizen 9978241,Retriever,45125,63920,53879,216,-0.5682,-0.2697,0.7775,0
184.000,Minmatar Citizen 7162778,Covetor,32915,77740,36566,1674,0.8611,-0.2734,0.4288,0
184.000,Minmatar Citizen 9678938,Venture,9855,55575,99047,1242,-0.2774,0.0637,-0.9586,0
184.000,Minmatar Citizen 2250648,Mackinaw,10785,52200,97364,328,0.0000,-0.8813,0.4725,0
184.000,Gallente Citizen 1635012,Venture,32235,56475,70622,2682,0.7942,-0.3178,-0.5180,0
185.000,Caldari Citizen 9942864,Venture,54280,73280,59705,881,-0.6075,-0.1825,0.7731,0
185.000,Caldari Citizen 6206817,Skiff,50925,73400,25847,672,0.8402,0.5382,0.0658,0
185.000,Minmatar Citizen 9745080,Endurance,52060,84235,31784,1393,0.5826,0.5004,0.6404,0
185.000,Amarr Citizen 0220922,Porpoise,20300,75600,30472,25,0.7025,0.7025,0.1140,0
185.000,Minmatar Citizen 4351238,Retriever,47135,64535,49493,87,,,,0
185.000,Caldari Citizen 3216932,Endurance,60200,73625,49034,1065,-0.3401,-0.0610,0.9384,0
185.000,Minmatar Citizen 9076035,Porpoise,58320,73875,52965,1852,-0.4117,-0.0667,0.9089,0
185.000,Minmatar Citizen 6662812,Procurer,75125,72440,43332,271,0.9568,0.1897,0.2203,0
185.000,Caldari Citizen 3891005,Orca,37065,57120,63344,140,,,,0
185.000,Caldari Citizen 8777524,Porpoise,32255,46960,47227,197,0.8201,0.0000,-0.5723,0
185.000,Minmatar Citizen 0254120,Porpoise,31300,46960,47865,68,0.5121,0.4210,-0.7486,0
185.000,Amarr Citizen 2674287,Orca,20165,54725,77508,164,-0.9698,0.0000,0.2440,0
185.000,Amarr Citizen 5054432,Prospect,46745,86765,-41662,1406,-0.9264,-0.2753,0.2568,0
185.000,Amarr Citizen 4520313,Prospect,53225,74125,59612,848,-0.6852,0.2089,0.6978,0
185.000,Minmatar Citizen 9978241,Retriever,45125,63920,53879,219,-0.5042,-0.3324,0.7971,0
185.000,Minmatar Citizen 7162778,Covetor,34925,77565,37589,1697,0.8468,-0.3131,0.4300,0
185.000,Minmatar Citizen 9678938,Venture,9040,54400,97483,1287,-0.0153,-0.2736,-0.9617,0
185.000,Minmatar Citizen 2250648,Mackinaw,10785,52200,97364,324,0.0000,-0.8840,0.4676,0
185.000,Gallente Citizen 1635012,Venture,35580,56475,68997,2771,0.7996,-0.3181,-0.5094,0
186.000,Caldari Citizen 9942864,Venture,53225,73280,60648,934,-0.6058,-0.0361,0.7948,0
186.000,Caldari Citizen 6206817,Skiff,51860,73700,26737,580,0.8099,0.5746,-0.1177,0
186.000,Minmatar Citizen 9745080,Endurance,53105,84645,32250,1398,0.6195,0.5325,0.5768,0
186.000,Amarr Citizen 0220922,Porpoise,20300,75600,30472,26,0.7025,0.7025,0.1140,0
186.000,Minmatar Citizen 4351238,Retriever,47135,64535,49493,88,-0.8341,-0.4246,-0.3520,0
186.000,Caldari Citizen 3216932,Endurance,60200,73625,49034,1069,-0.3692,-0.0744,0.9264,0
186.000,Minmatar Citizen 9076035,Porpoise,58400,74960,53399,1829,-0.4300,-0.0784,0.8994,0
186.000,Minmatar Citizen 6662812,Procurer,76260,73575,42037,278,0.9501,0.3118,0.0060,0
186.000,Caldari Citizen 3891005,Orca,37065,57120,63344,139,,,,0
186.000,Caldari Citizen 8777524,Porpoise,33200,46960,46567,174,0.8201,0.0000,-0.5723,0
186.000,Minmatar Citizen 0254120,Porpoise,31300,46960,47865,56,0.8314,0.0000,-0.5557,0
186.000,Amarr Citizen 2674287,Orca,20165,54725,77508,158,-0.9698,0.0000,0.2440,0
186.000,Amarr Citizen 5054432,Prospect,45680,86335,-41178,1446,-0.9345,-0.3372,0.1142,0
186.000,Amarr Citizen 4520313,Prospect,52160,74125,60546,813,-0.6582,0.2910,0.6943,0
186.000,Minmatar Citizen 9978241,Retriever,44120,63920,54705,221,-0.4648,-0.3677,0.8054,0
186.000,Minmatar Citizen 7162778,Covetor,36000,77000,37736,1717,0.8925,-0.2537,0.3728,0
186.000,Minmatar Citizen 9678938,Venture,9360,54360,96324,1378,0.1941,-0.6317,-0.7505,0
186.000,Minmatar Citizen 2250648,Mackinaw,10785,52200,97364,321,0.5072,-0.7850,0.3557,0
186.000,Gallente Citizen 1635012,Venture,37880,55520,67139,2842,0.7984,-0.3823,-0.4652,0
187.000,Caldari Citizen 9942864,Venture,52160,73280,61566,976,-0.6244,0.1239,0.7712,0
187.000,Caldari Citizen 6206817,Skiff,51860,73700,26737,511,0.7181,0.6905,0.0869,0
187.000,Minmatar Citizen 9745080,Endurance,53135,85055,34327,1401,0.6428,0.5962,0.4809,0
187.000,Amarr Citizen 0220922,Porpoise,20300,75600,30472,27,,,,0
187.000,Minmatar Citizen 4351238,Retriever,47135,64535,49493,89,-0.8031,-0.2555,-0.5383,0
187.000,Caldari Citizen 3216932,Endurance,59225,72800,51396,1078,-0.4921,-0.0598,0.8685,0
187.000,Minmatar Citizen 9076035,Porpoise,57385,74125,55619,1796,-0.4683,-0.0158,0.8834,0
187.000,Minmatar Citizen 6662812,Procurer,76260,73575,42037,284,0.7827,0.4389,0.4414,0
187.000,Caldari Citizen 3891005,Orca,37065,57120,63344,138,,,,0
187.000,Caldari Citizen 8777524,Porpoise,33200,46960,46567,154,0.8201,0.0000,-0.5723,0
187.000,Minmatar Citizen 0254120,Porpoise,31300,46960,47865,57,0.8314,0.0000,-0.5557,0
187.000,Amarr Citizen 2674287,Orca,18920,54725,77822,153,-0.9698,0.0000,0.2440,0
187.000,Amarr Citizen 5054432,Prospect,44625,85905,-40669,1495,-0.9120,-0.4086,0.0367,0
187.000,Amarr Citizen 4520313,Prospect,52180,75220,60985,792,-0.6665,0.2919,0.6860,0
187.000,Minmatar Citizen 9978241,Retriever,44120,63125,55621,223,-0.4238,-0.4023,0.8115,0
187.000,Minmatar Citizen 7162778,Covetor,38000,76775,38699,1734,0.9029,-0.2208,0.3689,0
187.000,Minmatar Citizen 9678938,Venture,9680,53255,95761,1496,0.4382,-0.7883,-0.4321,0
187.000,Minmatar Citizen 2250648,Mackinaw,10785,51105,97944,318,0.7067,-0.6563,0.2641,0
187.000,Gallente Citizen 1635012,Venture,39055,53680,66552,1951,0.7902,-0.4611,-0.4036,0
188.000,Caldari Citizen 9942864,Venture,52160,73280,61566,962,-0.7113,0.3792,0.5918,0
188.000,Caldari Citizen 6206817,Skiff,52805,74645,25783,459,0.6693,0.7149,0.2025,0
188.000,Minmatar Citizen 9745080,Endurance,55275,86540,33459,1404,0.7112,0.6057,0.3568,0
188.000,Amarr Citizen 0220922,Porpoise,20300,75600,30472,28,,,,0
188.000,Minmatar Citizen 4351238,Retriever,46200,63600,49695,89,-0.7556,-0.1374,-0.6405,0
188.000,Caldari Citizen 3216932,Endurance,58240,72800,52510,1088,-0.5655,-0.1242,0.8153,0
188.000,Minmatar Citizen 9076035,Porpoise,55325,74125,57668,1763,-0.4947,-0.0387,0.8682,0
188.000,Minmatar Citizen 6662812,Procurer,76260,72660,43600,289,0.5241,0.4055,0.7489,0
188.000,Caldari Citizen 3891005,Orca,37065,57120,63344,137,-0.8673,0.0000,0.4978,0
188.000,Caldari Citizen 8777524,Porpoise,33200,46960,46567,137,,,,0
188.000,Minmatar Citizen 0254120,Porpoise,32255,46960,47227,67,0.8314,0.0000,-0.5557,0
188.000,Amarr Citizen 2674287,Orca,18920,54725,77822,130,-0.9698,0.0000,0.2440,0
188.000,Amarr Citizen 5054432,Prospect,43580,84860,-41419,1552,-0.8976,-0.4363,-0.0630,0
188.000,Amarr Citizen 4520313,Prospect,51095,75220,61897,800,-0.7434,0.3225,0.5860,0
188.000,Minmatar Citizen 9978241,Retriever,44120,63125,55621,224,-0.3489,-0.4600,0.8165,0
188.000,Minmatar Citizen 7162778,Covetor,39055,75575,39989,1740,0.8426,-0.2738,0.4638,0
188.000,Minmatar Citizen 9678938,Venture,10000,52160,95186,1613,0.5845,-0.8047,-0.1038,0
188.000,Minmatar Citizen 2250648,Mackinaw,10785,51105,97944,315,0.6663,-0.6898,0.2831,0
188.000,Gallente Citizen 1635012,Venture,40100,53680,65928,998,0.7043,-0.6470,-0.2920,0
189.000,Caldari Citizen 9942864,Venture,52180,74375,62013,902,-0.7121,0.5104,0.4820,0
189.000,Caldari Citizen 6206817,Skiff,52805,74645,25783,424,0.5173,0.7868,0.3367,0
189.000,Minmatar Citizen 9745080,Endurance,55325,86960,35470,1142,0.6514,0.6463,0.3975,0
189.000,Amarr Citizen 0220922,Porpoise,20300,75600,30472,30,,,,0
189.000,Minmatar Citizen 4351238,Retriever,46200,64365,48700,90,-0.6860,-0.0125,-0.7275,0
189.000,Caldari Citizen 3216932,Endurance,58240,72800,52510,1097,-0.6213,-0.0702,0.7804,0
189.000,Minmatar Citizen 9076035,Porpoise,55375,74375,59177,1728,-0.5301,-0.1002,0.8420,0
189.000,Minmatar Citizen 6662812,Procurer,76260,72660,43600,292,0.1118,-0.0344,0.9931,0
189.000,Caldari Citizen 3891005,Orca,37065,57120,63344,136,-0.8673,0.0000,0.4978,0
189.000,Caldari Citizen 8777524,Porpoise,33200,46960,46567,122,,,,0
189.000,Minmatar Citizen 0254120,Porpoise,32255,46960,47227,77,0.8314,0.0000,-0.5557,0
189.000,Amarr Citizen 2674287,Orca,18920,54725,77822,108,-0.6834,-0.5078,0.5245,0
189.000,Amarr Citizen 5054432,Prospect,41440,84440,-41972,1606,-0.8644,-0.4788,-0.1535,0
189.000,Amarr Citizen 4520313,Prospect,51095,75220,61897,817,-0.8043,0.3436,0.4848,0
189.000,Minmatar Citizen 9978241,Retriever,44120,63125,55621,225,,,,0
189.000,Minmatar Citizen 7162778,Covetor,41045,75905,39733,1740,0.8391,-0.2474,0.4845,0
189.000,Minmatar Citizen 9678938,Venture,11405,51085,95610,1613,0.5829,-0.7876,0.1999,0
189.000,Minmatar Citizen 2250648,Mackinaw,12200,51105,97777,313,0.6659,-0.6910,0.2815,0
189.000,Gallente Citizen 1635012,Venture,40100,52775,66654,387,0.2103,-0.9399,0.2691,0
190.000,Caldari Citizen 9942864,Venture,51095,74375,62910,837,-0.7457,0.5972,0.2956,0
190.000,Caldari Citizen 6206817,Skiff,52835,75600,26629,704,0.5008,0.6846,0.5296,0
190.000,Minmatar Citizen 9745080,Endurance,56420,88055,34104,988,0.5952,0.5548,0.5813,0
190.000,Amarr Citizen 0220922,Porpoise,20300,75600,30472,32,,,,0
190.000,Minmatar Citizen 4351238,Retriever,46200,64365,48700,90,-0.5303,0.1928,-0.8256,0
190.000,Caldari Citizen 3216932,Endurance,57245,72800,53593,1104,-0.6893,0.0000,0.7245,0
190.000,Minmatar Citizen 9076035,Porpoise,54320,74375,60147,1690,-0.5646,-0.0117,0.8253,0
190.000,Minmatar Citizen 6662812,Procurer,76520,73805,43846,295,0.4388,0.2589,0.8605,0
190.000,Caldari Citizen 3891005,Orca,36000,57120,63955,136,-0.8673,0.0000,0.4978,0
190.000,Caldari Citizen 8777524,Porpoise,33200,46960,46567,131,,,,0
190.000,Minmatar Citizen 0254120,Porpoise,32255,46960,47227,88,,,,0
190.000,Amarr Citizen 2674287,Orca,18920,54725,77822,91,0.0000,-0.8214,0.5704,0
190.000,Amarr Citizen 5054432,Prospect,40415,84020,-41367,1614,-0.8344,-0.4872,-0.2577,0
190.000,Amarr Citizen 4520313,Prospect,50000,75220,62785,839,-0.8905,0.3366,0.3061,0
190.000,Minmatar Citizen 9978241,Retriever,44120,63125,55621,124,,,,0
190.000,Minmatar Citizen 7162778,Covetor,43035,75600,40603,1694,0.8025,-0.2377,0.5473,0
190.000,Minmatar Citizen 9678938,Venture,12800,50000,96006,1547,0.5427,-0.7101,0.4485,0
190.000,Minmatar Citizen 2250648,Mackinaw,12200,51105,97777,312,0.7050,-0.6607,0.2578,0
190.000,Gallente Citizen 1635012,Venture,40100,52775,66654,565,-0.8078,-0.1385,0.5730,0
191.000,Caldari Citizen 9942864,Venture,50000,75220,62785,799,-0.8235,0.4960,0.2755,0
191.000,Caldari Citizen 6206817,Skiff,53800,75920,27399,987,0.5045,0.5437,0.6707,0
191.000,Minmatar Citizen 9745080,Endurance,57525,88485,34384,928,0.1142,0.2385,0.9644,0
191.000,Amarr Citizen 0220922,Porpoise,20300,75600,30472,33,,,,0
191.000,Minmatar Citizen 4351238,Retriever,46200,64365,48700,90,,,,0
191.000,Caldari Citizen 3216932,Endurance,56240,72800,54646,1110,-0.6966,0.0000,0.7174,0
191.000,Minmatar Citizen 9076035,Porpoise,53255,73520,62119,1643,-0.5966,0.0256,0.8021,0
191.000,Minmatar Citizen 6662812,Procurer,76520,73805,43846,298,0.7071,0.5946,0.3827,0
191.000,Caldari Citizen 3891005,Orca,36000,57120,63955,135,-0.8673,0.0000,0.4978,0
191.000,Caldari Citizen 8777524,Porpoise,33200,46960,46567,141,-0.6747,-0.6747,-0.2992,0
191.000,Minmatar Citizen 0254120,Porpoise,32255,46960,47227,98,,,,0
191.000,Amarr Citizen 2674287,Orca,18920,54725,77822,77,0.0000,-0.8214,0.5704,0
191.000,Amarr Citizen 5054432,Prospect,39400,83005,-41938,1626,-0.8103,-0.5103,-0.2880,0
191.000,Amarr Citizen 4520313,Prospect,48895,76055,62649,864,-0.8928,0.3874,0.2299,0
191.000,Minmatar Citizen 9978241,Retriever,44120,63125,55621,44,,,,0
191.000,Minmatar Citizen 7162778,Covetor,43035,74300,42936,1662,0.6907,-0.2671,0.6720,0
191.000,Minmatar Citizen 9678938,Venture,12800,48905,96568,1445,0.5424,-0.4425,0.7141,0
191.000,Minmatar Citizen 2250648,Mackinaw,12200,50000,98347,310,0.5056,-0.7896,0.3477,0
191.000,Gallente Citizen 1635012,Venture,40100,52775,66654,1030,-0.8912,0.0661,0.4487,0
192.000,Caldari Citizen 9942864,Venture,50000,75220,62785,810,-0.8855,0.4266,0.1840,0
192.000,Caldari Citizen 6206817,Skiff,53840,76895,28150,1166,0.6723,0.5469,0.4989,0
192.000,Minmatar Citizen 9745080,Endurance,56480,88485,36075,958,-0.1089,0.0527,0.9927,0
192.000,Amarr Citizen 0220922,Porpoise,20300,75600,30472,34,,,,0
192.000,Minmatar Citizen 4351238,Retriever,46200,64365,48700,90,,,,0
192.000,Caldari Citizen 3216932,Endurance,55225,72800,55672,1114,-0.7037,0.0000,0.7104,0
192.000,Minmatar Citizen 9076035,Porpoise,52180,73520,63024,1583,-0.6753,0.0526,0.7356,0
192.000,Minmatar Citizen 6662812,Procurer,76520,72880,45367,299,0.8278,0.5170,0.2180,0
192.000,Caldari Citizen 3891005,Orca,36000,57120,63955,135,,,,0
192.000,Caldari Citizen 8777524,Porpoise,33200,46960,46567,150,-0.2330,-0.3027,-0.9242,0
192.000,Minmatar Citizen 0254120,Porpoise,32255,46960,47227,107,,,,0
192.000,Amarr Citizen 2674287,Orca,18920,53800,78464,67,0.0000,-0.8214,0.5704,0
192.000,Amarr Citizen 5054432,Prospect,38395,82000,-42448,1618,-0.7530,-0.5684,-0.3314,0
192.000,Amarr Citizen 4520313,Prospect,48895,76055,62649,891,-0.9388,0.2796,0.2013,0
192.000,Minmatar Citizen 9978241,Retriever,44120,63125,55621,47,,,,0
192.000,Minmatar Citizen 7162778,Covetor,45025,74600,42621,1647,0.5590,-0.2953,0.7748,0
192.000,Minmatar Citizen 9678938,Venture,13895,47780,98102,1330,0.3895,-0.1388,0.9105,0
192.000,Minmatar Citizen 2250648,Mackinaw,12200,50000,98347,309,0.0000,-0.8888,0.4582,0
192.000,Gallente Citizen 1635012,Venture,38000,52775,67873,1436,-0.9179,0.2252,0.3267,0
193.000,Caldari Citizen 9942864,Venture,48895,76055,62649,879,-0.8442,0.5360,0.0055,0
193.000,Caldari Citizen 6206817,Skiff,54825,77225,28836,1349,0.7089,0.4912,0.5061,0
193.000,Minmatar Citizen 9745080,Endurance,56480,87800,37712,962,-0.3290,-0.0811,0.9409,0
193.000,Amarr Citizen 0220922,Porpoise,20300,75600,30472,35,,,,0
193.000,Minmatar Citizen 4351238,Retriever,46200,64365,48700,90,,,,0
193.000,Caldari Citizen 3216932,Endurance,54200,72800,56670,1119,-0.7161,0.0000,0.6980,0
193.000,Minmatar Citizen 9076035,Porpoise,51105,74625,64346,1510,-0.7086,0.0941,0.6993,0
193.000,Minmatar Citizen 6662812,Procurer,77675,74035,44061,284,0.9484,0.3155,-0.0316,0
193.000,Caldari Citizen 3891005,Orca,36000,57120,63955,134,,,,0
193.000,Caldari Citizen 8777524,Porpoise,32465,46225,46241,158,0.0284,-0.0574,-0.9979,0
193.000,Minmatar Citizen 0254120,Porpoise,32255,46960,47227,116,,,,0
193.000,Amarr Citizen 2674287,Orca,18920,53800,78464,59,0.0000,-0.8214,0.5704,0
193.000,Amarr Citizen 5054432,Prospect,36285,81005,-43847,1619,-0.6923,-0.5943,-0.4093,0
193.000,Amarr Citizen 4520313,Prospect,47780,76880,62502,919,-0.9549,0.2898,0.0648,0
193.000,Minmatar Citizen 9978241,Retriever,44120,63125,55621,90,0.0000,0.6557,-0.7550,0
193.000,Minmatar Citizen 7162778,Covetor,46000,74215,44499,1644,0.4985,-0.2766,0.8215,0
193.000,Minmatar Citizen 9678938,Venture,13605,47760,99272,1223,0.2478,0.1488,0.9573,0
193.000,Minmatar Citizen 2250648,Mackinaw,12200,50000,98347,309,0.5032,-0.7951,0.3385,0
193.000,Gallente Citizen 1635012,Venture,36935,53680,67751,1771,-0.9225,0.2176,0.3186,0
194.000,Caldari Citizen 9942864,Venture,47780,76055,63504,983,-0.9300,0.3594,0.0776,0
194.000,Caldari Citizen 6206817,Skiff,55820,77555,29485,1514,0.6801,0.3888,0.6216,0
194.000,Minmatar Citizen 9745080,Endurance,55425,87800,39246,976,-0.4426,-0.1025,0.8909,0
194.000,Amarr Citizen 0220922,Porpoise,20300,75600,30472,36,,,,0
194.000,Minmatar Citizen 4351238,Retriever,46200,64365,48700,90,,,,0
194.000,Caldari Citizen 3216932,Endurance,54200,72800,56670,1122,-0.7287,0.0000,0.6848,0
194.000,Minmatar Citizen 9076035,Porpoise,50000,74625,65208,1428,-0.7584,0.1354,0.6376,0
194.000,Minmatar Citizen 6662812,Procurer,77675,74035,44061,281,0.8005,0.4486,0.3975,0
194.000,Caldari Citizen 3891005,Orca,36000,57120,63955,134,0.5446,-0.2854,0.7886,0
194.000,Caldari Citizen 8777524,Porpoise,32465,46225,46241,165,0.1813,0.0913,-0.9792,0
194.000,Minmatar Citizen 0254120,Porpoise,32255,46960,47227,123,,,,0
194.000,Amarr Citizen 2674287,Orca,18920,53800,78464,55,,,,0
194.000,Amarr Citizen 5054432,Prospect,35300,80020,-44212,1631,-0.6727,-0.6208,-0.4025,0
194.000,Amarr Citizen 4520313,Prospect,46655,76880,63346,946,-0.9710,0.2156,0.1029,0
194.000,Minmatar Citizen 9978241,Retriever,44120,63125,55621,125,0.0000,0.6557,-0.7550,0
194.000,Minmatar Citizen 7162778,Covetor,46000,72815,46754,1649,0.5079,-0.2384,0.8278,0
194.000,Minmatar Citizen 9678938,Venture,14440,50000,100302,1135,0.0340,0.5108,0.8590,0
194.000,Minmatar Citizen 2250648,Mackinaw,12200,50000,98347,308,0.7667,-0.6084,0.2049,0
194.000,Gallente Citizen 1635012,Venture,34775,53680,68885,2028,-0.9271,0.2550,0.2746,0
195.000,Caldari Citizen 9942864,Venture,46655,76880,63346,1066,-0.9531,0.2928,0.0766,0
195.000,Caldari Citizen 6206817,Skiff,57840,78900,28867,1609,0.6586,0.3408,0.6709,0
195.000,Minmatar Citizen 9745080,Endurance,55425,87800,39246,996,-0.4082,-0.1449,0.9013,0
195.000,Amarr Citizen 0220922,Porpoise,20300,75600,30472,65,0.8216,0.0000,-0.5700,0
195.000,Minmatar Citizen 4351238,Retriever,46200,64365,48700,90,,,,0
195.000,Caldari Citizen 3216932,Endurance,53165,72800,57642,1125,-0.7074,0.1097,0.6982,0
195.000,Minmatar Citizen 9076035,Porpoise,48885,74625,66048,1416,-0.7844,0.0831,0.6147,0
195.000,Minmatar Citizen 6662812,Procurer,77675,74035,44061,282,0.5855,0.5612,0.5850,0
195.000,Caldari Citizen 3891005,Orca,36000,57120,63955,134,0.6806,-0.0662,0.7296,0
195.000,Caldari Citizen 8777524,Porpoise,33400,47000,44771,171,0.3194,0.2294,-0.9194,0
195.000,Minmatar Citizen 0254120,Porpoise,32255,46960,47227,129,,,,0
195.000,Amarr Citizen 2674287,Orca,18920,53800,78464,54,,,,0
195.000,Amarr Citizen 5054432,Prospect,34325,79045,-44527,1630,-0.6220,-0.6654,-0.4128,0
195.000,Amarr Citizen 4520313,Prospect,44425,76600,63560,1060,-0.9663,0.2454,0.0783,0
195.000,Minmatar Citizen 9978241,Retriever,44120,63920,54705,151,0.0000,0.6557,-0.7550,0
195.000,Minmatar Citizen 7162778,Covetor,46985,73085,47455,1659,0.4621,-0.2232,0.8583,0
195.000,Minmatar Citizen 9678938,Venture,14160,50000,101467,1064,-0.2454,0.7502,0.6140,0
195.000,Minmatar Citizen 2250648,Mackinaw,12200,50000,98347,308,0.7667,-0.6084,0.2049,0
195.000,Gallente Citizen 1635012,Venture,33680,54575,68726,1897,-0.9345,0.2522,0.2513,0
196.000,Caldari Citizen 9942864,Venture,46655,77695,62344,1118,-0.9617,0.2700,0.0468,0
196.000,Caldari Citizen 6206817,Skiff,57920,79240,31230,1700,0.6251,0.3379,0.7036,0
196.000,Minmatar Citizen 9745080,Endurance,54360,87800,40708,1015,-0.4551,-0.1238,0.8818,0
196.000,Amarr Citizen 0220922,Porpoise,20300,75600,30472,90,0.8216,0.0000,-0.5700,0
196.000,Minmatar Citizen 4351238,Retriever,46200,64365,48700,90,,,,0
196.000,Caldari Citizen 3216932,Endurance,52120,72800,58589,1126,-0.6930,0.1778,0.6987,0
196.000,Minmatar Citizen 9076035,Porpoise,47760,74625,66866,1414,-0.8456,0.0686,0.5294,0
196.000,Minmatar Citizen 6662812,Procurer,77675,74035,44061,268,0.1516,0.1291,0.9800,0
196.000,Caldari Citizen 3891005,Orca,36000,56265,64709,133,0.3254,0.0655,0.9433,0
196.000,Caldari Citizen 8777524,Porpoise,33400,47000,44771,176,0.4903,0.4064,-0.7710,0
196.000,Minmatar Citizen 0254120,Porpoise,32255,46960,47227,135,,,,0
196.000,Amarr Citizen 2674287,Orca,18920,53800,78464,46,,,,0
196.000,Amarr Citizen 5054432,Prospect,33360,77475,-45834,1634,-0.5299,-0.7187,-0.4501,0
196.000,Amarr Citizen 4520313,Prospect,44425,77405,62577,1174,-0.9807,0.1881,0.0531,0
196.000,Minmatar Citizen 9978241,Retriever,44120,63920,54705,171,0.3489,0.4600,-0.8165,0
196.000,Minmatar Citizen 7162778,Covetor,47980,72620,49237,1673,0.4574,-0.2503,0.8533,0
196.000,Minmatar Citizen 9678938,Venture,14160,50000,101467,1008,-0.6127,0.7623,0.2085,0
196.000,Minmatar Citizen 2250648,Mackinaw,13605,48885,98723,307,0.7667,-0.6084,0.2049,0
196.000,Gallente Citizen 1635012,Venture,31460,54575,69770,1769,-0.9408,0.1963,0.2762,0
197.000,Caldari Citizen 9942864,Venture,44425,76600,63560,1192,-0.9302,0.3525,-0.1027,0
197.000,Caldari Citizen 6206817,Skiff,58955,78875,33452,1668,0.5340,0.3089,0.7871,0
197.000,Minmatar Citizen 9745080,Endurance,54360,87800,40708,1032,-0.4182,-0.1630,0.8936,0
197.000,Amarr Citizen 0220922,Porpoise,21435,75600,29685,111,0.8216,0.0000,-0.5700,0
197.000,Minmatar Citizen 4351238,Retriever,46200,64365,48700,90,,,,0
197.000,Caldari Citizen 3216932,Endurance,51065,72800,59511,1115,-0.6953,0.1931,0.6923,0
197.000,Minmatar Citizen 9076035,Porpoise,46625,74625,67663,1415,-0.8710,0.1051,0.4799,0
197.000,Minmatar Citizen 6662812,Procurer,77945,74265,45807,257,0.1516,0.1291,0.9800,0
197.000,Caldari Citizen 3891005,Orca,36935,57200,64807,133,0.0314,0.1784,0.9835,0
197.000,Caldari Citizen 8777524,Porpoise,33400,47000,44771,180,0.4903,0.4064,-0.7710,0
197.000,Minmatar Citizen 0254120,Porpoise,32255,46960,47227,140,0.8201,0.0000,-0.5723,0
197.000,Amarr Citizen 2674287,Orca,18920,53800,78464,42,,,,0
197.000,Amarr Citizen 5054432,Prospect,32405,76520,-46039,1641,-0.5130,-0.6825,-0.5207,0
197.000,Amarr Citizen 4520313,Prospect,43280,77405,63374,1283,-0.9701,0.2415,-0.0220,0
197.000,Minmatar Citizen 9978241,Retriever,44120,63920,54705,186,0.3208,-0.0659,-0.9449,0
197.000,Minmatar Citizen 7162778,Covetor,48985,72125,50985,1687,0.5080,-0.2218,0.8323,0
197.000,Minmatar Citizen 9678938,Venture,12735,51135,101089,968,-0.8212,0.3902,-0.4164,0
197.000,Minmatar Citizen 2250648,Mackinaw,13605,48885,98723,307,0.7667,-0.6084,0.2049,0
197.000,Gallente Citizen 1635012,Venture,30335,55460,69570,1666,-0.9462,0.1716,0.2743,0
198.000,Caldari Citizen 9942864,Venture,43280,77405,63374,1274,-0.9365,0.3455,-0.0603,0
198.000,Caldari Citizen 6206817,Skiff,60100,80260,34385,1690,0.3292,0.1820,0.9265,0
198.000,Minmatar Citizen 9745080,Endurance,54360,87105,42175,1047,-0.4512,-0.1458,0.8804,0
198.000,Amarr Citizen 0220922,Porpoise,21435,75600,29685,129,0.8216,0.0000,-0.5700,0
198.000,Minmatar Citizen 4351238,Retriever,46200,64365,48700,90,,,,0
198.000,Caldari Citizen 3216932,Endurance,51075,73875,59982,1108,-0.7368,0.2797,0.6155,0
198.000,Minmatar Citizen 9076035,Porpoise,45480,74625,68437,1420,-0.8846,0.1191,0.4509,0
198.000,Minmatar Citizen 6662812,Procurer,77945,74265,45807,257,0.1516,0.1291,0.9800,0
198.000,Caldari Citizen 3891005,Orca,36935,57200,64807,133,-0.2562,0.3045,0.9174,0
198.000,Caldari Citizen 8777524,Porpoise,33400,47000,44771,184,,,,0
198.000,Minmatar Citizen 0254120,Porpoise,32255,46960,47227,144,0.8201,0.0000,-0.5723,0
198.000,Amarr Citizen 2674287,Orca,18920,53800,78464,39,,,,0
198.000,Amarr Citizen 5054432,Prospect,31460,74960,-47194,1589,-0.4769,-0.6532,-0.5882,0
198.000,Amarr Citizen 4520313,Prospect,42125,78200,63176,1385,-0.9264,0.3598,-0.1106,0
198.000,Minmatar Citizen 9978241,Retriever,44120,63920,54705,196,0.2012,-0.7285,-0.6548,0
198.000,Minmatar Citizen 7162778,Covetor,50000,72375,51632,1699,0.4053,-0.2596,0.8766,0
198.000,Minmatar Citizen 9678938,Venture,12735,51135,101089,960,-0.4743,0.3223,-0.8193,0
198.000,Minmatar Citizen 2250648,Mackinaw,13605,48885,98723,307,0.5016,-0.7997,0.3301,0
198.000,Gallente Citizen 1635012,Venture,28055,55460,70520,1559,-0.9499,0.1730,0.2604,0
199.000,Caldari Citizen 9942864,Venture,42125,78200,63176,1294,-0.9505,0.2970,0.0910,0
199.000,Caldari Citizen 6206817,Skiff,61165,80600,34806,1731,0.1709,0.1313,0.9765,0
199.000,Minmatar Citizen 9745080,Endurance,53285,87105,43525,1058,-0.5099,-0.2279,0.8295,0
199.000,Amarr Citizen 0220922,Porpoise,21435,75600,29685,143,,,,0
199.000,Minmatar Citizen 4351238,Retriever,46200,64365,48700,90,,,,0
199.000,Caldari Citizen 3216932,Endurance,50000,73875,60881,1100,-0.7790,0.2976,0.5519,0
199.000,Minmatar Citizen 9076035,Porpoise,44325,75480,68257,1427,-0.9065,0.1754,0.3840,0
199.000,Minmatar Citizen 6662812,Procurer,77945,74265,45807,262,0.1516,0.1291,0.9800,0
199.000,Caldari Citizen 3891005,Orca,35860,57200,65408,133,-0.6044,0.4651,0.6468,0
199.000,Caldari Citizen 8777524,Porpoise,33400,47000,44771,187,,,,0
199.000,Minmatar Citizen 0254120,Porpoise,33200,46960,46567,148,0.8201,0.0000,-0.5723,0
199.000,Amarr Citizen 2674287,Orca,18920,53800,78464,74,,,,0
199.000,Amarr Citizen 5054432,Prospect,31460,74335,-48172,1542,-0.4312,-0.6273,-0.6486,0
199.000,Amarr Citizen 4520313,Prospect,39875,77900,63290,1480,-0.9469,0.2994,-0.1175,0
199.000,Minmatar Citizen 9978241,Retriever,45125,63920,53879,204,0.0514,-0.8089,-0.5856,0
199.000,Minmatar Citizen 7162778,Covetor,50000,70815,53752,1649,0.2375,-0.2891,0.9274,0
199.000,Minmatar Citizen 9678938,Venture,11600,51125,100103,994,-0.0799,-0.0036,-0.9968,0
199.000,Minmatar Citizen 2250648,Mackinaw,13605,48885,98723,307,0.0000,-0.8987,0.4387,0
199.000,Gallente Citizen 1635012,Venture,26900,55460,70969,1032,-0.9519,0.2332,0.1986,0
200.000,Caldari Citizen 9942864,Venture,42125,78985,62192,771,-0.9210,0.3350,0.1990,0
200.000,Caldari Citizen 6206817,Skiff,61275,80940,36852,1598,-0.0243,0.1495,0.9885,0
200.000,Minmatar Citizen 9745080,Endurance,53285,87105,43525,1068,-0.5748,-0.2513,0.7787,0
200.000,Amarr Citizen 0220922,Porpoise,21435,75600,29685,155,,,,0
200.000,Minmatar Citizen 4351238,Retriever,46200,64365,48700,90,,,,0
200.000,Caldari Citizen 3216932,Endurance,48915,73875,61756,1097,-0.8398,0.3268,0.4335,0
200.000,Minmatar Citizen 9076035,Porpoise,41985,75480,69721,1435,-0.9162,0.1949,0.3500,0
200.000,Minmatar Citizen 6662812,Procurer,77945,74265,45807,268,-0.5150,0.0000,0.8572,0
200.000,Caldari Citizen 3891005,Orca,35860,57200,65408,132,-0.8729,0.0000,0.4880,0
200.000,Caldari Citizen 8777524,Porpoise,33400,47000,44771,190,,,,0
200.000,Minmatar Citizen 0254120,Porpoise,33200,46960,46567,151,0.8201,0.0000,-0.5723,0
200.000,Amarr Citizen 2674287,Orca,18920,53800,78464,124,0.8131,0.3624,-0.4556,0
200.000,Amarr Citizen 5054432,Prospect,29400,72765,-49899,1497,-0.3732,-0.5985,-0.7089,0
200.000,Amarr Citizen 4520313,Prospect,38700,78675,63060,1570,-0.9260,0.3213,-0.1982,0
200.000,Minmatar Citizen 9978241,Retriever,44180,62975,54021,210,-0.0980,-0.8615,-0.4982,0
200.000,Minmatar Citizen 7162778,Covetor,51025,71045,54388,1532,0.1579,-0.2774,0.9477,0
200.000,Minmatar Citizen 9678938,Venture,11900,51115,98943,1062,0.3283,-0.4260,-0.8430,0
200.000,Minmatar Citizen 2250648,Mackinaw,13605,48885,98723,306,0.4991,-0.8049,0.3209,0
200.000,Gallente Citizen 1635012,Venture,25735,55460,71400,619,-0.9515,0.2548,0.1722,0
201.000,Caldari Citizen 9942864,Venture,40960,78985,62965,599,-0.8171,-0.0393,0.5752,0
201.000,Caldari Citizen 6206817,Skiff,60300,80195,39958,1571,-0.2288,0.0795,0.9702,0
201.000,Minmatar Citizen 9745080,Endurance,52200,87105,44821,1075,-0.6658,-0.2246,0.7115,0
201.000,Amarr Citizen 0220922,Porpoise,21435,75600,29685,166,,,,0
201.000,Minmatar Citizen 4351238,Retriever,46200,64365,48700,90,,,,0
201.000,Caldari Citizen 3216932,Endurance,47820,74700,61621,1077,-0.8924,0.2937,0.3427,0
201.000,Minmatar Citizen 9076035,Porpoise,40800,75480,70421,1444,-0.9195,0.1795,0.3496,0
201.000,Minmatar Citizen 6662812,Procurer,77945,74265,45807,277,-0.7387,0.4579,0.4945,0
201.000,Caldari Citizen 3891005,Orca,35860,57200,65408,132,,,,0
201.000,Caldari Citizen 8777524,Porpoise,33400,47000,44771,192,,,,0
201.000,Minmatar Citizen 0254120,Porpoise,33200,46960,46567,154,,,,0
201.000,Amarr Citizen 2674287,Orca,18920,53800,78464,174,0.7357,0.4555,-0.5012,0
201.000,Amarr Citizen 5054432,Prospect,29400,72120,-50827,1310,-0.3064,-0.5807,-0.7543,0
201.000,Amarr Citizen 4520313,Prospect,37515,80195,61850,1654,-0.9152,0.3396,-0.2170,0
201.000,Minmatar Citizen 9978241,Retriever,44180,62975,54021,215,-0.3210,-0.8870,-0.3320,0
201.000,Minmatar Citizen 7162778,Covetor,51035,70460,56981,1461,0.0244,-0.2505,0.9678,0
201.000,Minmatar Citizen 9678938,Venture,13315,51115,98762,1148,0.4042,-0.5916,-0.6976,0
201.000,Minmatar Citizen 2250648,Mackinaw,13605,47760,99272,306,0.6994,-0.6769,0.2295,0
201.000,Gallente Citizen 1635012,Venture,25735,56335,70711,336,-0.6239,0.7815,0.0048,0
202.000,Caldari Citizen 9942864,Venture,40960,78200,63938,505,-0.4566,-0.2600,0.8508,0
202.000,Caldari Citizen 6206817,Skiff,59315,80195,41406,1606,-0.4169,0.0108,0.9089,0
202.000,Minmatar Citizen 9745080,Endurance,51095,86000,45753,1081,-0.6739,-0.2549,0.6935,0
202.000,Amarr Citizen 0220922,Porpoise,21435,75600,29685,174,,,,0
202.000,Minmatar Citizen 4351238,Retriever,46200,64365,48700,90,,,,0
202.000,Caldari Citizen 3216932,Endurance,46715,74700,62463,1073,-0.8990,0.3188,0.3002,0
202.000,Minmatar Citizen 9076035,Porpoise,39605,76325,70192,1453,-0.9272,0.1893,0.3232,0
202.000,Minmatar Citizen 6662812,Procurer,77945,74265,45807,428,-0.7304,0.4177,0.5404,0
202.000,Caldari Citizen 3891005,Orca,35860,57200,65408,132,,,,0
202.000,Caldari Citizen 8777524,Porpoise,33400,47000,44771,194,0.7953,0.0000,-0.6063,0
202.000,Minmatar Citizen 0254120,Porpoise,33200,46960,46567,157,,,,0
202.000,Amarr Citizen 2674287,Orca,20165,53800,78153,221,0.6834,0.5078,-0.5245,0
202.000,Amarr Citizen 5054432,Prospect,29400,71465,-51744,1140,-0.2129,-0.5931,-0.7765,0
202.000,Amarr Citizen 4520313,Prospect,35245,79865,61874,1732,-0.9234,0.3188,-0.2138,0
202.000,Minmatar Citizen 9978241,Retriever,44180,62975,54021,218,,,,0
202.000,Minmatar Citizen 7162778,Covetor,50000,69635,58881,1428,-0.1267,-0.2059,0.9703,0
202.000,Minmatar Citizen 9678938,Venture,13605,50000,98163,1238,0.4747,-0.6925,-0.5433,0
202.000,Minmatar Citizen 2250648,Mackinaw,13605,47760,99272,306,0.8205,-0.5514,0.1508,0
202.000,Gallente Citizen 1635012,Venture,25735,56335,70711,280,0.4490,0.8648,-0.2246,0
203.000,Caldari Citizen 9942864,Venture,39785,78200,64675,612,0.0637,-0.2205,0.9733,0
203.000,Caldari Citizen 6206817,Skiff,59405,81280,41780,1678,-0.5383,-0.0230,0.8425,0
203.000,Minmatar Citizen 9745080,Endurance,51095,86000,45753,1086,-0.6120,-0.2505,0.7502,0
203.000,Amarr Citizen 0220922,Porpoise,21435,75600,29685,180,0.4025,0.0492,0.9141,0
203.000,Minmatar Citizen 4351238,Retriever,46200,64365,48700,90,0.0000,0.5971,-0.8022,0
203.000,Caldari Citizen 3216932,Endurance,45600,75515,62307,1078,-0.9427,0.2226,0.2486,0
203.000,Minmatar Citizen 9076035,Porpoise,38400,76325,70859,1462,-0.9379,0.2325,0.2576,0
203.000,Minmatar Citizen 6662812,Procurer,77040,74265,47313,625,-0.8476,0.3070,0.4327,0
203.000,Caldari Citizen 3891005,Orca,35860,57200,65408,132,,,,0
203.000,Caldari Citizen 8777524,Porpoise,33400,47000,44771,196,0.6157,0.2546,-0.7457,0
203.000,Minmatar Citizen 0254120,Porpoise,33200,46960,46567,159,,,,0
203.000,Amarr Citizen 2674287,Orca,20165,54725,77508,265,0.6258,0.5579,-0.5451,0
203.000,Amarr Citizen 5054432,Prospect,29400,71465,-51744,990,0.0000,-0.5883,-0.8086,0
203.000,Amarr Citizen 4520313,Prospect,34040,80600,61595,1805,-0.9498,0.2564,-0.1791,0
203.000,Minmatar Citizen 9978241,Retriever,44180,62975,54021,220,0.0000,0.6455,-0.7638,0
203.000,Minmatar Citizen 7162778,Covetor,51045,69845,59507,1422,-0.2748,-0.2333,0.9328,0
203.000,Minmatar Citizen 9678938,Venture,13895,48895,97551,1318,0.4808,-0.7996,-0.3598,0
203.000,Minmatar Citizen 2250648,Mackinaw,15000,47760,99071,306,0.9263,-0.3735,0.0487,0
203.000,Gallente Citizen 1635012,Venture,25735,56335,70711,404,0.6912,0.6548,-0.3058,0
204.000,Caldari Citizen 9942864,Venture,39785,77405,65625,1112,0.4427,-0.1960,0.8750,0
204.000,Caldari Citizen 6206817,Skiff,58400,81280,43174,1721,-0.6127,-0.0226,0.7900,0
204.000,Minmatar Citizen 9745080,Endurance,50000,86000,46947,1087,-0.5574,-0.2474,0.7925,0
204.000,Amarr Citizen 0220922,Porpoise,21435,75600,29685,179,0.5073,0.1867,0.8413,0
204.000,Minmatar Citizen 4351238,Retriever,46200,64365,48700,90,0.0000,0.5971,-0.8022,0
204.000,Caldari Citizen 3216932,Endurance,45600,75515,62307,1082,-0.9631,0.1634,0.2139,0
204.000,Minmatar Citizen 9076035,Porpoise,37185,76325,71504,1466,-0.9413,0.2761,0.1941,0
204.000,Minmatar Citizen 6662812,Procurer,77040,75200,45813,718,-0.9433,0.1803,0.2787,0
204.000,Caldari Citizen 3891005,Orca,35860,57200,65408,132,,,,0
204.000,Caldari Citizen 8777524,Porpoise,34325,47000,44066,196,0.3357,0.1641,-0.9275,0
204.000,Minmatar Citizen 0254120,Porpoise,33200,46960,46567,160,,,,0
204.000,Amarr Citizen 2674287,Orca,20165,54725,77508,286,0.7321,0.4551,-0.5069,0
204.000,Amarr Citizen 5054432,Prospect,29400,70800,-52650,921,0.0000,-0.5967,-0.8025,0
204.000,Amarr Citizen 4520313,Prospect,32825,81325,61301,1840,-0.9648,0.1939,-0.1778,0
204.000,Minmatar Citizen 9978241,Retriever,44180,62975,54021,221,0.3034,0.4788,-0.8238,0
204.000,Minmatar Citizen 7162778,Covetor,50000,69845,60388,1426,-0.3978,-0.2636,0.8788,0
204.000,Minmatar Citizen 9678938,Venture,14185,47800,96928,1347,0.4999,-0.8617,-0.0873,0
204.000,Minmatar Citizen 2250648,Mackinaw,15000,47760,99071,306,0.8959,-0.4373,0.0786,0
204.000,Gallente Citizen 1635012,Venture,26680,57280,70938,481,0.8065,0.4999,-0.3156,0
205.000,Caldari Citizen 9942864,Venture,40880,77695,66275,1909,0.6054,-0.1436,0.7829,0
205.000,Caldari Citizen 6206817,Skiff,56300,80195,45421,1808,-0.6748,-0.0216,0.7376,0
205.000,Minmatar Citizen 9745080,Endurance,50000,86000,46947,1090,-0.5425,-0.1485,0.8268,0
205.000,Amarr Citizen 0220922,Porpoise,21435,75155,30794,179,0.5614,0.2658,0.7837,0
205.000,Minmatar Citizen 4351238,Retriever,46200,65120,47686,90,0.0000,0.5971,-0.8022,0
205.000,Caldari Citizen 3216932,Endurance,44475,75515,63115,1092,-0.9767,0.1612,0.1419,0
205.000,Minmatar Citizen 9076035,Porpoise,35960,77160,71234,1474,-0.9459,0.2509,0.2056,0
205.000,Minmatar Citizen 6662812,Procurer,76125,75200,47317,885,-0.9707,0.1942,0.1416,0
205.000,Caldari Citizen 3891005,Orca,35860,57200,65408,132,,,,0
205.000,Caldari Citizen 8777524,Porpoise,34325,47000,44066,198,0.0983,0.0949,-0.9906,0
205.000,Minmatar Citizen 0254120,Porpoise,33200,46960,46567,162,,,,0
205.000,Amarr Citizen 2674287,Orca,20165,54725,77508,326,0.8056,0.3620,-0.4689,0
205.000,Amarr Citizen 5054432,Prospect,29400,70125,-53546,802,0.1405,-0.5049,-0.8517,0
205.000,Amarr Citizen 4520313,Prospect,30535,80975,61210,1906,-0.9560,0.2224,-0.1911,0
205.000,Minmatar Citizen 9978241,Retriever,44180,63760,53092,223,0.4163,0.3941,-0.8194,0
205.000,Minmatar Citizen 7162778,Covetor,48945,69000,62196,1441,-0.4979,-0.2557,0.8287,0
205.000,Minmatar Citizen 9678938,Venture,14185,47800,96928,1399,0.6501,-0.7194,0.2447,0
205.000,Minmatar Citizen 2250648,Mackinaw,15000,47760,99071,306,0.5690,-0.7716,0.2845,0
205.000,Gallente Citizen 1635012,Venture,27845,57280,70489,622,0.8017,0.4873,-0.3461,0
206.000,Caldari Citizen 9942864,Venture,43100,78275,67523,2524,0.6437,-0.1198,0.7558,0
206.000,Caldari Citizen 6206817,Skiff,55275,80195,46663,1864,-0.7257,-0.0953,0.6813,0
206.000,Minmatar Citizen 9745080,Endurance,48895,85295,49336,1093,-0.5784,-0.2315,0.7822,0
206.000,Amarr Citizen 0220922,Porpoise,22280,76000,30864,182,0.6085,0.3415,0.7163,0
206.000,Minmatar Citizen 4351238,Retriever,46200,65120,47686,90,0.0000,0.5971,-0.8022,0
206.000,Caldari Citizen 3216932,Endurance,42265,75245,63252,1101,-0.9775,0.1842,0.1024,0
206.000,Minmatar Citizen 9076035,Porpoise,34725,77160,71844,1302,-0.9464,0.2792,0.1626,0
206.000,Minmatar Citizen 6662812,Procurer,74960,74960,47096,1028,-0.9902,0.1380,-0.0238,0
206.000,Caldari Citizen 3891005,Orca,35860,57200,65408,132,,,,0
206.000,Caldari Citizen 8777524,Porpoise,34325,47765,43235,199,-0.1727,0.0263,-0.9846,0
206.000,Minmatar Citizen 0254120,Porpoise,33200,46960,46567,164,,,,0
206.000,Amarr Citizen 2674287,Orca,20165,54725,77508,363,0.8383,0.3105,-0.4482,0
206.000,Amarr Citizen 5054432,Prospect,29400,70125,-53546,709,0.2404,-0.4258,-0.8723,0
206.000,Amarr Citizen 4520313,Prospect,29300,81680,60876,1966,-0.9446,0.2313,-0.2327,0
206.000,Minmatar Citizen 9978241,Retriever,44180,63760,53092,224,0.4953,0.3256,-0.8054,0
206.000,Minmatar Citizen 7162778,Covetor,48945,69000,62196,1417,-0.6164,-0.2461,0.7480,0
206.000,Minmatar Citizen 9678938,Venture,15560,46685,97259,1415,0.6416,-0.5427,0.5420,0
206.000,Minmatar Citizen 2250648,Mackinaw,15000,47760,99071,306,0.5083,-0.5266,0.6814,0
206.000,Gallente Citizen 1635012,Venture,27845,58145,69777,742,0.8340,0.3403,-0.4344,0
207.000,Caldari Citizen 9942864,Venture,44225,76865,70035,2953,0.7029,0.0133,0.7111,0
207.000,Caldari Citizen 6206817,Skiff,54240,80195,47862,1917,-0.7966,-0.0413,0.6031,0
207.000,Minmatar Citizen 9745080,Endurance,48895,85295,49336,1095,-0.5988,-0.3047,0.7407,0
207.000,Amarr Citizen 0220922,Porpoise,22280,76000,30864,185,0.6702,0.4584,0.5836,0
207.000,Minmatar Citizen 4351238,Retriever,46200,65120,47686,90,,,,0
207.000,Caldari Citizen 3216932,Endurance,41120,76040,63056,1108,-0.9772,0.2091,-0.0368,0
207.000,Minmatar Citizen 9076035,Porpoise,33480,77985,71543,1107,-0.9409,0.3252,0.0947,0
207.000,Minmatar Citizen 6662812,Procurer,73805,74720,46848,1149,-0.9931,0.0238,0.1148,0
207.000,Caldari Citizen 3891005,Orca,35860,57200,65408,131,,,,0
207.000,Caldari Citizen 8777524,Porpoise,33600,47040,42922,200,-0.5834,-0.0704,-0.8092,0
207.000,Minmatar Citizen 0254120,Porpoise,33200,46960,46567,165,0.8083,0.0000,-0.5887,0
207.000,Amarr Citizen 2674287,Orca,21400,54725,77177,393,0.7277,0.4493,-0.5182,0
207.000,Amarr Citizen 5054432,Prospect,29400,69440,-54431,644,0.3074,-0.3732,-0.8753,0
207.000,Amarr Citizen 4520313,Prospect,27000,82005,59759,2018,-0.8959,0.3072,-0.3210,0
207.000,Minmatar Citizen 9978241,Retriever,45175,63760,52248,225,0.5888,0.2323,-0.7742,0
207.000,Minmatar Citizen 7162778,Covetor,47880,68145,63943,1392,-0.6217,-0.2581,0.7395,0
207.000,Minmatar Citizen 9678938,Venture,16655,45520,98745,1397,0.6187,-0.3666,0.6949,0
207.000,Minmatar Citizen 2250648,Mackinaw,15000,46625,99610,305,0.7146,-0.1583,0.6814,0
207.000,Gallente Citizen 1635012,Venture,29000,58145,69305,842,0.8478,0.1768,-0.5000,0
208.000,Caldari Citizen 9942864,Venture,46505,76520,72159,1757,0.6191,0.0919,0.7799,0
208.000,Caldari Citizen 6206817,Skiff,53195,80940,47781,1976,-0.8440,-0.0324,0.5354,0
208.000,Minmatar Citizen 9745080,Endurance,47780,85295,50417,1096,-0.6010,-0.3263,0.7296,0
208.000,Amarr Citizen 0220922,Porpoise,22280,76000,30864,189,,,,0
208.000,Minmatar Citizen 4351238,Retriever,46200,65120,47686,90,,,,0
208.000,Caldari Citizen 3216932,Endurance,41120,76040,63056,1113,-0.9365,0.2906,-0.1963,0
208.000,Minmatar Citizen 9076035,Porpoise,32225,77985,72117,969,-0.9421,0.3248,0.0836,0
208.000,Minmatar Citizen 6662812,Procurer,72880,75625,46844,1249,-0.9919,0.1048,-0.0717,0
208.000,Caldari Citizen 3891005,Orca,35860,57200,65408,131,-0.8808,0.0000,0.4735,0
208.000,Caldari Citizen 8777524,Porpoise,33600,47040,42922,201,-0.6470,-0.2374,-0.7246,0
208.000,Minmatar Citizen 0254120,Porpoise,33200,46960,46567,167,0.8083,0.0000,-0.5887,0
208.000,Amarr Citizen 2674287,Orca,21400,54725,77177,417,0.7521,0.4192,-0.5086,0
208.000,Amarr Citizen 5054432,Prospect,30335,69680,-55322,612,0.5061,-0.1603,-0.8475,0
208.000,Amarr Citizen 4520313,Prospect,24480,82680,59914,1935,-0.8237,0.4100,-0.3917,0
208.000,Minmatar Citizen 9978241,Retriever,45175,63760,52248,225,0.7626,0.0000,-0.6469,0
208.000,Minmatar Citizen 7162778,Covetor,46805,68145,64734,1394,-0.6738,-0.2140,0.7072,0
208.000,Minmatar Citizen 9678938,Venture,17760,45480,99685,1328,0.5649,-0.2480,0.7870,0
208.000,Minmatar Citizen 2250648,Capsule,15000,46625,99610,0,0.7843,0.1190,0.6088,0
209.000,Caldari Citizen 9942864,Venture,46475,76780,73491,586,0.1437,0.4419,0.8855,0
209.000,Caldari Citizen 6206817,Skiff,51065,79865,49628,2034,-0.8868,-0.0313,0.4611,0
209.000,Minmatar Citizen 9745080,Endurance,46685,84200,51106,1097,-0.6171,-0.3523,0.7036,0
209.000,Amarr Citizen 0220922,Porpoise,22280,76000,30864,192,,,,0
209.000,Minmatar Citizen 4351238,Retriever,46200,65120,47686,90,,,,0
209.000,Caldari Citizen 3216932,Endurance,39965,76825,62847,1112,-0.9287,0.3266,-0.1759,0
209.000,Minmatar Citizen 9076035,Porpoise,32225,77985,72117,852,-0.9434,0.3243,0.0697,0
209.000,Minmatar Citizen 6662812,Procurer,71735,75375,46569,1332,-0.9915,0.1299,0.0085,0
209.000,Caldari Citizen 3891005,Orca,35860,57200,65408,120,-0.8808,0.0000,0.4735,0
209.000,Caldari Citizen 8777524,Porpoise,33600,47040,42922,202,,,,0
209.000,Minmatar Citizen 0254120,Porpoise,34135,46960,45886,168,0.6303,0.2612,-0.7310,0
209.000,Amarr Citizen 2674287,Orca,21400,55640,76519,461,0.7502,0.4190,-0.5116,0
209.000,Amarr Citizen 5054432,Prospect,30335,69680,-55322,612,0.6352,0.0186,-0.7721,0
209.000,Amarr Citizen 4520313,Prospect,24480,83345,58986,1813,-0.7908,0.4473,-0.4178,0
209.000,Minmatar Citizen 9978241,Retriever,45175,63760,52248,226,,,,0
209.000,Minmatar Citizen 7162778,Covetor,45720,68145,65505,1412,-0.7094,-0.1803,0.6813,0
209.000,Minmatar Citizen 9678938,Venture,17500,45440,100861,1485,0.4421,-0.1169,0.8893,0
209.000,Minmatar Citizen 2250648,Capsule,16115,47740,100026,0,0.7858,0.3859,0.4833,0
209.000,Gallente Citizen 1635012,Venture,30145,58145,68815,986,0.9322,0.1152,-0.3431,0
210.000,Caldari Citizen 9942864,Venture,47640,78840,72137,1167,-0.7262,0.6767,-0.1210,0
210.000,Caldari Citizen 6206817,Skiff,50000,80600,49524,2066,-0.9111,-0.0475,0.4093,0
210.000,Minmatar Citizen 9745080,Endurance,46685,84200,51106,1098,-0.6133,-0.3156,0.7241,0
210.000,Amarr Citizen 0220922,Porpoise,22280,76000,30864,196,,,,0
210.000,Minmatar Citizen 4351238,Retriever,46200,65120,47686,90,,,,0
210.000,Caldari Citizen 3216932,Endurance,38900,76535,62171,1111,-0.9639,0.2009,-0.1747,0
210.000,Minmatar Citizen 9076035,Porpoise,30960,78800,71785,748,-0.9558,0.2636,0.1299,0
210.000,Minmatar Citizen 6662812,Procurer,69665,75125,47666,1402,-0.9882,0.0827,0.1291,0
210.000,Caldari Citizen 3891005,Orca,34775,57200,65991,106,-0.8808,0.0000,0.4735,0
210.000,Caldari Citizen 8777524,Porpoise,33600,47040,42922,202,,,,0
210.000,Minmatar Citizen 0254120,Porpoise,34135,46960,45886,170,0.4869,0.4035,-0.7747,0
210.000,Amarr Citizen 2674287,Orca,21400,55640,76519,509,0.7202,0.4483,-0.5295,0
210.000,Amarr Citizen 5054432,Prospect,30335,68975,-56198,664,0.7238,0.1835,-0.6652,0
210.000,Amarr Citizen 4520313,Prospect,23205,84645,57635,1611,-0.7037,0.5250,-0.4787,0
210.000,Minmatar Citizen 9978241,Retriever,45175,63760,52248,226,,,,0
210.000,Minmatar Citizen 7162778,Covetor,44625,67280,67134,1439,-0.7952,-0.0670,0.6026,0
210.000,Minmatar Citizen 9678938,Venture,18625,45400,101789,1677,0.4368,0.0599,0.8976,0
210.000,Minmatar Citizen 2250648,Capsule,16115,47740,100026,0,0.6837,0.6837,0.2552,0
210.000,Gallente Citizen 1635012,Venture,31280,58145,68306,1016,0.9668,0.0839,-0.2412,0
211.000,Caldari Citizen 9942864,Venture,45280,78560,72347,1952,-0.7527,0.4739,-0.4570,0
211.000,Caldari Citizen 6206817,Skiff,47860,79535,51182,2098,-0.9252,-0.0741,0.3722,0
211.000,Minmatar Citizen 9745080,Endurance,45560,83485,53250,1098,-0.6287,-0.2487,0.7368,0
211.000,Amarr Citizen 0220922,Porpoise,22280,76000,30864,199,0.4164,0.0471,0.9080,0
211.000,Minmatar Citizen 4351238,Retriever,46200,65120,47686,90,,,,0
211.000,Caldari Citizen 3216932,Endurance,37735,77300,61942,1112,-0.9671,0.1903,-0.1688,0
211.000,Minmatar Citizen 9076035,Porpoise,30960,78800,71785,655,-0.9046,0.4201,-0.0715,0
211.000,Minmatar Citizen 6662812,Procurer,69665,76000,46258,1441,-0.9809,0.0727,0.1803,0
211.000,Caldari Citizen 3891005,Orca,34775,57200,65991,95,-0.6860,-0.3281,0.6494,0
211.000,Caldari Citizen 8777524,Porpoise,33600,47040,42922,203,0.7808,0.0000,-0.6248,0
211.000,Minmatar Citizen 0254120,Porpoise,34135,46960,45886,171,0.3199,0.5304,-0.7851,0
211.000,Amarr Citizen 2674287,Orca,22625,55640,76166,555,0.8817,0.2201,-0.4174,0
211.000,Amarr Citizen 5054432,Prospect,31280,69920,-56194,753,0.8753,0.3210,-0.3616,0
211.000,Amarr Citizen 4520313,Prospect,21920,85280,57200,1404,-0.6557,0.5329,-0.5349,0
211.000,Minmatar Citizen 9978241,Retriever,45175,63760,52248,226,0.0000,0.6280,-0.7782,0
211.000,Minmatar Citizen 7162778,Covetor,43520,67280,67856,1472,-0.8535,-0.0868,0.5137,0
211.000,Minmatar Citizen 9678938,Venture,19520,45320,103875,1831,0.5264,0.0328,0.8496,0
211.000,Minmatar Citizen 2250648,Capsule,16115,47740,100026,0,0.6837,0.6837,0.2552,0
211.000,Gallente Citizen 1635012,Venture,31280,58145,68306,1036,0.9890,0.0497,-0.1390,0
212.000,Caldari Citizen 9942864,Venture,42920,79145,71547,2525,-0.7749,0.3459,-0.5291,0
212.000,Caldari Citizen 6206817,Skiff,46775,80260,51053,2132,-0.9389,-0.0921,0.3317,0
212.000,Minmatar Citizen 9745080,Endurance,45560,83485,53250,1099,-0.5887,-0.1864,0.7865,0
212.000,Amarr Citizen 0220922,Porpoise,22280,76000,30864,202,0.5247,0.1896,0.8299,0
212.000,Minmatar Citizen 4351238,Retriever,46200,65120,47686,90,0.7111,0.0000,-0.7031,0
212.000,Caldari Citizen 3216932,Endurance,36560,77300,62642,1115,-0.9632,0.2139,-0.1627,0
212.000,Minmatar Citizen 9076035,Porpoise,29685,78800,72321,573,-0.9203,0.3892,-0.0392,0
212.000,Minmatar Citizen 6662812,Procurer,67595,75740,47311,1454,-0.9648,0.0898,0.2473,0
212.000,Caldari Citizen 3891005,Orca,34775,57200,65991,84,-0.4238,-0.5631,0.7095,0
212.000,Caldari Citizen 8777524,Porpoise,33600,47040,42922,203,0.5998,0.2474,-0.7610,0
212.000,Minmatar Citizen 0254120,Porpoise,34135,47735,45080,172,0.0000,0.6928,-0.7212,0
212.000,Amarr Citizen 2674287,Orca,22625,55640,76166,598,0.8897,0.1980,-0.4114,0
212.000,Amarr Citizen 5054432,Prospect,32235,70160,-57048,860,0.8988,0.3630,-0.2458,0
212.000,Amarr Citizen 4520313,Prospect,20625,85905,56745,1217,-0.6633,0.5222,-0.5361,0
212.000,Minmatar Citizen 9978241,Retriever,45175,63760,52248,226,0.0000,0.6280,-0.7782,0
212.000,Minmatar Citizen 7162778,Covetor,42405,67280,68558,1346,-0.9087,-0.0870,0.4082,0
212.000,Minmatar Citizen 9678938,Venture,19280,45280,105043,1306,0.6717,0.1259,0.7301,0
212.000,Minmatar Citizen 2250648,Capsule,16115,47740,100026,0,,,,0
212.000,Gallente Citizen 1635012,Venture,33360,59100,67899,1050,0.9994,0.0318,-0.0120,0
213.000,Caldari Citizen 9942864,Venture,40560,80535,69750,2979,-0.7470,0.3031,-0.5917,0
213.000,Caldari Citizen 6206817,Skiff,43520,79920,52381,2168,-0.9434,-0.1086,0.3134,0
213.000,Minmatar Citizen 9745080,Endurance,44425,83485,54200,1099,-0.6150,-0.1729,0.7693,0
213.000,Amarr Citizen 0220922,Porpoise,22280,75545,31962,192,0.5798,0.2713,0.7682,0
213.000,Minmatar Citizen 4351238,Retriever,46200,65120,47686,90,0.7111,0.0000,-0.7031,0
213.000,Caldari Citizen 3216932,Endurance,35505,77000,61931,1118,-0.9112,0.3424,-0.2292,0
213.000,Minmatar Citizen 9076035,Porpoise,29685,78800,72321,499,-0.9356,0.3530,-0.0027,0
213.000,Minmatar Citizen 6662812,Procurer,65525,75480,48273,1466,-0.9410,0.0782,0.3291,0
213.000,Caldari Citizen 3891005,Orca,34775,57200,65991,67,0.0000,-0.7599,0.6500,0
213.000,Caldari Citizen 8777524,Porpoise,34515,47040,42189,203,0.5017,0.3450,-0.7933,0
213.000,Minmatar Citizen 0254120,Porpoise,34135,47735,45080,173,0.0000,0.6928,-0.7212,0
213.000,Amarr Citizen 2674287,Orca,22625,55640,76166,601,0.8498,0.2637,-0.4565,0
213.000,Amarr Citizen 5054432,Prospect,32235,70160,-57048,973,0.8883,0.4454,-0.1121,0
213.000,Amarr Citizen 4520313,Prospect,20625,86520,55802,1076,-0.5715,0.5375,-0.6200,0
213.000,Minmatar Citizen 9978241,Retriever,45175,64535,51288,227,0.2938,0.4623,-0.8367,0
213.000,Minmatar Citizen 7162778,Covetor,41280,68145,68390,1233,-0.9824,-0.0560,0.1781,0
213.000,Minmatar Citizen 9678938,Venture,20445,46445,105422,837,0.8330,0.3542,0.4250,0
213.000,Minmatar Citizen 2250648,Capsule,16115,47740,100026,0,,,,0
213.000,Gallente Citizen 1635012,Venture,34475,58235,68089,1035,0.9888,0.0016,0.1491,0
214.000,Caldari Citizen 9942864,Venture,39425,81845,67202,3331,-0.6746,0.3111,-0.6694,0
214.000,Caldari Citizen 6206817,Skiff,41360,79580,52653,2197,-0.9456,-0.1141,0.3046,0
214.000,Minmatar Citizen 9745080,Endurance,43280,83485,55119,1099,-0.6476,-0.1538,0.7463,0
214.000,Amarr Citizen 0220922,Porpoise,23135,76400,31997,184,0.6270,0.3489,0.6965,0
214.000,Minmatar Citizen 4351238,Retriever,47165,65120,46732,90,0.7111,0.0000,-0.7031,0
214.000,Caldari Citizen 3216932,Endurance,34320,77745,61667,1121,-0.9058,0.3041,-0.2950,0
214.000,Minmatar Citizen 9076035,Porpoise,29685,79605,71434,434,-0.9214,0.3858,-0.0471,0
214.000,Minmatar Citizen 6662812,Procurer,64560,76325,48244,1480,-0.9108,0.0819,0.4047,0
214.000,Caldari Citizen 3891005,Orca,34775,56335,66731,52,0.0000,-0.7599,0.6500,0
214.000,Caldari Citizen 8777524,Porpoise,34515,47040,42189,204,0.4194,0.4153,-0.8072,0
214.000,Minmatar Citizen 0254120,Porpoise,34135,47735,45080,174,,,,0
214.000,Amarr Citizen 2674287,Orca,23840,55640,75795,605,0.8036,0.3277,-0.4968,0
214.000,Amarr Citizen 5054432,Prospect,34325,71125,-56321,1098,0.8955,0.4211,-0.1437,0
214.000,Amarr Citizen 4520313,Prospect,19320,87125,55326,984,-0.3870,0.5550,-0.7363,0
214.000,Minmatar Citizen 9978241,Retriever,45175,64535,51288,227,0.4416,0.3475,-0.8272,0
214.000,Minmatar Citizen 7162778,Covetor,40235,67100,68518,1179,-0.9783,-0.1986,0.0583,0
214.000,Minmatar Citizen 9678938,Venture,21840,45240,105666,746,0.8614,0.4809,-0.1636,0
214.000,Minmatar Citizen 2250648,Capsule,16115,47740,100026,0,,,,0
214.000,Gallente Citizen 1635012,Venture,34475,58235,68089,818,0.9743,-0.0266,0.2239,0
215.000,Caldari Citizen 9942864,Venture,35960,81960,65654,3601,-0.6657,0.2736,-0.6943,0
215.000,Caldari Citizen 6206817,Skiff,39200,78545,53880,2226,-0.9254,-0.1513,0.3476,0
215.000,Minmatar Citizen 9745080,Endurance,43280,82760,56202,1100,-0.6063,-0.2032,0.7689,0
215.000,Amarr Citizen 0220922,Porpoise,23135,76400,31997,182,0.6865,0.4673,0.5571,0
215.000,Minmatar Citizen 4351238,Retriever,47165,65120,46732,90,0.7111,0.0000,-0.7031,0
215.000,Caldari Citizen 3216932,Endurance,33125,78480,61389,1124,-0.9152,0.2918,-0.2780,0
215.000,Minmatar Citizen 9076035,Porpoise,28400,79605,71955,376,-0.8766,0.4576,-0.1492,0
215.000,Minmatar Citizen 6662812,Procurer,62480,76055,49111,1501,-0.8884,0.0582,0.4554,0
215.000,Caldari Citizen 3891005,Orca,34775,56335,66731,42,0.0000,-0.7599,0.6500,0
215.000,Caldari Citizen 8777524,Porpoise,34515,47795,41332,157,0.3032,0.5004,-0.8109,0
215.000,Minmatar Citizen 0254120,Porpoise,34135,47735,45080,175,,,,0
215.000,Amarr Citizen 2674287,Orca,23840,56545,75122,613,0.8395,0.2699,-0.4715,0
215.000,Amarr Citizen 5054432,Prospect,35300,71375,-57127,1218,0.8870,0.4205,-0.1909,0
215.000,Amarr Citizen 4520313,Prospect,19320,87720,54378,940,-0.2165,0.5481,-0.8079,0
215.000,Minmatar Citizen 9978241,Retriever,45175,64535,51288,227,0.5703,0.2244,-0.7902,0
215.000,Minmatar Citizen 7162778,Covetor,40235,67100,68518,1171,-0.9315,-0.3299,-0.1529,0
215.000,Minmatar Citizen 9678938,Venture,21840,46445,105142,976,0.7890,0.4368,-0.4320,0
215.000,Minmatar Citizen 2250648,Capsule,16115,47740,100026,0,,,,0
215.000,Gallente Citizen 1635012,Venture,35440,58325,68929,749,0.9417,-0.0774,0.3275,0
216.000,Caldari Citizen 9942864,Venture,34855,83855,62076,3802,-0.6664,0.2503,-0.7024,0
216.000,Caldari Citizen 6206817,Skiff,38065,79240,53676,2254,-0.8918,-0.1273,0.4342,0
216.000,Minmatar Citizen 9745080,Endurance,42125,82760,57072,1100,-0.5604,-0.2527,0.7887,0
216.000,Amarr Citizen 0220922,Porpoise,23135,76400,31997,182,,,,0
216.000,Minmatar Citizen 4351238,Retriever,47165,65120,46732,90,,,,0
216.000,Caldari Citizen 3216932,Endurance,33125,79205,60451,1126,-0.9103,0.3251,-0.2560,0
216.000,Minmatar Citizen 9076035,Porpoise,28400,79605,71955,320,-0.9648,0.2260,0.1343,0
216.000,Minmatar Citizen 6662812,Procurer,61495,76055,50339,1525,-0.8467,0.0144,0.5318,0
216.000,Caldari Citizen 3891005,Orca,34775,56335,66731,38,,,,0
216.000,Caldari Citizen 8777524,Porpoise,34515,47795,41332,108,0.0000,0.6609,-0.7505,0
216.000,Minmatar Citizen 0254120,Porpoise,34135,47735,45080,176,,,,0
216.000,Amarr Citizen 2674287,Orca,25045,56545,74729,627,0.7890,0.3376,-0.5133,0
216.000,Amarr Citizen 5054432,Prospect,36285,72360,-56995,1330,0.8629,0.4429,-0.2436,0
216.000,Amarr Citizen 4520313,Prospect,19320,88305,53423,1008,-0.1286,0.5335,-0.8360,0
216.000,Minmatar Citizen 9978241,Retriever,46160,64535,50403,227,0.4896,-0.4423,-0.7515,0
216.000,Minmatar Citizen 7162778,Covetor,38065,66920,68423,1194,-0.8435,-0.4855,-0.2298,0
216.000,Minmatar Citizen 9678938,Venture,23225,47640,104307,1237,0.7023,0.3925,-0.5939,0
216.000,Minmatar Citizen 2250648,Capsule,16115,47740,100026,0,,,,0
216.000,Gallente Citizen 1635012,Venture,35440,58325,68929,814,0.9497,0.0543,0.3084,0
217.000,Caldari Citizen 9942864,Venture,31440,84515,59437,3952,-0.7018,0.2103,-0.6806,0
217.000,Caldari Citizen 6206817,Skiff,34740,78215,55494,1921,-0.8461,-0.0805,0.5269,0
217.000,Minmatar Citizen 9745080,Endurance,42125,82760,57072,1100,-0.5905,-0.2387,0.7710,0
217.000,Amarr Citizen 0220922,Porpoise,23135,76400,31997,185,0.0000,-0.3929,0.9196,0
217.000,Minmatar Citizen 4351238,Retriever,47165,65120,46732,90,,,,0
217.000,Caldari Citizen 3216932,Endurance,30875,78875,60345,1127,-0.9520,0.1942,-0.2366,0
217.000,Minmatar Citizen 9076035,Porpoise,28400,79605,71955,270,-0.9660,0.2230,0.1310,0
217.000,Minmatar Citizen 6662812,Procurer,60500,76880,50291,1550,-0.7946,-0.0510,0.6050,0
217.000,Caldari Citizen 3891005,Orca,34775,56335,66731,40,0.0000,0.7599,-0.6500,0
217.000,Caldari Citizen 8777524,Porpoise,34515,47795,41332,80,,,,0
217.000,Minmatar Citizen 0254120,Porpoise,34135,47735,45080,177,,,,0
217.000,Amarr Citizen 2674287,Orca,25045,56545,74729,646,0.7401,0.2294,-0.6322,0
217.000,Amarr Citizen 5054432,Prospect,37280,72620,-57763,1434,0.8726,0.4087,-0.2675,0
217.000,Amarr Citizen 4520313,Prospect,19320,88880,52460,1099,0.0000,0.5083,-0.8612,0
217.000,Minmatar Citizen 9978241,Retriever,46160,64535,50403,227,0.0427,-0.7982,-0.6009,0
217.000,Minmatar Citizen 7162778,Covetor,37040,65895,68483,1190,-0.8140,-0.4549,-0.3612,0
217.000,Minmatar Citizen 9678938,Venture,23435,47660,103128,1466,0.5717,0.4454,-0.6890,0
217.000,Minmatar Citizen 2250648,Capsule,16115,47740,100026,0,,,,0
217.000,Gallente Citizen 1635012,Venture,37520,58415,69166,709,0.9927,0.0431,0.1131,0
218.000,Caldari Citizen 9942864,Venture,28055,85055,56697,4064,-0.6634,0.2090,-0.7184,0
218.000,Caldari Citizen 6206817,Skiff,33575,78215,56206,1679,-0.7648,-0.0016,0.6443,0
218.000,Minmatar Citizen 9745080,Endurance,40960,82025,58951,1100,-0.5971,-0.2430,0.7645,0
218.000,Amarr Citizen 0220922,Porpoise,23135,76400,31997,188,0.0000,-0.3929,0.9196,0
218.000,Minmatar Citizen 4351238,Retriever,47165,65120,46732,90,0.0000,0.5765,-0.8171,0
218.000,Caldari Citizen 3216932,Endurance,29660,78875,60951,1114,-0.9447,0.1618,-0.2851,0
218.000,Minmatar Citizen 9076035,Porpoise,28400,79605,71955,228,-0.8786,0.4495,-0.1616,0
218.000,Minmatar Citizen 6662812,Procurer,58400,75785,52221,1574,-0.7539,-0.0529,0.6549,0
218.000,Caldari Citizen 3891005,Orca,34775,56335,66731,45,0.0000,0.7599,-0.6500,0
218.000,Caldari Citizen 8777524,Porpoise,34515,47795,41332,65,,,,0
218.000,Minmatar Citizen 0254120,Porpoise,34135,47735,45080,178,0.4366,-0.3978,-0.8069,0
218.000,Amarr Citizen 2674287,Orca,26240,56545,74318,668,0.7807,0.0276,-0.6243,0
218.000,Amarr Citizen 5054432,Prospect,38285,72880,-58513,1532,0.8921,0.4148,-0.1792,0
218.000,Amarr Citizen 4520313,Prospect,19320,89445,51491,1194,0.1184,0.4740,-0.8725,0
218.000,Minmatar Citizen 9978241,Retriever,46160,64535,50403,227,-0.4290,-0.5357,-0.7273,0
218.000,Minmatar Citizen 7162778,Covetor,37160,65725,67085,1206,-0.7131,-0.5663,-0.4133,0
218.000,Minmatar Citizen 9678938,Venture,26155,48835,101917,1658,0.5753,0.3389,-0.7444,0
218.000,Minmatar Citizen 2250648,Capsule,16115,47740,100026,0,,,,0
218.000,Gallente Citizen 1635012,Venture,37520,58415,69166,617,0.9426,0.1530,-0.2967,0
219.000,Caldari Citizen 9942864,Venture,25745,86520,53633,4147,-0.6673,0.1776,-0.7233,0
219.000,Caldari Citizen 6206817,Skiff,33425,78545,57641,1387,-0.6515,0.0147,0.7585,0
219.000,Minmatar Citizen 9745080,Endurance,40960,82025,58951,1100,-0.5855,-0.2637,0.7666,0
219.000,Amarr Citizen 0220922,Porpoise,23135,75935,33085,186,0.0000,-0.3929,0.9196,0
219.000,Minmatar Citizen 4351238,Retriever,47165,65120,46732,90,0.0000,0.5765,-0.8171,0
219.000,Caldari Citizen 3216932,Endurance,29660,79580,60028,1108,-0.8943,0.2254,-0.3865,0
219.000,Minmatar Citizen 9076035,Porpoise,27105,79605,72452,193,-0.8261,0.5071,-0.2459,0
219.000,Minmatar Citizen 6662812,Procurer,57385,75785,53335,1597,-0.7376,-0.0650,0.6721,0
219.000,Caldari Citizen 3891005,Orca,34775,57200,65991,52,0.0000,0.7599,-0.6500,0
219.000,Caldari Citizen 8777524,Porpoise,34515,47795,41332,65,,,,0
219.000,Minmatar Citizen 0254120,Porpoise,34135,47735,45080,179,0.2181,-0.1605,-0.9626,0
219.000,Amarr Citizen 2674287,Orca,26240,57440,73628,692,0.7320,-0.0233,-0.6809,0
219.000,Amarr Citizen 5054432,Prospect,39300,73895,-58301,1557,0.9093,0.3334,-0.2492,0
219.000,Amarr Citizen 4520313,Prospect,19320,90000,50515,1289,0.0957,0.3900,-0.9158,0
219.000,Minmatar Citizen 9978241,Retriever,45225,63600,50584,227,-0.8006,-0.2547,-0.5424,0
219.000,Minmatar Citizen 7162778,Covetor,36155,64720,67113,1238,-0.5395,-0.6265,-0.5625,0
219.000,Minmatar Citizen 9678938,Venture,26345,48845,100723,1814,0.4918,0.2531,-0.8331,0
219.000,Minmatar Citizen 2250648,Capsule,16115,47740,100026,0,,,,0
219.000,Gallente Citizen 1635012,Venture,37520,58415,69166,589,0.8340,0.0964,-0.5433,0
220.000,Caldari Citizen 9942864,Venture,22400,86225,51696,2298,-0.5989,0.1862,-0.7789,0
220.000,Caldari Citizen 6206817,Skiff,32240,78545,58312,1102,-0.4697,0.2484,0.8472,0
220.000,Minmatar Citizen 9745080,Endurance,39785,82025,59750,1100,-0.5972,-0.2662,0.7566,0
220.000,Amarr Citizen 0220922,Porpoise,23135,75935,33085,186,0.0000,-0.3929,0.9196,0
220.000,Minmatar Citizen 4351238,Retriever,47165,65865,45676,90,0.0000,0.5765,-0.8171,0
220.000,Caldari Citizen 3216932,Endurance,27400,79240,59827,1109,-0.8184,0.2692,-0.5077,0
220.000,Minmatar Citizen 9076035,Porpoise,27105,80400,71569,164,-0.7600,0.5599,-0.3299,0
220.000,Minmatar Citizen 6662812,Procurer,56360,75785,54417,1617,-0.7038,-0.0720,0.7068,0
220.000,Caldari Citizen 3891005,Orca,34775,57200,65991,59,0.0000,0.7599,-0.6500,0
220.000,Caldari Citizen 8777524,Porpoise,34515,47795,41332,77,,,,0
220.000,Minmatar Citizen 0254120,Porpoise,35060,47735,44364,180,0.1105,-0.0567,-0.9923,0
220.000,Amarr Citizen 2674287,Orca,26460,56475,72982,717,0.6348,-0.0769,-0.7688,0
220.000,Amarr Citizen 5054432,Prospect,41440,74165,-58235,1589,0.9117,0.2972,-0.2837,0
220.000,Amarr Citizen 4520313,Prospect,19320,90545,49531,1381,0.1661,0.3184,-0.9333,0
220.000,Minmatar Citizen 9978241,Retriever,45225,63600,50584,227,-0.6859,-0.0125,-0.7276,0
220.000,Minmatar Citizen 7162778,Covetor,35160,64560,66308,1279,-0.4631,-0.6607,-0.5908,0
220.000,Minmatar Citizen 9678938,Venture,26535,50000,98954,1934,0.4019,0.2563,-0.8791,0
220.000,Minmatar Citizen 2250648,Capsule,16115,47740,100026,0,,,,0
220.000,Gallente Citizen 1635012,Venture,38615,58415,68561,615,0.6314,0.0240,-0.7751,0
221.000,Caldari Citizen 9942864,Venture,23665,86800,50147,1125,-0.4799,0.2220,-0.8488,0
221.000,Caldari Citizen 6206817,Skiff,32080,78875,59713,851,-0.3475,0.2584,0.9014,0
221.000,Minmatar Citizen 9745080,Endurance,39785,81280,60759,1100,-0.6109,-0.2656,0.7458,0
221.000,Amarr Citizen 0220922,Porpoise,23135,75935,33085,187,,,,0
221.000,Minmatar Citizen 4351238,Retriever,47165,65865,45676,90,-0.5129,0.1756,-0.8403,0
221.000,Caldari Citizen 3216932,Endurance,27400,79925,58909,1112,-0.7364,0.2848,-0.6137,0
221.000,Minmatar Citizen 9076035,Porpoise,27105,80400,71569,138,-0.6186,0.6330,-0.4654,0
221.000,Minmatar Citizen 6662812,Procurer,55325,75785,55469,1636,-0.7076,0.0000,0.7066,0
221.000,Caldari Citizen 3891005,Orca,34775,57200,65991,66,,,,0
221.000,Caldari Citizen 8777524,Porpoise,34515,47795,41332,92,,,,0
221.000,Minmatar Citizen 0254120,Porpoise,34325,47000,44066,180,0.0208,0.0174,-0.9996,0
221.000,Amarr Citizen 2674287,Orca,27635,56475,72546,743,0.6142,-0.1208,-0.7798,0
221.000,Amarr Citizen 5054432,Prospect,43520,75480,-58598,1625,0.8667,0.2620,-0.4246,0
221.000,Amarr Citizen 4520313,Prospect,20625,91080,48000,1470,0.1953,0.2815,-0.9395,0
221.000,Minmatar Citizen 9978241,Retriever,45225,64365,49607,227,-0.4471,0.2845,-0.8480,0
221.000,Minmatar Citizen 7162778,Covetor,34325,62600,65666,1324,-0.4784,-0.6657,-0.5727,0
221.000,Minmatar Citizen 9678938,Venture,28040,50000,97379,2035,0.3277,0.2055,-0.9222,0
221.000,Minmatar Citizen 2250648,Capsule,16115,47740,100026,0,,,,0
221.000,Gallente Citizen 1635012,Venture,39700,59300,67167,672,0.4487,-0.0422,-0.8927,0
222.000,Caldari Citizen 9942864,Venture,23665,86800,50147,955,0.8483,0.2753,-0.4523,0
222.000,Caldari Citizen 6206817,Skiff,32080,78875,59713,663,-0.4312,0.2091,0.8777,0
222.000,Minmatar Citizen 9745080,Endurance,38600,81280,61519,1100,-0.6402,-0.2467,0.7275,0
222.000,Amarr Citizen 0220922,Porpoise,23135,75935,33085,190,,,,0
222.000,Minmatar Citizen 4351238,Retriever,47165,65865,45676,90,-0.8322,-0.4300,-0.3501,0
222.000,Caldari Citizen 3216932,Endurance,27400,80600,57982,1115,-0.7541,0.2083,-0.6228,0
222.000,Minmatar Citizen 9076035,Porpoise,27105,80400,71569,117,,,,0
222.000,Minmatar Citizen 6662812,Procurer,54280,75785,56492,1653,-0.7207,0.0000,0.6932,0
222.000,Caldari Citizen 3891005,Orca,34775,57200,65991,73,,,,0
222.000,Caldari Citizen 8777524,Porpoise,34515,47795,41332,106,-0.7746,0.0000,0.6325,0
222.000,Minmatar Citizen 0254120,Porpoise,34325,47765,43235,181,-0.1033,0.1050,-0.9891,0
222.000,Amarr Citizen 2674287,Orca,27635,56475,72546,768,0.6252,-0.2713,-0.7318,0
222.000,Amarr Citizen 5054432,Prospect,44575,74975,-60231,1506,0.8131,0.2588,-0.5215,0
222.000,Amarr Citizen 4520313,Prospect,19580,91075,46238,1557,0.1950,0.2125,-0.9575,0
222.000,Minmatar Citizen 9978241,Retriever,45225,64365,49607,227,0.3249,0.4249,-0.8449,0
222.000,Minmatar Citizen 7162778,Covetor,34475,62460,64236,1372,-0.3887,-0.6007,-0.6986,0
222.000,Minmatar Citizen 9678938,Venture,28400,50000,94944,2117,0.3810,0.2197,-0.8981,0
222.000,Minmatar Citizen 2250648,Capsule,16115,47740,100026,0,,,,0
222.000,Gallente Citizen 1635012,Venture,38725,58325,67138,729,0.2568,-0.1073,-0.9605,0
223.000,Caldari Citizen 9942864,Venture,23665,86800,50147,1568,0.9306,0.1726,0.3227,0
223.000,Caldari Citizen 6206817,Skiff,31920,79920,60157,525,-0.2588,0.3649,0.8944,0
223.000,Minmatar Citizen 9745080,Endurance,37405,80525,63227,1100,-0.6059,-0.2871,0.7420,0
223.000,Amarr Citizen 0220922,Porpoise,23135,75935,33085,193,,,,0
223.000,Minmatar Citizen 4351238,Retriever,47165,65865,45676,90,-0.6951,-0.6951,0.1837,0
223.000,Caldari Citizen 3216932,Endurance,25140,80240,57737,1118,-0.6379,0.2483,-0.7290,0
223.000,Minmatar Citizen 9076035,Porpoise,27105,80400,71569,99,,,,0
223.000,Minmatar Citizen 6662812,Procurer,53225,75785,57487,1667,-0.7334,0.0000,0.6797,0
223.000,Caldari Citizen 3891005,Orca,34775,57200,65991,79,-0.2621,-0.8628,-0.4322,0
223.000,Caldari Citizen 8777524,Porpoise,34515,47795,41332,119,-0.7746,0.0000,0.6325,0
223.000,Minmatar Citizen 0254120,Porpoise,34325,47765,43235,181,-0.3841,0.2822,-0.8791,0
223.000,Amarr Citizen 2674287,Orca,27845,56405,71191,793,0.5797,-0.1149,-0.8067,0
223.000,Amarr Citizen 5054432,Prospect,45640,75245,-60862,1416,0.6932,0.2997,-0.6554,0
223.000,Amarr Citizen 4520313,Prospect,20875,91580,44647,1640,0.2375,0.1771,-0.9551,0
223.000,Minmatar Citizen 9978241,Retriever,45225,64365,49607,227,0.5295,0.2493,-0.8108,0
223.000,Minmatar Citizen 7162778,Covetor,33680,60560,63515,1418,-0.3368,-0.6181,-0.7103,0
223.000,Minmatar Citizen 9678938,Venture,28580,51095,93126,2183,0.3847,0.1862,-0.9041,0
223.000,Minmatar Citizen 2250648,Capsule,16115,47740,100026,0,,,,0
223.000,Gallente Citizen 1635012,Venture,39800,58325,66507,590,-0.2588,-0.3806,-0.8878,0
224.000,Caldari Citizen 9942864,Venture,24700,86675,51898,1236,0.8552,0.1421,0.4984,0
224.000,Caldari Citizen 6206817,Skiff,31920,79205,61096,426,-0.1968,0.2820,0.9390,0
224.000,Minmatar Citizen 9745080,Endurance,37405,80525,63227,1100,-0.6630,-0.2469,0.7067,0
224.000,Amarr Citizen 0220922,Porpoise,23135,75935,33085,196,,,,0
224.000,Minmatar Citizen 4351238,Retriever,46240,64940,45920,90,-0.6951,-0.6951,0.1837,0
224.000,Caldari Citizen 3216932,Endurance,25140,80895,56815,1115,-0.7624,0.1254,-0.6348,0
224.000,Minmatar Citizen 9076035,Porpoise,27105,80400,71569,83,,,,0
224.000,Minmatar Citizen 6662812,Procurer,52160,75785,58455,1679,-0.7161,-0.0533,0.6960,0
224.000,Caldari Citizen 3891005,Orca,34775,57200,65991,84,-0.0277,-0.8408,-0.5406,0
224.000,Caldari Citizen 8777524,Porpoise,33600,47795,42079,131,-0.7746,0.0000,0.6325,0
224.000,Minmatar Citizen 0254120,Porpoise,34325,47765,43235,182,,,,0
224.000,Amarr Citizen 2674287,Orca,29000,56405,70728,816,0.4453,-0.2026,-0.8721,0
224.000,Amarr Citizen 5054432,Prospect,45600,75515,-62307,1362,0.5573,0.3129,-0.7691,0
224.000,Amarr Citizen 4520313,Prospect,20875,92075,43617,1789,0.1658,0.1422,-0.9759,0
224.000,Minmatar Citizen 9978241,Retriever,45225,64365,49607,227,0.7323,0.0000,-0.6810,0
224.000,Minmatar Citizen 7162778,Covetor,32745,60440,62640,1461,-0.2913,-0.5375,-0.7913,0
224.000,Minmatar Citizen 9678938,Venture,30025,51085,91487,2237,0.3460,0.1873,-0.9194,0
224.000,Minmatar Citizen 2250648,Capsule,16115,47740,100026,0,,,,0
224.000,Gallente Citizen 1635012,Venture,38835,58235,65700,477,-0.3364,-0.3860,-0.8590,0
225.000,Caldari Citizen 9942864,Venture,27000,87125,52012,1007,0.8305,0.0962,0.5487,0
225.000,Caldari Citizen 6206817,Skiff,30705,79205,61715,360,-0.1062,0.1671,0.9802,0
225.000,Minmatar Citizen 9745080,Endurance,36200,80525,63924,1100,-0.6385,-0.2850,0.7149,0
225.000,Amarr Citizen 0220922,Porpoise,23135,75935,33085,199,,,,0
225.000,Minmatar Citizen 4351238,Retriever,46240,64940,45920,90,-0.6951,-0.6951,0.1837,0
225.000,Caldari Citizen 3216932,Endurance,24125,80525,55988,1113,-0.7606,0.1176,-0.6384,0
225.000,Minmatar Citizen 9076035,Porpoise,27105,80400,71569,71,,,,0
225.000,Minmatar Citizen 6662812,Procurer,51085,75785,59397,1690,-0.7104,-0.0819,0.6990,0
225.000,Caldari Citizen 3891005,Orca,33840,56265,65864,89,0.1276,-0.7956,-0.5922,0
225.000,Caldari Citizen 8777524,Porpoise,33600,47795,42079,141,-0.4231,0.3834,0.8210,0
225.000,Minmatar Citizen 0254120,Porpoise,34325,47765,43235,182,,,,0
225.000,Amarr Citizen 2674287,Orca,29200,55460,70054,839,0.5095,-0.2256,-0.8304,0
225.000,Amarr Citizen 5054432,Prospect,47780,76880,-62502,1327,0.5073,0.5340,-0.6764,0
225.000,Amarr Citizen 4520313,Prospect,21125,92000,41216,1929,0.2146,0.1519,-0.9648,0
225.000,Minmatar Citizen 9978241,Retriever,46200,64365,48700,227,0.5545,0.2147,-0.8040,0
225.000,Minmatar Citizen 7162778,Covetor,32915,60320,61173,1502,-0.2885,-0.5881,-0.7556,0
225.000,Minmatar Citizen 9678938,Venture,31440,52140,89202,2281,0.3728,0.1976,-0.9066,0
225.000,Minmatar Citizen 2250648,Capsule,16115,47740,100026,0,,,,0
225.000,Gallente Citizen 1635012,Venture,38835,58235,65700,392,-0.1481,-0.1370,-0.9794,0
226.000,Caldari Citizen 9942864,Venture,28055,87575,52721,859,0.8505,0.1655,0.4992,0
226.000,Caldari Citizen 6206817,Skiff,31760,80260,61528,320,0.0245,-0.0159,0.9996,0
226.000,Minmatar Citizen 9745080,Endurance,36200,79760,64876,1100,-0.6516,-0.2837,0.7035,0
226.000,Amarr Citizen 0220922,Porpoise,23135,75935,33085,201,-0.6239,-0.1567,0.7657,0
226.000,Minmatar Citizen 4351238,Retriever,46240,64940,45920,90,,,,0
226.000,Caldari Citizen 3216932,Endurance,24125,81160,55064,1114,-0.7014,0.1155,-0.7034,0
226.000,Minmatar Citizen 9076035,Porpoise,27105,80400,71569,60,,,,0
226.000,Minmatar Citizen 6662812,Procurer,50000,75785,60313,1698,-0.7138,-0.0949,0.6939,0
226.000,Caldari Citizen 3891005,Orca,34925,56265,65295,94,0.2845,-0.7247,-0.6276,0
226.000,Caldari Citizen 8777524,Porpoise,33600,47795,42079,150,0.1658,0.6829,0.7114,0
226.000,Minmatar Citizen 0254120,Porpoise,34325,47765,43235,181,,,,0
226.000,Amarr Citizen 2674287,Orca,29200,56335,69352,860,0.5018,-0.2228,-0.8358,0
226.000,Amarr Citizen 5054432,Prospect,47760,77160,-63924,1321,0.4191,0.6044,-0.6775,0
226.000,Amarr Citizen 4520313,Prospect,22400,92465,39465,2059,0.1725,0.0995,-0.9800,0
226.000,Minmatar Citizen 9978241,Retriever,46200,64365,48700,227,0.4271,0.3307,-0.8415,0
226.000,Minmatar Citizen 7162778,Covetor,32180,58500,60351,1539,-0.1754,-0.5544,-0.8136,0
226.000,Minmatar Citizen 9678938,Venture,31760,52100,86677,2315,0.4006,0.1563,-0.9028,0
226.000,Minmatar Citizen 2250648,Capsule,16115,47740,100026,0,,,,0
226.000,Gallente Citizen 1635012,Venture,37880,57280,65644,329,-0.1960,-0.0710,-0.9780,0
227.000,Caldari Citizen 9942864,Venture,28055,87575,52721,762,0.7063,0.1728,0.6865,0
227.000,Caldari Citizen 6206817,Skiff,31760,79535,62462,297,0.5572,0.4758,0.6805,0
227.000,Minmatar Citizen 9745080,Endurance,34985,79760,65539,1100,-0.6401,-0.2972,0.7085,0
227.000,Amarr Citizen 0220922,Porpoise,23135,75935,33085,204,-0.5589,-0.1949,0.8060,0
227.000,Minmatar Citizen 4351238,Retriever,46240,64940,45920,90,,,,0
227.000,Caldari Citizen 3216932,Endurance,21875,80780,54736,1111,-0.6999,0.1077,-0.7060,0
227.000,Minmatar Citizen 9076035,Porpoise,27105,80400,71569,52,,,,0
227.000,Minmatar Citizen 6662812,Procurer,47800,74960,63065,1706,-0.7070,-0.0343,0.7064,0
227.000,Caldari Citizen 3891005,Orca,34925,56265,65295,98,0.5226,-0.5595,-0.6433,0
227.000,Caldari Citizen 8777524,Porpoise,33600,47795,42079,155,0.6774,0.6774,0.2868,0
227.000,Minmatar Citizen 0254120,Porpoise,34325,47765,43235,179,,,,0
227.000,Amarr Citizen 2674287,Orca,29400,55400,68669,880,0.5097,-0.1738,-0.8426,0
227.000,Amarr Citizen 5054432,Prospect,47740,77440,-65329,1339,0.3441,0.6158,-0.7088,0
227.000,Amarr Citizen 4520313,Prospect,21375,92340,37689,2181,0.2252,0.0788,-0.9711,0
227.000,Minmatar Citizen 9978241,Retriever,46200,64365,48700,227,0.2833,0.4387,-0.8528,0
227.000,Minmatar Citizen 7162778,Covetor,32360,58400,58850,1572,-0.0816,-0.6003,-0.7956,0
227.000,Minmatar Citizen 9678938,Venture,31920,52080,85404,2343,0.3555,0.1346,-0.9249,0
227.000,Minmatar Citizen 2250648,Capsule,16115,47740,100026,0,,,,0
227.000,Gallente Citizen 1635012,Venture,38945,58145,64245,283,-0.1319,-0.2616,-0.9561,0
228.000,Caldari Citizen 9942864,Venture,28055,86960,53730,698,0.3604,0.1244,0.9245,0
228.000,Caldari Citizen 6206817,Skiff,31760,79535,62462,287,0.8283,0.4746,0.2979,0
228.000,Minmatar Citizen 9745080,Endurance,33760,78985,67102,1040,-0.6754,-0.2738,0.6848,0
228.000,Amarr Citizen 0220922,Porpoise,22000,75935,33851,206,-0.5183,-0.2169,0.8272,0
228.000,Minmatar Citizen 4351238,Retriever,46240,64940,45920,90,,,,0
228.000,Caldari Citizen 3216932,Endurance,21875,81395,53818,1078,-0.5934,0.2097,-0.7771,0
228.000,Minmatar Citizen 9076035,Porpoise,27105,80400,71569,56,,,,0
228.000,Minmatar Citizen 6662812,Procurer,46685,74960,63895,1712,-0.6802,-0.0251,0.7326,0
228.000,Caldari Citizen 3891005,Orca,34925,56265,65295,101,,,,0
228.000,Caldari Citizen 8777524,Porpoise,34325,48520,42386,144,0.6774,0.6774,0.2868,0
228.000,Minmatar Citizen 0254120,Porpoise,34325,47765,43235,172,0.0000,0.6645,-0.7473,0
228.000,Amarr Citizen 2674287,Orca,30525,55400,68177,897,0.4904,-0.2166,-0.8442,0
228.000,Amarr Citizen 5054432,Prospect,48855,79700,-65246,1369,0.1789,0.6327,-0.7535,0
228.000,Amarr Citizen 4520313,Prospect,22640,93200,34716,2295,0.1882,0.0633,-0.9801,0
228.000,Minmatar Citizen 9978241,Retriever,46200,65120,47686,227,0.0000,0.5971,-0.8022,0
228.000,Minmatar Citizen 7162778,Covetor,31665,56640,57950,1602,-0.0855,-0.5979,-0.7970,0
228.000,Minmatar Citizen 9678938,Venture,33275,53075,83017,2366,0.3572,0.1251,-0.9256,0
228.000,Minmatar Citizen 2250648,Capsule,16115,47740,100026,0,,,,0
228.000,Gallente Citizen 1635012,Venture,38945,58145,64245,250,-0.2684,-0.3868,-0.8822,0
229.000,Caldari Citizen 9942864,Venture,29120,88025,53410,663,0.2458,0.1024,0.9639,0
229.000,Caldari Citizen 6206817,Skiff,31760,79535,62462,284,0.7996,0.2515,0.5453,0
229.000,Minmatar Citizen 9745080,Endurance,33760,78985,67102,739,-0.7855,-0.2917,0.5457,0
229.000,Amarr Citizen 0220922,Porpoise,22000,75460,34897,207,-0.4756,-0.2388,0.8466,0
229.000,Minmatar Citizen 4351238,Retriever,46240,64940,45920,90,,,,0
229.000,Caldari Citizen 3216932,Endurance,20880,81005,52945,1076,-0.4528,0.2782,-0.8471,0
229.000,Minmatar Citizen 9076035,Porpoise,27105,80400,71569,67,,,,0
229.000,Minmatar Citizen 6662812,Procurer,45560,74960,64702,1716,-0.6942,-0.0017,0.7198,0
229.000,Caldari Citizen 3891005,Orca,34925,56265,65295,104,,,,0
229.000,Caldari Citizen 8777524,Porpoise,34325,48520,42386,136,0.6774,0.6774,0.2868,0
229.000,Minmatar Citizen 0254120,Porpoise,34325,47765,43235,164,0.0000,0.6645,-0.7473,0
229.000,Amarr Citizen 2674287,Orca,30715,55340,66769,903,0.5106,-0.2080,-0.8343,0
229.000,Amarr Citizen 5054432,Prospect,48845,80000,-66627,1376,0.2414,0.7089,-0.6627,0
229.000,Amarr Citizen 4520313,Prospect,22880,92600,33208,2381,0.1841,0.0468,-0.9818,0
229.000,Minmatar Citizen 9978241,Retriever,46200,65120,47686,227,0.0000,0.5971,-0.8022,0
229.000,Minmatar Citizen 7162778,Covetor,32045,55705,55633,1625,-0.0440,-0.5613,-0.8264,0
229.000,Minmatar Citizen 9678938,Venture,34600,53045,81228,2381,0.4029,0.1333,-0.9055,0
229.000,Minmatar Citizen 2250648,Capsule,16115,47740,100026,0,,,,0
229.000,Gallente Citizen 1635012,Venture,38945,58145,64245,231,-0.4116,-0.5114,-0.7544,0
230.000,Caldari Citizen 9942864,Venture,27865,87400,55080,633,0.2223,0.0228,0.9747,0
230.000,Caldari Citizen 6206817,Skiff,32825,80600,62251,285,0.8250,0.3505,0.4434,0
230.000,Minmatar Citizen 9745080,Endurance,33760,78985,67102,495,-0.8904,-0.2926,0.3487,0
230.000,Amarr Citizen 0220922,Porpoise,22000,75460,34897,209,-0.3961,-0.2763,0.8756,0
230.000,Minmatar Citizen 4351238,Retriever,46240,64940,45920,90,,,,0
230.000,Caldari Citizen 3216932,Endurance,20880,81600,52024,1045,-0.1737,0.4030,-0.8986,0
230.000,Minmatar Citizen 9076035,Porpoise,27105,80400,71569,83,,,,0
230.000,Minmatar Citizen 6662812,Procurer,45520,76055,65143,1721,-0.6996,-0.0219,0.7142,0
230.000,Caldari Citizen 3891005,Orca,34925,56265,65295,107,,,,0
230.000,Caldari Citizen 8777524,Porpoise,34325,48520,42386,120,,,,0
230.000,Minmatar Citizen 0254120,Porpoise,34325,48520,42386,153,0.0000,0.6645,-0.7473,0
230.000,Amarr Citizen 2674287,Orca,31820,55340,66249,912,0.5658,-0.0604,-0.8223,0
230.000,Amarr Citizen 5054432,Prospect,48835,80300,-67993,1403,0.0509,0.6033,-0.7959,0
230.000,Amarr Citizen 4520313,Prospect,24125,93005,31130,2451,0.2658,0.0592,-0.9622,0
230.000,Minmatar Citizen 9978241,Retriever,46200,65120,47686,227,,,,0
230.000,Minmatar Citizen 7162778,Covetor,32235,54860,54839,1649,0.0368,-0.5705,-0.8205,0
230.000,Minmatar Citizen 9678938,Venture,34880,52985,78594,2396,0.3852,0.1530,-0.9100,0
230.000,Minmatar Citizen 2250648,Capsule,16115,47740,100026,0,,,,0
230.000,Gallente Citizen 1635012,Venture,38000,57200,64188,215,-0.7065,-0.7065,-0.0424,0
231.000,Caldari Citizen 9942864,Venture,28940,87840,55773,614,0.3864,0.1598,0.9084,0
231.000,Caldari Citizen 6206817,Skiff,32825,80600,62251,288,0.7514,0.1291,0.6471,0
231.000,Minmatar Citizen 9745080,Endurance,32525,78985,67709,422,-0.9825,-0.1860,0.0103,0
231.000,Amarr Citizen 0220922,Porpoise,22000,75460,34897,210,,,,0
231.000,Minmatar Citizen 4351238,Retriever,46240,64940,45920,90,,,,0
231.000,Caldari Citizen 3216932,Endurance,20880,82185,51095,1036,-0.2093,0.3630,-0.9080,0
231.000,Minmatar Citizen 9076035,Porpoise,27105,80400,71569,98,,,,0
231.000,Minmatar Citizen 6662812,Procurer,44375,75220,66879,1724,-0.6441,-0.0636,0.7623,0
231.000,Caldari Citizen 3891005,Orca,34925,56265,65295,109,,,,0
231.000,Caldari Citizen 8777524,Porpoise,34325,48520,42386,107,-0.7839,0.0000,0.6209,0
231.000,Minmatar Citizen 0254120,Porpoise,34325,48520,42386,150,0.0000,0.6645,-0.7473,0
231.000,Amarr Citizen 2674287,Orca,30905,54425,66059,924,0.5026,-0.0276,-0.8641,0
231.000,Amarr Citizen 5054432,Prospect,48825,81465,-68327,1437,-0.1337,0.3872,-0.9123,0
231.000,Amarr Citizen 4520313,Prospect,23120,92780,29280,1816,0.2232,-0.0007,-0.9748,0
231.000,Minmatar Citizen 9978241,Retriever,46200,65120,47686,227,,,,0
231.000,Minmatar Citizen 7162778,Covetor,31600,53975,53030,1671,0.1334,-0.4726,-0.8711,0
231.000,Minmatar Citizen 9678938,Venture,36155,53920,76062,2408,0.3694,0.1391,-0.9188,0
231.000,Minmatar Citizen 2250648,Capsule,16115,47740,100026,0,,,,0
231.000,Gallente Citizen 1635012,Venture,38000,57200,64188,204,-0.7065,-0.7065,-0.0424,0
232.000,Caldari Citizen 9942864,Venture,28940,87840,55773,601,0.4051,-0.0049,0.9143,0
232.000,Caldari Citizen 6206817,Skiff,32825,79865,63191,291,0.5269,-0.2004,0.8259,0
232.000,Minmatar Citizen 9745080,Endurance,31440,77900,67876,380,-0.9263,-0.1919,-0.3242,0
232.000,Amarr Citizen 0220922,Porpoise,22000,75460,34897,212,,,,0
232.000,Minmatar Citizen 4351238,Retriever,46240,64940,45920,90,,,,0
232.000,Caldari Citizen 3216932,Endurance,20880,82760,50158,1043,-0.1722,0.3859,-0.9063,0
232.000,Minmatar Citizen 9076035,Porpoise,27105,80400,71569,111,,,,0
232.000,Minmatar Citizen 6662812,Procurer,42055,75220,68362,1728,-0.6561,-0.0898,0.7493,0
232.000,Caldari Citizen 3891005,Orca,34925,56265,65295,112,,,,0
232.000,Caldari Citizen 8777524,Porpoise,34325,48520,42386,95,-0.7839,0.0000,0.6209,0
232.000,Minmatar Citizen 0254120,Porpoise,34325,48520,42386,153,,,,0
232.000,Amarr Citizen 2674287,Orca,32000,55280,64816,937,0.5800,0.0093,-0.8146,0
232.000,Amarr Citizen 5054432,Prospect,50000,82960,-69128,1417,-0.1983,0.4078,-0.8913,0
232.000,Amarr Citizen 4520313,Prospect,24355,93155,27000,1542,0.2424,0.0124,-0.9701,0
232.000,Minmatar Citizen 9978241,Retriever,46200,65120,47686,227,,,,0
232.000,Minmatar Citizen 7162778,Covetor,31800,53160,52190,1690,0.1143,-0.4957,-0.8609,0
232.000,Minmatar Citizen 9678938,Venture,37400,53880,74156,2418,0.3645,0.1744,-0.9147,0
232.000,Minmatar Citizen 2250648,Capsule,16115,47740,100026,0,,,,0
232.000,Gallente Citizen 1635012,Venture,38000,57200,64188,197,,,,0
233.000,Caldari Citizen 9942864,Venture,28940,87195,56776,594,0.5644,-0.0759,0.8220,0
233.000,Caldari Citizen 6206817,Skiff,32825,79865,63191,293,0.4021,-0.3347,0.8522,0
233.000,Minmatar Citizen 9745080,Endurance,31440,78675,66976,364,-0.3250,0.1672,-0.9308,0
233.000,Amarr Citizen 0220922,Porpoise,22000,75460,34897,212,,,,0
233.000,Minmatar Citizen 4351238,Retriever,46240,64940,45920,90,,,,0
233.000,Caldari Citizen 3216932,Endurance,20880,83325,49214,1043,-0.2082,0.3442,-0.9155,0
233.000,Minmatar Citizen 9076035,Porpoise,27105,80400,71569,120,0.1683,-0.5614,-0.8102,0
233.000,Minmatar Citizen 6662812,Procurer,40880,74375,69980,1729,-0.6694,-0.1519,0.7272,0
233.000,Caldari Citizen 3891005,Orca,34925,56265,65295,113,,,,0
233.000,Caldari Citizen 8777524,Porpoise,33400,48520,43119,87,-0.7839,0.0000,0.6209,0
233.000,Minmatar Citizen 0254120,Porpoise,34325,48520,42386,153,,,,0
233.000,Amarr Citizen 2674287,Orca,33085,55280,64269,946,0.4667,0.0358,-0.8837,0
233.000,Amarr Citizen 5054432,Prospect,47600,82085,-71814,1401,-0.3164,0.2768,-0.9074,0
233.000,Amarr Citizen 4520313,Prospect,25580,93520,24488,1411,0.2541,-0.0847,-0.9635,0
233.000,Minmatar Citizen 9978241,Retriever,46200,65120,47686,227,,,,0
233.000,Minmatar Citizen 7162778,Covetor,32995,52355,50698,1702,0.1737,-0.4774,-0.8613,0
233.000,Minmatar Citizen 9678938,Venture,37520,54775,72083,2424,0.3997,0.1723,-0.9003,0
233.000,Minmatar Citizen 2250648,Capsule,16115,47740,100026,0,,,,0
233.000,Gallente Citizen 1635012,Venture,38000,57200,64188,194,-0.5433,0.2847,-0.7898,0
234.000,Caldari Citizen 9942864,Venture,30025,88280,56446,587,0.4451,-0.2165,0.8689,0
234.000,Caldari Citizen 6206817,Skiff,32825,79865,63191,297,0.8974,-0.0552,0.4378,0
234.000,Minmatar Citizen 9745080,Endurance,31440,78675,66976,358,0.3058,0.3272,-0.8941,0
234.000,Amarr Citizen 0220922,Porpoise,22000,75460,34897,212,,,,0
234.000,Minmatar Citizen 4351238,Retriever,46240,64940,45920,90,0.0000,0.5707,-0.8211,0
234.000,Caldari Citizen 3216932,Endurance,19895,82895,48338,1053,-0.0738,0.3220,-0.9439,0
234.000,Minmatar Citizen 9076035,Porpoise,27105,80400,71569,131,0.1553,-0.3685,-0.9166,0
234.000,Minmatar Citizen 6662812,Procurer,40800,74625,71326,1732,-0.6726,-0.0730,0.7364,0
234.000,Caldari Citizen 3891005,Orca,34925,56265,65295,115,-0.7032,-0.7032,-0.1050,0
234.000,Caldari Citizen 8777524,Porpoise,33400,48520,43119,78,-0.7839,0.0000,0.6209,0
234.000,Minmatar Citizen 0254120,Porpoise,34325,48520,42386,148,,,,0
234.000,Amarr Citizen 2674287,Orca,33255,55220,62808,958,0.5091,0.0655,-0.8582,0
234.000,Amarr Citizen 5054432,Prospect,47580,82395,-73125,1382,-0.3823,0.2136,-0.8990,0
234.000,Amarr Citizen 4520313,Prospect,24585,92525,25213,1262,0.3296,-0.2231,-0.9174,0
234.000,Minmatar Citizen 9978241,Retriever,46200,65120,47686,227,0.0000,0.5844,-0.8115,0
234.000,Minmatar Citizen 7162778,Covetor,33185,52325,49009,1717,0.1743,-0.4626,-0.8693,0
234.000,Minmatar Citizen 9678938,Venture,38725,54725,70104,2430,0.3652,0.1681,-0.9156,0
234.000,Minmatar Citizen 2250648,Capsule,16115,47740,100026,0,,,,0
234.000,Gallente Citizen 1635012,Venture,38000,57200,64188,190,-0.6819,0.0664,-0.7284,0
235.000,Caldari Citizen 9942864,Venture,30025,87625,57457,584,0.4582,-0.2140,0.8627,0
235.000,Caldari Citizen 6206817,Skiff,32825,79865,63191,299,0.9848,0.1557,0.0765,0
235.000,Minmatar Citizen 9745080,Endurance,32675,78675,66382,363,0.4771,0.4453,-0.7577,0
235.000,Amarr Citizen 0220922,Porpoise,22000,75460,34897,213,-0.8545,0.0000,0.5195,0
235.000,Minmatar Citizen 4351238,Retriever,46240,64940,45920,57,0.0000,0.5707,-0.8211,0
235.000,Caldari Citizen 3216932,Endurance,19895,83440,47392,1067,0.0420,0.3293,-0.9433,0
235.000,Minmatar Citizen 9076035,Porpoise,27295,79295,71185,141,0.1437,-0.2420,-0.9596,0
235.000,Minmatar Citizen 6662812,Procurer,38400,74625,72647,1733,-0.6484,-0.0223,0.7610,0
235.000,Caldari Citizen 3891005,Orca,34925,56265,65295,117,-0.7032,-0.7032,-0.1050,0
235.000,Caldari Citizen 8777524,Porpoise,33400,48520,43119,70,,,,0
235.000,Minmatar Citizen 0254120,Porpoise,34325,48520,42386,138,,,,0
235.000,Amarr Citizen 2674287,Orca,34320,55220,62233,969,0.4769,0.0640,-0.8766,0
235.000,Amarr Citizen 5054432,Prospect,47560,83600,-73417,1352,-0.5112,0.1871,-0.8389,0
235.000,Amarr Citizen 4520313,Prospect,25800,92880,22554,1156,0.2672,-0.4546,-0.8497,0
235.000,Minmatar Citizen 9978241,Retriever,46200,65120,47686,145,0.0000,0.5844,-0.8115,0
235.000,Minmatar Citizen 7162778,Covetor,32600,50765,47845,1729,0.1181,-0.4584,-0.8809,0
235.000,Minmatar Citizen 9678938,Venture,39900,55580,67341,2436,0.3522,0.1620,-0.9218,0
235.000,Minmatar Citizen 2250648,Capsule,16115,47740,100026,0,,,,0
235.000,Gallente Citizen 1635012,Venture,38000,58055,63416,188,-0.7407,-0.0634,-0.6688,0
236.000,Caldari Citizen 9942864,Venture,30025,86960,58459,1346,0.4870,-0.2903,0.8237,0
236.000,Caldari Citizen 6206817,Skiff,33900,80195,63903,301,0.9895,0.1426,0.0225,0
236.000,Minmatar Citizen 9745080,Endurance,32675,79440,65465,372,0.2533,0.3117,-0.9158,0
236.000,Amarr Citizen 0220922,Porpoise,22000,75460,34897,214,-0.8545,0.0000,0.5195,0
236.000,Minmatar Citizen 4351238,Retriever,46240,65675,44863,27,0.0000,0.5707,-0.8211,0
236.000,Caldari Citizen 3216932,Endurance,19895,83975,46437,1080,0.1380,0.3633,-0.9214,0
236.000,Minmatar Citizen 9076035,Porpoise,27295,80080,70301,147,0.1295,-0.1111,-0.9853,0
236.000,Minmatar Citizen 6662812,Procurer,37185,73760,74147,1505,-0.7028,0.0662,0.7083,0
236.000,Caldari Citizen 3891005,Orca,34000,55340,65157,118,-0.3817,-0.4901,-0.7836,0
236.000,Caldari Citizen 8777524,Porpoise,33400,48520,43119,64,,,,0
236.000,Minmatar Citizen 0254120,Porpoise,34325,48520,42386,125,,,,0
236.000,Amarr Citizen 2674287,Orca,33425,55160,61328,980,0.3701,0.0368,-0.9283,0
236.000,Amarr Citizen 5054432,Prospect,46325,82705,-75199,1338,-0.5450,0.1884,-0.8170,0
236.000,Amarr Citizen 4520313,Prospect,26020,91895,21961,1094,0.2273,-0.6271,-0.7450,0
236.000,Minmatar Citizen 9978241,Retriever,46200,65865,46651,77,0.0000,0.5844,-0.8115,0
236.000,Minmatar Citizen 7162778,Covetor,33755,50000,46223,1737,0.0601,-0.4820,-0.8741,0
236.000,Minmatar Citizen 9678938,Venture,41045,55520,65252,2440,0.3311,0.1553,-0.9307,0
236.000,Minmatar Citizen 2250648,Capsule,16115,47740,100026,0,,,,0
236.000,Gallente Citizen 1635012,Venture,37065,57120,63344,187,-0.7803,-0.1857,-0.5972,0
237.000,Caldari Citizen 9942864,Venture,31120,86695,60129,1914,0.3220,-0.4704,0.8216,0
237.000,Caldari Citizen 6206817,Skiff,35115,80195,63243,284,0.9911,0.1291,-0.0312,0
237.000,Minmatar Citizen 9745080,Endurance,32675,79440,65465,380,-0.1605,0.2139,-0.9636,0
237.000,Amarr Citizen 0220922,Porpoise,20855,75460,35593,210,-0.8545,0.0000,0.5195,0
237.000,Minmatar Citizen 4351238,Retriever,46240,65675,44863,20,,,,0
237.000,Caldari Citizen 3216932,Endurance,21140,84500,44909,1092,0.2374,0.4155,-0.8781,0
237.000,Minmatar Citizen 9076035,Porpoise,27295,80080,70301,132,0.1011,0.1082,-0.9890,0
237.000,Minmatar Citizen 6662812,Procurer,37075,74875,74587,1244,-0.8005,-0.0334,0.5984,0
237.000,Caldari Citizen 3891005,Orca,34000,55340,65157,120,0.1026,-0.0479,-0.9936,0
237.000,Caldari Citizen 8777524,Porpoise,33400,48520,43119,58,,,,0
237.000,Minmatar Citizen 0254120,Porpoise,34325,48520,42386,113,,,,0
237.000,Amarr Citizen 2674287,Orca,34480,55160,60741,989,0.3981,0.1063,-0.9112,0
237.000,Amarr Citizen 5054432,Prospect,46295,83920,-75486,1342,-0.6691,0.0529,-0.7413,0
237.000,Amarr Citizen 4520313,Prospect,26240,90920,21308,1062,0.2749,-0.7266,-0.6296,0
237.000,Minmatar Citizen 9978241,Retriever,46200,65865,46651,70,0.0000,0.5844,-0.8115,0
237.000,Minmatar Citizen 7162778,Covetor,33200,49255,44133,1739,0.0773,-0.5126,-0.8551,0
237.000,Minmatar Citizen 9678938,Venture,41135,56335,63010,2444,0.2993,0.1982,-0.9333,0
237.000,Minmatar Citizen 2250648,Capsule,16115,47740,100026,0,,,,0
237.000,Gallente Citizen 1635012,Venture,37065,57120,63344,186,-0.8080,-0.3647,-0.4627,0
238.000,Caldari Citizen 9942864,Venture,32225,86400,61787,2422,0.2497,-0.5917,0.7665,0
238.000,Caldari Citizen 6206817,Skiff,35115,80195,63243,269,0.9868,0.1050,-0.1233,0
238.000,Minmatar Citizen 9745080,Endurance,32675,79440,65465,377,-0.6699,0.0390,-0.7414,0
238.000,Amarr Citizen 0220922,Porpoise,20855,75460,35593,207,-0.6511,-0.1655,0.7407,0
238.000,Minmatar Citizen 4351238,Retriever,46240,65675,44863,33,,,,0
238.000,Caldari Citizen 3216932,Endurance,21140,85015,43927,1102,0.3167,0.3774,-0.8702,0
238.000,Minmatar Citizen 9076035,Porpoise,27295,80080,70301,118,,,,0
238.000,Minmatar Citizen 6662812,Procurer,37075,74875,74587,1090,-0.8996,0.0000,0.4367,0
238.000,Caldari Citizen 3891005,Orca,34000,55340,65157,121,0.3918,0.2510,-0.8852,0
238.000,Caldari Citizen 8777524,Porpoise,33400,48520,43119,53,,,,0
238.000,Minmatar Citizen 0254120,Porpoise,34325,48520,42386,104,0.0000,0.6512,-0.7589,0
238.000,Amarr Citizen 2674287,Orca,35525,55985,59369,932,0.3689,0.1495,-0.9174,0
238.000,Amarr Citizen 5054432,Prospect,45040,83920,-76242,1336,-0.7318,-0.0511,-0.6796,0
238.000,Amarr Citizen 4520313,Prospect,26460,89955,20590,1066,0.1917,-0.8919,-0.4095,0
238.000,Minmatar Citizen 9978241,Retriever,46200,65865,46651,99,,,,0
238.000,Minmatar Citizen 7162778,Covetor,33400,48520,43119,1652,0.1119,-0.4885,-0.8653,0
238.000,Minmatar Citizen 9678938,Venture,42240,56265,60820,2446,0.2996,0.1886,-0.9352,0
238.000,Minmatar Citizen 2250648,Capsule,16115,47740,100026,0,,,,0
238.000,Gallente Citizen 1635012,Venture,37065,57120,63344,184,,,,0
239.000,Caldari Citizen 9942864,Venture,33480,84960,63102,2842,0.2179,-0.6796,0.7004,0
239.000,Caldari Citizen 6206817,Skiff,35115,80195,63243,265,,,,0
239.000,Minmatar Citizen 9745080,Endurance,31600,79120,64734,385,-0.6695,0.0327,-0.7421,0
239.000,Amarr Citizen 0220922,Porpoise,20855,75460,35593,197,-0.1131,0.0229,0.9933,0
239.000,Minmatar Citizen 4351238,Retriever,46240,65675,44863,46,0.0000,-0.5707,0.8211,0
239.000,Caldari Citizen 3216932,Endurance,21140,85520,42935,1110,0.3237,0.3629,-0.8738,0
239.000,Minmatar Citizen 9076035,Porpoise,27295,80080,70301,113,,,,0
239.000,Minmatar Citizen 6662812,Procurer,35840,74875,75188,987,-0.9961,0.0096,0.0876,0
239.000,Caldari Citizen 3891005,Orca,35075,56195,63843,122,0.5654,0.4497,-0.6915,0
239.000,Caldari Citizen 8777524,Porpoise,33400,48520,43119,49,,,,0
239.000,Minmatar Citizen 0254120,Porpoise,34325,48520,42386,97,0.0000,0.6512,-0.7589,0
239.000,Amarr Citizen 2674287,Orca,34640,55100,59229,860,0.4348,0.0482,-0.8992,0
239.000,Amarr Citizen 5054432,Prospect,43775,83015,-77950,1341,-0.8187,0.0272,-0.5735,0
239.000,Amarr Citizen 4520313,Prospect,26680,89000,19803,1098,0.1948,-0.9431,-0.2694,0
239.000,Minmatar Citizen 9978241,Retriever,46200,65865,46651,129,,,,0
239.000,Minmatar Citizen 7162778,Covetor,33600,47795,42079,1455,0.0789,-0.5214,-0.8497,0
239.000,Minmatar Citizen 9678938,Venture,42320,57040,58476,2449,0.3030,0.1987,-0.9320,0
239.000,Minmatar Citizen 2250648,Capsule,16115,47740,100026,0,,,,0
239.000,Gallente Citizen 1635012,Venture,37065,57120,63344,182,,,,0
240.000,Caldari Citizen 9942864,Venture,32375,82375,65316,3124,0.1627,-0.7836,0.5996,0
240.000,Caldari Citizen 6206817,Skiff,35115,80195,63243,267,,,,0
240.000,Minmatar Citizen 9745080,Endurance,31600,79120,64734,402,-0.5331,0.2108,-0.8194,0
240.000,Amarr Citizen 0220922,Porpoise,20855,75460,35593,185,0.5477,0.1792,0.8173,0
240.000,Minmatar Citizen 4351238,Retriever,46240,64940,45920,57,0.0000,-0.5707,0.8211,0
240.000,Caldari Citizen 3216932,Endurance,21140,85520,42935,1115,0.2541,0.3734,-0.8922,0
240.000,Minmatar Citizen 9076035,Porpoise,27295,80080,70301,111,,,,0
240.000,Minmatar Citizen 6662812,Procurer,34725,73760,75330,972,-0.9925,-0.1055,-0.0610,0
240.000,Caldari Citizen 3891005,Orca,35075,56195,63843,123,0.5654,0.4497,-0.6915,0
240.000,Caldari Citizen 8777524,Porpoise,33400,48520,43119,45,,,,0
240.000,Minmatar Citizen 0254120,Porpoise,34325,49265,41518,93,0.0000,0.6512,-0.7589,0
240.000,Amarr Citizen 2674287,Orca,35675,55915,57834,794,0.2801,0.0484,-0.9587,0
240.000,Amarr Citizen 5054432,Prospect,42500,83015,-78653,1367,-0.8807,-0.0973,-0.4636,0
240.000,Amarr Citizen 4520313,Prospect,26900,87700,20521,1151,0.1920,-0.9789,-0.0696,0
240.000,Minmatar Citizen 9978241,Retriever,46200,65865,46651,153,0.0000,-0.5844,0.8115,0
240.000,Minmatar Citizen 7162778,Covetor,33800,47080,41013,1182,0.1543,-0.5536,-0.8184,0
240.000,Minmatar Citizen 9678938,Venture,43315,57875,56906,2451,0.3417,0.2018,-0.9179,0
240.000,Minmatar Citizen 2250648,Capsule,16115,47740,100026,0,,,,0
240.000,Gallente Citizen 1635012,Venture,37065,57120,63344,180,-0.7311,-0.0632,-0.6793,0
241.000,Caldari Citizen 9942864,Venture,32525,79760,66794,2510,0.0682,-0.8630,0.5005,0
241.000,Caldari Citizen 6206817,Skiff,35115,80195,63243,272,,,,0
241.000,Minmatar Citizen 9745080,Endurance,31600,79120,64734,419,0.0329,0.4182,-0.9078,0
241.000,Amarr Citizen 0220922,Porpoise,20855,74975,36604,179,0.6001,0.2636,0.7552,0
241.000,Minmatar Citizen 4351238,Retriever,46240,64940,45920,65,0.0000,-0.5707,0.8211,0
241.000,Caldari Citizen 3216932,Endurance,22375,86015,41289,1120,0.2629,0.2655,-0.9276,0
241.000,Minmatar Citizen 9076035,Porpoise,27295,80080,70301,115,-0.7057,-0.7057,0.0630,0
241.000,Minmatar Citizen 6662812,Procurer,33480,74625,75041,939,-0.9658,0.0269,-0.2579,0
241.000,Caldari Citizen 3891005,Orca,35075,56195,63843,124,0.5654,0.4497,-0.6915,0
241.000,Caldari Citizen 8777524,Porpoise,33400,48520,43119,42,,,,0
241.000,Minmatar Citizen 0254120,Porpoise,34325,49265,41518,91,0.0000,0.6512,-0.7589,0
241.000,Amarr Citizen 2674287,Orca,35675,55915,57834,733,0.3391,0.0102,-0.9407,0
241.000,Amarr Citizen 5054432,Prospect,41215,83015,-79334,1408,-0.9230,-0.0903,-0.3740,0
241.000,Amarr Citizen 4520313,Prospect,27120,86765,19630,1218,0.1897,-0.9817,-0.0155,0
241.000,Minmatar Citizen 9978241,Retriever,46200,65865,46651,172,-0.2799,-0.4277,0.8595,0
241.000,Minmatar Citizen 7162778,Covetor,34000,46375,39917,826,0.2641,-0.4806,-0.8363,0
241.000,Minmatar Citizen 9678938,Venture,44360,57785,54535,2452,0.3489,0.1924,-0.9172,0
241.000,Minmatar Citizen 2250648,Capsule,16115,47740,100026,0,,,,0
241.000,Gallente Citizen 1635012,Venture,37065,57120,63344,176,-0.7311,-0.0632,-0.6793,0
242.000,Caldari Citizen 9942864,Venture,33760,78200,68015,1779,-0.0667,-0.9385,0.3389,0
242.000,Caldari Citizen 6206817,Skiff,35115,80195,63243,278,,,,0
242.000,Minmatar Citizen 9745080,Endurance,31600,79865,63812,435,0.2101,0.3550,-0.9110,0
242.000,Amarr Citizen 0220922,Porpoise,21720,75840,36682,177,0.6434,0.3428,0.6845,0
242.000,Minmatar Citizen 4351238,Retriever,46240,64940,45920,71,,,,0
242.000,Caldari Citizen 3216932,Endurance,22375,86500,40263,1123,0.2494,0.1910,-0.9494,0
242.000,Minmatar Citizen 9076035,Porpoise,27295,80080,70301,121,-0.7057,-0.7057,0.0630,0
242.000,Minmatar Citizen 6662812,Procurer,32375,74375,74298,792,-0.8993,0.0194,-0.4368,0
242.000,Caldari Citizen 3891005,Orca,35075,56195,63843,125,,,,0
242.000,Caldari Citizen 8777524,Porpoise,33400,48520,43119,40,,,,0
242.000,Minmatar Citizen 0254120,Porpoise,34325,49265,41518,93,,,,0
242.000,Amarr Citizen 2674287,Orca,35825,55040,57063,656,0.4721,0.1053,-0.8752,0
242.000,Amarr Citizen 5054432,Prospect,41215,83920,-78376,1460,-0.9778,-0.0770,-0.1948,0
242.000,Amarr Citizen 4520313,Prospect,27340,85475,20262,1293,0.1865,-0.9816,0.0412,0
242.000,Minmatar Citizen 9978241,Retriever,46200,65120,47686,186,-0.3840,-0.3521,0.8535,0
242.000,Minmatar Citizen 7162778,Covetor,34000,46375,39917,502,0.4030,-0.3761,-0.8344,0
242.000,Minmatar Citizen 9678938,Venture,45375,58500,51175,2453,0.3756,0.1758,-0.9099,0
242.000,Minmatar Citizen 2250648,Capsule,16115,47740,100026,0,,,,0
242.000,Gallente Citizen 1635012,Venture,36140,57040,62485,166,-0.7311,-0.0632,-0.6793,0
243.000,Caldari Citizen 9942864,Venture,33900,77115,67587,859,-0.1774,-0.9808,-0.0814,0
243.000,Caldari Citizen 6206817,Skiff,35115,80195,63243,284,,,,0
243.000,Minmatar Citizen 9745080,Endurance,31600,79865,63812,448,0.1218,0.2999,-0.9461,0
243.000,Amarr Citizen 0220922,Porpoise,21720,75840,36682,179,0.6957,0.4616,0.5504,0
243.000,Minmatar Citizen 4351238,Retriever,46240,64940,45920,76,0.6951,0.6951,-0.1837,0
243.000,Caldari Citizen 3216932,Endurance,22375,86975,39226,1086,0.2712,0.1552,-0.9499,0
243.000,Minmatar Citizen 9076035,Porpoise,26200,78985,70398,129,-0.7057,-0.7057,0.0630,0
243.000,Minmatar Citizen 6662812,Procurer,32375,74375,74298,648,-0.7682,0.1796,-0.6145,0
243.000,Caldari Citizen 3891005,Orca,35075,56195,63843,125,-0.7031,-0.7031,-0.1063,0
243.000,Caldari Citizen 8777524,Porpoise,33400,48520,43119,38,,,,0
243.000,Minmatar Citizen 0254120,Porpoise,34325,49265,41518,96,,,,0
243.000,Amarr Citizen 2674287,Orca,35825,55845,56275,584,0.4341,-0.1280,-0.8917,0
243.000,Amarr Citizen 5054432,Prospect,38705,82705,-79390,1519,-0.9817,-0.1154,-0.1515,0
243.000,Amarr Citizen 4520313,Prospect,27560,84185,20841,1267,0.1851,-0.9814,0.0518,0
243.000,Minmatar Citizen 9978241,Retriever,46200,65120,47686,196,-0.4580,-0.2916,0.8398,0
243.000,Minmatar Citizen 7162778,Covetor,34000,46375,39917,257,0.4795,-0.3087,-0.8214,0
243.000,Minmatar Citizen 9678938,Venture,46320,59295,49382,2454,0.3352,0.1341,-0.9326,0
243.000,Minmatar Citizen 2250648,Capsule,16115,47740,100026,0,,,,0
243.000,Gallente Citizen 1635012,Venture,36140,57040,62485,160,-0.7311,-0.0632,-0.6793,0
244.000,Caldari Citizen 9942864,Venture,32825,76040,67745,1224,-0.3834,-0.5138,-0.7675,0
244.000,Caldari Citizen 6206817,Skiff,35115,80195,63243,253,0.8696,0.0000,-0.4938,0
244.000,Minmatar Citizen 9745080,Endurance,32825,80600,62251,430,0.0598,0.2418,-0.9685,0
244.000,Amarr Citizen 0220922,Porpoise,21720,75840,36682,182,,,,0
244.000,Minmatar Citizen 4351238,Retriever,46240,64940,45920,80,0.6951,0.6951,-0.1837,0
244.000,Caldari Citizen 3216932,Endurance,22625,86465,37695,1050,0.2818,0.0051,-0.9594,0
244.000,Minmatar Citizen 9076035,Porpoise,26200,78985,70398,133,-0.8206,-0.4721,-0.3221,0
244.000,Minmatar Citizen 6662812,Procurer,32375,75220,73443,536,-0.6616,0.1288,-0.7388,0
244.000,Caldari Citizen 3891005,Orca,35075,56195,63843,126,-0.7031,-0.7031,-0.1063,0
244.000,Caldari Citizen 8777524,Porpoise,33400,48520,43119,36,,,,0
244.000,Minmatar Citizen 0254120,Porpoise,34325,49265,41518,100,,,,0
244.000,Amarr Citizen 2674287,Orca,36840,55845,55616,520,0.3997,-0.0298,-0.9162,0
244.000,Amarr Citizen 5054432,Prospect,37400,82705,-80013,1533,-0.9839,-0.1602,-0.0798,0
244.000,Amarr Citizen 4520313,Prospect,27780,83280,19817,1248,0.2540,-0.9335,0.2531,0
244.000,Minmatar Citizen 9978241,Retriever,45225,65120,48612,204,-0.3548,0.0664,0.9326,0
244.000,Minmatar Citizen 7162778,Covetor,34895,46375,39137,215,,,,0
244.000,Minmatar Citizen 9678938,Venture,47285,59185,46715,2455,0.2816,0.1536,-0.9472,0
244.000,Minmatar Citizen 2250648,Capsule,16115,47740,100026,0,,,,0
244.000,Gallente Citizen 1635012,Venture,36140,57040,62485,160,-0.4574,0.3733,-0.8071,0
245.000,Caldari Citizen 9942864,Venture,31760,76535,66104,1345,-0.4760,0.0627,-0.8772,0
245.000,Caldari Citizen 6206817,Skiff,35115,80195,63243,245,0.8696,0.0000,-0.4938,0
245.000,Minmatar Citizen 9745080,Endurance,31760,79535,62462,424,-0.0216,0.1334,-0.9908,0
245.000,Amarr Citizen 0220922,Porpoise,21720,75840,36682,185,,,,0
245.000,Minmatar Citizen 4351238,Retriever,47165,65865,45676,82,0.6951,0.6951,-0.1837,0
245.000,Caldari Citizen 3216932,Endurance,22625,86465,37695,1041,0.4402,-0.1064,-0.8916,0
245.000,Minmatar Citizen 9076035,Porpoise,26200,78985,70398,138,-0.6211,0.1115,-0.7758,0
245.000,Minmatar Citizen 6662812,Procurer,31280,74125,73539,453,-0.5812,0.2357,-0.7789,0
245.000,Caldari Citizen 3891005,Orca,34160,55280,63704,126,-0.7031,-0.7031,-0.1063,0
245.000,Caldari Citizen 8777524,Porpoise,33400,48520,43119,34,,,,0
245.000,Minmatar Citizen 0254120,Porpoise,34325,49265,41518,105,,,,0
245.000,Amarr Citizen 2674287,Orca,36840,55845,55616,463,0.3776,0.0766,-0.9228,0
245.000,Amarr Citizen 5054432,Prospect,36195,82395,-79379,1517,-0.9818,-0.1837,-0.0483,0
245.000,Amarr Citizen 4520313,Prospect,28000,82000,20322,1256,0.2007,-0.8789,0.4327,0
245.000,Minmatar Citizen 9978241,Retriever,45225,65120,48612,210,-0.0341,0.7967,0.6034,0
245.000,Minmatar Citizen 7162778,Covetor,34895,46375,39137,339,0.5227,0.7006,0.4857,0
245.000,Minmatar Citizen 9678938,Venture,48200,59960,44750,1582,0.2179,0.1389,-0.9660,0
245.000,Minmatar Citizen 2250648,Capsule,16115,47740,100026,0,,,,0
245.000,Gallente Citizen 1635012,Venture,36140,57040,62485,226,0.0000,0.7340,-0.6791,0
246.000,Caldari Citizen 9942864,Venture,31760,77300,65207,1406,-0.3901,0.3316,-0.8590,0
246.000,Caldari Citizen 6206817,Skiff,36320,80195,62559,248,0.7011,0.2167,-0.6794,0
246.000,Minmatar Citizen 9745080,Endurance,31760,80260,61528,410,-0.1744,0.1300,-0.9761,0
246.000,Amarr Citizen 0220922,Porpoise,21720,75840,36682,189,0.0000,-0.4414,0.8973,0
246.000,Minmatar Citizen 4351238,Retriever,47165,65865,45676,84,0.6951,0.6951,-0.1837,0
246.000,Caldari Citizen 3216932,Endurance,23840,86920,35855,1028,0.5295,-0.2445,-0.8123,0
246.000,Minmatar Citizen 9076035,Porpoise,26200,78985,70398,145,0.0000,0.6612,-0.7502,0
246.000,Minmatar Citizen 6662812,Procurer,31280,74960,72688,395,-0.4529,0.3760,-0.8084,0
246.000,Caldari Citizen 3891005,Orca,34160,55280,63704,127,-0.7031,-0.7031,-0.1063,0
246.000,Caldari Citizen 8777524,Porpoise,33400,48520,43119,33,,,,0
246.000,Minmatar Citizen 0254120,Porpoise,34325,49265,41518,110,,,,0
246.000,Amarr Citizen 2674287,Orca,36980,54980,54824,412,0.3178,-0.0344,-0.9475,0
246.000,Amarr Citizen 5054432,Prospect,34880,82395,-79965,1514,-0.9837,-0.1411,0.1116,0
246.000,Amarr Citizen 4520313,Prospect,28220,80720,20783,1286,0.2296,-0.7947,0.5618,0
246.000,Minmatar Citizen 9978241,Retriever,45225,65120,48612,214,0.4201,0.8778,0.2304,0
246.000,Minmatar Citizen 7162778,Covetor,34000,46375,39917,514,0.3833,0.4269,0.8191,0
246.000,Minmatar Citizen 9678938,Venture,47315,59075,44894,815,0.0924,0.1208,-0.9884,0
246.000,Minmatar Citizen 2250648,Capsule,16115,47740,100026,0,,,,0
246.000,Gallente Citizen 1635012,Venture,36140,57040,62485,279,-0.4507,0.3719,-0.8115,0
247.000,Caldari Citizen 9942864,Venture,31920,77000,63852,1460,-0.2494,0.4754,-0.8437,0
247.000,Caldari Citizen 6206817,Skiff,36320,80195,62559,255,0.5539,0.3424,-0.7589,0
247.000,Minmatar Citizen 9745080,Endurance,31760,80260,61528,413,0.0750,0.0717,-0.9946,0
247.000,Amarr Citizen 0220922,Porpoise,21720,75840,36682,194,0.0000,-0.4414,0.8973,0
247.000,Minmatar Citizen 4351238,Retriever,47165,65865,45676,86,,,,0
247.000,Caldari Citizen 3216932,Endurance,24080,85955,35326,1034,0.5546,-0.3734,-0.7437,0
247.000,Minmatar Citizen 9076035,Porpoise,26200,79760,69519,152,0.4249,0.5125,-0.7462,0
247.000,Minmatar Citizen 6662812,Procurer,31280,74960,72688,361,-0.6240,0.1679,-0.7631,0
247.000,Caldari Citizen 3891005,Orca,34160,55280,63704,127,,,,0
247.000,Caldari Citizen 8777524,Porpoise,33400,48520,43119,32,,,,0
247.000,Minmatar Citizen 0254120,Porpoise,34325,49265,41518,115,,,,0
247.000,Amarr Citizen 2674287,Orca,36980,55775,54015,366,0.3201,0.0387,-0.9466,0
247.000,Amarr Citizen 5054432,Prospect,33685,82085,-79299,1516,-0.9613,-0.1640,0.2212,0
247.000,Amarr Citizen 4520313,Prospect,29315,79900,22375,1323,0.1419,-0.6976,0.7023,0
247.000,Minmatar Citizen 9978241,Retriever,46160,66055,48394,108,0.6977,0.6977,-0.1623,0
247.000,Minmatar Citizen 7162778,Covetor,34705,47080,40250,683,0.0420,0.2749,0.9606,0
247.000,Minmatar Citizen 9678938,Venture,47315,59840,43869,296,-0.1995,0.0232,-0.9796,0
247.000,Minmatar Citizen 2250648,Capsule,16115,47740,100026,0,,,,0
247.000,Gallente Citizen 1635012,Venture,36140,57875,61712,311,-0.6630,0.0630,-0.7460,0
248.000,Caldari Citizen 9942864,Venture,30705,78480,62635,1286,-0.1977,0.5363,-0.8206,0
248.000,Caldari Citizen 6206817,Skiff,36320,80195,62559,264,0.3714,0.4592,-0.8069,0
248.000,Minmatar Citizen 9745080,Endurance,31760,80260,61528,408,0.6886,0.2465,-0.6819,0
248.000,Amarr Citizen 0220922,Porpoise,21720,75345,37688,198,0.3904,-0.0513,0.9192,0
248.000,Minmatar Citizen 4351238,Retriever,47165,65865,45676,87,-0.7031,0.0000,0.7110,0
248.000,Caldari Citizen 3216932,Endurance,25275,85955,34481,1047,0.5628,-0.4341,-0.7035,0
248.000,Minmatar Citizen 9076035,Porpoise,26200,79760,69519,159,0.6309,0.3805,-0.6762,0
248.000,Minmatar Citizen 6662812,Procurer,31280,74960,72688,345,-0.5838,0.2185,-0.7819,0
248.000,Caldari Citizen 3891005,Orca,34160,55280,63704,128,0.8773,0.0000,-0.4800,0
248.000,Caldari Citizen 8777524,Porpoise,33400,48520,43119,31,,,,0
248.000,Minmatar Citizen 0254120,Porpoise,34325,49265,41518,120,,,,0
248.000,Amarr Citizen 2674287,Orca,36980,55775,54015,326,0.4751,0.1215,-0.8715,0
248.000,Amarr Citizen 5054432,Prospect,31175,81775,-79152,1536,-0.9413,-0.1765,0.2878,0
248.000,Amarr Citizen 4520313,Prospect,28440,78600,24129,1371,0.1448,-0.6363,0.7578,0
248.000,Minmatar Citizen 9978241,Retriever,46160,66055,48394,36,0.6977,0.6977,-0.1623,0
248.000,Minmatar Citizen 7162778,Covetor,34705,47080,40250,618,0.0397,0.2153,0.9757,0
248.000,Minmatar Citizen 9678938,Venture,47315,59840,43869,409,-0.7841,-0.5159,0.3449,0
248.000,Minmatar Citizen 2250648,Capsule,16115,47740,100026,0,,,,0
248.000,Gallente Citizen 1635012,Venture,36140,57875,61712,334,-0.6229,0.1316,-0.7712,0
249.000,Caldari Citizen 9942864,Venture,30705,79205,61715,1136,-0.0756,0.6351,-0.7687,0
249.000,Caldari Citizen 6206817,Skiff,36320,80940,61592,272,0.0000,0.6103,-0.7921,0
249.000,Minmatar Citizen 9745080,Endurance,31760,80260,61528,415,0.8840,0.0000,-0.4675,0
249.000,Amarr Citizen 0220922,Porpoise,21720,75345,37688,201,0.6155,0.2673,0.7414,0
249.000,Minmatar Citizen 4351238,Retriever,47165,65865,45676,88,-0.7031,0.0000,0.7110,0
249.000,Caldari Citizen 3216932,Endurance,25505,85000,33904,1057,0.5225,-0.5606,-0.6424,0
249.000,Minmatar Citizen 9076035,Porpoise,26200,79760,69519,164,0.6353,-0.1326,-0.7608,0
249.000,Minmatar Citizen 6662812,Procurer,31280,75785,71828,334,-0.6684,0.0909,-0.7382,0
249.000,Caldari Citizen 3891005,Orca,34160,55280,63704,128,0.7132,0.2829,-0.6413,0
249.000,Caldari Citizen 8777524,Porpoise,33400,48520,43119,30,,,,0
249.000,Minmatar Citizen 0254120,Porpoise,34325,49265,41518,125,,,,0
249.000,Amarr Citizen 2674287,Orca,36980,55775,54015,290,0.6482,0.2589,-0.7161,0
249.000,Amarr Citizen 5054432,Prospect,30000,81465,-78438,1569,-0.8823,-0.1390,0.4496,0
249.000,Amarr Citizen 4520313,Prospect,29525,78165,24239,1426,0.1284,-0.5831,0.8022,0
249.000,Minmatar Citizen 9978241,Retriever,46160,66055,48394,54,,,,0
249.000,Minmatar Citizen 7162778,Covetor,35420,47040,41433,558,0.0642,-0.0277,0.9976,0
249.000,Minmatar Citizen 9678938,Venture,47315,59840,43869,789,-0.5302,-0.5328,0.6596,0
249.000,Minmatar Citizen 2250648,Capsule,16115,47740,100026,0,,,,0
249.000,Gallente Citizen 1635012,Venture,35225,56960,61610,351,-0.6895,0.0054,-0.7243,0
250.000,Caldari Citizen 9942864,Venture,30705,79920,60786,990,0.0564,0.7323,-0.6787,0
250.000,Caldari Citizen 6206817,Skiff,36320,80940,61592,279,0.2954,0.4886,-0.8210,0
250.000,Minmatar Citizen 9745080,Endurance,32975,80260,60885,426,0.8840,0.0000,-0.4675,0
250.000,Amarr Citizen 0220922,Porpoise,21720,75345,37688,204,0.7234,0.5188,0.4555,0
250.000,Minmatar Citizen 4351238,Retriever,46200,65865,46651,88,-0.7031,0.0000,0.7110,0
250.000,Caldari Citizen 3216932,Endurance,25735,84055,33294,1070,0.4833,-0.5819,-0.6541,0
250.000,Minmatar Citizen 9076035,Porpoise,27485,79760,69021,167,0.3572,-0.8481,-0.3914,0
250.000,Minmatar Citizen 6662812,Procurer,30195,74700,71918,326,-0.2721,0.1657,-0.9479,0
250.000,Caldari Citizen 3891005,Orca,35225,55280,63121,128,0.6060,0.4007,-0.6872,0
250.000,Caldari Citizen 8777524,Porpoise,33400,48520,43119,29,,,,0
250.000,Minmatar Citizen 0254120,Porpoise,34325,49265,41518,129,-0.7777,0.0000,0.6286,0
250.000,Amarr Citizen 2674287,Orca,37975,55775,53320,271,0.8199,0.0000,-0.5725,0
250.000,Amarr Citizen 5054432,Prospect,28835,81155,-77707,1612,-0.8366,-0.1052,0.5376,0
250.000,Amarr Citizen 4520313,Prospect,28660,76855,25844,1487,0.1836,-0.5891,0.7869,0
250.000,Minmatar Citizen 9978241,Retriever,46160,66055,48394,96,-0.7522,-0.1528,-0.6410,0
250.000,Minmatar Citizen 7162778,Covetor,34515,47040,42189,508,0.0204,-0.1179,0.9928,0
250.000,Minmatar Citizen 9678938,Venture,47315,59075,44894,1113,-0.4381,-0.5209,0.7326,0
250.000,Minmatar Citizen 2250648,Capsule,16115,47740,100026,0,,,,0
250.000,Gallente Citizen 1635012,Venture,35225,56960,61610,364,-0.7890,-0.3539,-0.5022,0
251.000,Caldari Citizen 9942864,Venture,30705,79920,60786,831,0.2436,0.7078,-0.6631,0
251.000,Caldari Citizen 6206817,Skiff,36320,80940,61592,286,0.2464,0.2406,-0.9388,0
251.000,Minmatar Citizen 9745080,Endurance,32975,80260,60885,439,0.8840,0.0000,-0.4675,0
251.000,Amarr Citizen 0220922,Porpoise,22595,76220,37736,206,0.7254,0.5161,0.4555,0
251.000,Minmatar Citizen 4351238,Retriever,46200,65865,46651,89,-0.7031,0.0000,0.7110,0
251.000,Caldari Citizen 3216932,Endurance,26900,84055,32360,1083,0.4696,-0.5712,-0.6732,0
251.000,Minmatar Citizen 9076035,Porpoise,27485,79760,69021,170,-0.0137,-0.6794,-0.7336,0
251.000,Minmatar Citizen 6662812,Procurer,30195,74700,71918,317,0.0785,0.1903,-0.9786,0
251.000,Caldari Citizen 3891005,Orca,35225,55280,63121,129,0.3041,0.2744,-0.9123,0
251.000,Caldari Citizen 8777524,Porpoise,33400,48520,43119,28,0.6803,0.6803,0.2727,0
251.000,Minmatar Citizen 0254120,Porpoise,34325,49265,41518,134,-0.7777,0.0000,0.6286,0
251.000,Amarr Citizen 2674287,Orca,37975,55775,53320,254,0.8199,0.0000,-0.5725,0
251.000,Amarr Citizen 5054432,Prospect,27680,80845,-76960,1661,-0.7726,-0.1037,0.6263,0
251.000,Amarr Citizen 4520313,Prospect,29735,75935,27308,1551,0.2615,-0.5289,0.8074,0
251.000,Minmatar Citizen 9978241,Retriever,46160,66055,48394,129,-0.7522,-0.1528,-0.6410,0
251.000,Minmatar Citizen 7162778,Covetor,34515,47040,42189,467,0.0889,-0.0775,0.9930,0
251.000,Minmatar Citizen 9678938,Venture,45525,58200,45926,1378,-0.4387,-0.4838,0.7573,0
251.000,Minmatar Citizen 2250648,Capsule,16115,47740,100026,0,,,,0
251.000,Gallente Citizen 1635012,Venture,35225,57785,60837,377,-0.7818,-0.3036,-0.5447,0
252.000,Caldari Citizen 9942864,Venture,31760,81680,59630,668,0.1284,0.7823,-0.6095,0
252.000,Caldari Citizen 6206817,Skiff,36320,80940,61592,291,0.2022,-0.1087,-0.9733,0
252.000,Minmatar Citizen 9745080,Capsule,32975,80260,60885,0,,,,0
252.000,Amarr Citizen 0220922,Porpoise,22595,76220,37736,208,0.1214,0.2467,0.9614,0
252.000,Minmatar Citizen 4351238,Retriever,46200,65865,46651,89,,,,0
252.000,Caldari Citizen 3216932,Endurance,27120,83120,31695,1094,0.5128,-0.6005,-0.6135,0
252.000,Minmatar Citizen 9076035,Porpoise,26400,78675,69118,173,-0.4072,-0.4118,-0.8153,0
252.000,Minmatar Citizen 6662812,Procurer,30195,75515,71062,311,0.3448,0.3313,-0.8782,0
252.000,Caldari Citizen 3891005,Orca,35225,56125,62371,128,-0.1876,0.0769,-0.9792,0
252.000,Caldari Citizen 8777524,Porpoise,33400,48520,43119,28,0.6803,0.6803,0.2727,0
252.000,Minmatar Citizen 0254120,Porpoise,33400,49265,42266,137,-0.7777,0.0000,0.6286,0
252.000,Amarr Citizen 2674287,Orca,37975,55775,53320,240,0.8145,0.0000,-0.5801,0
252.000,Amarr Citizen 5054432,Prospect,26535,81360,-75316,1715,-0.7665,-0.1119,0.6325,0
252.000,Amarr Citizen 4520313,Prospect,29735,75460,28594,1604,0.2122,-0.4821,0.8501,0
252.000,Minmatar Citizen 9978241,Retriever,45225,65865,47597,155,-0.7522,-0.1528,-0.6410,0
252.000,Minmatar Citizen 7162778,Covetor,34515,46275,43027,433,-0.0974,-0.0211,0.9950,0
252.000,Minmatar Citizen 9678938,Venture,45525,57425,46892,1590,-0.4107,-0.4802,0.7751,0
252.000,Minmatar Citizen 2250648,Capsule,16115,47740,100026,0,,,,0
253.000,Caldari Citizen 9942864,Venture,31760,81680,59630,542,-0.2494,0.8226,-0.5110,0
253.000,Caldari Citizen 6206817,Skiff,37515,81675,59882,317,0.3707,-0.1769,-0.9118,0
253.000,Minmatar Citizen 9745080,Capsule,32975,80260,60885,0,,,,0
253.000,Amarr Citizen 0220922,Porpoise,22595,76220,37736,210,-0.3169,-0.0407,0.9476,0
253.000,Minmatar Citizen 4351238,Retriever,46200,65865,46651,90,,,,0
253.000,Caldari Citizen 3216932,Endurance,27340,82195,30992,1104,0.4869,-0.6690,-0.5616,0
253.000,Minmatar Citizen 9076035,Porpoise,26400,78675,69118,176,-0.7440,-0.1145,-0.6583,0
253.000,Minmatar Citizen 6662812,Procurer,31440,75515,70520,307,0.4607,0.4996,-0.7336,0
253.000,Caldari Citizen 3891005,Orca,35225,56125,62371,112,-0.7534,-0.1672,-0.6359,0
253.000,Caldari Citizen 8777524,Porpoise,34135,49255,43414,27,0.6803,0.6803,0.2727,0
253.000,Minmatar Citizen 0254120,Porpoise,33400,49265,42266,141,-0.7777,0.0000,0.6286,0
253.000,Amarr Citizen 2674287,Orca,37975,55775,53320,227,0.4528,-0.4921,-0.7436,0
253.000,Amarr Citizen 5054432,Prospect,25400,81040,-74541,1770,-0.7451,-0.0853,0.6615,0
253.000,Amarr Citizen 4520313,Prospect,30800,74975,28742,1660,0.2744,-0.3866,0.8805,0
253.000,Minmatar Citizen 9978241,Retriever,45225,65865,47597,173,-0.2463,-0.1337,-0.9599,0
253.000,Minmatar Citizen 7162778,Covetor,35240,47000,43338,405,-0.0183,-0.1468,0.9890,0
253.000,Minmatar Citizen 9678938,Venture,44600,56640,48701,1760,-0.3600,-0.4263,0.8299,0
253.000,Minmatar Citizen 2250648,Capsule,16115,47740,100026,0,,,,0
253.000,Gallente Citizen 1635012,Venture,34320,56880,60719,398,-0.9099,0.0110,-0.4147,0
254.000,Caldari Citizen 9942864,Venture,31760,82375,58666,796,-0.6393,0.6758,-0.3669,0
254.000,Caldari Citizen 6206817,Skiff,36440,80600,60206,622,0.4990,-0.0334,-0.8660,0
254.000,Minmatar Citizen 9745080,Capsule,32975,80260,60885,0,,,,0
254.000,Amarr Citizen 0220922,Porpoise,22595,75715,38739,211,-0.5553,-0.2428,0.7954,0
254.000,Minmatar Citizen 4351238,Retriever,46200,65865,46651,90,,,,0
254.000,Caldari Citizen 3216932,Endurance,28475,82195,29953,1111,0.3932,-0.8285,-0.3986,0
254.000,Minmatar Citizen 9076035,Porpoise,26400,79440,68237,178,-0.5329,0.2186,-0.8175,0
254.000,Minmatar Citizen 6662812,Procurer,31440,75515,70520,306,0.4378,0.5117,-0.7393,0
254.000,Caldari Citizen 3891005,Orca,34320,55220,62233,100,-0.7889,-0.4206,-0.4480,0
254.000,Caldari Citizen 8777524,Porpoise,34135,49255,43414,27,0.6803,0.6803,0.2727,0
254.000,Minmatar Citizen 0254120,Porpoise,33400,49265,42266,144,-0.8898,-0.3910,0.2355,0
254.000,Amarr Citizen 2674287,Orca,37975,55775,53320,215,0.2468,-0.6452,-0.7230,0
254.000,Amarr Citizen 5054432,Prospect,23160,80400,-72941,1823,-0.7138,-0.1499,0.6842,0
254.000,Amarr Citizen 4520313,Prospect,30800,73975,31226,1717,0.1987,-0.3544,0.9137,0
254.000,Minmatar Citizen 9978241,Retriever,45225,65865,47597,187,0.2784,-0.0767,-0.9574,0
254.000,Minmatar Citizen 7162778,Covetor,35240,47000,43338,382,0.0253,-0.0253,0.9994,0
254.000,Minmatar Citizen 9678938,Venture,43665,55845,50435,1863,-0.1742,-0.3927,0.9030,0
254.000,Minmatar Citizen 2250648,Capsule,16115,47740,100026,0,,,,0
254.000,Gallente Citizen 1635012,Venture,34320,56880,60719,406,-0.9718,-0.1816,-0.1503,0
255.000,Caldari Citizen 9942864,Venture,30535,82375,59313,1533,-0.8955,0.3630,-0.2576,0
255.000,Caldari Citizen 6206817,Skiff,36440,80600,60206,912,0.6085,0.0188,-0.7933,0
255.000,Minmatar Citizen 9745080,Capsule,32975,80260,60885,0,,,,0
255.000,Amarr Citizen 0220922,Porpoise,21440,75715,39390,212,-0.4269,0.0130,0.9042,0
255.000,Minmatar Citizen 4351238,Retriever,46200,65865,46651,90,,,,0
255.000,Caldari Citizen 3216932,Endurance,28685,80825,30422,1102,0.4595,-0.8092,-0.3662,0
255.000,Minmatar Citizen 9076035,Porpoise,26400,79440,68237,181,0.0000,0.6558,-0.7549,0
255.000,Minmatar Citizen 6662812,Procurer,31440,76320,69648,305,0.4068,0.5260,-0.7469,0
255.000,Caldari Citizen 3891005,Orca,34320,55220,62233,94,-0.7030,-0.7030,-0.1078,0
255.000,Caldari Citizen 8777524,Porpoise,34135,49255,43414,25,,,,0
255.000,Minmatar Citizen 0254120,Porpoise,33400,49265,42266,146,-0.5208,-0.8419,0.1416,0
255.000,Amarr Citizen 2674287,Orca,38960,55775,52605,203,0.1094,-0.7195,-0.6858,0
255.000,Amarr Citizen 5054432,Prospect,22055,80080,-72116,1857,-0.6787,-0.1773,0.7127,0
255.000,Amarr Citizen 4520313,Prospect,30800,73460,32419,1776,0.2159,-0.2997,0.9293,0
255.000,Minmatar Citizen 9978241,Retriever,45225,65865,47597,197,0.7178,0.0000,-0.6963,0
255.000,Minmatar Citizen 7162778,Covetor,34325,47000,44066,363,0.0306,0.1020,0.9943,0
255.000,Minmatar Citizen 9678938,Venture,43665,55040,51312,1697,-0.0800,-0.3205,0.9439,0
255.000,Minmatar Citizen 2250648,Capsule,16115,47740,100026,0,,,,0
255.000,Gallente Citizen 1635012,Venture,34320,56880,60719,411,-0.9866,0.0103,-0.1630,0
256.000,Caldari Citizen 9942864,Venture,29300,83060,58979,1230,-0.8225,0.2667,-0.5024,0
256.000,Caldari Citizen 6206817,Skiff,37625,80600,59473,1157,0.6459,0.1044,-0.7563,0
256.000,Minmatar Citizen 9745080,Capsule,32975,80260,60885,0,,,,0
256.000,Amarr Citizen 0220922,Porpoise,21440,75715,39390,210,-0.1866,0.4022,0.8963,0
256.000,Minmatar Citizen 4351238,Retriever,46200,65865,46651,90,,,,0
256.000,Caldari Citizen 3216932,Endurance,28895,79920,29629,1025,0.4539,-0.8529,-0.2580,0
256.000,Minmatar Citizen 9076035,Porpoise,26400,79440,68237,183,0.6269,0.3761,-0.6823,0
256.000,Minmatar Citizen 6662812,Procurer,31440,76320,69648,305,-0.6156,0.1527,-0.7732,0
256.000,Caldari Citizen 3891005,Orca,34320,55220,62233,146,,,,0
256.000,Caldari Citizen 8777524,Porpoise,34135,49255,43414,23,,,,0
256.000,Minmatar Citizen 0254120,Porpoise,33400,49265,42266,149,-0.4592,-0.8524,0.2500,0
256.000,Amarr Citizen 2674287,Orca,38105,54920,52505,191,-0.0283,-0.3837,-0.9230,0
256.000,Amarr Citizen 5054432,Prospect,20960,80525,-70409,1887,-0.6111,-0.2198,0.7605,0
256.000,Amarr Citizen 4520313,Prospect,31665,73265,34620,1833,0.2261,-0.2335,0.9457,0
256.000,Minmatar Citizen 9978241,Retriever,46200,65865,46651,204,0.7178,0.0000,-0.6963,0
256.000,Minmatar Citizen 7162778,Covetor,34325,46225,44878,347,-0.0159,-0.0232,0.9996,0
256.000,Minmatar Citizen 9678938,Venture,43595,55100,52986,1672,0.0365,-0.2344,0.9714,0
256.000,Minmatar Citizen 2250648,Capsule,16115,47740,100026,0,,,,0
256.000,Gallente Citizen 1635012,Venture,33255,57695,60542,412,-0.9993,-0.0320,-0.0168,0
257.000,Caldari Citizen 9942864,Venture,28055,83735,58629,972,-0.6921,-0.0387,-0.7208,0
257.000,Caldari Citizen 6206817,Skiff,38800,81325,57704,1364,0.6726,0.1827,-0.7171,0
257.000,Minmatar Citizen 9745080,Capsule,32975,80260,60885,0,,,,0
257.000,Amarr Citizen 0220922,Porpoise,21440,75715,39390,193,0.2771,0.5655,0.7768,0
257.000,Minmatar Citizen 4351238,Retriever,46200,65865,46651,83.5,,,,0
257.000,Caldari Citizen 3216932,Endurance,29105,78560,30037,999,0.4753,-0.8668,-0.1506,0
257.000,Minmatar Citizen 9076035,Porpoise,26400,79440,68237,184,0.7459,0.2650,-0.6110,0
257.000,Minmatar Citizen 6662812,Procurer,31440,76320,69648,300,-0.2524,-0.0869,-0.9637,0
257.000,Caldari Citizen 3891005,Orca,34320,55220,62233,216,-0.0916,0.9957,-0.0149,0
257.000,Caldari Citizen 8777524,Porpoise,34135,49255,43414,22,,,,0
257.000,Minmatar Citizen 0254120,Porpoise,32675,48540,41955,150,-0.4204,-0.8525,0.3107,0
257.000,Amarr Citizen 2674287,Orca,38105,54920,52505,167,-0.1900,-0.0504,-0.9805,0
257.000,Amarr Citizen 5054432,Prospect,20125,79120,-69167,1864,-0.5439,-0.2077,0.8131,0
257.000,Amarr Citizen 4520313,Prospect,31665,72165,36858,1888,0.2444,-0.1731,0.9541,0
257.000,Minmatar Citizen 9978241,Retriever,46200,65865,46651,184,0.7178,0.0000,-0.6963,0
257.000,Minmatar Citizen 7162778,Covetor,35060,46960,45184,333,0.2014,0.0647,0.9774,0
257.000,Minmatar Citizen 9678938,Venture,44480,54325,54693,1688,0.1560,-0.0745,0.9849,0
257.000,Minmatar Citizen 2250648,Capsule,16115,47740,100026,0,,,,0
257.000,Gallente Citizen 1635012,Venture,32360,56800,60395,413,-0.9946,-0.0802,0.0652,0
258.000,Caldari Citizen 9942864,Venture,27000,83345,57876,1274,-0.1173,-0.2176,-0.9690,0
258.000,Caldari Citizen 6206817,Skiff,39965,81325,56904,1541,0.6790,0.1655,-0.7153,0
258.000,Minmatar Citizen 9745080,Capsule,32975,80260,60885,0,,,,0
258.000,Amarr Citizen 0220922,Porpoise,22325,76600,39434,183,0.9014,0.2809,0.3295,0
258.000,Minmatar Citizen 4351238,Retriever,46200,65865,46651,128,,,,0
258.000,Caldari Citizen 3216932,Endurance,30200,78560,28936,983,0.4693,-0.8741,-0.1256,0
258.000,Minmatar Citizen 9076035,Porpoise,26400,79440,68237,185,0.6727,0.3319,-0.6613,0
258.000,Minmatar Citizen 6662812,Procurer,31440,76320,69648,274,-0.0395,-0.3552,-0.9340,0
258.000,Caldari Citizen 3891005,Orca,34320,55220,62233,288,-0.0916,0.9957,-0.0149,0
258.000,Caldari Citizen 8777524,Porpoise,34135,49255,43414,22,,,,0
258.000,Minmatar Citizen 0254120,Porpoise,32675,47795,42802,152,-0.3798,-0.8481,0.3694,0
258.000,Amarr Citizen 2674287,Orca,38105,54920,52505,145,-0.4093,0.3423,-0.8458,0
258.000,Amarr Citizen 5054432,Prospect,19060,79535,-67431,1853,-0.4819,-0.2652,0.8351,0
258.000,Amarr Citizen 4520313,Prospect,32540,72475,37849,1943,0.2222,-0.1669,0.9606,0
258.000,Minmatar Citizen 9978241,Retriever,46200,65865,46651,71,,,,0
258.000,Minmatar Citizen 7162778,Covetor,35060,46960,45184,322,0.1432,0.2148,0.9661,0
258.000,Minmatar Citizen 9678938,Venture,44420,54375,56305,1560,0.1130,0.0413,0.9927,0
258.000,Minmatar Citizen 2250648,Capsule,16115,47740,100026,0,,,,0
258.000,Gallente Citizen 1635012,Venture,32360,56800,60395,414,-0.9791,-0.1408,0.1468,0
259.000,Caldari Citizen 9942864,Venture,28435,82955,55910,1946,0.2431,-0.3353,-0.9102,0
259.000,Caldari Citizen 6206817,Skiff,41120,82040,55023,1687,0.6961,0.1266,-0.7067,0
259.000,Minmatar Citizen 9745080,Capsule,32975,80260,60885,0,,,,0
259.000,Amarr Citizen 0220922,Porpoise,22325,76600,39434,180,0.9560,0.1251,0.2652,0
259.000,Minmatar Citizen 4351238,Retriever,46200,65865,46651,93,,,,0
259.000,Caldari Citizen 3216932,Endurance,30400,77200,29326,984,0.5135,-0.8579,0.0163,0
259.000,Minmatar Citizen 9076035,Porpoise,27675,79440,67730,186,0.4752,0.1401,-0.8686,0
259.000,Minmatar Citizen 6662812,Procurer,30365,75245,69751,261,0.4269,-0.1547,-0.8910,0
259.000,Caldari Citizen 3891005,Orca,34320,55220,62233,355,-0.0916,0.9957,-0.0149,0
259.000,Caldari Citizen 8777524,Porpoise,34135,49255,43414,22,-0.7927,0.0000,0.6097,0
259.000,Minmatar Citizen 0254120,Porpoise,32675,47795,42802,154,-0.3063,-0.8308,0.4648,0
259.000,Amarr Citizen 2674287,Orca,38105,55705,51672,128,0.0000,0.6856,-0.7280,0
259.000,Amarr Citizen 5054432,Prospect,18275,78160,-66129,1841,-0.4180,-0.3238,0.8488,0
259.000,Amarr Citizen 4520313,Prospect,33425,72200,39886,1994,0.1559,-0.1427,0.9774,0
259.000,Minmatar Citizen 9978241,Retriever,46200,65865,46651,51,,,,0
259.000,Minmatar Citizen 7162778,Covetor,35060,46960,45184,303,-0.4393,0.4003,0.8042,0
259.000,Minmatar Citizen 9678938,Venture,44360,54425,57889,1573,0.1193,0.1721,0.9778,0
259.000,Minmatar Citizen 2250648,Capsule,16115,47740,100026,0,,,,0
259.000,Gallente Citizen 1635012,Venture,31285,56800,60959,415,-0.8240,-0.3412,0.4525,0
260.000,Caldari Citizen 9942864,Venture,27600,81540,54713,2506,0.3577,-0.3816,-0.8523,0
260.000,Caldari Citizen 6206817,Skiff,42265,82040,54149,1810,0.7287,0.0695,-0.6813,0
260.000,Minmatar Citizen 9745080,Capsule,32975,80260,60885,0,,,,0
260.000,Amarr Citizen 0220922,Porpoise,22325,76085,40419,183,0.9763,-0.0443,0.2120,0
260.000,Minmatar Citizen 4351238,Retriever,46200,65865,46651,52,,,,0
260.000,Caldari Citizen 3216932,Endurance,31475,76715,29464,995,0.4819,-0.8447,0.2330,0
260.000,Minmatar Citizen 9076035,Porpoise,27675,80195,66835,187,0.1337,-0.1130,-0.9846,0
260.000,Minmatar Citizen 6662812,Procurer,31600,76040,68325,297,0.5974,-0.0443,-0.8007,0
260.000,Caldari Citizen 3891005,Orca,34160,56960,62207,418,-0.0728,0.9798,-0.1861,0
260.000,Caldari Citizen 8777524,Porpoise,34135,49255,43414,22,-0.7927,0.0000,0.6097,0
260.000,Minmatar Citizen 0254120,Porpoise,32675,47795,42802,155,,,,0
260.000,Amarr Citizen 2674287,Orca,38105,55705,51672,114,0.0000,0.6856,-0.7280,0
260.000,Amarr Citizen 5054432,Prospect,17240,78545,-64362,1835,-0.3699,-0.3534,0.8592,0
260.000,Amarr Citizen 4520313,Prospect,33255,71895,42723,2043,0.1543,-0.1102,0.9819,0
260.000,Minmatar Citizen 9978241,Retriever,46200,65865,46651,31,,,,0
260.000,Minmatar Citizen 7162778,Covetor,35060,46960,45184,240,-0.7962,0.0000,0.6050,0
260.000,Minmatar Citizen 9678938,Venture,45225,55400,59452,1655,0.0696,0.4056,0.9114,0
260.000,Minmatar Citizen 2250648,Capsule,16115,47740,100026,0,,,,0
260.000,Gallente Citizen 1635012,Venture,31285,56800,60959,414,-0.7299,-0.2754,0.6256,0
261.000,Caldari Citizen 9942864,Venture,30200,81160,51981,2734,0.4467,-0.3752,-0.8122,0
261.000,Caldari Citizen 6206817,Skiff,43400,82040,53244,1864,0.7017,0.0781,-0.7082,0
261.000,Minmatar Citizen 9745080,Capsule,32975,80260,60885,0,,,,0
261.000,Amarr Citizen 0220922,Porpoise,23480,76085,39759,183,0.9295,-0.3454,0.1294,0
261.000,Minmatar Citizen 4351238,Retriever,46200,65865,46651,38,,,,0
261.000,Caldari Citizen 3216932,Endurance,30600,75840,29681,990,0.4295,-0.7852,0.4460,0
261.000,Minmatar Citizen 9076035,Porpoise,27675,80195,66835,187,-0.4021,-0.4098,-0.8187,0
261.000,Minmatar Citizen 6662812,Procurer,31600,76040,68325,415,0.6695,-0.1523,-0.7271,0
261.000,Caldari Citizen 3891005,Orca,34160,56960,62207,448,-0.0595,0.9538,-0.2944,0
261.000,Caldari Citizen 8777524,Porpoise,33200,49255,44133,22,-0.7927,0.0000,0.6097,0
261.000,Minmatar Citizen 0254120,Porpoise,32675,47795,42802,156,0.6755,0.6755,0.2957,0
261.000,Amarr Citizen 2674287,Orca,38105,55705,51672,109,,,,0
261.000,Amarr Citizen 5054432,Prospect,17520,77520,-63935,1836,-0.2682,-0.3712,0.8890,0
261.000,Amarr Citizen 4520313,Prospect,33255,71280,43741,2067,0.0895,-0.1352,0.9868,0
261.000,Minmatar Citizen 9978241,Retriever,46200,65865,46651,39,,,,0
261.000,Minmatar Citizen 7162778,Covetor,34135,46960,45886,216,-0.5116,0.3449,0.7869,0
261.000,Minmatar Citizen 9678938,Venture,44240,55400,60189,1708,0.0684,0.5574,0.8274,0
261.000,Minmatar Citizen 2250648,Capsule,16115,47740,100026,0,,,,0
261.000,Gallente Citizen 1635012,Venture,31285,56800,60959,413,-0.5681,-0.1777,0.8036,0
262.000,Caldari Citizen 9942864,Venture,31725,79785,49284,3072,0.4248,-0.4470,-0.7872,0
262.000,Caldari Citizen 6206817,Skiff,45640,82040,51336,1959,0.6940,0.0595,-0.7175,0
262.000,Minmatar Citizen 9745080,Capsule,32975,80260,60885,0,,,,0
262.000,Amarr Citizen 0220922,Porpoise,23480,76085,39759,186,,,,0
262.000,Minmatar Citizen 4351238,Retriever,46200,65865,46651,24,,,,0
262.000,Caldari Citizen 3216932,Endurance,31665,75345,29824,1007,0.3174,-0.7444,0.5875,0
262.000,Minmatar Citizen 9076035,Porpoise,26600,79120,66944,188,-0.8110,-0.5262,-0.2555,0
262.000,Minmatar Citizen 6662812,Procurer,32825,76040,67745,635,0.6427,-0.1967,-0.7404,0
262.000,Caldari Citizen 3891005,Orca,34160,56960,62207,505,-0.2619,0.8917,-0.3692,0
262.000,Caldari Citizen 8777524,Porpoise,33200,49255,44133,22,-0.7927,0.0000,0.6097,0
262.000,Minmatar Citizen 0254120,Porpoise,32675,47795,42802,156,0.6755,0.6755,0.2957,0
262.000,Amarr Citizen 2674287,Orca,38105,55705,51672,101,,,,0
262.000,Amarr Citizen 5054432,Prospect,16795,76880,-61704,1827,-0.1396,-0.3576,0.9234,0
262.000,Amarr Citizen 4520313,Prospect,33085,71560,45448,2104,0.1098,-0.1427,0.9837,0
262.000,Minmatar Citizen 9978241,Retriever,46200,65865,46651,82,,,,0
262.000,Minmatar Citizen 7162778,Covetor,34135,46960,45886,181,-0.1432,0.5925,0.7927,0
262.000,Minmatar Citizen 9678938,Venture,45125,56405,61703,1799,0.0470,0.7337,0.6778,0
262.000,Minmatar Citizen 2250648,Capsule,16115,47740,100026,0,,,,0
262.000,Gallente Citizen 1635012,Venture,30200,55985,62247,408,-0.2287,-0.0466,0.9724,0
263.000,Caldari Citizen 9942864,Venture,32065,78440,47202,2918,0.4189,-0.5037,-0.7555,0
263.000,Caldari Citizen 6206817,Skiff,46745,82040,50332,2040,0.6670,0.0731,-0.7415,0
263.000,Minmatar Citizen 9745080,Capsule,32975,80260,60885,0,,,,0
263.000,Amarr Citizen 0220922,Porpoise,23480,76085,39759,189,,,,0
263.000,Minmatar Citizen 4351238,Retriever,46200,65865,46651,31,,,,0
263.000,Caldari Citizen 3216932,Endurance,31665,74840,31069,1032,0.2878,-0.7259,0.6247,0
263.000,Minmatar Citizen 9076035,Porpoise,26600,79120,66944,189,-0.7053,-0.7053,0.0716,0
263.000,Minmatar Citizen 6662812,Procurer,32825,76040,67745,823,0.5733,-0.3906,-0.7203,0
263.000,Caldari Citizen 3891005,Orca,34160,57785,61441,558,-0.4531,0.7608,-0.4647,0
263.000,Caldari Citizen 8777524,Porpoise,33200,49255,44133,23,,,,0
263.000,Minmatar Citizen 0254120,Porpoise,33400,48520,43119,157,0.6755,0.6755,0.2957,0
263.000,Amarr Citizen 2674287,Orca,38105,55705,51672,97,,,,0
263.000,Amarr Citizen 5054432,Prospect,16100,75575,-60276,1807,-0.0990,-0.3835,0.9182,0
263.000,Amarr Citizen 4520313,Prospect,34000,71195,47321,2047,0.1616,-0.1783,0.9706,0
263.000,Minmatar Citizen 9978241,Retriever,46200,65865,46651,107,,,,0
263.000,Minmatar Citizen 7162778,Covetor,34135,46960,45886,164,0.2755,0.7266,0.6294,0
263.000,Minmatar Citizen 9678938,Venture,45025,58325,63087,1684,0.0040,0.8756,0.4830,0
263.000,Minmatar Citizen 2250648,Capsule,16115,47740,100026,0,,,,0
263.000,Gallente Citizen 1635012,Venture,30200,55985,62247,390,-0.0056,-0.1198,0.9928,0
264.000,Caldari Citizen 9942864,Venture,34475,77475,45001,2433,0.3619,-0.5914,-0.7206,0
264.000,Caldari Citizen 6206817,Skiff,47840,82745,48100,2107,0.6456,0.0716,-0.7603,0
264.000,Minmatar Citizen 9745080,Capsule,32975,80260,60885,0,,,,0
264.000,Amarr Citizen 0220922,Porpoise,23480,76085,39759,175,-0.8683,0.0000,0.4961,0
264.000,Minmatar Citizen 4351238,Retriever,46200,65865,46651,41,,,,0
264.000,Caldari Citizen 3216932,Endurance,32720,74325,31212,1055,0.2879,-0.6448,0.7080,0
264.000,Minmatar Citizen 9076035,Porpoise,26600,79120,66944,189,,,,0
264.000,Minmatar Citizen 6662812,Procurer,32975,74975,67286,977,0.5018,-0.4711,-0.7255,0
264.000,Caldari Citizen 3891005,Orca,34160,57785,61441,604,-0.4299,0.7618,-0.4847,0
264.000,Caldari Citizen 8777524,Porpoise,33200,49255,44133,23,,,,0
264.000,Minmatar Citizen 0254120,Porpoise,33400,48520,43119,156,0.6435,0.2414,0.7263,0
264.000,Amarr Citizen 2674287,Orca,38105,55705,51672,96,,,,0
264.000,Amarr Citizen 5054432,Prospect,16400,75920,-58105,1782,-0.0593,-0.3668,0.9284,0
264.000,Amarr Citizen 4520313,Prospect,33840,70800,49912,1942,0.2172,-0.2032,0.9547,0
264.000,Minmatar Citizen 9978241,Retriever,46200,65865,46651,95,,,,0
264.000,Minmatar Citizen 7162778,Covetor,34880,47705,46180,161,0.6811,0.6811,0.2687,0
264.000,Minmatar Citizen 9678938,Venture,44975,59300,63755,1556,-0.0427,0.9535,0.2982,0
264.000,Minmatar Citizen 2250648,Capsule,16115,47740,100026,0,,,,0
264.000,Gallente Citizen 1635012,Venture,31095,56880,62432,363,0.4601,0.1443,0.8761,0
265.000,Caldari Citizen 9942864,Venture,33680,75575,44610,1897,0.3501,-0.7052,-0.6165,0
265.000,Caldari Citizen 6206817,Skiff,50000,82745,45850,2164,0.6673,0.0265,-0.7443,0
265.000,Minmatar Citizen 9745080,Capsule,32975,80260,60885,0,,,,0
265.000,Amarr Citizen 0220922,Porpoise,22325,76085,40419,161,-0.7007,-0.1592,0.6955,0
265.000,Minmatar Citizen 4351238,Retriever,46200,65865,46651,52,,,,0
265.000,Caldari Citizen 3216932,Endurance,31855,72935,32584,1073,0.1709,-0.6142,0.7704,0
265.000,Minmatar Citizen 9076035,Porpoise,26600,79120,66944,189,0.7411,0.2619,-0.6182,0
265.000,Minmatar Citizen 6662812,Procurer,33125,74705,65931,1105,0.4710,-0.5356,-0.7009,0
265.000,Caldari Citizen 3891005,Orca,33085,58600,61257,646,-0.1913,0.8529,-0.4858,0
265.000,Caldari Citizen 8777524,Porpoise,33200,49255,44133,23,-0.6784,-0.6784,-0.2820,0
265.000,Minmatar Citizen 0254120,Porpoise,33400,48520,43119,154,0.3754,-0.2761,0.8848,0
265.000,Amarr Citizen 2674287,Orca,38105,55705,51672,97,,,,0
265.000,Amarr Citizen 5054432,Prospect,17000,74645,-56251,1752,0.0276,-0.3762,0.9261,0
265.000,Amarr Citizen 4520313,Prospect,34775,70375,51711,1854,0.2303,-0.3103,0.9223,0
265.000,Minmatar Citizen 9978241,Retriever,46200,65865,46651,30,,,,0
265.000,Minmatar Citizen 7162778,Covetor,34880,47705,46180,167,0.1761,0.7131,0.6785,0
265.000,Minmatar Citizen 9678938,Venture,44925,61160,63578,1525,-0.1593,0.9860,0.0483,0
265.000,Minmatar Citizen 2250648,Capsule,16115,47740,100026,0,,,,0
265.000,Gallente Citizen 1635012,Venture,31095,56880,62432,344,0.7645,0.2793,0.5809,0
266.000,Caldari Citizen 9942864,Venture,33840,74640,43963,1428,0.4222,-0.7938,-0.4378,0
266.000,Caldari Citizen 6206817,Skiff,50000,82745,45850,2210,0.7016,0.0332,-0.7118,0
266.000,Minmatar Citizen 9745080,Capsule,32975,80260,60885,0,,,,0
266.000,Amarr Citizen 0220922,Porpoise,22325,76085,40419,155,-0.5585,-0.2539,0.7897,0
266.000,Minmatar Citizen 4351238,Retriever,46200,65865,46651,53,,,,0
266.000,Caldari Citizen 3216932,Endurance,32900,72400,32739,1088,0.2202,-0.6126,0.7591,0
266.000,Minmatar Citizen 9076035,Porpoise,26600,79120,66944,189,0.6681,0.3279,-0.6679,0
266.000,Minmatar Citizen 6662812,Procurer,34320,74705,65317,1196,0.4839,-0.5721,-0.6623,0
266.000,Caldari Citizen 3891005,Orca,33085,58600,61257,682,-0.0406,0.8857,-0.4625,0
266.000,Caldari Citizen 8777524,Porpoise,33200,49255,44133,23,-0.6784,-0.6784,-0.2820,0
266.000,Minmatar Citizen 0254120,Porpoise,33400,48520,43119,151,0.0000,-0.6707,0.7417,0
266.000,Amarr Citizen 2674287,Orca,38105,55705,51672,98,,,,0
266.000,Amarr Citizen 5054432,Prospect,16055,74335,-55250,1716,0.0953,-0.4049,0.9094,0
266.000,Amarr Citizen 4520313,Prospect,34775,69680,52644,1792,0.1980,-0.3987,0.8955,0
266.000,Minmatar Citizen 9978241,Retriever,46200,65865,46651,40,,,,0
266.000,Minmatar Citizen 7162778,Covetor,34880,47705,46180,176,-0.4471,0.4096,0.7952,0
266.000,Minmatar Citizen 9678938,Venture,44875,63020,63362,1560,-0.2560,0.9443,-0.2066,0
266.000,Minmatar Citizen 2250648,Capsule,16115,47740,100026,0,,,,0
266.000,Gallente Citizen 1635012,Venture,31095,56055,63174,676,0.7748,0.3176,0.5467,0
267.000,Caldari Citizen 9942864,Venture,34925,74640,43106,1069,0.5043,-0.8011,-0.3223,0
267.000,Caldari Citizen 6206817,Skiff,52120,82745,43425,2250,0.7317,0.0214,-0.6812,0
267.000,Minmatar Citizen 9745080,Capsule,32975,80260,60885,0,,,,0
267.000,Amarr Citizen 0220922,Porpoise,22325,76085,40419,157,-0.3802,-0.3456,0.8579,0
267.000,Minmatar Citizen 4351238,Retriever,46200,65865,46651,42,0.6937,0.6937,-0.1938,0
267.000,Caldari Citizen 3216932,Endurance,32900,71300,35070,1099,0.2080,-0.5721,0.7934,0
267.000,Minmatar Citizen 9076035,Porpoise,27865,79120,66427,189,0.4698,0.1363,-0.8722,0
267.000,Minmatar Citizen 6662812,Procurer,34460,73660,64828,1275,0.4718,-0.6275,-0.6194,0
267.000,Caldari Citizen 3891005,Orca,33085,59405,60477,714,-0.0444,0.8916,-0.4506,0
267.000,Caldari Citizen 8777524,Porpoise,32465,48520,43827,24,-0.6784,-0.6784,-0.2820,0
267.000,Minmatar Citizen 0254120,Porpoise,33400,47765,43954,147,0.0000,-0.6707,0.7417,0
267.000,Amarr Citizen 2674287,Orca,38105,55705,51672,99,,,,0
267.000,Amarr Citizen 5054432,Prospect,16675,73100,-53314,1676,0.1938,-0.4440,0.8748,0
267.000,Amarr Citizen 4520313,Prospect,35720,69205,54404,1753,0.1870,-0.4930,0.8497,0
267.000,Minmatar Citizen 9978241,Retriever,46200,65865,46651,87,,,,0
267.000,Minmatar Citizen 7162778,Covetor,34880,47705,46180,188,-0.8040,0.0000,0.5947,0
267.000,Minmatar Citizen 9678938,Venture,43820,63875,63244,1631,-0.2743,0.8702,-0.4092,0
267.000,Minmatar Citizen 2250648,Capsule,16115,47740,100026,0,,,,0
267.000,Gallente Citizen 1635012,Venture,32000,56960,63345,1107,0.7863,0.3949,0.4752,0
268.000,Caldari Citizen 9942864,Venture,35075,73100,43476,827,0.6033,-0.7844,-0.1442,0
268.000,Caldari Citizen 6206817,Skiff,53165,82040,43496,2283,0.7605,0.0015,-0.6493,0
268.000,Minmatar Citizen 9745080,Capsule,32975,80260,60885,0,,,,0
268.000,Amarr Citizen 0220922,Porpoise,22325,75560,41392,161,0.4121,-0.0714,0.9083,0
268.000,Minmatar Citizen 4351238,Retriever,46200,65865,46651,43,0.6937,0.6937,-0.1938,0
268.000,Caldari Citizen 3216932,Endurance,32900,70735,36196,1099,0.2637,-0.5264,0.8083,0
268.000,Minmatar Citizen 9076035,Porpoise,27865,79865,65530,188,0.1326,-0.1134,-0.9847,0
268.000,Minmatar Citizen 6662812,Procurer,35765,72625,63683,1332,0.4933,-0.7280,-0.4761,0
268.000,Caldari Citizen 3891005,Orca,34000,61115,59774,744,0.0032,0.8941,-0.4478,0
268.000,Caldari Citizen 8777524,Porpoise,32465,48520,43827,24,-0.6784,-0.6784,-0.2820,0
268.000,Minmatar Citizen 0254120,Porpoise,33400,47765,43954,142,0.0000,-0.6707,0.7417,0
268.000,Amarr Citizen 2674287,Orca,38105,55705,51672,101,,,,0
268.000,Amarr Citizen 5054432,Prospect,16985,72800,-51891,1633,0.2923,-0.4343,0.8520,0
268.000,Amarr Citizen 4520313,Prospect,35720,67745,56211,1685,0.1033,-0.5703,0.8149,0
268.000,Minmatar Citizen 9978241,Retriever,46200,65865,46651,123,,,,0
268.000,Minmatar Citizen 7162778,Covetor,33945,47705,46872,199,-0.8879,0.3680,0.2759,0
268.000,Minmatar Citizen 9678938,Venture,43820,64720,62379,1718,-0.3163,0.7934,-0.5201,0
268.000,Minmatar Citizen 2250648,Capsule,16115,47740,100026,0,,,,0
268.000,Gallente Citizen 1635012,Venture,32915,57040,64242,1439,0.8109,0.5573,0.1787,0
269.000,Caldari Citizen 9942864,Venture,36140,72475,43649,697,0.5341,-0.8441,0.0478,0
269.000,Caldari Citizen 6206817,Skiff,55275,83115,41238,2310,0.7493,0.0468,-0.6606,0
269.000,Minmatar Citizen 9745080,Capsule,32975,80260,60885,0,,,,0
269.000,Amarr Citizen 0220922,Porpoise,22325,75560,41392,167,0.6431,0.2659,0.7182,0
269.000,Minmatar Citizen 4351238,Retriever,47135,66800,46390,50,0.6937,0.6937,-0.1938,0
269.000,Caldari Citizen 3216932,Endurance,33935,70160,36359,1092,0.2617,-0.4542,0.8516,0
269.000,Minmatar Citizen 9076035,Porpoise,27865,79865,65530,187,-0.3963,-0.4070,-0.8230,0
269.000,Minmatar Citizen 6662812,Procurer,35895,71600,63158,1385,0.5249,-0.7318,-0.4347,0
269.000,Caldari Citizen 3891005,Orca,34000,61115,59774,693,-0.0946,0.8803,-0.4649,0
269.000,Caldari Citizen 8777524,Porpoise,32465,48520,43827,24,,,,0
269.000,Minmatar Citizen 0254120,Porpoise,33400,47765,43954,137,,,,0
269.000,Amarr Citizen 2674287,Orca,38105,55705,51672,103,,,,0
269.000,Amarr Citizen 5054432,Prospect,17295,71895,-51303,1574,0.4545,-0.4372,0.7760,0
269.000,Amarr Citizen 4520313,Prospect,35720,67000,57097,1572,0.0623,-0.6101,0.7899,0
269.000,Minmatar Citizen 9978241,Retriever,46200,65865,46651,150,,,,0
269.000,Minmatar Citizen 7162778,Covetor,33945,47705,46872,209,-0.7667,0.6355,-0.0906,0
269.000,Minmatar Citizen 9678938,Venture,42755,66380,61365,1820,-0.3273,0.6992,-0.6355,0
269.000,Minmatar Citizen 2250648,Capsule,16115,47740,100026,0,,,,0
269.000,Gallente Citizen 1635012,Venture,33840,57965,64373,1662,0.7427,0.6661,-0.0680,0
270.000,Caldari Citizen 9942864,Venture,37195,72475,42754,650,0.3106,-0.8912,0.3307,0
270.000,Caldari Citizen 6206817,Skiff,56300,83115,39827,1994,0.7202,0.0804,-0.6891,0
270.000,Minmatar Citizen 9745080,Capsule,32975,80260,60885,0,,,,0
270.000,Amarr Citizen 0220922,Porpoise,22325,75560,41392,173,0.2871,0.5811,0.7615,0
270.000,Minmatar Citizen 4351238,Retriever,47135,66800,46390,59,0.8361,0.4364,0.3323,0
270.000,Caldari Citizen 3216932,Endurance,33935,69575,37466,1090,0.3187,-0.4091,0.8550,0
270.000,Minmatar Citizen 9076035,Porpoise,26800,78800,65638,145,-0.8098,-0.5265,-0.2589,0
270.000,Minmatar Citizen 6662812,Procurer,36025,70585,62618,1135,0.4959,-0.8206,-0.2840,0
270.000,Caldari Citizen 3891005,Orca,32915,61900,59573,628,-0.2349,0.8557,-0.4612,0
270.000,Caldari Citizen 8777524,Porpoise,32465,48520,43827,24,,,,0
270.000,Minmatar Citizen 0254120,Porpoise,33400,47765,43954,132,,,,0
270.000,Amarr Citizen 2674287,Orca,38105,55705,51672,106,0.0000,0.6745,-0.7383,0
270.000,Amarr Citizen 5054432,Prospect,18800,71605,-49399,1533,0.5254,-0.5194,0.6739,0
270.000,Amarr Citizen 4520313,Prospect,35720,66245,57971,1460,0.0000,-0.6602,0.7511,0
270.000,Minmatar Citizen 9978241,Retriever,46200,65865,46651,170,-0.5557,0.6982,-0.4513,0
270.000,Minmatar Citizen 7162778,Covetor,33945,47705,46872,218,-0.4612,0.7646,-0.4501,0
270.000,Minmatar Citizen 9678938,Venture,42755,68000,59565,2037,-0.3242,0.6255,-0.7096,0
270.000,Minmatar Citizen 2250648,Capsule,16115,47740,100026,0,,,,0
270.000,Gallente Citizen 1635012,Venture,34775,58900,64479,1599,0.6088,0.7293,-0.3124,0
271.000,Caldari Citizen 9942864,Venture,36280,70925,43982,653,0.1472,-0.8081,0.5703,0
271.000,Caldari Citizen 6206817,Skiff,57315,82400,39865,1666,0.6752,0.1049,-0.7301,0
271.000,Minmatar Citizen 9745080,Capsule,32975,80260,60885,0,,,,0
271.000,Amarr Citizen 0220922,Porpoise,23220,76455,41418,179,-0.0719,0.8485,0.5243,0
271.000,Minmatar Citizen 4351238,Retriever,47135,66800,46390,66,0.5220,-0.1712,0.8356,0
271.000,Caldari Citizen 3216932,Endurance,33935,68980,38551,1095,0.2724,-0.3813,0.8834,0
271.000,Minmatar Citizen 9076035,Porpoise,26800,78800,65638,104,-0.7053,-0.7053,0.0717,0
271.000,Minmatar Citizen 6662812,Procurer,37160,69800,62834,863,0.5021,-0.8495,-0.1617,0
271.000,Caldari Citizen 3891005,Orca,32915,61900,59573,571,-0.3676,0.7365,-0.5678,0
271.000,Caldari Citizen 8777524,Porpoise,32465,48520,43827,24,,,,0
271.000,Minmatar Citizen 0254120,Porpoise,33400,47765,43954,129,,,,0
271.000,Amarr Citizen 2674287,Orca,38105,55705,51672,109,0.0000,0.6745,-0.7383,0
271.000,Amarr Citizen 5054432,Prospect,19100,70720,-48763,1519,0.6409,-0.5175,0.5669,0
271.000,Amarr Citizen 4520313,Prospect,35720,64705,59685,1381,0.0000,-0.6731,0.7395,0
271.000,Minmatar Citizen 9978241,Retriever,46200,65865,46651,185,-0.7231,0.6541,-0.2220,0
271.000,Minmatar Citizen 7162778,Covetor,33945,48480,46070,226,-0.4641,0.7612,-0.4530,0
271.000,Minmatar Citizen 9678938,Venture,41680,69580,58493,2241,-0.3700,0.5397,-0.7562,0
271.000,Minmatar Citizen 2250648,Capsule,16115,47740,100026,0,,,,0
271.000,Gallente Citizen 1635012,Venture,36805,60680,63153,1574,0.3750,0.7387,-0.5601,0
272.000,Caldari Citizen 9942864,Venture,36280,70925,43982,678,-0.0674,-0.7119,0.6991,0
272.000,Caldari Citizen 6206817,Skiff,59405,83485,37179,1396,0.7028,0.0180,-0.7112,0
272.000,Minmatar Citizen 9745080,Capsule,32975,80260,60885,0,,,,0
272.000,Amarr Citizen 0220922,Porpoise,23220,76455,41418,185,-0.3893,0.6926,0.6072,0
272.000,Minmatar Citizen 4351238,Retriever,47135,66800,46390,72,0.0000,-0.5769,0.8168,0
272.000,Caldari Citizen 3216932,Endurance,34800,69240,39545,1101,0.1619,-0.3710,0.9144,0
272.000,Minmatar Citizen 9076035,Porpoise,26800,78800,65638,76,,,,0
272.000,Minmatar Citizen 6662812,Procurer,38285,69800,62155,650,0.5684,-0.8172,-0.0959,0
272.000,Caldari Citizen 3891005,Orca,32915,62675,58758,521,-0.2191,0.7291,-0.6484,0
272.000,Caldari Citizen 8777524,Porpoise,32465,48520,43827,24,,,,0
272.000,Minmatar Citizen 0254120,Porpoise,33400,47765,43954,127,,,,0
272.000,Amarr Citizen 2674287,Orca,38105,56480,50823,111,0.0000,0.6745,-0.7383,0
272.000,Amarr Citizen 5054432,Prospect,20565,69845,-47621,1477,0.6837,-0.5653,0.4616,0
272.000,Amarr Citizen 4520313,Prospect,35720,63920,60525,1310,-0.0710,-0.7203,0.6900,0
272.000,Minmatar Citizen 9978241,Retriever,46200,66600,45596,196,-0.7964,0.6004,-0.0721,0
272.000,Minmatar Citizen 7162778,Covetor,33945,48480,46070,232,-0.5667,0.7400,-0.3624,0
272.000,Minmatar Citizen 9678938,Venture,40685,70880,55873,2403,-0.3722,0.3976,-0.8386,0
272.000,Minmatar Citizen 2250648,Capsule,16115,47740,100026,0,,,,0
272.000,Gallente Citizen 1635012,Venture,36805,61505,62350,1629,0.1671,0.6939,-0.7004,0
273.000,Caldari Citizen 9942864,Venture,36280,70280,45005,708,-0.1149,-0.6045,0.7883,0
273.000,Caldari Citizen 6206817,Skiff,60400,83485,35540,1168,0.7258,-0.0103,-0.6878,0
273.000,Minmatar Citizen 9745080,Capsule,32975,80260,60885,0,,,,0
273.000,Amarr Citizen 0220922,Porpoise,22055,76455,42050,189,-0.6746,0.4207,0.6065,0
273.000,Minmatar Citizen 4351238,Retriever,47135,66055,47445,76,0.0000,-0.5769,0.8168,0
273.000,Caldari Citizen 3216932,Endurance,34800,68625,40603,1101,0.2216,-0.3319,0.9169,0
273.000,Minmatar Citizen 9076035,Porpoise,26800,78800,65638,63,,,,0
273.000,Minmatar Citizen 6662812,Procurer,37280,68000,63136,489,0.5922,-0.8040,-0.0542,0
273.000,Caldari Citizen 3891005,Orca,32915,62675,58758,476,0.0000,0.6835,-0.7300,0
273.000,Caldari Citizen 8777524,Porpoise,32465,48520,43827,24,,,,0
273.000,Minmatar Citizen 0254120,Porpoise,33400,47765,43954,126,0.1662,0.7020,0.6925,0
273.000,Amarr Citizen 2674287,Orca,38105,56480,50823,113,0.0000,0.6745,-0.7383,0
273.000,Amarr Citizen 5054432,Prospect,20855,68375,-47811,1456,0.7470,-0.5917,0.3031,0
273.000,Amarr Citizen 4520313,Prospect,35720,63125,61354,1262,-0.1323,-0.7543,0.6431,0
273.000,Minmatar Citizen 9978241,Retriever,45225,66600,46563,204,-0.8443,0.5304,0.0759,0
273.000,Minmatar Citizen 7162778,Covetor,33945,48480,46070,238,-0.6526,0.7078,-0.2704,0
273.000,Minmatar Citizen 9678938,Venture,39700,71375,54162,2531,-0.3977,0.2798,-0.8738,0
273.000,Minmatar Citizen 2250648,Capsule,16115,47740,100026,0,,,,0
273.000,Gallente Citizen 1635012,Venture,36805,63125,60709,1729,-0.1173,0.6270,-0.7701,0
274.000,Caldari Citizen 9942864,Venture,36280,69625,46012,736,0.1289,-0.4584,0.8794,0
274.000,Caldari Citizen 6206817,Skiff,60400,83485,35540,874,0.7262,-0.0464,-0.6860,0
274.000,Minmatar Citizen 9745080,Capsule,32975,80260,60885,0,,,,0
274.000,Amarr Citizen 0220922,Porpoise,22055,76455,42050,194,-0.8790,0.0000,0.4768,0
274.000,Minmatar Citizen 4351238,Retriever,47135,66055,47445,80,0.0000,-0.5769,0.8168,0
274.000,Caldari Citizen 3216932,Endurance,34800,68000,41641,1105,0.2240,-0.3429,0.9123,0
274.000,Minmatar Citizen 9076035,Porpoise,26800,78800,65638,66,,,,0
274.000,Minmatar Citizen 6662812,Procurer,38395,68000,62465,375,0.4013,-0.9088,0.1143,0
274.000,Caldari Citizen 3891005,Orca,32915,63440,57931,436,0.0000,0.6791,-0.7340,0
274.000,Caldari Citizen 8777524,Porpoise,32465,48520,43827,24,,,,0
274.000,Minmatar Citizen 0254120,Porpoise,33400,47765,43954,126,-0.0382,0.6364,0.7704,0
274.000,Amarr Citizen 2674287,Orca,38105,56480,50823,114,,,,0
274.000,Amarr Citizen 5054432,Prospect,23135,68375,-46751,1457,0.7736,-0.5733,0.2700,0
274.000,Amarr Citizen 4520313,Prospect,35720,62320,62172,1248,-0.2521,-0.8032,0.5397,0
274.000,Minmatar Citizen 9978241,Retriever,45225,66600,46563,209,-0.7253,0.6516,-0.2222,0
274.000,Minmatar Citizen 7162778,Covetor,33000,48480,46751,243,-0.7732,0.6259,-0.1022,0
274.000,Minmatar Citizen 9678938,Venture,38725,71840,52425,2633,-0.3722,0.1499,-0.9160,0
274.000,Minmatar Citizen 2250648,Capsule,16115,47740,100026,0,,,,0
274.000,Gallente Citizen 1635012,Venture,35860,63760,59032,1836,-0.3473,0.5496,-0.7598,0
275.000,Caldari Citizen 9942864,Venture,36280,69625,46012,760,0.2223,-0.3887,0.8941,0
275.000,Caldari Citizen 6206817,Skiff,61385,82760,35548,634,0.8061,-0.3942,-0.4413,0
275.000,Minmatar Citizen 9745080,Capsule,32975,80260,60885,0,,,,0
275.000,Amarr Citizen 0220922,Porpoise,22055,76455,42050,197,,,,0
275.000,Minmatar Citizen 4351238,Retriever,47135,66055,47445,82,,,,0
275.000,Caldari Citizen 3216932,Endurance,34800,67365,42660,1108,0.1677,-0.4047,0.8990,0
275.000,Minmatar Citizen 9076035,Porpoise,26800,78800,65638,77,0.0000,-0.6443,0.7647,0
275.000,Minmatar Citizen 6662812,Procurer,38395,68000,62465,300,0.2433,-0.8959,0.3718,0
275.000,Caldari Citizen 3891005,Orca,32915,63440,57931,400,0.0000,0.6743,-0.7384,0
275.000,Caldari Citizen 8777524,Porpoise,32465,48520,43827,24,,,,0
275.000,Minmatar Citizen 0254120,Porpoise,34135,48500,44256,127,-0.1584,0.5820,0.7976,0
275.000,Amarr Citizen 2674287,Orca,38105,56480,50823,116,,,,0
275.000,Amarr Citizen 5054432,Prospect,23405,66905,-46914,1477,0.8003,-0.5737,0.1741,0
275.000,Amarr Citizen 4520313,Prospect,34775,60560,62922,1206,-0.3000,-0.8200,0.4875,0
275.000,Minmatar Citizen 9978241,Retriever,45225,66600,46563,214,-0.5596,0.6936,-0.4537,0
275.000,Minmatar Citizen 7162778,Covetor,33000,49245,45945,247,-0.7009,0.6809,-0.2123,0
275.000,Minmatar Citizen 9678938,Venture,37880,72005,49045,2698,-0.3693,0.0121,-0.9292,0
275.000,Minmatar Citizen 2250648,Capsule,16115,47740,100026,0,,,,0
275.000,Gallente Citizen 1635012,Venture,35860,65300,57323,1673,-0.4672,0.4607,-0.7547,0
276.000,Caldari Citizen 9942864,Venture,36280,68960,47003,779,0.2869,-0.3433,0.8943,0
276.000,Caldari Citizen 6206817,Skiff,61385,82760,35548,449,0.7789,-0.3597,-0.5138,0
276.000,Minmatar Citizen 9745080,Capsule,32975,80260,60885,0,,,,0
276.000,Amarr Citizen 0220922,Porpoise,22055,76455,42050,176,,,,0
276.000,Minmatar Citizen 4351238,Retriever,47135,66055,47445,84,,,,0
276.000,Caldari Citizen 3216932,Endurance,35675,67595,43614,1112,0.1690,-0.4170,0.8931,0
276.000,Minmatar Citizen 9076035,Porpoise,26800,78800,65638,93,0.0000,-0.6443,0.7647,0
276.000,Minmatar Citizen 6662812,Procurer,38395,68000,62465,270,0.5009,-0.7232,0.4755,0
276.000,Caldari Citizen 3891005,Orca,32915,63440,57931,368,0.0000,0.6727,-0.7399,0
276.000,Caldari Citizen 8777524,Porpoise,32465,48520,43827,24,,,,0
276.000,Minmatar Citizen 0254120,Porpoise,33200,48500,44961,128,-0.2730,0.5186,0.8103,0
276.000,Amarr Citizen 2674287,Orca,38105,56480,50823,117,,,,0
276.000,Amarr Citizen 5054432,Prospect,25625,66280,-46640,1511,0.7807,-0.6119,0.1271,0
276.000,Amarr Citizen 4520313,Prospect,34775,60560,62922,1168,-0.3806,-0.8340,0.3994,0
276.000,Minmatar Citizen 9978241,Retriever,45225,66600,46563,216,-0.4697,0.6915,-0.5489,0
276.000,Minmatar Citizen 7162778,Covetor,33000,49245,45945,250,-0.5495,0.7414,-0.3853,0
276.000,Minmatar Citizen 9678938,Venture,36935,72400,47223,2678,-0.3350,-0.1179,-0.9348,0
276.000,Minmatar Citizen 2250648,Capsule,16115,47740,100026,0,,,,0
276.000,Gallente Citizen 1635012,Venture,33840,65120,57125,1305,-0.6683,0.3520,-0.6553,0
277.000,Caldari Citizen 9942864,Venture,37195,69200,47874,791,0.3252,-0.3145,0.8918,0
277.000,Caldari Citizen 6206817,Skiff,61385,82760,35548,327,0.6588,-0.1830,-0.7298,0
277.000,Minmatar Citizen 9745080,Capsule,32975,80260,60885,0,,,,0
277.000,Amarr Citizen 0220922,Porpoise,22055,76455,42050,164,,,,0
277.000,Minmatar Citizen 4351238,Retriever,47135,66055,47445,118,,,,0
277.000,Caldari Citizen 3216932,Endurance,35675,66940,44613,1105,0.1580,-0.4352,0.8864,0
277.000,Minmatar Citizen 9076035,Porpoise,26800,78055,66522,108,0.0000,-0.6443,0.7647,0
277.000,Minmatar Citizen 6662812,Procurer,38395,67195,63330,263,0.0000,-0.6812,0.7321,0
277.000,Caldari Citizen 3891005,Orca,32915,64195,57093,340,0.0000,0.6662,-0.7458,0
277.000,Caldari Citizen 8777524,Porpoise,32465,48520,43827,24,,,,0
277.000,Minmatar Citizen 0254120,Porpoise,33200,48500,44961,129,-0.4464,0.3985,0.8012,0
277.000,Amarr Citizen 2674287,Orca,38105,56480,50823,118,,,,0
277.000,Amarr Citizen 5054432,Prospect,25875,65435,-45878,1556,0.7180,-0.6956,0.0244,0
277.000,Amarr Citizen 4520313,Prospect,33840,58800,63611,1137,-0.3931,-0.8832,0.2558,0
277.000,Minmatar Citizen 9978241,Retriever,45225,67325,45509,218,-0.7298,0.6446,-0.2277,0
277.000,Minmatar Citizen 7162778,Covetor,33000,49245,45945,236,-0.4706,0.7491,-0.4663,0
277.000,Minmatar Citizen 9678938,Venture,36140,71840,44687,2275,-0.2825,-0.2772,-0.9184,0
277.000,Minmatar Citizen 2250648,Capsule,16115,47740,100026,0,,,,0
277.000,Gallente Citizen 1635012,Venture,33840,65865,56264,962,-0.7534,0.3290,-0.5693,0
278.000,Caldari Citizen 9942864,Venture,37195,69200,47874,572,0.3094,-0.3317,0.8912,0
278.000,Caldari Citizen 6206817,Skiff,61385,82760,35548,247,0.7195,-0.2712,-0.6394,0
278.000,Minmatar Citizen 9745080,Capsule,32975,80260,60885,0,,,,0
278.000,Amarr Citizen 0220922,Porpoise,22055,76455,42050,160,,,,0
278.000,Minmatar Citizen 4351238,Retriever,47135,66055,47445,145,,,,0
278.000,Caldari Citizen 3216932,Endurance,35675,66275,45595,1104,0.1015,-0.4902,0.8657,0
278.000,Minmatar Citizen 9076035,Porpoise,26800,78055,66522,120,0.0000,-0.6443,0.7647,0
278.000,Minmatar Citizen 6662812,Procurer,38395,67195,63330,263,0.0000,-0.6812,0.7321,0
278.000,Caldari Citizen 3891005,Orca,32915,64195,57093,315,0.0000,0.6646,-0.7472,0
278.000,Caldari Citizen 8777524,Porpoise,32465,48520,43827,25,,,,0
278.000,Minmatar Citizen 0254120,Porpoise,33200,48500,44961,131,,,,0
278.000,Amarr Citizen 2674287,Orca,38105,56480,50823,119,,,,0
278.000,Amarr Citizen 5054432,Prospect,28035,64155,-46413,1607,0.7107,-0.6983,-0.0848,0
278.000,Amarr Citizen 4520313,Prospect,33840,57965,64373,1050,-0.3267,-0.9225,0.2054,0
278.000,Minmatar Citizen 9978241,Retriever,45225,67325,45509,219,-0.8504,0.5216,0.0685,0
278.000,Minmatar Citizen 7162778,Covetor,33000,49245,45945,228,-0.7794,0.6161,-0.1140,0
278.000,Minmatar Citizen 9678938,Venture,35375,70655,43087,1590,-0.2436,-0.5103,-0.8247,0
278.000,Minmatar Citizen 2250648,Capsule,16115,47740,100026,0,,,,0
278.000,Gallente Citizen 1635012,Venture,32915,65675,55384,667,-0.8329,0.2598,-0.4887,0
279.000,Caldari Citizen 9942864,Venture,37195,68515,48849,418,0.2883,-0.3560,0.8889,0
279.000,Caldari Citizen 6206817,Skiff,62360,82760,33808,204,0.8221,-0.5164,-0.2399,0
279.000,Minmatar Citizen 9745080,Capsule,32975,80260,60885,0,,,,0
279.000,Amarr Citizen 0220922,Porpoise,22055,76455,42050,118,,,,0
279.000,Minmatar Citizen 4351238,Retriever,47135,66055,47445,165,,,,0
279.000,Caldari Citizen 3216932,Endurance,35675,65600,46561,1100,-0.0951,-0.6331,0.7682,0
279.000,Minmatar Citizen 9076035,Porpoise,26800,78055,66522,132,,,,0
279.000,Minmatar Citizen 6662812,Procurer,38395,67195,63330,267,0.0000,-0.6859,0.7277,0
279.000,Caldari Citizen 3891005,Orca,32915,64195,57093,292,0.2228,0.7636,-0.6060,0
279.000,Caldari Citizen 8777524,Porpoise,32465,48520,43827,25,,,,0
279.000,Minmatar Citizen 0254120,Porpoise,33200,48500,44961,133,,,,0
279.000,Amarr Citizen 2674287,Orca,38105,56480,50823,120,,,,0
279.000,Amarr Citizen 5054432,Prospect,28265,62665,-46510,1602,0.6540,-0.7289,-0.2024,0
279.000,Amarr Citizen 4520313,Prospect,32915,57040,64242,975,-0.3408,-0.9304,0.1351,0
279.000,Minmatar Citizen 9978241,Retriever,44240,67325,46467,219,-0.8682,0.3195,0.3797,0
279.000,Minmatar Citizen 7162778,Covetor,33000,49245,45945,225,-0.7794,0.6161,-0.1140,0
279.000,Minmatar Citizen 9678938,Venture,35525,69760,42338,1153,-0.1516,-0.8721,-0.4653,0
279.000,Minmatar Citizen 2250648,Capsule,16115,47740,100026,0,,,,0
279.000,Gallente Citizen 1635012,Venture,31820,65675,56020,429,-0.7439,0.3744,-0.5536,0
280.000,Caldari Citizen 9942864,Venture,37195,68515,48849,302,0.0000,-0.5747,0.8183,0
280.000,Caldari Citizen 6206817,Skiff,62360,82760,33808,192,0.7158,-0.6476,0.2612,0
280.000,Minmatar Citizen 9745080,Capsule,32975,80260,60885,0,,,,0
280.000,Amarr Citizen 0220922,Porpoise,22055,76455,42050,82,,,,0
280.000,Minmatar Citizen 4351238,Retriever,47135,66055,47445,181,,,,0
280.000,Caldari Citizen 3216932,Endurance,35675,65600,46561,1101,-0.1519,-0.6751,0.7219,0
280.000,Minmatar Citizen 9076035,Porpoise,26800,78055,66522,141,,,,0
280.000,Minmatar Citizen 6662812,Procurer,38395,67195,63330,273,0.0000,-0.6905,0.7233,0
280.000,Caldari Citizen 3891005,Orca,32915,64940,56244,272,0.4071,0.8007,-0.4395,0
280.000,Caldari Citizen 8777524,Porpoise,32465,48520,43827,25,,,,0
280.000,Minmatar Citizen 0254120,Porpoise,33200,48500,44961,134,,,,0
280.000,Amarr Citizen 2674287,Orca,38105,56480,50823,121,0.0000,0.6632,-0.7484,0
280.000,Amarr Citizen 5054432,Prospect,29320,62000,-46748,1612,0.6386,-0.6990,-0.3218,0
280.000,Amarr Citizen 4520313,Prospect,33085,56125,63532,916,-0.3984,-0.9172,0.0112,0
280.000,Minmatar Citizen 9978241,Retriever,44240,67325,46467,219,-0.7842,-0.2826,0.5524,0
280.000,Minmatar Citizen 7162778,Covetor,32045,50000,45805,225,-0.7794,0.6161,-0.1140,0
280.000,Minmatar Citizen 9678938,Venture,35675,68875,41564,1138,-0.0222,-0.9514,0.3072,0
280.000,Minmatar Citizen 2250648,Capsule,16115,47740,100026,0,,,,0
280.000,Gallente Citizen 1635012,Venture,31820,66400,55159,253,-0.9538,0.1856,-0.2362,0
281.000,Caldari Citizen 9942864,Venture,37195,68515,48849,226,,,,0
281.000,Caldari Citizen 6206817,Skiff,62360,82025,35555,199,0.3921,-0.5912,0.7048,0
281.000,Minmatar Citizen 9745080,Capsule,32975,80260,60885,0,,,,0
281.000,Amarr Citizen 0220922,Porpoise,22055,76455,42050,68,,,,0
281.000,Minmatar Citizen 4351238,Retriever,47135,66055,47445,192,0.0000,-0.5898,0.8076,0
281.000,Caldari Citizen 3216932,Endurance,35675,64915,47511,1105,-0.1719,-0.6948,0.6983,0
281.000,Minmatar Citizen 9076035,Porpoise,26800,78055,66522,149,,,,0
281.000,Minmatar Citizen 6662812,Procurer,38395,67195,63330,278,0.0000,-0.6905,0.7233,0
281.000,Caldari Citizen 3891005,Orca,32915,64940,56244,254,0.4797,0.8017,-0.3565,0
281.000,Caldari Citizen 8777524,Porpoise,32465,48520,43827,25,,,,0
281.000,Minmatar Citizen 0254120,Porpoise,33200,48500,44961,135,,,,0
281.000,Amarr Citizen 2674287,Orca,38105,56480,50823,122,0.0000,0.6632,-0.7484,0
281.000,Amarr Citizen 5054432,Prospect,30365,60640,-47851,1637,0.5920,-0.7030,-0.3940,0
281.000,Amarr Citizen 4520313,Prospect,33085,55280,64269,874,-0.4673,-0.8819,-0.0626,0
281.000,Minmatar Citizen 9978241,Retriever,44240,67325,46467,220,-0.9453,-0.3093,0.1034,0
281.000,Minmatar Citizen 7162778,Covetor,32045,50000,45805,228,-0.7794,0.6161,-0.1140,0
281.000,Minmatar Citizen 9678938,Venture,35675,68240,42598,1375,0.1095,-0.7047,0.7010,0
281.000,Minmatar Citizen 2250648,Capsule,16115,47740,100026,0,,,,0
281.000,Gallente Citizen 1635012,Venture,31820,66400,55159,153,,,,0
282.000,Caldari Citizen 9942864,Venture,37195,68515,48849,175,,,,0
282.000,Caldari Citizen 6206817,Skiff,62360,82025,35555,212,-0.0348,-0.6704,0.7411,0
282.000,Minmatar Citizen 9745080,Capsule,32975,80260,60885,0,,,,0
282.000,Amarr Citizen 0220922,Porpoise,22055,76455,42050,74,-0.8919,0.0000,0.4522,0
282.000,Minmatar Citizen 4351238,Retriever,47135,66055,47445,201,0.0000,-0.5898,0.8076,0
282.000,Caldari Citizen 3216932,Endurance,34800,63345,48429,1110,-0.1605,-0.6980,0.6979,0
282.000,Minmatar Citizen 9076035,Porpoise,26800,78055,66522,156,,,,0
282.000,Minmatar Citizen 6662812,Procurer,38395,66380,64183,283,-0.3000,-0.7915,0.5325,0
282.000,Caldari Citizen 3891005,Orca,33840,65865,56264,238,0.4443,0.7998,-0.4037,0
282.000,Caldari Citizen 8777524,Porpoise,32465,48520,43827,25,,,,0
282.000,Minmatar Citizen 0254120,Porpoise,33200,48500,44961,136,0.0000,0.6736,-0.7391,0
282.000,Amarr Citizen 2674287,Orca,38105,57245,49960,123,0.0000,0.6632,-0.7484,0
282.000,Amarr Citizen 5054432,Prospect,31400,59945,-48059,1673,0.6188,-0.6656,-0.4172,0
282.000,Amarr Citizen 4520313,Prospect,32180,54375,64092,844,-0.4261,-0.8954,-0.1295,0
282.000,Minmatar Citizen 9978241,Retriever,44240,67325,46467,221,-0.9663,-0.2236,-0.1279,0
282.000,Minmatar Citizen 7162778,Covetor,32045,50000,45805,231,,,,0
282.000,Minmatar Citizen 9678938,Venture,35675,66940,44613,1660,0.1625,-0.4412,0.8826,0
282.000,Minmatar Citizen 2250648,Capsule,16115,47740,100026,0,,,,0
282.000,Gallente Citizen 1635012,Venture,31820,66400,55159,149,,,,0
283.000,Caldari Citizen 9942864,Venture,37195,68515,48849,141,0.0000,-0.5862,0.8101,0
283.000,Caldari Citizen 6206817,Skiff,62360,82025,35555,227,-0.0715,-0.9086,0.4115,0
283.000,Minmatar Citizen 9745080,Capsule,32975,80260,60885,0,,,,0
283.000,Amarr Citizen 0220922,Porpoise,22055,76455,42050,89,-0.8919,0.0000,0.4522,0
283.000,Minmatar Citizen 4351238,Retriever,47135,65300,48479,207,0.0000,-0.5898,0.8076,0
283.000,Caldari Citizen 3216932,Endurance,34800,62640,49338,1114,-0.1240,-0.6872,0.7158,0
283.000,Minmatar Citizen 9076035,Porpoise,28055,78055,66003,158,,,,0
283.000,Minmatar Citizen 6662812,Procurer,38395,66380,64183,288,-0.4407,-0.8016,0.4040,0
283.000,Caldari Citizen 3891005,Orca,33840,65865,56264,225,0.4442,0.7971,-0.4091,0
283.000,Caldari Citizen 8777524,Porpoise,32465,48520,43827,25,,,,0
283.000,Minmatar Citizen 0254120,Porpoise,33200,48500,44961,137,0.0000,0.6736,-0.7391,0
283.000,Amarr Citizen 2674287,Orca,38105,57245,49960,123,0.0000,0.6632,-0.7484,0
283.000,Amarr Citizen 5054432,Prospect,32425,58525,-49117,1715,0.5908,-0.6851,-0.4261,0
283.000,Amarr Citizen 4520313,Prospect,31285,53480,63892,803,-0.5016,-0.8446,-0.1872,0
283.000,Minmatar Citizen 9978241,Retriever,43315,66400,46678,221,-0.9925,-0.1188,-0.0298,0
283.000,Minmatar Citizen 7162778,Covetor,32045,50000,45805,235,0.5257,0.8370,-0.1516,0
283.000,Minmatar Citizen 9678938,Venture,35675,65600,46561,1909,0.1730,-0.2502,0.9526,0
283.000,Minmatar Citizen 2250648,Capsule,16115,47740,100026,0,,,,0
283.000,Gallente Citizen 1635012,Venture,31820,65675,56020,196,0.0000,-0.6440,0.7650,0
284.000,Caldari Citizen 9942864,Venture,37195,68515,48849,117,0.0000,-0.5862,0.8101,0
284.000,Caldari Citizen 6206817,Skiff,62360,82025,35555,270,-0.1045,-0.9417,-0.3198,0
284.000,Minmatar Citizen 9745080,Capsule,32975,80260,60885,0,,,,0
284.000,Amarr Citizen 0220922,Porpoise,20880,76455,42646,106,-0.8919,0.0000,0.4522,0
284.000,Minmatar Citizen 4351238,Retriever,47135,65300,48479,212,-0.3152,-0.4068,0.8574,0
284.000,Caldari Citizen 3216932,Endurance,34800,61925,50232,1119,-0.1463,-0.7112,0.6876,0
284.000,Minmatar Citizen 9076035,Porpoise,26800,78055,66522,160,,,,0
284.000,Minmatar Citizen 6662812,Procurer,38395,66380,64183,290,-0.5569,-0.7849,0.2717,0
284.000,Caldari Citizen 3891005,Orca,33840,65865,56264,212,0.2991,0.7745,-0.5574,0
284.000,Caldari Citizen 8777524,Porpoise,32465,48520,43827,25,,,,0
284.000,Minmatar Citizen 0254120,Porpoise,33200,49255,44133,137,0.2715,0.8219,-0.5008,0
284.000,Amarr Citizen 2674287,Orca,38105,57245,49960,117,,,,0
284.000,Amarr Citizen 5054432,Prospect,33440,57065,-50143,1762,0.5208,-0.7135,-0.4686,0
284.000,Amarr Citizen 4520313,Prospect,31285,53480,63892,777,-0.4130,-0.8184,-0.3996,0
284.000,Minmatar Citizen 9978241,Retriever,43315,67115,45644,222,-0.9988,-0.0316,0.0374,0
284.000,Minmatar Citizen 7162778,Covetor,32045,50000,45805,239,0.4653,0.8479,-0.2541,0
284.000,Minmatar Citizen 9678938,Venture,36560,65800,47484,2099,0.1745,-0.1063,0.9789,0
284.000,Minmatar Citizen 2250648,Capsule,16115,47740,100026,0,,,,0
284.000,Gallente Citizen 1635012,Venture,31820,65675,56020,245,0.4540,-0.6955,0.5570,0
285.000,Caldari Citizen 9942864,Venture,37195,67820,49809,102,0.0000,-0.5862,0.8101,0
285.000,Caldari Citizen 6206817,Skiff,62240,80940,35198,620,-0.2867,-0.9577,-0.0249,0
285.000,Minmatar Citizen 9745080,Capsule,32975,80260,60885,0,,,,0
285.000,Amarr Citizen 0220922,Porpoise,20880,76455,42646,123,-0.9657,0.2589,0.0185,0
285.000,Minmatar Citizen 4351238,Retriever,47135,65300,48479,216,-0.5170,-0.2402,0.8216,0
285.000,Caldari Citizen 3216932,Endurance,34800,61200,51113,1122,-0.1378,-0.7171,0.6832,0
285.000,Minmatar Citizen 9076035,Porpoise,26800,78055,66522,164,-0.3553,-0.5344,0.7670,0
285.000,Minmatar Citizen 6662812,Procurer,37400,65385,64242,292,-0.3945,-0.8870,-0.2402,0
285.000,Caldari Citizen 3891005,Orca,33840,66600,55392,201,0.0000,0.6445,-0.7646,0
285.000,Caldari Citizen 8777524,Porpoise,32465,48520,43827,25,,,,0
285.000,Minmatar Citizen 0254120,Porpoise,33200,49255,44133,138,0.4229,0.8516,-0.3098,0
285.000,Amarr Citizen 2674287,Orca,38105,57245,49960,114,,,,0
285.000,Amarr Citizen 5054432,Prospect,34445,56320,-50305,1812,0.4503,-0.7357,-0.5060,0
285.000,Amarr Citizen 4520313,Prospect,31475,52595,63143,766,-0.2733,-0.8288,-0.4883,0
285.000,Minmatar Citizen 9978241,Retriever,42320,67115,46568,223,-0.9893,0.0905,0.1140,0
285.000,Minmatar Citizen 7162778,Covetor,32800,50755,46088,243,0.1771,0.9747,-0.1361,0
285.000,Minmatar Citizen 9678938,Venture,37325,66200,50054,2133,0.2192,0.0460,0.9746,0
285.000,Minmatar Citizen 2250648,Capsule,16115,47740,100026,0,,,,0
285.000,Gallente Citizen 1635012,Venture,31820,65675,56020,285,0.8323,-0.5360,0.1416,0
286.000,Caldari Citizen 9942864,Venture,37195,67820,49809,92,0.0000,-0.5862,0.8101,0
286.000,Caldari Citizen 6206817,Skiff,62240,80940,35198,904,-0.3239,-0.9456,0.0315,0
286.000,Minmatar Citizen 9745080,Capsule,32975,80260,60885,0,,,,0
286.000,Amarr Citizen 0220922,Porpoise,20880,76455,42646,137,-0.6632,0.4939,-0.5623,0
286.000,Minmatar Citizen 4351238,Retriever,47135,65300,48479,218,-0.5509,-0.2161,0.8061,0
286.000,Caldari Citizen 3216932,Endurance,34800,60465,51980,1125,-0.1742,-0.7420,0.6474,0
286.000,Minmatar Citizen 9076035,Porpoise,26800,78055,66522,167,-0.4180,-0.5030,0.7565,0
286.000,Minmatar Citizen 6662812,Procurer,37400,65385,64242,283,0.0944,-0.8534,-0.5126,0
286.000,Caldari Citizen 3891005,Orca,33840,66600,55392,192,0.0000,0.6445,-0.7646,0
286.000,Caldari Citizen 8777524,Capsule,32465,48520,43827,25,0.6784,0.6784,0.2820,0
286.000,Minmatar Citizen 0254120,Porpoise,33200,49255,44133,139,0.5504,0.8292,-0.0971,0
286.000,Amarr Citizen 2674287,Orca,38105,57245,49960,111,,,,0
286.000,Amarr Citizen 5054432,Prospect,35440,54800,-51283,1864,0.3625,-0.7550,-0.5464,0
286.000,Amarr Citizen 4520313,Prospect,30600,51720,62910,765,-0.1205,-0.7178,-0.6857,0
286.000,Minmatar Citizen 9978241,Retriever,42320,67115,46568,224,-0.8842,0.3812,0.2698,0
286.000,Minmatar Citizen 7162778,Covetor,32800,51500,45254,246,-0.1263,0.9918,-0.0206,0
286.000,Minmatar Citizen 9678938,Venture,37195,66400,51687,1549,0.2974,0.2114,0.9311,0
286.000,Minmatar Citizen 2250648,Capsule,16115,47740,100026,0,,,,0
287.000,Caldari Citizen 9942864,Venture,37195,67820,49809,85,,,,0
287.000,Caldari Citizen 6206817,Skiff,62120,79865,34809,1095,-0.3504,-0.9336,0.0750,0
287.000,Minmatar Citizen 9745080,Capsule,32975,80260,60885,0,,,,0
287.000,Amarr Citizen 0220922,Porpoise,20880,76455,42646,150,0.0000,0.4817,-0.8763,0
287.000,Minmatar Citizen 4351238,Retriever,46160,65300,49408,221,-0.4622,-0.3022,0.8337,0
287.000,Caldari Citizen 3216932,Endurance,33935,58855,52730,1127,-0.1813,-0.7537,0.6318,0
287.000,Minmatar Citizen 9076035,Porpoise,26800,77300,67398,170,0.0000,-0.6529,0.7574,0
287.000,Minmatar Citizen 6662812,Procurer,37400,65385,64242,281,0.5454,-0.8170,-0.1869,0
287.000,Caldari Citizen 3891005,Orca,33840,66600,55392,183,,,,0
287.000,Caldari Citizen 8777524,Capsule,32465,48520,43827,0,0.6784,0.6784,0.2820,0
287.000,Minmatar Citizen 0254120,Porpoise,33945,50000,44416,145,0.6830,0.6830,0.2591,0
287.000,Amarr Citizen 2674287,Orca,38105,57245,49960,110,,,,0
287.000,Amarr Citizen 5054432,Prospect,35440,53240,-52901,1915,0.3802,-0.7276,-0.5710,0
287.000,Amarr Citizen 4520313,Prospect,30800,50855,62138,775,-0.1850,-0.6615,-0.7267,0
287.000,Minmatar Citizen 9978241,Retriever,42320,67115,46568,224,-0.7400,0.0000,0.6726,0
287.000,Minmatar Citizen 7162778,Covetor,32800,51500,45254,249,-0.1443,0.9721,0.1847,0
287.000,Minmatar Citizen 9678938,Venture,37065,66600,53288,1032,0.2318,0.2700,0.9345,0
287.000,Minmatar Citizen 2250648,Capsule,16115,47740,100026,0,,,,0
287.000,Gallente Citizen 1635012,Venture,32915,64940,56244,770,0.8698,-0.2799,-0.4064,0
288.000,Caldari Citizen 9942864,Venture,37195,67820,49809,80,,,,0
288.000,Caldari Citizen 6206817,Skiff,61055,78800,36040,1289,-0.3129,-0.9200,0.2361,0
288.000,Minmatar Citizen 9745080,Capsule,32975,80260,60885,0,,,,0
288.000,Amarr Citizen 0220922,Porpoise,20880,76980,41691,161,0.0000,0.4817,-0.8763,0
288.000,Minmatar Citizen 4351238,Retriever,46160,65300,49408,222,-0.3884,-0.3657,0.8458,0
288.000,Caldari Citizen 3216932,Endurance,33935,58855,52730,1128,-0.2502,-0.7049,0.6638,0
288.000,Minmatar Citizen 9076035,Porpoise,26800,77300,67398,171,0.0000,-0.6529,0.7574,0
288.000,Minmatar Citizen 6662812,Procurer,38505,65385,63586,283,0.4603,-0.8867,0.0433,0
288.000,Caldari Citizen 3891005,Orca,33840,66600,55392,176,,,,0
288.000,Caldari Citizen 8777524,Capsule,33200,49255,44133,0,0.6784,0.6784,0.2820,0
288.000,Minmatar Citizen 0254120,Porpoise,33945,50000,44416,150,0.6830,0.6830,0.2591,0
288.000,Amarr Citizen 2674287,Orca,38105,57245,49960,110,,,,0
288.000,Amarr Citizen 5054432,Prospect,36425,51640,-53810,1959,0.3468,-0.7131,-0.6092,0
288.000,Amarr Citizen 4520313,Prospect,30800,50855,62138,791,-0.1795,-0.6136,-0.7690,0
288.000,Minmatar Citizen 9978241,Retriever,42320,67115,46568,225,-0.7472,0.0000,0.6646,0
288.000,Minmatar Citizen 7162778,Covetor,31835,51500,45938,252,-0.2804,0.8646,0.4169,0
288.000,Minmatar Citizen 9678938,Venture,38000,66800,54127,643,0.2113,0.3642,0.9070,0
288.000,Minmatar Citizen 2250648,Capsule,16115,47740,100026,0,,,,0
288.000,Gallente Citizen 1635012,Venture,34000,64940,55595,1189,0.7721,-0.3463,-0.5329,0
289.000,Caldari Citizen 9942864,Venture,37195,67820,49809,77,,,,0
289.000,Caldari Citizen 6206817,Skiff,60945,77745,35587,1465,-0.2908,-0.8493,0.4406,0
289.000,Minmatar Citizen 9745080,Capsule,32975,80260,60885,0,,,,0
289.000,Amarr Citizen 0220922,Porpoise,20880,76980,41691,170,0.0000,0.4817,-0.8763,0
289.000,Minmatar Citizen 4351238,Retriever,46160,64535,50403,223,-0.2837,-0.4451,0.8494,0
289.000,Caldari Citizen 3216932,Endurance,33935,58100,53561,1129,-0.2540,-0.6596,0.7074,0
289.000,Minmatar Citizen 9076035,Porpoise,26800,77300,67398,157,,,,0
289.000,Minmatar Citizen 6662812,Procurer,38505,65385,63586,287,0.0596,-0.9802,0.1889,0
289.000,Caldari Citizen 3891005,Orca,33840,66600,55392,170,,,,0
289.000,Caldari Citizen 8777524,Capsule,33200,49255,44133,0,0.6784,0.6784,0.2820,0
289.000,Minmatar Citizen 0254120,Porpoise,33945,50000,44416,155,0.4231,0.8462,-0.3240,0
289.000,Amarr Citizen 2674287,Orca,38105,57245,49960,110,,,,0
289.000,Amarr Citizen 5054432,Prospect,36425,50000,-55337,1955,0.3105,-0.7128,-0.6290,0
289.000,Amarr Citizen 4520313,Prospect,31000,50845,60653,813,0.0402,-0.5411,-0.8400,0
289.000,Minmatar Citizen 9978241,Retriever,42320,67115,46568,225,-0.7472,0.0000,0.6646,0
289.000,Minmatar Citizen 7162778,Covetor,31835,51500,45938,254,-0.0346,0.6756,0.7365,0
289.000,Minmatar Citizen 9678938,Venture,38945,67745,54027,368,0.2340,0.4771,0.8471,0
289.000,Minmatar Citizen 2250648,Capsule,16115,47740,100026,0,,,,0
289.000,Gallente Citizen 1635012,Venture,35075,64940,54923,1561,0.6943,-0.2961,-0.6559,0
290.000,Caldari Citizen 9942864,Venture,37195,67820,49809,72,-0.7059,-0.7059,0.0581,0
290.000,Caldari Citizen 6206817,Skiff,60945,77745,35587,1586,-0.3106,-0.7667,0.5618,0
290.000,Minmatar Citizen 9745080,Capsule,32975,80260,60885,0,,,,0
290.000,Amarr Citizen 0220922,Porpoise,20880,76980,41691,176,,,,0
290.000,Minmatar Citizen 4351238,Retriever,46160,64535,50403,224,0.0000,-0.6095,0.7928,0
290.000,Caldari Citizen 3216932,Endurance,33935,57335,54379,1130,-0.1982,-0.6167,0.7619,0
290.000,Minmatar Citizen 9076035,Porpoise,26800,77300,67398,152,,,,0
290.000,Minmatar Citizen 6662812,Procurer,38505,64560,64423,290,-0.2232,-0.9339,0.2792,0
290.000,Caldari Citizen 3891005,Orca,33840,66600,55392,165,,,,0
290.000,Caldari Citizen 8777524,Capsule,33200,49255,44133,0,,,,0
290.000,Minmatar Citizen 0254120,Porpoise,33945,50000,44416,158,0.0000,0.6578,-0.7532,0
290.000,Amarr Citizen 2674287,Orca,38105,57245,49960,110,0.0000,0.6518,-0.7584,0
290.000,Amarr Citizen 5054432,Prospect,38235,50000,-55624,1946,0.2109,-0.7212,-0.6598,0
290.000,Amarr Citizen 4520313,Prospect,30155,50000,60388,832,-0.0051,-0.5865,-0.8100,0
290.000,Minmatar Citizen 9978241,Retriever,41315,67115,47462,225,-0.7472,0.0000,0.6646,0
290.000,Minmatar Citizen 7162778,Covetor,32600,52265,46202,256,0.2780,0.7529,0.5965,0
290.000,Minmatar Citizen 9678938,Venture,37880,67745,54779,229,0.1342,0.8865,0.4429,0
290.000,Minmatar Citizen 2250648,Capsule,16115,47740,100026,0,,,,0
290.000,Gallente Citizen 1635012,Venture,36280,64025,53531,1802,0.6760,-0.2182,-0.7039,0
291.000,Caldari Citizen 9942864,Venture,37195,67820,49809,66,-0.7059,-0.7059,0.0581,0
291.000,Caldari Citizen 6206817,Skiff,60835,75955,36687,1721,-0.3015,-0.7856,0.5404,0
291.000,Minmatar Citizen 9745080,Capsule,32975,80260,60885,0,,,,0
291.000,Amarr Citizen 0220922,Porpoise,20880,76980,41691,183,,,,0
291.000,Minmatar Citizen 4351238,Retriever,46160,64535,50403,225,,,,0
291.000,Caldari Citizen 3216932,Endurance,32900,56560,55808,1131,-0.2650,-0.6642,0.6990,0
291.000,Minmatar Citizen 9076035,Porpoise,26800,77300,67398,150,,,,0
291.000,Minmatar Citizen 6662812,Procurer,37520,63575,64455,293,-0.4750,-0.8066,0.3519,0
291.000,Caldari Citizen 3891005,Orca,33840,66600,55392,160,0.0000,0.6344,-0.7730,0
291.000,Caldari Citizen 8777524,Capsule,33200,49255,44133,0,,,,0
291.000,Minmatar Citizen 0254120,Porpoise,33945,50000,44416,162,0.0000,0.6578,-0.7532,0
291.000,Amarr Citizen 2674287,Orca,38105,57245,49960,111,0.0000,0.6518,-0.7584,0
291.000,Amarr Citizen 5054432,Prospect,38235,48300,-57107,1946,0.1329,-0.6860,-0.7153,0
291.000,Amarr Citizen 4520313,Prospect,30365,49165,59580,859,0.0146,-0.5569,-0.8305,0
291.000,Minmatar Citizen 9978241,Retriever,41315,67115,47462,226,-0.7472,0.0000,0.6646,0
291.000,Minmatar Citizen 7162778,Covetor,32600,52265,46202,258,0.6869,0.6869,0.2371,0
291.000,Minmatar Citizen 9678938,Venture,37880,67745,54779,168,-0.3525,0.9216,-0.1627,0
291.000,Minmatar Citizen 2250648,Capsule,16115,47740,100026,0,,,,0
291.000,Gallente Citizen 1635012,Venture,36420,63120,52815,2000,0.6326,-0.1784,-0.7536,0
292.000,Caldari Citizen 9942864,Venture,36280,66905,49885,63,-0.7059,-0.7059,0.0581,0
292.000,Caldari Citizen 6206817,Skiff,59800,74165,39147,1791,-0.3336,-0.7381,0.5864,0
292.000,Minmatar Citizen 9745080,Capsule,32975,80260,60885,0,,,,0
292.000,Amarr Citizen 0220922,Porpoise,20880,76980,41691,187,0.0000,0.4707,-0.8823,0
292.000,Minmatar Citizen 4351238,Retriever,46160,64535,50403,225,,,,0
292.000,Caldari Citizen 3216932,Endurance,32900,55775,56593,1131,-0.2992,-0.7073,0.6404,0
292.000,Minmatar Citizen 9076035,Porpoise,26800,77300,67398,150,-0.7067,-0.7067,0.0319,0
292.000,Minmatar Citizen 6662812,Procurer,37520,63575,64455,295,-0.5927,-0.7796,0.2021,0
292.000,Caldari Citizen 3891005,Orca,33840,66600,55392,157,0.0000,0.6344,-0.7730,0
292.000,Caldari Citizen 8777524,Capsule,33200,49255,44133,0,,,,0
292.000,Minmatar Citizen 0254120,Porpoise,33945,50745,43562,165,0.0000,0.6578,-0.7532,0
292.000,Amarr Citizen 2674287,Orca,38105,58000,49082,112,0.0000,0.6518,-0.7584,0
292.000,Amarr Citizen 5054432,Prospect,38235,46560,-58534,1950,0.0739,-0.6881,-0.7218,0
292.000,Amarr Citizen 4520313,Prospect,31400,49165,59041,880,-0.0688,-0.6044,-0.7937,0
292.000,Minmatar Citizen 9978241,Retriever,41315,67115,47462,226,,,,0
292.000,Minmatar Citizen 7162778,Covetor,32600,52265,46202,259,0.5561,0.8215,-0.1260,0
292.000,Minmatar Citizen 9678938,Venture,37880,67745,54779,192,-0.5028,0.6940,-0.5153,0
292.000,Minmatar Citizen 2250648,Capsule,16115,47740,100026,0,,,,0
292.000,Gallente Citizen 1635012,Venture,38480,63120,51334,1325,0.5613,-0.1180,-0.8192,0
293.000,Caldari Citizen 9942864,Venture,36280,66905,49885,60,-0.7059,-0.7059,0.0581,0
293.000,Caldari Citizen 6206817,Skiff,58775,73140,40000,1735,-0.3529,-0.7760,0.5227,0
293.000,Minmatar Citizen 9745080,Capsule,32975,80260,60885,0,,,,0
293.000,Amarr Citizen 0220922,Porpoise,20880,76980,41691,192,0.0000,0.4707,-0.8823,0
293.000,Minmatar Citizen 4351238,Retriever,46160,64535,50403,226,,,,0
293.000,Caldari Citizen 3216932,Endurance,32900,54980,57365,1131,-0.2758,-0.7577,0.5915,0
293.000,Minmatar Citizen 9076035,Porpoise,26800,77300,67398,152,-0.3700,-0.9130,-0.1719,0
293.000,Minmatar Citizen 6662812,Procurer,37520,63575,64455,297,-0.7071,-0.7071,0.0094,0
293.000,Caldari Citizen 3891005,Orca,33840,67325,54509,153,-0.4493,0.2550,-0.8562,0
293.000,Caldari Citizen 8777524,Capsule,33200,49255,44133,0,,,,0
293.000,Minmatar Citizen 0254120,Porpoise,33945,50745,43562,167,0.0000,0.6578,-0.7532,0
293.000,Amarr Citizen 2674287,Orca,38105,58000,49082,113,0.0000,0.6518,-0.7584,0
293.000,Amarr Citizen 5054432,Prospect,37260,44780,-60518,1898,-0.0694,-0.6845,-0.7257,0
293.000,Amarr Citizen 4520313,Prospect,30575,48340,58757,909,0.0508,-0.5088,-0.8594,0
293.000,Minmatar Citizen 9978241,Retriever,41315,67115,47462,226,,,,0
293.000,Minmatar Citizen 7162778,Covetor,32600,52265,46202,261,0.1238,0.9842,-0.1265,0
293.000,Minmatar Citizen 9678938,Venture,37880,68480,53857,251,-0.3054,0.4039,-0.8623,0
293.000,Minmatar Citizen 2250648,Capsule,16115,47740,100026,0,,,,0
293.000,Gallente Citizen 1635012,Venture,38480,63855,50417,518,0.1978,0.3074,-0.9308,0
294.000,Caldari Citizen 9942864,Venture,36280,66905,49885,56,,,,0
294.000,Caldari Citizen 6206817,Skiff,58685,72125,39434,1636,-0.4015,-0.8321,0.3826,0
294.000,Minmatar Citizen 9745080,Capsule,32975,80260,60885,0,,,,0
294.000,Amarr Citizen 0220922,Porpoise,20880,77495,40725,197,0.0000,0.4707,-0.8823,0
294.000,Minmatar Citizen 4351238,Retriever,46160,64535,50403,226,0.0000,-0.6215,0.7834,0
294.000,Caldari Citizen 3216932,Endurance,32045,54125,57172,1132,-0.1829,-0.8144,0.5508,0
294.000,Minmatar Citizen 9076035,Porpoise,25745,76245,67445,155,-0.0082,-0.9456,-0.3252,0
294.000,Minmatar Citizen 6662812,Procurer,37520,63575,64455,299,-0.7071,-0.7071,0.0013,0
294.000,Caldari Citizen 3891005,Orca,33840,67325,54509,150,-0.7160,-0.1548,-0.6807,0
294.000,Caldari Citizen 8777524,Capsule,33200,49255,44133,0,,,,0
294.000,Minmatar Citizen 0254120,Porpoise,33945,50745,43562,169,,,,0
294.000,Amarr Citizen 2674287,Orca,38105,58000,49082,114,,,,0
294.000,Amarr Citizen 5054432,Prospect,38105,44720,-61426,1841,-0.1537,-0.6579,-0.7372,0
294.000,Amarr Citizen 4520313,Prospect,30785,48360,57224,938,0.0479,-0.3760,-0.9254,0
294.000,Minmatar Citizen 9978241,Retriever,41315,67115,47462,226,,,,0
294.000,Minmatar Citizen 7162778,Covetor,32600,52265,46202,262,-0.0248,0.9995,-0.0206,0
294.000,Minmatar Citizen 9678938,Venture,37880,68480,53857,304,-0.4606,0.2510,-0.8514,0
294.000,Minmatar Citizen 2250648,Capsule,16115,47740,100026,0,,,,0
294.000,Gallente Citizen 1635012,Venture,38480,63855,50417,481,-0.3812,0.8329,-0.4013,0
295.000,Caldari Citizen 9942864,Venture,36280,66905,49885,54,,,,0
295.000,Caldari Citizen 6206817,Skiff,57680,70355,41511,1614,-0.4088,-0.8961,0.1726,0
295.000,Minmatar Citizen 9745080,Capsule,32975,80260,60885,0,,,,0
295.000,Amarr Citizen 0220922,Porpoise,20880,77495,40725,199,-0.4736,-0.0194,-0.8806,0
295.000,Minmatar Citizen 4351238,Retriever,46160,64535,50403,226,0.0000,-0.6215,0.7834,0
295.000,Caldari Citizen 3216932,Endurance,32045,53320,57923,1132,-0.1505,-0.8102,0.5664,0
295.000,Minmatar Citizen 9076035,Porpoise,25745,76245,67445,159,0.3553,-0.8310,-0.4280,0
295.000,Minmatar Citizen 6662812,Procurer,36545,62600,64457,300,-0.7071,-0.7071,0.0013,0
295.000,Caldari Citizen 3891005,Orca,33840,67325,54509,147,-0.7921,-0.4817,-0.3748,0
295.000,Caldari Citizen 8777524,Capsule,33200,49255,44133,0,,,,0
295.000,Minmatar Citizen 0254120,Porpoise,33945,50745,43562,160,,,,0
295.000,Amarr Citizen 2674287,Orca,38105,58000,49082,115,,,,0
295.000,Amarr Citizen 5054432,Prospect,38105,42880,-62724,1651,-0.2099,-0.6542,-0.7266,0
295.000,Amarr Citizen 4520313,Prospect,29980,47555,56919,966,0.0584,-0.3625,-0.9302,0
295.000,Minmatar Citizen 9978241,Retriever,41315,67115,47462,226,-0.7612,0.0000,0.6485,0
295.000,Minmatar Citizen 7162778,Covetor,33375,53775,45589,263,-0.1311,0.9898,0.0558,0
295.000,Minmatar Citizen 9678938,Venture,37880,68480,53857,346,-0.5896,0.0920,-0.8024,0
295.000,Minmatar Citizen 2250648,Capsule,16115,47740,100026,0,,,,0
295.000,Gallente Citizen 1635012,Venture,37455,63855,51183,952,-0.7556,0.6525,0.0576,0
296.000,Caldari Citizen 9942864,Venture,36280,66905,49885,53,,,,0
296.000,Caldari Citizen 6206817,Skiff,57600,69360,40895,1651,-0.3822,-0.9234,0.0364,0
296.000,Minmatar Citizen 9745080,Capsule,32975,80260,60885,0,,,,0
296.000,Amarr Citizen 0220922,Porpoise,20880,77495,40725,202,-0.5832,-0.1844,-0.7911,0
296.000,Minmatar Citizen 4351238,Retriever,46160,63760,51380,226,0.0000,-0.6215,0.7834,0
296.000,Caldari Citizen 3216932,Endurance,32045,52505,58663,1132,-0.1859,-0.7546,0.6293,0
296.000,Minmatar Citizen 9076035,Porpoise,27000,76245,66953,163,0.7178,-0.5205,-0.4625,0
296.000,Minmatar Citizen 6662812,Procurer,36545,62600,64457,301,-0.7071,-0.7071,0.0013,0
296.000,Caldari Citizen 3891005,Orca,32915,66400,54513,144,-0.7071,-0.7071,0.0031,0
296.000,Caldari Citizen 8777524,Capsule,33200,49255,44133,0,,,,0
296.000,Minmatar Citizen 0254120,Porpoise,33945,50745,43562,151,-0.5542,0.7183,-0.4206,0
296.000,Amarr Citizen 2674287,Orca,38105,58000,49082,116,,,,0
296.000,Amarr Citizen 5054432,Prospect,37120,41945,-63935,1434,-0.3100,-0.6380,-0.7049,0
296.000,Amarr Citizen 4520313,Prospect,30995,47555,56372,994,0.1984,-0.3533,-0.9142,0
296.000,Minmatar Citizen 9978241,Retriever,41315,67115,47462,227,-0.8938,0.3104,0.3237,0
296.000,Minmatar Citizen 7162778,Covetor,32400,53775,46287,264,0.0377,0.9834,0.1773,0
296.000,Minmatar Citizen 9678938,Venture,36935,68260,53032,376,-0.4692,-0.1760,-0.8654,0
296.000,Minmatar Citizen 2250648,Capsule,16115,47740,100026,0,,,,0
296.000,Gallente Citizen 1635012,Venture,36420,64580,51020,1365,-0.7690,0.5900,0.2459,0
297.000,Caldari Citizen 9942864,Venture,36280,66905,49885,53,,,,0
297.000,Caldari Citizen 6206817,Skiff,56545,67400,40852,1755,-0.3994,-0.9149,-0.0594,0
297.000,Minmatar Citizen 9745080,Capsule,32975,80260,60885,0,,,,0
297.000,Amarr Citizen 0220922,Porpoise,20880,77495,40725,204,-0.6735,-0.3568,-0.6473,0
297.000,Minmatar Citizen 4351238,Retriever,46160,63760,51380,227,0.0000,-0.6215,0.7834,0
297.000,Caldari Citizen 3216932,Endurance,32045,51680,59391,1132,-0.1581,-0.7033,0.6931,0
297.000,Minmatar Citizen 9076035,Porpoise,27000,76245,66953,167,0.9309,0.0000,-0.3653,0
297.000,Minmatar Citizen 6662812,Procurer,36545,62600,64457,302,-0.7071,-0.7071,-0.0093,0
297.000,Caldari Citizen 3891005,Orca,32915,66400,54513,142,-0.7071,-0.7071,0.0031,0
297.000,Caldari Citizen 8777524,Capsule,33200,49255,44133,0,,,,0
297.000,Minmatar Citizen 0254120,Porpoise,33945,50745,43562,213,-0.7108,0.6634,-0.2337,0
297.000,Amarr Citizen 2674287,Orca,38105,58000,49082,117,,,,0
297.000,Amarr Citizen 5054432,Prospect,36125,41000,-65107,1245,-0.4485,-0.6083,-0.6549,0
297.000,Amarr Citizen 4520313,Prospect,31205,47585,54799,1021,0.2245,-0.3491,-0.9098,0
297.000,Minmatar Citizen 9978241,Retriever,40300,67115,48327,227,-0.8651,0.5007,0.0308,0
297.000,Minmatar Citizen 7162778,Covetor,32400,53775,46287,264,0.1528,0.9396,0.3061,0
297.000,Minmatar Citizen 9678938,Venture,36935,68260,53032,398,-0.3640,-0.0412,-0.9305,0
297.000,Minmatar Citizen 2250648,Capsule,16115,47740,100026,0,,,,0
297.000,Gallente Citizen 1635012,Venture,36280,66200,50817,1712,-0.7422,0.5807,0.3346,0
298.000,Caldari Citizen 9942864,Venture,36280,66905,49885,54,,,,0
298.000,Caldari Citizen 6206817,Skiff,55520,65480,40680,1858,-0.3958,-0.8936,-0.2117,0
298.000,Minmatar Citizen 9745080,Capsule,32975,80260,60885,0,,,,0
298.000,Amarr Citizen 0220922,Porpoise,19985,76600,40670,206,-0.6335,-0.2761,-0.7228,0
298.000,Minmatar Citizen 4351238,Retriever,46160,63760,51380,227,0.0000,-0.6274,0.7787,0
298.000,Caldari Citizen 3216932,Endurance,32045,50845,60107,1132,-0.1869,-0.7011,0.6881,0
298.000,Minmatar Citizen 9076035,Porpoise,27000,76245,66953,170,,,,0
298.000,Minmatar Citizen 6662812,Procurer,36545,62600,64457,292,-0.7070,-0.7070,-0.0200,0
298.000,Caldari Citizen 3891005,Orca,32915,66400,54513,140,,,,0
298.000,Caldari Citizen 8777524,Capsule,33200,49255,44133,0,,,,0
298.000,Minmatar Citizen 0254120,Porpoise,33945,51480,42691,306,-0.4544,0.8908,-0.0068,0
298.000,Amarr Citizen 2674287,Orca,38105,58000,49082,115,,,,0
298.000,Amarr Citizen 5054432,Prospect,36125,40045,-65699,1069,-0.6070,-0.4733,-0.6384,0
298.000,Amarr Citizen 4520313,Prospect,31415,46800,53915,1046,0.1691,-0.3515,-0.9208,0
298.000,Minmatar Citizen 9978241,Retriever,40300,67115,48327,227,-0.7455,0.6213,-0.2413,0
298.000,Minmatar Citizen 7162778,Covetor,32400,53775,46287,265,0.2932,0.7738,0.5615,0
298.000,Minmatar Citizen 9678938,Venture,36935,68260,53032,913,-0.3264,-0.1095,-0.9389,0
298.000,Minmatar Citizen 2250648,Capsule,16115,47740,100026,0,,,,0
298.000,Gallente Citizen 1635012,Venture,34160,66905,51360,1990,-0.6826,0.6057,0.4089,0
299.000,Caldari Citizen 9942864,Venture,36280,66905,49885,54,,,,0
299.000,Caldari Citizen 6206817,Skiff,55460,64535,39943,1948,-0.3704,-0.8845,-0.2838,0
299.000,Minmatar Citizen 9745080,Capsule,32975,80260,60885,0,,,,0
299.000,Amarr Citizen 0220922,Porpoise,19985,77105,39704,208,-0.5827,-0.1882,-0.7906,0
299.000,Minmatar Citizen 4351238,Retriever,46160,63760,51380,227,0.0000,-0.6333,0.7739,0
299.000,Caldari Citizen 3216932,Endurance,31000,50000,61351,1125,-0.1872,-0.7105,0.6783,0
299.000,Minmatar Citizen 9076035,Porpoise,27000,76245,66953,174,-0.7069,-0.7069,0.0232,0
299.000,Minmatar Citizen 6662812,Procurer,36545,62600,64457,283,-0.7070,-0.7070,-0.0200,0
299.000,Caldari Citizen 3891005,Orca,32915,66400,54513,139,0.8508,0.0000,-0.5254,0
299.000,Caldari Citizen 8777524,Capsule,33200,49255,44133,0,,,,0
299.000,Minmatar Citizen 0254120,Porpoise,33000,51480,43426,395,-0.5007,0.7836,0.3678,0
299.000,Amarr Citizen 2674287,Orca,38105,58000,49082,114,-0.6571,-0.0778,-0.7498,0
299.000,Amarr Citizen 5054432,Prospect,35120,40045,-66242,930,-0.7374,-0.4500,-0.5037,0
299.000,Amarr Citizen 4520313,Prospect,31625,46025,53015,1071,0.1089,-0.3922,-0.9134,0
299.000,Minmatar Citizen 9978241,Retriever,40300,67820,47332,227,-0.4905,0.6814,-0.5432,0
299.000,Minmatar Citizen 7162778,Covetor,33185,54560,46508,266,0.6935,0.6935,0.1949,0
299.000,Minmatar Citizen 9678938,Venture,37065,68040,51437,1410,-0.2521,-0.2114,-0.9444,0
299.000,Minmatar Citizen 2250648,Capsule,16115,47740,100026,0,,,,0
299.000,Gallente Citizen 1635012,Venture,32915,67820,52736,1989,-0.6664,0.4817,0.5692,0
300.000,Caldari Citizen 9942864,Venture,36280,66905,49885,54,,,,0
300.000,Caldari Citizen 6206817,Skiff,54475,62675,39602,2024,-0.3314,-0.8958,-0.2962,0
300.000,Minmatar Citizen 9745080,Capsule,32975,80260,60885,0,,,,0
300.000,Amarr Citizen 0220922,Porpoise,19985,77105,39704,209,-0.4733,-0.0282,-0.8805,0
300.000,Minmatar Citizen 4351238,Retriever,46160,63760,51380,227,0.0000,-0.6333,0.7739,0
300.000,Caldari Citizen 3216932,Endurance,31000,49145,62038,1122,-0.1587,-0.7316,0.6630,0
300.000,Minmatar Citizen 9076035,Porpoise,27000,76245,66953,177,-0.7069,-0.7069,0.0232,0
300.000,Minmatar Citizen 6662812,Procurer,35580,61635,64430,280,-0.5160,-0.8317,-0.2050,0
300.000,Caldari Citizen 3891005,Orca,32915,66400,54513,138,0.8508,0.0000,-0.5254,0
300.000,Caldari Citizen 8777524,Capsule,33200,49255,44133,0,,,,0
300.000,Minmatar Citizen 0254120,Porpoise,33000,51480,43426,479,-0.2175,0.9110,0.3504,0
300.000,Amarr Citizen 2674287,Orca,38105,58000,49082,113,-0.6571,-0.0778,-0.7498,0
300.000,Amarr Citizen 5054432,Prospect,35120,40045,-66242,842,-0.8727,-0.3360,-0.3542,0
300.000,Amarr Citizen 4520313,Prospect,31835,46075,51377,1095,0.1323,-0.3518,-0.9267,0
300.000,Minmatar Citizen 9978241,Retriever,40300,67820,47332,227,-0.5843,0.6699,-0.4581,0
300.000,Minmatar Citizen 7162778,Covetor,33185,54560,46508,266,0.6948,0.6948,0.1860,0
300.000,Minmatar Citizen 9678938,Venture,36140,68515,49635,1792,-0.2224,-0.3270,-0.9185,0
300.000,Minmatar Citizen 2250648,Capsule,16115,47740,100026,0,,,,0
300.000,Gallente Citizen 1635012,Venture,31640,68745,54056,1762,-0.6356,0.2873,0.7166,0
301.000,Caldari Citizen 9942864,Venture,36280,66905,49885,54,,,,0
301.000,Caldari Citizen 6206817,Skiff,53520,60855,39144,2089,-0.3228,-0.8988,-0.2967,0
301.000,Minmatar Citizen 9745080,Capsule,32975,80260,60885,0,,,,0
301.000,Amarr Citizen 0220922,Porpoise,19985,77105,39704,211,0.0000,0.4578,-0.8891,0
301.000,Minmatar Citizen 4351238,Retriever,46160,62975,52339,227,0.0000,-0.6333,0.7739,0
301.000,Caldari Citizen 3216932,Endurance,31000,48280,62714,1122,-0.0982,-0.7631,0.6387,0
301.000,Minmatar Citizen 9076035,Porpoise,25955,75200,66987,180,-0.7069,-0.7069,0.0232,0
301.000,Minmatar Citizen 6662812,Procurer,35580,61635,64430,277,-0.3752,-0.8732,-0.3110,0
301.000,Caldari Citizen 3891005,Orca,34000,66400,53843,136,0.6791,0.2238,-0.6991,0
301.000,Caldari Citizen 8777524,Capsule,33200,49255,44133,0,,,,0
301.000,Minmatar Citizen 0254120,Porpoise,33755,52235,43682,555,0.1366,0.9236,0.3581,0
301.000,Amarr Citizen 2674287,Orca,37260,57900,48117,113,-0.6571,-0.0778,-0.7498,0
301.000,Amarr Citizen 5054432,Prospect,34105,40045,-66770,757,-0.9714,-0.2098,-0.1114,0
301.000,Amarr Citizen 4520313,Prospect,31080,45320,51040,1117,0.1564,-0.2880,-0.9448,0
301.000,Minmatar Citizen 9978241,Retriever,40300,67820,47332,227,-0.9005,0.3716,0.2260,0
301.000,Minmatar Citizen 7162778,Covetor,33185,54560,46508,266,0.4171,0.7823,0.4625,0
301.000,Minmatar Citizen 9678938,Venture,35375,67380,48047,1606,-0.1395,-0.4412,-0.8865,0
301.000,Minmatar Citizen 2250648,Capsule,16115,47740,100026,0,,,,0
301.000,Gallente Citizen 1635012,Venture,31460,69680,54690,1402,-0.4509,0.0929,0.8877,0
302.000,Caldari Citizen 9942864,Venture,36280,66905,49885,54,,,,0
302.000,Caldari Citizen 6206817,Skiff,53440,59075,37394,2145,-0.3340,-0.9147,-0.2276,0
302.000,Minmatar Citizen 9745080,Capsule,32975,80260,60885,0,,,,0
302.000,Amarr Citizen 0220922,Porpoise,19985,77105,39704,212,0.0000,0.4522,-0.8919,0
302.000,Minmatar Citizen 4351238,Retriever,46160,62975,52339,227,0.0000,-0.6333,0.7739,0
302.000,Caldari Citizen 3216932,Endurance,31000,47405,63378,1124,0.0000,-0.8008,0.5989,0
302.000,Minmatar Citizen 9076035,Porpoise,25955,75200,66987,182,-0.7069,-0.7069,0.0232,0
302.000,Minmatar Citizen 6662812,Procurer,35580,61635,64430,278,-0.2254,-0.6747,-0.7029,0
302.000,Caldari Citizen 3891005,Orca,34000,66400,53843,135,0.5336,0.3516,-0.7692,0
302.000,Caldari Citizen 8777524,Capsule,33200,49255,44133,0,,,,0
302.000,Minmatar Citizen 0254120,Porpoise,32800,52235,44403,623,0.2040,0.9360,0.2870,0
302.000,Amarr Citizen 2674287,Orca,37260,57900,48117,114,-0.6571,-0.0778,-0.7498,0
302.000,Amarr Citizen 5054432,Prospect,33260,39200,-66431,705,-0.9759,-0.2131,0.0480,0
302.000,Amarr Citizen 4520313,Prospect,32045,45320,50440,1138,0.1849,-0.3018,-0.9353,0
302.000,Minmatar Citizen 9978241,Retriever,40300,67820,47332,227,-0.7683,0.0000,0.6401,0
302.000,Minmatar Citizen 7162778,Covetor,33185,54560,46508,267,-0.0232,0.7138,0.7000,0
302.000,Minmatar Citizen 9678938,Venture,35525,66485,47315,930,-0.0172,-0.7343,-0.6786,0
302.000,Minmatar Citizen 2250648,Capsule,16115,47740,100026,0,,,,0
302.000,Gallente Citizen 1635012,Venture,30335,68975,56198,1105,-0.1023,-0.2818,0.9540,0
303.000,Caldari Citizen 9942864,Venture,36280,66905,49885,55,,,,0
303.000,Caldari Citizen 6206817,Skiff,52535,56560,37908,2193,-0.3330,-0.9166,-0.2213,0
303.000,Minmatar Citizen 9745080,Capsule,32975,80260,60885,0,,,,0
303.000,Amarr Citizen 0220922,Porpoise,19985,77105,39704,213,0.0000,0.4522,-0.8919,0
303.000,Minmatar Citizen 4351238,Retriever,46160,62975,52339,227,,,,0
303.000,Caldari Citizen 3216932,Endurance,31000,46520,64030,1125,0.1169,-0.8272,0.5496,0
303.000,Minmatar Citizen 9076035,Porpoise,25955,75200,66987,184,-0.3656,-0.9106,-0.1927,0
303.000,Minmatar Citizen 6662812,Procurer,35720,60680,63773,278,0.1034,-0.1977,-0.9748,0
303.000,Caldari Citizen 3891005,Orca,34000,66400,53843,135,0.3565,0.4698,-0.8076,0
303.000,Caldari Citizen 8777524,Capsule,33200,49255,44133,0,,,,0
303.000,Minmatar Citizen 0254120,Porpoise,33565,53725,43772,684,0.2164,0.9252,0.3116,0
303.000,Amarr Citizen 2674287,Orca,37260,57900,48117,114,,,,0
303.000,Amarr Citizen 5054432,Prospect,32235,39200,-66935,706,-0.9573,-0.1440,0.2507,0
303.000,Amarr Citizen 4520313,Prospect,32255,45380,48747,1158,0.2073,-0.2974,-0.9320,0
303.000,Minmatar Citizen 9978241,Retriever,39275,67820,48186,227,-0.7683,0.0000,0.6401,0
303.000,Minmatar Citizen 7162778,Covetor,33980,55355,46703,267,-0.1505,0.9169,0.3696,0
303.000,Minmatar Citizen 9678938,Venture,35675,65600,46561,675,0.2710,-0.9509,0.1494,0
303.000,Minmatar Citizen 2250648,Capsule,16115,47740,100026,0,,,,0
303.000,Gallente Citizen 1635012,Venture,30335,68260,57065,1030,0.4247,-0.5842,0.6916,0
304.000,Caldari Citizen 9942864,Venture,36280,66905,49885,55,,,,0
304.000,Caldari Citizen 6206817,Skiff,51660,54860,37116,2234,-0.3279,-0.9118,-0.2472,0
304.000,Minmatar Citizen 9745080,Capsule,32975,80260,60885,0,,,,0
304.000,Amarr Citizen 0220922,Porpoise,19985,77600,38728,214,0.0000,0.4522,-0.8919,0
304.000,Minmatar Citizen 4351238,Retriever,46160,62975,52339,227,,,,0
304.000,Caldari Citizen 3216932,Endurance,31000,45625,64671,815,0.1190,-0.9017,0.4157,0
304.000,Minmatar Citizen 9076035,Porpoise,25955,75200,66987,186,0.1805,-0.5002,-0.8469,0
304.000,Minmatar Citizen 6662812,Procurer,35720,60680,63773,281,0.1070,-0.2542,-0.9612,0
304.000,Caldari Citizen 3891005,Orca,34000,67115,52949,134,0.0000,0.6246,-0.7809,0
304.000,Caldari Citizen 8777524,Capsule,33200,49255,44133,0,,,,0
304.000,Minmatar Citizen 0254120,Porpoise,34340,54500,43983,739,0.1564,0.8982,0.4109,0
304.000,Amarr Citizen 2674287,Orca,37260,57900,48117,115,,,,0
304.000,Amarr Citizen 5054432,Prospect,31400,39320,-66007,755,-0.8552,-0.0380,0.5170,0
304.000,Amarr Citizen 4520313,Prospect,32465,44645,47769,1176,0.2280,-0.2446,-0.9424,0
304.000,Minmatar Citizen 9978241,Retriever,39275,67820,48186,227,-0.7683,0.0000,0.6401,0
304.000,Minmatar Citizen 7162778,Covetor,32995,55355,47404,267,0.0474,0.9891,0.1391,0
304.000,Minmatar Citizen 9678938,Venture,36560,65800,47484,976,0.3891,-0.2781,0.8782,0
304.000,Minmatar Citizen 2250648,Capsule,16115,47740,100026,0,,,,0
304.000,Gallente Citizen 1635012,Venture,31460,67535,57317,1157,0.8251,-0.5388,0.1701,0
305.000,Caldari Citizen 9942864,Venture,36280,66905,49885,55,-0.8149,0.0000,0.5797,0
305.000,Caldari Citizen 6206817,Skiff,50815,52415,37343,1829,-0.3184,-0.9178,-0.2373,0
305.000,Minmatar Citizen 9745080,Capsule,32975,80260,60885,0,,,,0
305.000,Amarr Citizen 0220922,Porpoise,19985,77600,38728,214,0.0000,0.4522,-0.8919,0
305.000,Minmatar Citizen 4351238,Retriever,46160,62975,52339,172,,,,0
305.000,Caldari Citizen 3216932,Endurance,31000,44720,65300,689,0.1353,-0.9864,0.0930,0
305.000,Minmatar Citizen 9076035,Porpoise,25955,75200,66987,180,0.1654,-0.3197,-0.9330,0
305.000,Minmatar Citizen 6662812,Procurer,35720,61505,62978,285,0.1069,-0.2519,-0.9618,0
305.000,Caldari Citizen 3891005,Orca,34000,67115,52949,133,0.0000,0.6246,-0.7809,0
305.000,Caldari Citizen 8777524,Capsule,33200,49255,44133,0,,,,0
305.000,Minmatar Citizen 0254120,Porpoise,33375,54500,44720,789,0.2790,0.9120,0.3006,0
305.000,Amarr Citizen 2674287,Orca,37260,57900,48117,116,,,,0
305.000,Amarr Citizen 5054432,Prospect,31400,39320,-66007,822,-0.6947,-0.0220,0.7190,0
305.000,Amarr Citizen 4520313,Prospect,32675,43920,46769,1111,0.1525,-0.2994,-0.9419,0
305.000,Minmatar Citizen 9978241,Retriever,39275,67820,48186,227,,,,0
305.000,Minmatar Citizen 7162778,Covetor,32995,55355,47404,267,0.1367,0.9905,-0.0179,0
305.000,Minmatar Citizen 9678938,Venture,36560,65105,48432,1362,0.1406,0.1175,0.9831,0
305.000,Minmatar Citizen 2250648,Capsule,16115,47740,100026,0,,,,0
305.000,Gallente Citizen 1635012,Venture,32575,66800,57555,1369,0.8974,-0.3850,-0.2155,0
306.000,Caldari Citizen 9942864,Venture,36280,66905,49885,55,-0.8149,0.0000,0.5797,0
306.000,Caldari Citizen 6206817,Skiff,50000,50795,36330,1497,-0.3022,-0.9032,-0.3050,0
306.000,Minmatar Citizen 9745080,Capsule,32975,80260,60885,0,,,,0
306.000,Amarr Citizen 0220922,Porpoise,19985,77600,38728,215,0.5731,0.2414,-0.7831,0
306.000,Minmatar Citizen 4351238,Retriever,46160,62975,52339,135,,,,0
306.000,Caldari Citizen 3216932,Endurance,32045,44720,64794,685,0.1384,-0.9355,-0.3251,0
306.000,Minmatar Citizen 9076035,Porpoise,26165,74165,66513,315,0.1764,-0.4438,-0.8786,0
306.000,Minmatar Citizen 6662812,Procurer,35720,61505,62978,289,0.1028,-0.1890,-0.9766,0
306.000,Caldari Citizen 3891005,Orca,34000,67115,52949,133,,,,0
306.000,Caldari Citizen 8777524,Capsule,33200,49255,44133,0,,,,0
306.000,Minmatar Citizen 0254120,Porpoise,34160,55285,44918,834,0.1013,0.8933,0.4379,0
306.000,Amarr Citizen 2674287,Orca,37260,57900,48117,117,,,,0
306.000,Amarr Citizen 5054432,Prospect,30575,39440,-65067,910,-0.5352,-0.0721,0.8416,0
306.000,Amarr Citizen 4520313,Prospect,32885,44000,44984,1061,0.0662,-0.2990,-0.9519,0
306.000,Minmatar Citizen 9978241,Retriever,39275,67820,48186,227,,,,0
306.000,Minmatar Citizen 7162778,Covetor,32995,56080,46544,267,0.1957,0.9580,-0.2096,0
306.000,Minmatar Citizen 9678938,Venture,36420,65295,50101,1661,0.0018,0.3230,0.9464,0
306.000,Minmatar Citizen 2250648,Capsule,16115,47740,100026,0,,,,0
306.000,Gallente Citizen 1635012,Venture,33680,66800,56916,1570,0.8526,-0.2179,-0.4750,0
307.000,Caldari Citizen 9942864,Venture,35225,66905,50635,55,-0.8149,0.0000,0.5797,0
307.000,Caldari Citizen 6206817,Skiff,50000,50000,35228,1235,-0.2599,-0.8914,-0.3712,0
307.000,Minmatar Citizen 9745080,Capsule,32975,80260,60885,0,,,,0
307.000,Amarr Citizen 0220922,Porpoise,19985,77600,38728,199,0.6804,0.1685,-0.7132,0
307.000,Minmatar Citizen 4351238,Retriever,46160,62975,52339,114,,,,0
307.000,Caldari Citizen 3216932,Endurance,31200,43875,64479,752,0.1187,-0.7163,-0.6877,0
307.000,Minmatar Citizen 9076035,Porpoise,26165,74920,65661,446,-0.0709,-0.6617,-0.7464,0
307.000,Minmatar Citizen 6662812,Procurer,35860,60560,62310,292,0.1167,-0.4440,-0.8884,0
307.000,Caldari Citizen 3891005,Orca,34000,67115,52949,133,,,,0
307.000,Caldari Citizen 8777524,Capsule,33200,49255,44133,0,,,,0
307.000,Minmatar Citizen 0254120,Porpoise,33980,56080,45830,861,-0.0300,0.8862,0.4623,0
307.000,Amarr Citizen 2674287,Orca,37260,57900,48117,118,,,,0
307.000,Amarr Citizen 5054432,Prospect,29760,39560,-64112,1010,-0.4014,-0.0903,0.9114,0
307.000,Amarr Citizen 4520313,Prospect,32885,44000,44984,1040,0.0041,-0.1748,-0.9846,0
307.000,Minmatar Citizen 9978241,Retriever,39275,67820,48186,227,-0.8360,-0.2897,0.4660,0
307.000,Minmatar Citizen 7162778,Covetor,33800,56885,46719,268,0.4705,0.8236,-0.3167,0
307.000,Minmatar Citizen 9678938,Venture,37195,66400,51687,1739,-0.1122,0.5116,0.8519,0
307.000,Minmatar Citizen 2250648,Capsule,16115,47740,100026,0,,,,0
307.000,Gallente Citizen 1635012,Venture,35860,66800,55568,1716,0.7154,-0.1190,-0.6885,0
308.000,Caldari Citizen 9942864,Venture,35225,66905,50635,55,-0.8149,0.0000,0.5797,0
308.000,Caldari Citizen 6206817,Skiff,50000,48420,35207,1028,-0.2240,-0.8518,-0.4736,0
308.000,Minmatar Citizen 9745080,Capsule,32975,80260,60885,0,,,,0
308.000,Amarr Citizen 0220922,Porpoise,19985,77600,38728,191,0.6114,0.2103,-0.7629,0
308.000,Minmatar Citizen 4351238,Retriever,46160,62975,52339,101,,,,0
308.000,Caldari Citizen 3216932,Endurance,31400,43040,63644,827,0.0849,-0.5382,-0.8385,0
308.000,Minmatar Citizen 9076035,Porpoise,26165,74920,65661,568,0.0323,-0.5486,-0.8355,0
308.000,Minmatar Citizen 6662812,Procurer,35860,60560,62310,294,0.1201,-0.8073,-0.5778,0
308.000,Caldari Citizen 3891005,Orca,34000,67115,52949,132,,,,0
308.000,Caldari Citizen 8777524,Capsule,33200,49255,44133,0,,,,0
308.000,Minmatar Citizen 0254120,Porpoise,34785,57600,45092,891,0.0805,0.9088,0.4095,0
308.000,Amarr Citizen 2674287,Orca,37260,57900,48117,118,,,,0
308.000,Amarr Citizen 5054432,Prospect,29980,38755,-63240,1108,-0.3589,-0.0658,0.9311,0
308.000,Amarr Citizen 4520313,Prospect,33095,43295,43935,1036,-0.1068,-0.1675,-0.9801,0
308.000,Minmatar Citizen 9978241,Retriever,39275,67820,48186,227,-0.8352,-0.3543,0.4207,0
308.000,Minmatar Citizen 7162778,Covetor,33800,56885,46719,268,0.3722,0.9232,0.0955,0
308.000,Minmatar Citizen 9678938,Venture,36000,67325,53107,1435,-0.2614,0.7153,0.6481,0
308.000,Minmatar Citizen 2250648,Capsule,16115,47740,100026,0,,,,0
308.000,Gallente Citizen 1635012,Venture,36000,65865,54907,1765,0.5795,-0.0013,-0.8150,0
309.000,Caldari Citizen 9942864,Venture,35225,66905,50635,55,,,,0
309.000,Caldari Citizen 6206817,Skiff,49225,47645,35155,869,-0.2599,-0.9178,-0.3001,0
309.000,Minmatar Citizen 9745080,Capsule,32975,80260,60885,0,,,,0
309.000,Amarr Citizen 0220922,Porpoise,21160,77600,38098,187,0.5677,0.2343,-0.7892,0
309.000,Minmatar Citizen 4351238,Retriever,46160,62975,52339,97,,,,0
309.000,Caldari Citizen 3216932,Endurance,31600,42215,62796,893,0.0509,-0.4038,-0.9134,0
309.000,Minmatar Citizen 9076035,Porpoise,26375,73895,65176,675,0.1152,-0.5544,-0.8242,0
309.000,Minmatar Citizen 6662812,Procurer,35860,60560,62310,297,0.1201,-0.8050,-0.5810,0
309.000,Caldari Citizen 3891005,Orca,34000,67115,52949,132,,,,0
309.000,Caldari Citizen 8777524,Capsule,33200,49255,44133,0,,,,0
309.000,Minmatar Citizen 0254120,Porpoise,33800,57600,45834,920,0.0045,0.8756,0.4831,0
309.000,Amarr Citizen 2674287,Orca,37260,57900,48117,119,,,,0
309.000,Amarr Citizen 5054432,Prospect,29185,38885,-62267,1204,-0.2312,0.0466,0.9718,0
309.000,Amarr Citizen 4520313,Prospect,32400,43385,42767,1046,-0.2327,-0.1791,-0.9559,0
309.000,Minmatar Citizen 9978241,Retriever,38240,67820,49012,227,-0.8323,-0.3906,0.3933,0
309.000,Minmatar Citizen 7162778,Covetor,33800,56885,46719,268,0.1837,0.7869,0.5891,0
309.000,Minmatar Citizen 9678938,Venture,35860,68260,53765,1098,-0.5895,0.7899,0.1688,0
309.000,Minmatar Citizen 2250648,Capsule,16115,47740,100026,0,,,,0
309.000,Gallente Citizen 1635012,Venture,37065,66600,53288,1674,0.4074,0.0357,-0.9126,0
310.000,Caldari Citizen 9942864,Venture,35225,66905,50635,55,,,,0
310.000,Caldari Citizen 6206817,Skiff,49235,46880,33973,745,-0.2360,-0.9362,-0.2603,0
310.000,Minmatar Citizen 9745080,Capsule,32975,80260,60885,0,,,,0
310.000,Amarr Citizen 0220922,Porpoise,21160,78085,37094,186,0.3274,0.0259,-0.9445,0
310.000,Minmatar Citizen 4351238,Retriever,46160,62975,52339,99,,,,0
310.000,Caldari Citizen 3216932,Endurance,31600,43120,62178,920,0.1610,-0.2937,-0.9422,0
310.000,Minmatar Citizen 9076035,Porpoise,25360,72880,65164,767,0.0187,-0.6243,-0.7809,0
310.000,Minmatar Citizen 6662812,Procurer,35860,60560,62310,298,0.1200,-0.8015,-0.5858,0
310.000,Caldari Citizen 3891005,Orca,34000,67115,52949,132,,,,0
310.000,Caldari Citizen 8777524,Capsule,33200,49255,44133,0,,,,0
310.000,Minmatar Citizen 0254120,Porpoise,33620,58415,46705,949,0.0000,0.8314,0.5557,0
310.000,Amarr Citizen 2674287,Orca,37260,57900,48117,120,-0.8949,0.4007,0.1964,0
310.000,Amarr Citizen 5054432,Prospect,29415,39015,-60800,1301,-0.1226,0.1375,0.9829,0
310.000,Amarr Citizen 4520313,Prospect,32620,43475,40864,1067,-0.3293,-0.2013,-0.9225,0
310.000,Minmatar Citizen 9978241,Retriever,37325,66905,49108,227,-0.8278,-0.4261,0.3650,0
310.000,Minmatar Citizen 7162778,Covetor,33800,56885,46719,268,-0.1496,0.6773,0.7204,0
310.000,Minmatar Citizen 9678938,Venture,35860,68975,52844,1043,-0.6849,0.4156,-0.5984,0
310.000,Minmatar Citizen 2250648,Capsule,16115,47740,100026,0,,,,0
310.000,Gallente Citizen 1635012,Venture,37195,66400,51687,1259,0.2323,0.0822,-0.9692,0
311.000,Caldari Citizen 9942864,Venture,35225,66905,50635,53,,,,0
311.000,Caldari Citizen 6206817,Skiff,49235,46880,33973,648,-0.2677,-0.9111,-0.3135,0
311.000,Minmatar Citizen 9745080,Capsule,32975,80260,60885,0,,,,0
311.000,Amarr Citizen 0220922,Porpoise,21160,78085,37094,188,-0.1210,-0.2690,-0.9555,0
311.000,Minmatar Citizen 4351238,Retriever,46160,62975,52339,104,,,,0
311.000,Caldari Citizen 3216932,Endurance,31800,42305,61319,959,0.1501,-0.1358,-0.9793,0
311.000,Minmatar Citizen 9076035,Porpoise,26585,73625,63825,851,-0.0065,-0.6009,-0.7993,0
311.000,Minmatar Citizen 6662812,Procurer,36000,59625,61627,299,0.1200,-0.8015,-0.5858,0
311.000,Caldari Citizen 3891005,Orca,34000,67115,52949,131,0.8359,0.0000,-0.5489,0
311.000,Caldari Citizen 8777524,Capsule,33200,49255,44133,0,,,,0
311.000,Minmatar Citizen 0254120,Porpoise,34445,59240,46831,976,0.0670,0.7793,0.6231,0
311.000,Amarr Citizen 2674287,Orca,37260,57900,48117,121,-0.9900,0.1377,-0.0295,0
311.000,Amarr Citizen 5054432,Prospect,28640,39145,-59803,1396,-0.0598,0.2101,0.9759,0
311.000,Amarr Citizen 4520313,Prospect,31945,42800,40456,1096,-0.4329,-0.1726,-0.8848,0
311.000,Minmatar Citizen 9978241,Retriever,37325,66905,49108,227,-0.8157,-0.4859,0.3140,0
311.000,Minmatar Citizen 7162778,Covetor,33620,57700,47586,268,-0.1496,0.6773,0.7204,0
311.000,Minmatar Citizen 9678938,Venture,34925,68745,51994,1217,-0.2704,-0.0093,-0.9627,0
311.000,Minmatar Citizen 2250648,Capsule,16115,47740,100026,0,,,,0
311.000,Gallente Citizen 1635012,Venture,38240,67115,49973,907,0.1593,0.1459,-0.9764,0
312.000,Caldari Citizen 9942864,Venture,35225,66905,50635,44,,,,0
312.000,Caldari Citizen 6206817,Skiff,48480,45320,34940,572,-0.2195,-0.9287,-0.2987,0
312.000,Minmatar Citizen 9745080,Capsule,32975,80260,60885,0,,,,0
312.000,Amarr Citizen 0220922,Porpoise,21160,78085,37094,189,-0.7253,-0.5265,-0.4436,0
312.000,Minmatar Citizen 4351238,Retriever,46160,62975,52339,106,,,,0
312.000,Caldari Citizen 3216932,Endurance,32000,42395,59822,997,0.1402,-0.0314,-0.9896,0
312.000,Minmatar Citizen 9076035,Porpoise,26795,72620,63312,927,0.0051,-0.4985,-0.8669,0
312.000,Minmatar Citizen 6662812,Procurer,36000,59625,61627,292,0.1200,-0.7980,-0.5906,0
312.000,Caldari Citizen 3891005,Orca,34000,67115,52949,131,0.8359,0.0000,-0.5489,0
312.000,Caldari Citizen 8777524,Capsule,33200,49255,44133,0,,,,0
312.000,Minmatar Citizen 0254120,Porpoise,34275,60075,47668,999,0.1850,0.8148,0.5495,0
312.000,Amarr Citizen 2674287,Orca,36275,57900,48864,122,-0.9910,0.0231,-0.1318,0
312.000,Amarr Citizen 5054432,Prospect,28880,40160,-57699,1488,0.0361,0.1972,0.9797,0
312.000,Amarr Citizen 4520313,Prospect,31280,42900,39207,1130,-0.4778,-0.1684,-0.8622,0
312.000,Minmatar Citizen 9978241,Retriever,37325,66905,49108,227,-0.8403,-0.3923,0.3742,0
312.000,Minmatar Citizen 7162778,Covetor,33620,57700,47586,268,0.1912,0.7951,0.5756,0
312.000,Minmatar Citizen 9678938,Venture,34000,68515,51124,1436,-0.0891,-0.3586,-0.9292,0
312.000,Minmatar Citizen 2250648,Capsule,16115,47740,100026,0,,,,0
312.000,Gallente Citizen 1635012,Venture,37325,66905,49108,628,0.0057,0.1744,-0.9847,0
313.000,Caldari Citizen 9942864,Venture,35225,66905,50635,44,,,,0
313.000,Caldari Citizen 6206817,Skiff,49245,45320,33853,514,-0.1017,-0.8981,-0.4278,0
313.000,Minmatar Citizen 9745080,Capsule,32975,80260,60885,0,,,,0
313.000,Amarr Citizen 0220922,Porpoise,20275,77200,37055,185,-0.3008,-0.8799,-0.3678,0
313.000,Minmatar Citizen 4351238,Retriever,46160,62975,52339,110,-0.7028,-0.7028,0.1100,0
313.000,Caldari Citizen 3216932,Endurance,32200,41600,58937,1028,0.1460,-0.1105,-0.9831,0
313.000,Minmatar Citizen 9076035,Porpoise,25800,72360,62445,988,-0.0649,-0.5439,-0.8366,0
313.000,Minmatar Citizen 6662812,Procurer,36000,59625,61627,290,0.1199,-0.7957,-0.5937,0
313.000,Caldari Citizen 3891005,Orca,35075,67115,52243,131,0.8359,0.0000,-0.5489,0
313.000,Caldari Citizen 8777524,Capsule,33200,49255,44133,0,,,,0
313.000,Minmatar Citizen 0254120,Porpoise,34105,60920,48483,1017,0.2646,0.8329,0.4860,0
313.000,Amarr Citizen 2674287,Orca,36275,58635,47980,121,-0.9748,-0.0589,-0.2151,0
313.000,Amarr Citizen 5054432,Prospect,29120,40280,-56165,1575,0.0178,0.1790,0.9837,0
313.000,Amarr Citizen 4520313,Prospect,30625,42245,38762,1167,-0.6448,-0.1887,-0.7407,0
313.000,Minmatar Citizen 9978241,Retriever,37325,66905,49108,227,-0.8025,0.0000,0.5967,0
313.000,Minmatar Citizen 7162778,Covetor,33620,57700,47586,268,0.4387,0.8040,0.4014,0
313.000,Minmatar Citizen 9678938,Venture,34160,68285,49510,1577,0.1475,-0.5222,-0.8400,0
313.000,Minmatar Citizen 2250648,Capsule,16115,47740,100026,0,,,,0
313.000,Gallente Citizen 1635012,Venture,37325,66905,49108,427,-0.3378,0.3375,-0.8786,0
314.000,Caldari Citizen 9942864,Venture,35225,66905,50635,45,,,,0
314.000,Caldari Citizen 6206817,Skiff,48500,44575,33717,469,-0.0906,-0.7677,-0.6344,0
314.000,Minmatar Citizen 9745080,Capsule,32975,80260,60885,0,,,,0
314.000,Amarr Citizen 0220922,Porpoise,20275,77200,37055,184,0.2407,-0.7609,-0.6025,0
314.000,Minmatar Citizen 4351238,Retriever,46160,62975,52339,113,-0.7028,-0.7028,0.1100,0
314.000,Caldari Citizen 3216932,Endurance,32200,42485,58303,1054,0.0508,-0.0482,-0.9975,0
314.000,Minmatar Citizen 9076035,Porpoise,26020,71375,61908,1045,-0.2044,-0.6044,-0.7700,0
314.000,Minmatar Citizen 6662812,Procurer,36000,59625,61627,289,0.1199,-0.7921,-0.5985,0
314.000,Caldari Citizen 3891005,Orca,35075,67115,52243,131,0.8359,0.0000,-0.5489,0
314.000,Caldari Citizen 8777524,Capsule,33200,49255,44133,0,,,,0
314.000,Minmatar Citizen 0254120,Porpoise,34960,61775,48556,1030,0.2346,0.8387,0.4914,0
314.000,Amarr Citizen 2674287,Orca,35440,57800,47877,114,-0.9318,-0.1562,-0.3277,0
314.000,Amarr Citizen 5054432,Prospect,29360,40400,-54606,1657,-0.0043,0.0881,0.9961,0
314.000,Amarr Citizen 4520313,Prospect,29980,42355,37460,1202,-0.6629,-0.1306,-0.7372,0
314.000,Minmatar Citizen 9978241,Retriever,37325,66905,49108,227,-0.8025,0.0000,0.5967,0
314.000,Minmatar Citizen 7162778,Covetor,33620,57700,47586,268,0.7024,0.7024,0.1158,0
314.000,Minmatar Citizen 9678938,Venture,35375,67380,48047,1554,0.3935,-0.7237,-0.5669,0
314.000,Minmatar Citizen 2250648,Capsule,16115,47740,100026,0,,,,0
314.000,Gallente Citizen 1635012,Venture,37325,66905,49108,297,-0.8159,0.3624,-0.4505,0
315.000,Caldari Citizen 9942864,Venture,35225,66905,50635,43,,,,0
315.000,Caldari Citizen 6206817,Skiff,48500,44575,33717,434,-0.0423,-0.5440,-0.8380,0
315.000,Minmatar Citizen 9745080,Capsule,32975,80260,60885,0,,,,0
315.000,Amarr Citizen 0220922,Porpoise,20275,77200,37055,185,0.6646,-0.4070,-0.6266,0
315.000,Minmatar Citizen 4351238,Retriever,45225,62040,52486,117,-0.7028,-0.7028,0.1100,0
315.000,Caldari Citizen 3216932,Endurance,32400,42575,56759,1062,0.0754,-0.0572,-0.9955,0
315.000,Minmatar Citizen 9076035,Porpoise,26240,71125,60512,1071,-0.2824,-0.5983,-0.7499,0
315.000,Minmatar Citizen 6662812,Procurer,36140,58700,60928,289,-0.1982,-0.8630,-0.4647,0
315.000,Caldari Citizen 3891005,Orca,35075,67115,52243,131,,,,0
315.000,Caldari Citizen 8777524,Capsule,33200,49255,44133,0,,,,0
315.000,Minmatar Citizen 0254120,Porpoise,34800,62640,49338,1039,0.3483,0.8493,0.3967,0
315.000,Amarr Citizen 2674287,Orca,35440,57800,47877,108,-0.7456,-0.3518,-0.5660,0
315.000,Amarr Citizen 5054432,Prospect,29600,40520,-53019,1736,-0.0568,-0.0031,0.9984,0
315.000,Amarr Citizen 4520313,Prospect,29345,42465,36119,1208,-0.6940,-0.1721,-0.6991,0
315.000,Minmatar Citizen 9978241,Retriever,36280,66905,49885,227,-0.8025,0.0000,0.5967,0
315.000,Minmatar Citizen 7162778,Covetor,34445,58525,47722,268,0.3185,0.8147,0.4846,0
315.000,Minmatar Citizen 9678938,Venture,35525,65800,48263,1366,0.6065,-0.7848,-0.1273,0
315.000,Minmatar Citizen 2250648,Capsule,16115,47740,100026,0,,,,0
315.000,Gallente Citizen 1635012,Venture,37325,67600,48146,238,-0.8252,0.5488,-0.1334,0
316.000,Caldari Citizen 9942864,Venture,35225,66905,50635,32,,,,0
316.000,Caldari Citizen 6206817,Skiff,49255,44575,32604,414,-0.1990,-0.6252,-0.7547,0
316.000,Minmatar Citizen 9745080,Capsule,32975,80260,60885,0,,,,0
316.000,Amarr Citizen 0220922,Porpoise,21440,77200,36393,187,0.8695,0.0000,-0.4939,0
316.000,Minmatar Citizen 4351238,Retriever,45225,62040,52486,119,-0.7028,-0.7028,0.1100,0
316.000,Caldari Citizen 3216932,Endurance,32600,41800,55848,1035,0.0063,-0.0238,-0.9997,0
316.000,Minmatar Citizen 9076035,Porpoise,25275,70160,60455,978,-0.3564,-0.5899,-0.7245,0
316.000,Minmatar Citizen 6662812,Procurer,36140,58700,60928,290,-0.3609,-0.8569,-0.3680,0
316.000,Caldari Citizen 3891005,Orca,35075,67115,52243,131,,,,0
316.000,Caldari Citizen 8777524,Capsule,33200,49255,44133,0,,,,0
316.000,Minmatar Citizen 0254120,Porpoise,35675,63515,49367,1041,0.3420,0.8996,0.2715,0
316.000,Amarr Citizen 2674287,Orca,35440,57800,47877,106,,,,0
316.000,Amarr Citizen 5054432,Prospect,28875,40640,-51948,1788,-0.0652,0.0344,0.9973,0
316.000,Amarr Citizen 4520313,Prospect,27815,41840,36328,1213,-0.7397,-0.1386,-0.6586,0
316.000,Minmatar Citizen 9978241,Retriever,36280,66905,49885,227,-0.8025,0.0000,0.5967,0
316.000,Minmatar Citizen 7162778,Covetor,34445,58525,47722,268,0.1951,0.8059,0.5591,0
316.000,Minmatar Citizen 9678938,Venture,36560,65800,47484,1238,0.6251,-0.6553,0.4240,0
316.000,Minmatar Citizen 2250648,Capsule,16115,47740,100026,0,,,,0
316.000,Gallente Citizen 1635012,Venture,36280,67600,48939,236,-0.8746,0.4847,-0.0073,0
317.000,Caldari Citizen 9942864,Venture,35225,66905,50635,26,,,,0
317.000,Caldari Citizen 6206817,Skiff,48520,43840,32448,391,-0.0465,-0.5322,-0.8453,0
317.000,Minmatar Citizen 9745080,Capsule,32975,80260,60885,0,,,,0
317.000,Amarr Citizen 0220922,Porpoise,21440,77200,36393,190,0.8695,0.0000,-0.4939,0
317.000,Minmatar Citizen 4351238,Retriever,45225,62040,52486,121,,,,0
317.000,Caldari Citizen 3216932,Endurance,31835,41900,54835,1028,-0.1178,-0.0809,-0.9897,0
317.000,Minmatar Citizen 9076035,Porpoise,25505,69920,59040,862,-0.3707,-0.5340,-0.7598,0
317.000,Minmatar Citizen 6662812,Procurer,36140,58700,60928,291,-0.5045,-0.8224,-0.2631,0
317.000,Caldari Citizen 3891005,Orca,35075,67115,52243,130,,,,0
317.000,Caldari Citizen 8777524,Capsule,33200,49255,44133,0,,,,0
317.000,Minmatar Citizen 0254120,Porpoise,35525,64400,50116,943,0.2793,0.9365,0.2119,0
317.000,Amarr Citizen 2674287,Orca,35440,57800,47877,104,,,,0
317.000,Amarr Citizen 5054432,Prospect,28420,40055,-49879,1857,-0.1356,0.0253,0.9904,0
317.000,Amarr Citizen 4520313,Prospect,27200,41960,34936,1220,-0.7455,-0.1328,-0.6531,0
317.000,Minmatar Citizen 9978241,Retriever,36280,66905,49885,227,,,,0
317.000,Minmatar Citizen 7162778,Covetor,34445,58525,47722,268,0.0674,0.9561,0.2851,0
317.000,Minmatar Citizen 9678938,Venture,36560,64400,49366,1177,0.2961,-0.2089,0.9320,0
317.000,Minmatar Citizen 2250648,Capsule,16115,47740,100026,0,,,,0
317.000,Gallente Citizen 1635012,Venture,36280,67600,48939,261,-0.9041,0.2247,0.3634,0
318.000,Caldari Citizen 9942864,Venture,35225,66905,50635,32,,,,0
318.000,Caldari Citizen 6206817,Skiff,48520,43840,32448,374,-0.1063,-0.7911,-0.6024,0
318.000,Minmatar Citizen 9745080,Capsule,32975,80260,60885,0,,,,0
318.000,Amarr Citizen 0220922,Porpoise,21440,77200,36393,193,0.6598,-0.3995,-0.6364,0
318.000,Minmatar Citizen 4351238,Retriever,45225,62040,52486,123,,,,0
318.000,Caldari Citizen 3216932,Endurance,32800,41900,54264,1041,-0.2925,-0.0157,-0.9561,0
318.000,Minmatar Citizen 9076035,Porpoise,24560,68975,58951,763,-0.4208,-0.5901,-0.6890,0
318.000,Minmatar Citizen 6662812,Procurer,35225,57785,60837,293,-0.7050,-0.7050,-0.0774,0
318.000,Caldari Citizen 3891005,Orca,35075,67115,52243,130,,,,0
318.000,Caldari Citizen 8777524,Capsule,33200,49255,44133,0,,,,0
318.000,Minmatar Citizen 0254120,Porpoise,36420,65295,50101,838,0.2308,0.9572,0.1747,0
318.000,Amarr Citizen 2674287,Orca,35440,57800,47877,103,,,,0
318.000,Amarr Citizen 5054432,Prospect,28680,40185,-48204,1917,-0.1374,0.0285,0.9901,0
318.000,Amarr Citizen 4520313,Prospect,26595,41355,34387,1229,-0.7819,-0.1464,-0.6059,0
318.000,Minmatar Citizen 9978241,Retriever,36280,66905,49885,227,,,,0
318.000,Minmatar Citizen 7162778,Covetor,33440,58525,48431,268,-0.1177,0.9909,0.0651,0
318.000,Minmatar Citizen 9678938,Venture,37455,64580,50265,1260,0.0501,0.2544,0.9658,0
318.000,Minmatar Citizen 2250648,Capsule,16115,47740,100026,0,,,,0
318.000,Gallente Citizen 1635012,Venture,36280,67600,48939,296,-0.8049,0.0000,0.5934,0
319.000,Caldari Citizen 9942864,Venture,35225,66905,50635,39,,,,0
319.000,Caldari Citizen 6206817,Skiff,48520,43840,32448,360,-0.1860,-0.9481,-0.2580,0
319.000,Minmatar Citizen 9745080,Capsule,32975,80260,60885,0,,,,0
319.000,Amarr Citizen 0220922,Porpoise,21440,77200,36393,196,0.2384,-0.7449,-0.6232,0
319.000,Minmatar Citizen 4351238,Retriever,45225,62040,52486,125,,,,0
319.000,Caldari Citizen 3216932,Endurance,32045,42000,53236,1057,-0.4442,-0.0063,-0.8959,0
319.000,Minmatar Citizen 9076035,Porpoise,23625,68745,58008,679,-0.3573,-0.4634,-0.8109,0
319.000,Minmatar Citizen 6662812,Procurer,35225,57785,60837,295,-0.5745,-0.6442,-0.5049,0
319.000,Caldari Citizen 3891005,Orca,35075,67115,52243,130,0.0000,0.6089,-0.7933,0
319.000,Caldari Citizen 8777524,Capsule,33200,49255,44133,0,,,,0
319.000,Minmatar Citizen 0254120,Porpoise,36280,66905,49885,736,0.1132,0.9736,0.1982,0
319.000,Amarr Citizen 2674287,Orca,35440,57800,47877,103,,,,0
319.000,Amarr Citizen 5054432,Prospect,28940,41120,-45778,1973,-0.1292,0.0834,0.9881,0
319.000,Amarr Citizen 4520313,Prospect,25085,41485,33626,1238,-0.7345,-0.0549,-0.6764,0
319.000,Minmatar Citizen 9978241,Retriever,36280,66905,49885,227,,,,0
319.000,Minmatar Citizen 7162778,Covetor,34275,59360,48555,268,-0.0016,0.9939,-0.1104,0
319.000,Minmatar Citizen 9678938,Venture,37325,65485,50986,1401,-0.2402,0.4710,0.8488,0
319.000,Minmatar Citizen 2250648,Capsule,16115,47740,100026,0,,,,0
319.000,Gallente Citizen 1635012,Venture,36280,67600,48939,329,-0.8097,0.0000,0.5869,0
320.000,Caldari Citizen 9942864,Venture,35225,66905,50635,44,,,,0
320.000,Caldari Citizen 6206817,Skiff,48540,43115,31128,349,0.0129,-0.9898,-0.1420,0
320.000,Minmatar Citizen 9745080,Capsule,32975,80260,60885,0,,,,0
320.000,Amarr Citizen 0220922,Porpoise,21440,77200,36393,199,0.2384,-0.7449,-0.6232,0
320.000,Minmatar Citizen 4351238,Retriever,45225,62040,52486,126,,,,0
320.000,Caldari Citizen 3216932,Endurance,31300,42100,52191,1073,-0.4305,-0.0542,-0.9010,0
320.000,Minmatar Citizen 9076035,Porpoise,24800,68745,57516,606,-0.1596,-0.3847,-0.9091,0
320.000,Minmatar Citizen 6662812,Procurer,35225,57785,60837,296,-0.3089,-0.4368,-0.8449,0
320.000,Caldari Citizen 3891005,Orca,35075,67115,52243,130,0.3405,0.4507,-0.8252,0
320.000,Caldari Citizen 8777524,Capsule,33200,49255,44133,0,,,,0
320.000,Minmatar Citizen 0254120,Porpoise,36280,66905,49885,644,0.2000,0.9695,0.1417,0
320.000,Amarr Citizen 2674287,Orca,35440,57800,47877,104,,,,0
320.000,Amarr Citizen 5054432,Prospect,27600,40575,-44135,2018,-0.1211,0.1353,0.9834,0
320.000,Amarr Citizen 4520313,Prospect,24500,41615,32124,1271,-0.8144,-0.0619,-0.5769,0
320.000,Minmatar Citizen 9978241,Retriever,36280,66905,49885,226,,,,0
320.000,Minmatar Citizen 7162778,Covetor,34275,60075,47668,268,0.1300,0.9486,-0.2887,0
320.000,Minmatar Citizen 9678938,Venture,36140,66400,52430,1488,-0.3903,0.7535,0.5290,0
320.000,Minmatar Citizen 2250648,Capsule,16115,47740,100026,0,,,,0
320.000,Gallente Citizen 1635012,Venture,35225,67600,49704,358,-0.8097,0.0000,0.5869,0
321.000,Caldari Citizen 9942864,Venture,35225,66905,50635,47,,,,0
321.000,Caldari Citizen 6206817,Skiff,48540,42300,32227,341,-0.1881,-0.9803,-0.0612,0
321.000,Minmatar Citizen 9745080,Capsule,32975,80260,60885,0,,,,0
321.000,Amarr Citizen 0220922,Porpoise,21720,76325,35661,202,0.2384,-0.7449,-0.6232,0
321.000,Minmatar Citizen 4351238,Retriever,45225,62040,52486,127,0.0000,0.6401,-0.7683,0
321.000,Caldari Citizen 3216932,Endurance,30565,42200,51127,1087,-0.4415,0.0015,-0.8972,0
321.000,Minmatar Citizen 9076035,Porpoise,23875,67820,57397,541,0.0408,-0.3274,-0.9440,0
321.000,Minmatar Citizen 6662812,Procurer,34320,56880,60719,298,0.0988,-0.0593,-0.9933,0
321.000,Caldari Citizen 3891005,Orca,35075,67820,51324,130,0.2703,0.1556,-0.9501,0
321.000,Caldari Citizen 8777524,Capsule,33200,49255,44133,0,,,,0
321.000,Minmatar Citizen 0254120,Porpoise,36140,67820,50580,563,0.0107,0.9410,0.3381,0
321.000,Amarr Citizen 2674287,Orca,35440,57800,47877,105,,,,0
321.000,Amarr Citizen 5054432,Prospect,27880,40705,-42318,2053,-0.1883,0.0970,0.9773,0
321.000,Amarr Citizen 4520313,Prospect,23000,41040,32183,1146,-0.8484,-0.0356,-0.5282,0
321.000,Minmatar Citizen 9978241,Retriever,36280,66905,49885,226,-0.8149,0.0000,0.5797,0
321.000,Minmatar Citizen 7162778,Covetor,34275,60075,47668,268,0.4718,0.8064,-0.3566,0
321.000,Minmatar Citizen 9678938,Venture,36000,67325,53107,1498,-0.6224,0.7586,0.1929,0
321.000,Minmatar Citizen 2250648,Capsule,16115,47740,100026,0,,,,0
321.000,Gallente Citizen 1635012,Venture,35225,67600,49704,380,-0.8143,0.0000,0.5804,0
322.000,Caldari Citizen 9942864,Venture,35225,66905,50635,49,,,,0
322.000,Caldari Citizen 6206817,Skiff,48540,42300,32227,323,-0.3366,-0.9407,0.0417,0
322.000,Minmatar Citizen 9745080,Capsule,32975,80260,60885,0,,,,0
322.000,Amarr Citizen 0220922,Porpoise,21720,76325,35661,204,0.2384,-0.7449,-0.6232,0
322.000,Minmatar Citizen 4351238,Retriever,45225,62040,52486,128,-0.4431,0.3090,-0.8415,0
322.000,Caldari Citizen 3216932,Endurance,29840,41475,50729,1096,-0.3925,-0.0334,-0.9192,0
322.000,Minmatar Citizen 9076035,Porpoise,23875,68515,56566,497,0.1106,-0.4229,-0.8994,0
322.000,Minmatar Citizen 6662812,Procurer,35375,57695,59329,299,-0.0916,-0.2414,-0.9661,0
322.000,Caldari Citizen 3891005,Orca,35075,67820,51324,130,0.2010,-0.1163,-0.9727,0
322.000,Caldari Citizen 8777524,Capsule,33200,49255,44133,0,,,,0
322.000,Minmatar Citizen 0254120,Porpoise,36140,67820,50580,507,0.1592,0.8833,0.4409,0
322.000,Amarr Citizen 2674287,Orca,35440,57800,47877,106,,,,0
322.000,Amarr Citizen 5054432,Prospect,27235,41600,-40295,2080,-0.2407,0.0569,0.9689,0
322.000,Amarr Citizen 4520313,Prospect,23000,41745,31263,1050,-0.8736,-0.0470,-0.4843,0
322.000,Minmatar Citizen 9978241,Retriever,36280,66905,49885,184,-0.8149,0.0000,0.5797,0
322.000,Minmatar Citizen 7162778,Covetor,34275,60075,47668,268,0.1821,0.9832,-0.0072,0
322.000,Minmatar Citizen 9678938,Venture,34925,68040,52913,1406,-0.7639,0.5938,-0.2527,0
322.000,Minmatar Citizen 2250648,Capsule,16115,47740,100026,0,,,,0
322.000,Gallente Citizen 1635012,Venture,35225,67600,49704,394,-0.6869,-0.1687,0.7070,0
323.000,Caldari Citizen 9942864,Venture,35225,66905,50635,51,,,,0
323.000,Caldari Citizen 6206817,Skiff,48540,42300,32227,294,-0.6917,-0.6917,-0.2073,0
323.000,Minmatar Citizen 9745080,Capsule,32975,80260,60885,0,,,,0
323.000,Amarr Citizen 0220922,Porpoise,21720,76325,35661,169,,,,0
323.000,Minmatar Citizen 4351238,Retriever,45225,62825,51543,128,-0.6779,0.0125,-0.7350,0
323.000,Caldari Citizen 3216932,Endurance,30080,41585,49060,1105,-0.3725,-0.0361,-0.9273,0
323.000,Minmatar Citizen 9076035,Porpoise,25040,68515,56060,447,-0.3050,-0.4166,-0.8564,0
323.000,Minmatar Citizen 6662812,Procurer,35375,57695,59329,300,-0.2201,-0.3580,-0.9074,0
323.000,Caldari Citizen 3891005,Orca,36140,67820,50580,130,0.1165,-0.4369,-0.8920,0
323.000,Caldari Citizen 8777524,Capsule,33200,49255,44133,0,,,,0
323.000,Minmatar Citizen 0254120,Porpoise,37065,68745,50491,443,0.2348,0.8919,0.3865,0
323.000,Amarr Citizen 2674287,Orca,35440,57800,47877,108,-0.2274,-0.8017,-0.5527,0
323.000,Amarr Citizen 5054432,Prospect,27525,41720,-38351,1995,-0.2162,0.0345,0.9757,0
323.000,Amarr Citizen 4520313,Prospect,21500,41180,31272,950,-0.9541,-0.0356,-0.2972,0
323.000,Minmatar Citizen 9978241,Retriever,35225,66905,50635,137,-0.8149,0.0000,0.5797,0
323.000,Minmatar Citizen 7162778,Covetor,34275,60075,47668,268,-0.0008,0.7730,0.6344,0
323.000,Minmatar Citizen 9678938,Venture,34925,68745,51994,1273,-0.5375,0.2348,-0.8099,0
323.000,Minmatar Citizen 2250648,Capsule,16115,47740,100026,0,,,,0
323.000,Gallente Citizen 1635012,Venture,35225,67600,49704,408,-0.5515,-0.2999,0.7784,0
324.000,Caldari Citizen 9942864,Venture,35225,66905,50635,52,,,,0
324.000,Caldari Citizen 6206817,Skiff,47825,41585,32007,278,-0.5358,-0.0269,-0.8439,0
324.000,Minmatar Citizen 9745080,Capsule,32975,80260,60885,0,,,,0
324.000,Amarr Citizen 0220922,Porpoise,21720,76325,35661,137,,,,0
324.000,Minmatar Citizen 4351238,Retriever,45225,62825,51543,129,-0.7928,-0.2321,-0.5635,0
324.000,Caldari Citizen 3216932,Endurance,30080,42400,48357,1111,-0.3892,-0.0031,-0.9212,0
324.000,Minmatar Citizen 9076035,Porpoise,24125,67600,55939,405,-0.3410,-0.3667,-0.8656,0
324.000,Minmatar Citizen 6662812,Procurer,35375,57695,59329,300,-0.3614,-0.4794,-0.7998,0
324.000,Caldari Citizen 3891005,Orca,35225,66905,50635,130,-0.0256,-0.8505,-0.5253,0
324.000,Caldari Citizen 8777524,Capsule,33200,49255,44133,0,,,,0
324.000,Minmatar Citizen 0254120,Porpoise,36000,68745,51255,388,0.3348,0.8911,0.3064,0
324.000,Amarr Citizen 2674287,Orca,35440,57800,47877,109,-0.0038,-0.7448,-0.6673,0
324.000,Amarr Citizen 5054432,Prospect,26285,41225,-36477,1899,-0.2748,-0.0547,0.9599,0
324.000,Amarr Citizen 4520313,Prospect,21500,41180,31272,878,-0.9677,0.0059,-0.2521,0
324.000,Minmatar Citizen 9978241,Retriever,35225,66905,50635,101,-0.8149,0.0000,0.5797,0
324.000,Minmatar Citizen 7162778,Covetor,35120,60920,47753,268,-0.1433,0.7122,0.6871,0
324.000,Minmatar Citizen 9678938,Venture,34000,68515,51124,1211,-0.2869,-0.1621,-0.9442,0
324.000,Minmatar Citizen 2250648,Capsule,16115,47740,100026,0,,,,0
324.000,Gallente Citizen 1635012,Venture,34160,67600,50441,418,-0.5100,-0.3328,0.7931,0
325.000,Caldari Citizen 9942864,Venture,35225,66905,50635,53,0.0000,-0.6090,0.7932,0
325.000,Caldari Citizen 6206817,Skiff,47825,41585,32007,273,-0.4194,0.1543,-0.8946,0
325.000,Minmatar Citizen 9745080,Capsule,32975,80260,60885,0,,,,0
325.000,Amarr Citizen 0220922,Porpoise,21720,76325,35661,120,,,,0
325.000,Minmatar Citizen 4351238,Retriever,44300,61900,51671,129,-0.8250,-0.4749,-0.3063,0
325.000,Caldari Citizen 3216932,Endurance,29375,41695,47944,1116,-0.4648,-0.0227,-0.8852,0
325.000,Minmatar Citizen 9076035,Porpoise,24125,67600,55939,370,-0.5484,-0.4966,-0.6728,0
325.000,Minmatar Citizen 6662812,Procurer,34480,56800,59211,300,-0.7040,-0.7040,-0.0930,0
325.000,Caldari Citizen 3891005,Orca,35225,66905,50635,129,-0.2672,-0.8859,-0.3791,0
325.000,Caldari Citizen 8777524,Capsule,33200,49255,44133,0,,,,0
325.000,Minmatar Citizen 0254120,Porpoise,36935,69680,51152,340,-0.0167,0.8492,0.5278,0
325.000,Amarr Citizen 2674287,Orca,34615,56975,47746,111,0.1330,-0.6858,-0.7155,0
325.000,Amarr Citizen 5054432,Prospect,25680,41355,-35076,1829,-0.3152,-0.1531,0.9366,0
325.000,Amarr Citizen 4520313,Prospect,20000,41320,30293,833,-0.9886,-0.1036,-0.1095,0
325.000,Minmatar Citizen 9978241,Retriever,35225,66905,50635,75,,,,0
325.000,Minmatar Citizen 7162778,Covetor,34105,60920,48483,268,0.0826,0.8011,0.5928,0
325.000,Minmatar Citizen 9678938,Venture,33085,68285,50235,1251,0.0477,-0.5612,-0.8263,0
325.000,Minmatar Citizen 2250648,Capsule,16115,47740,100026,0,,,,0
325.000,Gallente Citizen 1635012,Venture,34160,66905,51360,427,-0.4664,-0.3652,0.8057,0
326.000,Caldari Citizen 9942864,Venture,35225,66905,50635,54,0.0000,-0.6090,0.7932,0
326.000,Caldari Citizen 6206817,Skiff,47825,42400,30919,274,-0.4732,0.0700,-0.8782,0
326.000,Minmatar Citizen 9745080,Capsule,32975,80260,60885,0,,,,0
326.000,Amarr Citizen 0220922,Porpoise,21720,76325,35661,121,,,,0
326.000,Minmatar Citizen 4351238,Retriever,44300,61900,51671,128,-0.7038,-0.7038,0.0972,0
326.000,Caldari Citizen 3216932,Endurance,28680,41805,46806,1120,-0.5816,-0.0940,-0.8080,0
326.000,Minmatar Citizen 9076035,Porpoise,23220,67380,54962,332,-0.7397,-0.3678,-0.5636,0
326.000,Minmatar Citizen 6662812,Procurer,34480,56800,59211,300,-0.7769,-0.5138,-0.3639,0
326.000,Caldari Citizen 3891005,Orca,35225,66905,50635,129,,,,0
326.000,Caldari Citizen 8777524,Capsule,33200,49255,44133,0,,,,0
326.000,Minmatar Citizen 0254120,Porpoise,36935,69680,51152,299,-0.4721,0.5666,0.6754,0
326.000,Amarr Citizen 2674287,Orca,35600,56975,47016,112,0.2645,-0.6113,-0.7459,0
326.000,Amarr Citizen 5054432,Prospect,25415,40900,-32331,1800,-0.4338,-0.2128,0.8755,0
326.000,Amarr Citizen 4520313,Prospect,19045,41320,30902,804,-0.9963,-0.0851,-0.0154,0
326.000,Minmatar Citizen 9978241,Retriever,35225,66905,50635,53,,,,0
326.000,Minmatar Citizen 7162778,Covetor,34105,60920,48483,268,0.2110,0.8282,0.5192,0
326.000,Minmatar Citizen 9678938,Venture,34320,67380,48806,1345,0.3416,-0.7911,-0.5075,0
326.000,Minmatar Citizen 2250648,Capsule,16115,47740,100026,0,,,,0
326.000,Gallente Citizen 1635012,Venture,34160,66905,51360,434,-0.2947,-0.2281,0.9280,0
327.000,Caldari Citizen 9942864,Venture,35225,66200,51553,83,0.4410,-0.2386,0.8652,0
327.000,Caldari Citizen 6206817,Skiff,47825,42400,30919,278,-0.4677,0.0730,-0.8808,0
327.000,Minmatar Citizen 9745080,Capsule,32975,80260,60885,0,,,,0
327.000,Amarr Citizen 0220922,Porpoise,21720,76325,35661,129,,,,0
327.000,Minmatar Citizen 4351238,Retriever,44300,61900,51671,128,,,,0
327.000,Caldari Citizen 3216932,Endurance,27995,41915,45644,1105,-0.5817,-0.1220,-0.8042,0
327.000,Minmatar Citizen 9076035,Porpoise,23220,67380,54962,299,-0.7382,-0.3875,-0.5522,0
327.000,Minmatar Citizen 6662812,Procurer,34480,56800,59211,301,-0.7738,-0.3357,-0.5372,0
327.000,Caldari Citizen 3891005,Orca,35225,66905,50635,129,,,,0
327.000,Caldari Citizen 8777524,Capsule,33200,49255,44133,0,,,,0
327.000,Minmatar Citizen 0254120,Porpoise,36935,69680,51152,264,-0.1174,0.8175,0.5638,0
327.000,Amarr Citizen 2674287,Orca,35600,56975,47016,114,0.4592,-0.4639,-0.7576,0
327.000,Amarr Citizen 5054432,Prospect,24840,40325,-31715,1792,-0.4963,-0.2852,0.8200,0
327.000,Amarr Citizen 4520313,Prospect,19045,41320,30902,788,-0.9893,-0.1215,0.0814,0
327.000,Minmatar Citizen 9978241,Retriever,35225,66905,50635,38,,,,0
327.000,Minmatar Citizen 7162778,Covetor,34105,60920,48483,268,0.3402,0.8371,0.4285,0
327.000,Minmatar Citizen 9678938,Venture,34480,66485,48082,1430,0.6406,-0.7558,-0.1358,0
327.000,Minmatar Citizen 2250648,Capsule,16115,47740,100026,0,,,,0
327.000,Gallente Citizen 1635012,Venture,34160,66905,51360,403,0.2701,-0.1153,0.9559,0
328.000,Caldari Citizen 9942864,Venture,35225,66200,51553,109,0.7123,0.1635,0.6825,0
328.000,Caldari Citizen 6206817,Skiff,47825,42400,30919,283,-0.4628,0.0689,-0.8838,0
328.000,Minmatar Citizen 9745080,Capsule,32975,80260,60885,0,,,,0
328.000,Amarr Citizen 0220922,Porpoise,21720,76325,35661,139,-0.7060,-0.7060,-0.0559,0
328.000,Minmatar Citizen 4351238,Retriever,44300,61900,51671,128,,,,0
328.000,Caldari Citizen 3216932,Endurance,27320,41240,45187,1099,-0.6480,-0.1134,-0.7532,0
328.000,Minmatar Citizen 9076035,Porpoise,23220,67380,54962,273,-0.7484,-0.5345,-0.3928,0
328.000,Minmatar Citizen 6662812,Procurer,34480,56800,59211,302,-0.6933,-0.0627,-0.7179,0
328.000,Caldari Citizen 3891005,Orca,35225,66905,50635,128,,,,0
328.000,Caldari Citizen 8777524,Capsule,33200,49255,44133,0,,,,0
328.000,Minmatar Citizen 0254120,Porpoise,35860,69680,51911,235,-0.2693,0.7377,0.6190,0
328.000,Amarr Citizen 2674287,Orca,35600,56975,47016,115,,,,0
328.000,Amarr Citizen 5054432,Prospect,23720,39920,-29475,1734,-0.5639,-0.3641,0.7413,0
328.000,Amarr Citizen 4520313,Prospect,17535,40775,30756,783,-0.9536,-0.1504,0.2608,0
328.000,Minmatar Citizen 9978241,Retriever,35225,66905,50635,72,0.8149,0.0000,-0.5797,0
328.000,Minmatar Citizen 7162778,Covetor,34960,61775,48556,268,0.3365,0.8399,0.4259,0
328.000,Minmatar Citizen 9678938,Venture,35525,65105,49197,1465,0.7176,-0.6219,0.3136,0
328.000,Minmatar Citizen 2250648,Capsule,16115,47740,100026,0,,,,0
328.000,Gallente Citizen 1635012,Venture,34160,66905,51360,330,0.5840,0.1667,0.7944,0
329.000,Caldari Citizen 9942864,Venture,35225,66200,51553,129,0.7940,0.4881,0.3624,0
329.000,Caldari Citizen 6206817,Skiff,47120,41695,30680,287,-0.5135,-0.0249,-0.8577,0
329.000,Minmatar Citizen 9745080,Capsule,32975,80260,60885,0,,,,0
329.000,Amarr Citizen 0220922,Porpoise,21720,76325,35661,150,-0.7060,-0.7060,-0.0559,0
329.000,Minmatar Citizen 4351238,Retriever,44300,61900,51671,128,,,,0
329.000,Caldari Citizen 3216932,Endurance,26655,41360,43987,1102,-0.6918,-0.1321,-0.7099,0
329.000,Minmatar Citizen 9076035,Porpoise,23220,67380,54962,252,-0.7010,-0.7010,-0.1315,0
329.000,Minmatar Citizen 6662812,Procurer,33595,56720,58294,302,-0.7625,-0.2984,-0.5741,0
329.000,Caldari Citizen 3891005,Orca,35225,66905,50635,111,,,,0
329.000,Caldari Citizen 8777524,Capsule,33200,49255,44133,0,,,,0
329.000,Minmatar Citizen 0254120,Porpoise,35860,69680,51911,212,0.0456,0.8773,0.4777,0
329.000,Amarr Citizen 2674287,Orca,35600,56975,47016,116,,,,0
329.000,Amarr Citizen 5054432,Prospect,22260,39375,-29497,1675,-0.6714,-0.4133,0.6151,0
329.000,Amarr Citizen 4520313,Prospect,16560,40775,31292,789,-0.9507,-0.1216,0.2854,0
329.000,Minmatar Citizen 9978241,Retriever,35225,66905,50635,146,0.8149,0.0000,-0.5797,0
329.000,Minmatar Citizen 7162778,Covetor,34960,61775,48556,268,0.2124,0.8363,0.5055,0
329.000,Minmatar Citizen 9678938,Venture,36560,64400,49366,1448,0.6733,-0.2236,0.7047,0
329.000,Minmatar Citizen 2250648,Capsule,16115,47740,100026,0,,,,0
329.000,Gallente Citizen 1635012,Venture,34000,67115,52949,270,0.7099,0.1629,0.6852,0
330.000,Caldari Citizen 9942864,Venture,36140,67115,51512,144,0.7067,0.7067,-0.0321,0
330.000,Caldari Citizen 6206817,Skiff,47120,41695,30680,292,-0.5388,-0.0749,-0.8391,0
330.000,Minmatar Citizen 9745080,Capsule,32975,80260,60885,0,,,,0
330.000,Amarr Citizen 0220922,Porpoise,20855,75460,35593,159,-0.7060,-0.7060,-0.0559,0
330.000,Minmatar Citizen 4351238,Retriever,44300,61900,51671,127,,,,0
330.000,Caldari Citizen 3216932,Endurance,26000,41480,42760,1107,-0.6929,-0.1024,-0.7137,0
330.000,Minmatar Citizen 9076035,Porpoise,22325,66485,54794,237,-0.7010,-0.7010,-0.1315,0
330.000,Minmatar Citizen 6662812,Procurer,33595,56720,58294,303,-0.7744,-0.4202,-0.4730,0
330.000,Caldari Citizen 3891005,Orca,35225,66905,50635,102,,,,0
330.000,Caldari Citizen 8777524,Capsule,33200,49255,44133,0,,,,0
330.000,Minmatar Citizen 0254120,Porpoise,36805,70625,51793,194,-0.1175,0.8228,0.5560,0
330.000,Amarr Citizen 2674287,Orca,35600,56975,47016,117,0.0000,0.6305,-0.7762,0
330.000,Amarr Citizen 5054432,Prospect,21200,38315,-28045,1640,-0.7282,-0.4251,0.5377,0
330.000,Amarr Citizen 4520313,Prospect,16560,40775,31292,801,-0.9322,-0.0654,0.3560,0
330.000,Minmatar Citizen 9978241,Retriever,36280,66905,49885,127,0.9189,-0.3070,-0.2478,0
330.000,Minmatar Citizen 7162778,Covetor,34960,61775,48556,268,0.0875,0.8146,0.5733,0
330.000,Minmatar Citizen 9678938,Venture,37455,64580,50265,1417,0.4792,0.1291,0.8682,0
330.000,Minmatar Citizen 2250648,Capsule,16115,47740,100026,0,,,,0
330.000,Gallente Citizen 1635012,Venture,35075,67115,52243,248,0.7871,0.1575,0.5963,0
331.000,Caldari Citizen 9942864,Venture,36140,67115,51512,155,0.7067,0.7067,-0.0321,0
331.000,Caldari Citizen 6206817,Skiff,47120,42500,29554,296,-0.5357,-0.0728,-0.8413,0
331.000,Minmatar Citizen 9745080,Capsule,32975,80260,60885,0,,,,0
331.000,Amarr Citizen 0220922,Porpoise,20855,75460,35593,168,-0.6944,-0.4656,-0.5487,0
331.000,Minmatar Citizen 4351238,Retriever,44300,61900,51671,127,-0.8171,-0.4019,-0.4133,0
331.000,Caldari Citizen 3216932,Endurance,24400,40835,42815,1112,-0.7475,-0.0448,-0.6628,0
331.000,Minmatar Citizen 9076035,Porpoise,22325,66485,54794,225,-0.7010,-0.7010,-0.1315,0
331.000,Minmatar Citizen 6662812,Procurer,33595,56720,58294,303,-0.7666,-0.5324,-0.3589,0
331.000,Caldari Citizen 3891005,Orca,35225,66905,50635,94,,,,0
331.000,Caldari Citizen 8777524,Capsule,33200,49255,44133,0,,,,0
331.000,Minmatar Citizen 0254120,Porpoise,36805,70625,51793,180,-0.1220,0.8234,0.5542,0
331.000,Amarr Citizen 2674287,Orca,35600,56975,47016,118,-0.3741,0.2914,-0.8804,0
331.000,Amarr Citizen 5054432,Prospect,20685,37800,-27282,1626,-0.7334,-0.4556,0.5046,0
331.000,Amarr Citizen 4520313,Prospect,15575,40775,31793,828,-0.9040,0.0000,0.4274,0
331.000,Minmatar Citizen 9978241,Retriever,36280,66905,49885,115,0.8231,-0.5500,0.1415,0
331.000,Minmatar Citizen 7162778,Covetor,33935,61775,49277,268,-0.1359,0.7350,0.6643,0
331.000,Minmatar Citizen 9678938,Venture,37325,64760,51904,1413,0.0893,0.4570,0.8849,0
331.000,Minmatar Citizen 2250648,Capsule,16115,47740,100026,0,,,,0
331.000,Gallente Citizen 1635012,Venture,35075,67115,52243,258,0.9308,0.1346,0.3398,0
332.000,Caldari Citizen 9942864,Venture,36140,67115,51512,163,,,,0
332.000,Caldari Citizen 6206817,Skiff,47120,42500,29554,299,-0.5013,-0.0174,-0.8651,0
332.000,Minmatar Citizen 9745080,Capsule,32975,80260,60885,0,,,,0
332.000,Amarr Citizen 0220922,Porpoise,20855,75460,35593,163,-0.4374,-0.0371,-0.8985,0
332.000,Minmatar Citizen 4351238,Retriever,44300,61900,51671,127,-0.7815,-0.2299,-0.5800,0
332.000,Caldari Citizen 3216932,Endurance,23765,40965,41546,1117,-0.7686,-0.0291,-0.6390,0
332.000,Minmatar Citizen 9076035,Porpoise,22325,66485,54794,216,,,,0
332.000,Minmatar Citizen 6662812,Procurer,32720,55845,58136,300,-0.7014,-0.7014,-0.1272,0
332.000,Caldari Citizen 3891005,Orca,35225,66905,50635,85,0.8149,0.0000,-0.5797,0
332.000,Caldari Citizen 8777524,Capsule,33200,49255,44133,0,,,,0
332.000,Minmatar Citizen 0254120,Porpoise,36805,70625,51793,170,-0.5890,0.4543,0.6684,0
332.000,Amarr Citizen 2674287,Orca,35600,57700,46123,119,-0.5601,0.0378,-0.8276,0
332.000,Amarr Citizen 5054432,Prospect,18760,36800,-26359,1631,-0.7336,-0.4379,0.5197,0
332.000,Amarr Citizen 4520313,Prospect,14580,40775,32262,853,-0.9112,0.0000,0.4120,0
332.000,Minmatar Citizen 9978241,Retriever,36280,66905,49885,124,0.5064,-0.6768,0.5343,0
332.000,Minmatar Citizen 7162778,Covetor,34800,62640,49338,268,0.0099,0.7943,0.6075,0
332.000,Minmatar Citizen 9678938,Venture,38120,66600,52539,1435,-0.2539,0.6080,0.7522,0
332.000,Minmatar Citizen 2250648,Capsule,16115,47740,100026,0,,,,0
332.000,Gallente Citizen 1635012,Venture,35075,67115,52243,266,0.8291,0.0000,-0.5591,0
333.000,Caldari Citizen 9942864,Capsule,36140,67115,51512,0,,,,0
333.000,Caldari Citizen 6206817,Skiff,46425,41805,29293,301,-0.4415,0.0667,-0.8948,0
333.000,Minmatar Citizen 9745080,Capsule,32975,80260,60885,0,,,,0
333.000,Amarr Citizen 0220922,Porpoise,20855,75460,35593,163,0.0000,0.4205,-0.9073,0
333.000,Minmatar Citizen 4351238,Retriever,43385,60985,51765,126,-0.7345,-0.1124,-0.6692,0
333.000,Caldari Citizen 3216932,Endurance,23140,41095,40246,1119,-0.8197,-0.0540,-0.5702,0
333.000,Minmatar Citizen 9076035,Porpoise,22325,66485,54794,210,,,,0
333.000,Minmatar Citizen 6662812,Procurer,32720,55845,58136,300,-0.7658,-0.5038,-0.3997,0
333.000,Caldari Citizen 3891005,Orca,35225,66905,50635,78,0.8149,0.0000,-0.5797,0
333.000,Caldari Citizen 8777524,Capsule,33200,49255,44133,0,,,,0
333.000,Minmatar Citizen 0254120,Porpoise,35720,70625,52547,165,-0.8211,0.0000,0.5708,0
333.000,Amarr Citizen 2674287,Orca,35600,57700,46123,120,-0.6705,-0.1734,-0.7214,0
333.000,Amarr Citizen 5054432,Prospect,17340,36315,-26164,1648,-0.7900,-0.4045,0.4608,0
333.000,Amarr Citizen 4520313,Prospect,13575,40775,32697,880,-0.9143,0.0000,0.4049,0
333.000,Minmatar Citizen 9978241,Retriever,36280,66200,50817,141,0.0000,-0.6033,0.7975,0
333.000,Minmatar Citizen 7162778,Covetor,34800,62640,49338,268,0.4637,0.8316,0.3058,0
333.000,Minmatar Citizen 9678938,Venture,37065,66600,53288,1456,-0.4689,0.6749,0.5697,0
333.000,Minmatar Citizen 2250648,Capsule,16115,47740,100026,0,,,,0
334.000,Caldari Citizen 9942864,Capsule,36140,67115,51512,0,,,,0
334.000,Caldari Citizen 6206817,Skiff,46425,41805,29293,304,-0.4362,0.0628,-0.8977,0
334.000,Minmatar Citizen 9745080,Capsule,32975,80260,60885,0,,,,0
334.000,Amarr Citizen 0220922,Porpoise,20855,75935,34568,166,0.0000,0.4205,-0.9073,0
334.000,Minmatar Citizen 4351238,Retriever,43385,61760,50837,125,-0.6680,0.0110,-0.7440,0
334.000,Caldari Citizen 3216932,Endurance,22175,41095,40786,1078,-0.8414,0.0332,-0.5395,0
334.000,Minmatar Citizen 9076035,Porpoise,22325,66485,54794,205,-0.6487,-0.1539,-0.7453,0
334.000,Minmatar Citizen 6662812,Procurer,32720,55845,58136,300,-0.7567,-0.3239,-0.5679,0
334.000,Caldari Citizen 3891005,Orca,36280,66905,49885,79,0.8149,0.0000,-0.5797,0
334.000,Caldari Citizen 8777524,Capsule,33200,49255,44133,0,,,,0
334.000,Minmatar Citizen 0254120,Porpoise,35720,70625,52547,246,-0.8255,0.0000,0.5644,0
334.000,Amarr Citizen 2674287,Orca,34785,56885,45990,121,-0.7426,-0.4123,-0.5278,0
334.000,Amarr Citizen 5054432,Prospect,16400,35375,-24406,1516,-0.8261,-0.3755,0.4203,0
334.000,Amarr Citizen 4520313,Capsule,12560,40775,33101,0,-0.9201,0.0000,0.3917,0
334.000,Minmatar Citizen 9978241,Retriever,36280,66200,50817,106,0.0000,-0.6033,0.7975,0
334.000,Minmatar Citizen 7162778,Covetor,34800,62640,49338,201,0.7067,0.7067,0.0334,0
334.000,Minmatar Citizen 9678938,Venture,35860,67535,54673,1821,-0.6086,0.6737,0.4191,0
334.000,Minmatar Citizen 2250648,Capsule,16115,47740,100026,0,,,,0
335.000,Caldari Citizen 9942864,Capsule,36140,67115,51512,0,,,,0
335.000,Caldari Citizen 6206817,Skiff,46425,41805,29293,305,-0.4307,0.0655,-0.9001,0
335.000,Minmatar Citizen 9745080,Capsule,32975,80260,60885,0,,,,0
335.000,Amarr Citizen 0220922,Porpoise,20855,75935,34568,170,0.0000,0.4205,-0.9073,0
335.000,Minmatar Citizen 4351238,Retriever,43385,61760,50837,124,-0.5208,0.2144,-0.8263,0
335.000,Caldari Citizen 3216932,Endurance,21560,41225,39455,1057,-0.9441,0.0413,-0.3270,0
335.000,Minmatar Citizen 9076035,Porpoise,22325,66485,54794,202,-0.6487,-0.1539,-0.7453,0
335.000,Minmatar Citizen 6662812,Procurer,32720,55845,58136,301,-0.6730,-0.0545,-0.7376,0
335.000,Caldari Citizen 3891005,Orca,36280,66905,49885,153,0.8149,0.0000,-0.5797,0
335.000,Caldari Citizen 8777524,Capsule,33200,49255,44133,0,,,,0
335.000,Minmatar Citizen 0254120,Porpoise,35720,70625,52547,338,-0.9582,-0.0621,0.2793,0
335.000,Amarr Citizen 2674287,Orca,34785,56885,45990,122,-0.7024,-0.7024,-0.1146,0
335.000,Amarr Citizen 5054432,Prospect,15000,34920,-24096,1417,-0.8776,-0.3904,0.2782,0
335.000,Amarr Citizen 4520313,Capsule,12560,40775,33101,0,-0.7433,0.1883,0.6420,0
335.000,Minmatar Citizen 9978241,Retriever,36280,66200,50817,78,,,,0
335.000,Minmatar Citizen 7162778,Covetor,34800,62640,49338,150,0.7069,0.7069,0.0241,0
335.000,Minmatar Citizen 9678938,Venture,34625,69205,55107,2110,-0.6894,0.6138,0.3847,0
335.000,Minmatar Citizen 2250648,Capsule,16115,47740,100026,0,,,,0
335.000,Gallente Citizen 1635012,Venture,36140,67115,51512,292,-0.2156,-0.1547,-0.9641,0
336.000,Caldari Citizen 9942864,Capsule,36140,67115,51512,0,,,,0
336.000,Caldari Citizen 6206817,Skiff,46425,42600,28124,307,-0.3720,0.1461,-0.9167,0
336.000,Minmatar Citizen 9745080,Capsule,32975,80260,60885,0,,,,0
336.000,Amarr Citizen 0220922,Porpoise,20855,75935,34568,176,,,,0
336.000,Minmatar Citizen 4351238,Retriever,43385,61760,50837,124,,,,0
336.000,Caldari Citizen 3216932,Endurance,19980,40620,39380,1013,-0.9741,0.1196,-0.1917,0
336.000,Minmatar Citizen 9076035,Porpoise,21440,66275,53777,200,-0.6487,-0.1539,-0.7453,0
336.000,Minmatar Citizen 6662812,Procurer,31855,55775,57187,299,-0.6730,-0.0545,-0.7376,0
336.000,Caldari Citizen 3891005,Orca,36280,66905,49885,230,0.5699,-0.4316,-0.6992,0
336.000,Caldari Citizen 8777524,Capsule,33200,49255,44133,0,,,,0
336.000,Minmatar Citizen 0254120,Porpoise,35720,70625,52547,425,-0.9938,-0.1100,0.0130,0
336.000,Amarr Citizen 2674287,Orca,34785,56885,45990,123,,,,0
336.000,Amarr Citizen 5054432,Prospect,13600,34475,-23717,1354,-0.9236,-0.3740,0.0837,0
336.000,Amarr Citizen 4520313,Capsule,12560,40775,33101,187,-0.0564,0.4805,0.8752,0
336.000,Minmatar Citizen 9978241,Retriever,36280,66200,50817,57,,,,0
336.000,Minmatar Citizen 7162778,Covetor,35675,63515,49367,108,0.3489,0.8539,0.3862,0
336.000,Minmatar Citizen 9678938,Venture,33360,70875,55496,2333,-0.6773,0.6670,0.3103,0
336.000,Minmatar Citizen 2250648,Capsule,16115,47740,100026,0,,,,0
336.000,Gallente Citizen 1635012,Venture,36140,67115,51512,770,-0.4385,-0.0282,-0.8983,0
337.000,Caldari Citizen 9942864,Capsule,36140,67115,51512,141,-0.0387,-0.3452,0.9377,0
337.000,Caldari Citizen 6206817,Skiff,46425,42600,28124,308,-0.3383,0.1827,-0.9231,0
337.000,Minmatar Citizen 9745080,Capsule,32975,80260,60885,0,,,,0
337.000,Amarr Citizen 0220922,Porpoise,20855,75935,34568,181,-0.8647,0.0000,0.5023,0
337.000,Minmatar Citizen 4351238,Retriever,43385,61760,50837,124,,,,0
337.000,Caldari Citizen 3216932,Endurance,18995,41355,39102,1011,-0.9771,0.1777,-0.1172,0
337.000,Minmatar Citizen 9076035,Porpoise,21440,66275,53777,198,-0.8981,-0.1191,-0.4234,0
337.000,Minmatar Citizen 6662812,Procurer,31855,55775,57187,299,-0.7499,-0.3173,-0.5806,0
337.000,Caldari Citizen 3891005,Orca,36280,66905,49885,303,0.1205,-0.7786,-0.6158,0
337.000,Caldari Citizen 8777524,Capsule,33200,49255,44133,0,,,,0
337.000,Minmatar Citizen 0254120,Porpoise,34625,70625,53275,505,-0.9915,-0.0956,0.0883,0
337.000,Amarr Citizen 2674287,Orca,34785,56885,45990,123,,,,0
337.000,Amarr Citizen 5054432,Prospect,12200,34040,-23269,1320,-0.9421,-0.3200,-0.1001,0
337.000,Amarr Citizen 4520313,Capsule,12560,40775,33101,187,0.5065,0.5065,0.6978,0
337.000,Minmatar Citizen 9978241,Retriever,36280,66200,50817,41,,,,0
337.000,Minmatar Citizen 7162778,Covetor,35675,63515,49367,94,-0.1366,0.7472,0.6503,0
337.000,Minmatar Citizen 9678938,Venture,30920,72545,56482,2417,-0.6858,0.6851,0.2454,0
337.000,Minmatar Citizen 2250648,Capsule,16115,47740,100026,0,,,,0
337.000,Gallente Citizen 1635012,Venture,35225,66905,50635,1229,-0.3788,0.0473,-0.9243,0
338.000,Caldari Citizen 9942864,Capsule,36140,67115,51512,187,-0.3692,-0.5485,0.7502,0
338.000,Caldari Citizen 6206817,Skiff,45740,41915,27839,309,-0.6259,0.2170,-0.7491,0
338.000,Minmatar Citizen 9745080,Capsule,32975,80260,60885,0,,,,0
338.000,Amarr Citizen 0220922,Porpoise,20855,75935,34568,186,-0.8647,0.0000,0.5023,0
338.000,Minmatar Citizen 4351238,Retriever,43385,61760,50837,124,,,,0
338.000,Caldari Citizen 3216932,Endurance,18000,41355,39570,1022,-0.9629,0.2698,0.0092,0
338.000,Minmatar Citizen 9076035,Porpoise,21440,66275,53777,197,-0.9929,-0.0738,-0.0937,0
338.000,Minmatar Citizen 6662812,Procurer,31855,55775,57187,300,-0.7586,-0.4952,-0.4234,0
338.000,Caldari Citizen 3891005,Orca,36280,66905,49885,371,0.4230,-0.8091,-0.4079,0
338.000,Caldari Citizen 8777524,Capsule,33200,49255,44133,0,,,,0
338.000,Minmatar Citizen 0254120,Porpoise,33680,70375,52431,576,-0.9886,-0.0890,0.1212,0
338.000,Amarr Citizen 2674287,Orca,34785,56885,45990,124,,,,0
338.000,Amarr Citizen 5054432,Prospect,11225,33325,-24748,1267,-0.9108,-0.3332,-0.2436,0
338.000,Amarr Citizen 4520313,Capsule,13105,41320,33851,187,0.5065,0.5065,0.6978,0
338.000,Minmatar Citizen 9978241,Retriever,36280,66200,50817,58,,,,0
338.000,Minmatar Citizen 7162778,Covetor,35675,63515,49367,100,-0.5682,0.4160,0.7100,0
338.000,Minmatar Citizen 9678938,Venture,29575,73520,57655,1288,-0.7182,0.6881,0.1033,0
338.000,Minmatar Citizen 2250648,Capsule,16115,47740,100026,0,,,,0
338.000,Gallente Citizen 1635012,Venture,34320,66695,49738,1602,-0.3917,0.0478,-0.9189,0
339.000,Caldari Citizen 9942864,Capsule,36140,67115,51512,314,0.2459,0.4385,0.8645,0
339.000,Caldari Citizen 6206817,Skiff,45740,41915,27839,309,-0.9320,-0.0752,-0.3546,0
339.000,Minmatar Citizen 9745080,Capsule,32975,80260,60885,0,,,,0
339.000,Amarr Citizen 0220922,Porpoise,19700,75935,35239,189,-0.9052,-0.2445,0.3475,0
339.000,Minmatar Citizen 4351238,Retriever,43385,61760,50837,123,,,,0
339.000,Caldari Citizen 3216932,Endurance,16995,42080,39248,1040,-0.9404,0.3368,0.0473,0
339.000,Minmatar Citizen 9076035,Porpoise,21440,66275,53777,197,-0.9328,0.0000,0.3603,0
339.000,Minmatar Citizen 6662812,Procurer,31855,55775,57187,301,-0.6978,-0.6978,-0.1617,0
339.000,Caldari Citizen 3891005,Orca,36420,66000,49169,433,0.2649,-0.9261,-0.2686,0
339.000,Caldari Citizen 8777524,Capsule,33200,49255,44133,0,,,,0
339.000,Minmatar Citizen 0254120,Porpoise,33680,70375,52431,641,-0.9666,-0.2247,0.1237,0
339.000,Amarr Citizen 2674287,Orca,34785,56885,45990,124,0.7911,0.0000,-0.6117,0
339.000,Amarr Citizen 5054432,Prospect,10240,33325,-25171,1243,-0.8868,-0.3105,-0.3424,0
339.000,Amarr Citizen 4520313,Capsule,13105,41320,33851,187,0.5065,0.5065,0.6978,0
339.000,Minmatar Citizen 9978241,Retriever,36280,66200,50817,98,,,,0
339.000,Minmatar Citizen 7162778,Covetor,34640,63515,50099,107,-0.8706,-0.2587,0.4185,0
339.000,Minmatar Citizen 9678938,Venture,29575,74215,56758,681,-0.8693,0.3866,-0.3079,0
339.000,Minmatar Citizen 2250648,Capsule,16115,47740,100026,0,,,,0
339.000,Gallente Citizen 1635012,Venture,34480,67160,47135,1877,-0.4810,0.0416,-0.8758,0
340.000,Caldari Citizen 9942864,Capsule,36000,65865,54907,,0.4847,0.5544,0.6766,0
340.000,Caldari Citizen 6206817,Skiff,45740,42700,26619,310,-0.9714,-0.0706,-0.2268,0
340.000,Minmatar Citizen 9745080,Capsule,32975,80260,60885,0,,,,0
340.000,Amarr Citizen 0220922,Porpoise,19700,75935,35239,179,-0.8929,-0.3798,0.2417,0
340.000,Minmatar Citizen 4351238,Retriever,43385,61760,50837,123,,,,0
340.000,Caldari Citizen 3216932,Endurance,15980,42080,39673,1059,-0.9136,0.3765,0.1536,0
340.000,Minmatar Citizen 9076035,Porpoise,20275,66275,54227,196,-0.9328,0.0000,0.3603,0
340.000,Minmatar Citizen 6662812,Procurer,31000,54920,56989,302,-0.6978,-0.6978,-0.1617,0
340.000,Caldari Citizen 3891005,Orca,36420,66000,49169,491,0.3649,-0.8761,-0.3150,0
340.000,Caldari Citizen 8777524,Capsule,33200,49255,44133,0,,,,0
340.000,Minmatar Citizen 0254120,Porpoise,32575,70375,53125,700,-0.9356,-0.2903,0.2007,0
340.000,Amarr Citizen 2674287,Orca,34785,56885,45990,125,0.5286,-0.3716,-0.7632,0
340.000,Amarr Citizen 5054432,Prospect,8820,32900,-24572,1207,-0.8156,-0.2779,-0.5075,0
340.000,Amarr Citizen 4520313,Capsule,13105,41320,33851,187,0.5121,0.5121,0.6895,0
340.000,Minmatar Citizen 9978241,Retriever,36280,66200,50817,131,,,,0
340.000,Minmatar Citizen 7162778,Covetor,34640,63515,50099,124,-0.8645,-0.3960,0.3096,0
340.000,Minmatar Citizen 9678938,Venture,29575,74215,56758,866,-0.3538,-0.4495,-0.8202,0
340.000,Minmatar Citizen 2250648,Capsule,16115,47740,100026,0,,,,0
340.000,Gallente Citizen 1635012,Venture,33595,67595,45236,1888,-0.6177,-0.0756,-0.7828,0
341.000,Caldari Citizen 9942864,Capsule,-20680,-16600,164881,,0.5819,0.5671,0.5830,0
341.000,Caldari Citizen 6206817,Skiff,44995,42700,27860,310,-0.9978,-0.0146,-0.0646,0
341.000,Minmatar Citizen 9745080,Capsule,32975,80260,60885,0,,,,0
341.000,Amarr Citizen 0220922,Porpoise,19700,75935,35239,173,-0.8520,-0.5085,0.1241,0
341.000,Minmatar Citizen 4351238,Retriever,43385,61760,50837,123,-0.7059,-0.7059,0.0588,0
341.000,Caldari Citizen 3216932,Endurance,14955,42795,39306,1025,-0.8628,0.4870,0.1360,0
341.000,Minmatar Citizen 9076035,Porpoise,20275,66275,54227,196,-0.9328,0.0000,0.3603,0
341.000,Minmatar Citizen 6662812,Procurer,31000,54920,56989,302,-0.6969,-0.6969,-0.1694,0
341.000,Caldari Citizen 3891005,Orca,37455,65295,49332,545,0.3782,-0.8357,-0.3982,0
341.000,Caldari Citizen 8777524,Capsule,33200,49255,44133,0,,,,0
341.000,Minmatar Citizen 0254120,Porpoise,32575,70375,53125,753,-0.8824,-0.2963,0.3655,0
341.000,Amarr Citizen 2674287,Orca,35760,56885,45236,125,0.2659,-0.5865,-0.7651,0
341.000,Amarr Citizen 5054432,Prospect,7815,32175,-25840,1204,-0.8131,-0.2307,-0.5344,0
341.000,Amarr Citizen 4520313,Capsule,13105,41320,33851,187,0.5177,0.5177,0.6812,0
341.000,Minmatar Citizen 9978241,Retriever,36280,66200,50817,156,0.4818,-0.5211,-0.7045,0
341.000,Minmatar Citizen 7162778,Covetor,34640,63515,50099,143,-0.8313,-0.5224,0.1900,0
341.000,Minmatar Citizen 9678938,Venture,29765,73925,55300,1302,-0.0412,-0.7075,-0.7055,0
341.000,Minmatar Citizen 2250648,Capsule,16115,47740,100026,0,,,,0
341.000,Gallente Citizen 1635012,Venture,32720,67365,44276,1682,-0.7320,-0.1920,-0.6537,0
342.000,Caldari Citizen 9942864,Capsule,135725,233305,191595,,0.6449,0.5756,0.5027,0
342.000,Caldari Citizen 6206817,Skiff,44320,42025,27543,311,-0.9297,0.0753,-0.3604,0
342.000,Minmatar Citizen 9745080,Capsule,32975,80260,60885,0,,,,0
342.000,Amarr Citizen 0220922,Porpoise,18845,75080,35112,162,-0.7032,-0.7032,-0.1044,0
342.000,Minmatar Citizen 4351238,Retriever,43385,61760,50837,122,-0.7059,-0.7059,0.0588,0
342.000,Caldari Citizen 3216932,Endurance,13920,42795,39684,821,-0.7175,0.6386,0.2781,0
342.000,Minmatar Citizen 9076035,Porpoise,20275,66275,54227,196,,,,0
342.000,Minmatar Citizen 6662812,Procurer,31000,54920,56989,303,-0.6962,-0.6962,-0.1746,0
342.000,Caldari Citizen 3891005,Orca,36560,64400,49366,579,0.3972,-0.8009,-0.4481,0
342.000,Caldari Citizen 8777524,Capsule,33200,49255,44133,0,,,,0
342.000,Minmatar Citizen 0254120,Porpoise,31640,69440,53160,787,-0.9348,-0.2719,0.2285,0
342.000,Amarr Citizen 2674287,Orca,35760,56885,45236,125,0.0067,-0.7209,-0.6930,0
342.000,Amarr Citizen 5054432,Prospect,6800,32175,-26125,1217,-0.7103,-0.2646,-0.6523,0
342.000,Amarr Citizen 4520313,Capsule,13105,41320,33851,187,0.5177,0.5177,0.6812,0
342.000,Minmatar Citizen 9978241,Retriever,36280,66200,50817,169,0.5165,-0.4819,-0.7078,0
342.000,Minmatar Citizen 7162778,Covetor,33765,62640,50052,156,-0.7722,-0.4611,-0.4370,0
342.000,Minmatar Citizen 9678938,Venture,29000,72005,54766,1577,0.0183,-0.7570,-0.6531,0
342.000,Minmatar Citizen 2250648,Capsule,16115,47740,100026,0,,,,0
342.000,Gallente Citizen 1635012,Venture,30800,67135,44048,1688,-0.8800,-0.3496,-0.3216,0
343.000,Caldari Citizen 9942864,Capsule,201145,227225,216884,,0.7094,0.5847,0.3935,0
343.000,Caldari Citizen 6206817,Skiff,44320,42025,27543,295,-0.8147,0.0726,-0.5753,0
343.000,Minmatar Citizen 9745080,Capsule,32975,80260,60885,0,,,,0
343.000,Amarr Citizen 0220922,Porpoise,18845,75080,35112,143,-0.7032,-0.7032,-0.1044,0
343.000,Minmatar Citizen 4351238,Retriever,42480,60855,50913,122,-0.7059,-0.7059,0.0588,0
343.000,Caldari Citizen 3216932,Endurance,14525,43400,40329,701,-0.3362,0.8465,0.4128,0
343.000,Minmatar Citizen 9076035,Porpoise,20275,66275,54227,196,,,,0
343.000,Minmatar Citizen 6662812,Procurer,31000,54920,56989,302,-0.8511,-0.5240,0.0324,0
343.000,Caldari Citizen 3891005,Orca,37585,64400,48590,626,0.3111,-0.7594,-0.5714,0
343.000,Caldari Citizen 8777524,Capsule,33200,49255,44133,0,,,,0
343.000,Minmatar Citizen 0254120,Porpoise,30525,69440,53808,831,-0.9584,-0.2605,0.1167,0
343.000,Amarr Citizen 2674287,Orca,34955,56080,45091,126,-0.3141,-0.7964,-0.5168,0
343.000,Amarr Citizen 5054432,Prospect,6200,31865,-28199,1254,-0.5508,-0.2434,-0.7984,0
343.000,Amarr Citizen 4520313,Capsule,13660,41875,34582,187,0.0412,0.8706,0.4903,0
343.000,Minmatar Citizen 9978241,Retriever,37325,66200,50054,450,0.4376,-0.5544,-0.7079,0
343.000,Minmatar Citizen 7162778,Covetor,33765,62640,50052,152,-0.6744,-0.1310,-0.7267,0
343.000,Minmatar Citizen 9678938,Venture,29200,71060,54165,1910,0.0694,-0.7508,-0.6569,0
343.000,Minmatar Citizen 2250648,Capsule,16115,47740,100026,0,,,,0
343.000,Gallente Citizen 1635012,Venture,29100,65435,43903,1788,-0.8608,-0.5083,-0.0245,0
344.000,Caldari Citizen 9942864,Capsule,219435,222800,222855,,0.7910,0.5834,0.1845,0
344.000,Caldari Citizen 6206817,Skiff,44320,42025,27543,287,-0.3958,0.0620,-0.9162,0
344.000,Minmatar Citizen 9745080,Capsule,32975,80260,60885,0,,,,0
344.000,Amarr Citizen 0220922,Porpoise,18845,75080,35112,126,,,,0
344.000,Minmatar Citizen 4351238,Retriever,42480,60855,50913,122,-0.7059,-0.7059,0.0588,0
344.000,Caldari Citizen 3216932,Endurance,13480,44105,39925,719,-0.0389,0.8847,0.4645,0
344.000,Minmatar Citizen 9076035,Porpoise,20275,66275,54227,195,-0.6950,-0.6950,-0.1840,0
344.000,Minmatar Citizen 6662812,Procurer,30155,54075,56768,301,-0.8913,-0.4368,0.1214,0
344.000,Caldari Citizen 3891005,Orca,37715,63515,47827,670,0.2167,-0.6928,-0.6878,0
344.000,Caldari Citizen 8777524,Capsule,33200,49255,44133,0,,,,0
344.000,Minmatar Citizen 0254120,Porpoise,30525,69440,53808,871,-0.9565,-0.2854,0.0596,0
344.000,Amarr Citizen 2674287,Orca,34955,56080,45091,126,-0.7014,-0.7014,-0.1267,0
344.000,Amarr Citizen 5054432,Prospect,5165,31865,-28407,1307,-0.4590,-0.2298,-0.8582,0
344.000,Amarr Citizen 4520313,Capsule,13660,41875,34582,187,-0.3467,0.9148,0.2071,0
344.000,Minmatar Citizen 9978241,Retriever,36420,65295,50101,726,0.3490,-0.6223,-0.7007,0
344.000,Minmatar Citizen 7162778,Covetor,33765,62640,50052,155,-0.4157,0.2542,-0.8733,0
344.000,Minmatar Citizen 9678938,Venture,29600,69200,52907,2156,0.1681,-0.7262,-0.6666,0
344.000,Minmatar Citizen 2250648,Capsule,16115,47740,100026,0,,,,0
344.000,Gallente Citizen 1635012,Venture,28265,65225,42846,1447,-0.8017,-0.5787,0.1494,0
345.000,Caldari Citizen 9942864,Capsule,224240,224240,221815,1306,0.9680,-0.0822,0.2371,0
345.000,Caldari Citizen 6206817,Skiff,44320,42800,26323,285,-0.3418,0.1362,-0.9298,0
345.000,Minmatar Citizen 9745080,Capsule,32975,80260,60885,0,,,,0
345.000,Amarr Citizen 0220922,Porpoise,18845,75080,35112,112,,,,0
345.000,Minmatar Citizen 4351238,Retriever,42480,60855,50913,122,,,,0
345.000,Caldari Citizen 3216932,Endurance,14095,44720,40564,796,0.1609,0.8896,0.4276,0
345.000,Minmatar Citizen 9076035,Porpoise,20275,66275,54227,195,-0.6950,-0.6950,-0.1840,0
345.000,Minmatar Citizen 6662812,Procurer,30155,54075,56768,301,-0.9846,-0.1744,-0.0069,0
345.000,Caldari Citizen 3891005,Orca,37715,63515,47827,703,0.2614,-0.6553,-0.7087,0
345.000,Caldari Citizen 8777524,Capsule,33200,49255,44133,0,,,,0
345.000,Minmatar Citizen 0254120,Porpoise,28475,69200,53521,907,-0.9669,-0.2462,0.0678,0
345.000,Amarr Citizen 2674287,Orca,34955,56080,45091,126,,,,0
345.000,Amarr Citizen 5054432,Prospect,5165,31120,-29221,1370,-0.3540,-0.2909,-0.8889,0
345.000,Amarr Citizen 4520313,Capsule,13660,41875,34582,187,-0.6119,0.7879,-0.0691,0
345.000,Minmatar Citizen 9978241,Retriever,37455,65295,49332,949,0.2645,-0.6751,-0.6887,0
345.000,Minmatar Citizen 7162778,Covetor,33765,63345,49156,164,0.0000,0.6187,-0.7857,0
345.000,Minmatar Citizen 9678938,Venture,30000,68055,50681,2355,0.1987,-0.6567,-0.7276,0
345.000,Minmatar Citizen 2250648,Capsule,16115,47740,100026,0,,,,0
345.000,Gallente Citizen 1635012,Venture,27200,64600,44452,1329,-0.6620,-0.6614,0.3526,0
346.000,Caldari Citizen 9942864,Capsule,228115,224720,219108,336,0.9989,-0.0312,-0.0345,0
346.000,Caldari Citizen 6206817,Skiff,44320,42800,26323,288,-0.4389,-0.0126,-0.8985,0
346.000,Minmatar Citizen 9745080,Capsule,32975,80260,60885,0,,,,0
346.000,Amarr Citizen 0220922,Porpoise,18845,75080,35112,100,,,,0
346.000,Minmatar Citizen 4351238,Retriever,42480,60855,50913,121,,,,0
346.000,Caldari Citizen 3216932,Endurance,14720,45345,41184,872,0.2468,0.8579,0.4507,0
346.000,Minmatar Citizen 9076035,Porpoise,19400,65400,53995,195,-0.8580,-0.5133,-0.0163,0
346.000,Minmatar Citizen 6662812,Procurer,29100,54075,57316,302,-0.9820,-0.0963,-0.1625,0
346.000,Caldari Citizen 3891005,Orca,37845,62640,47042,641,0.1098,-0.7381,-0.6657,0
346.000,Caldari Citizen 8777524,Capsule,33200,49255,44133,0,,,,0
346.000,Minmatar Citizen 0254120,Porpoise,28475,69200,53521,939,-0.9313,-0.3630,0.0298,0
346.000,Amarr Citizen 2674287,Orca,34955,56080,45091,126,,,,0
346.000,Amarr Citizen 5054432,Prospect,4555,30800,-31090,1439,-0.3126,-0.3170,-0.8954,0
346.000,Amarr Citizen 4520313,Capsule,12635,42560,34132,187,-0.6073,0.7913,-0.0713,0
346.000,Minmatar Citizen 9978241,Retriever,37585,64400,48590,1130,0.2609,-0.6629,-0.7018,0
346.000,Minmatar Citizen 7162778,Covetor,33765,63345,49156,176,-0.3833,0.6859,-0.6186,0
346.000,Minmatar Citizen 9678938,Venture,30400,66275,49269,2514,0.1810,-0.6377,-0.7487,0
346.000,Minmatar Citizen 2250648,Capsule,16115,47740,100026,0,,,,0
346.000,Gallente Citizen 1635012,Venture,26375,63140,45185,1023,-0.5223,-0.6433,0.5598,0
347.000,Caldari Citizen 9942864,Capsule,228115,224720,219108,86,0.8830,0.1756,-0.4352,0
347.000,Caldari Citizen 6206817,Skiff,43655,42135,25979,292,-0.6087,-0.3711,-0.7013,0
347.000,Minmatar Citizen 9745080,Capsule,32975,80260,60885,0,,,,0
347.000,Amarr Citizen 0220922,Porpoise,18845,75080,35112,90,,,,0
347.000,Minmatar Citizen 4351238,Retriever,42480,60855,50913,121,0.0000,0.6358,-0.7718,0
347.000,Caldari Citizen 3216932,Endurance,14300,46675,41388,935,0.4829,0.7605,0.4341,0
347.000,Minmatar Citizen 9076035,Porpoise,19400,65400,53995,196,-0.9169,-0.3913,0.0788,0
347.000,Minmatar Citizen 6662812,Procurer,29100,54075,57316,302,-0.9513,0.0539,-0.3034,0
347.000,Caldari Citizen 3891005,Orca,37845,62640,47042,568,0.2848,-0.6211,-0.7301,0
347.000,Caldari Citizen 8777524,Capsule,33200,49255,44133,0,,,,0
347.000,Minmatar Citizen 0254120,Porpoise,27560,68285,53466,968,-0.9203,-0.3741,0.1146,0
347.000,Amarr Citizen 2674287,Orca,34955,56080,45091,127,,,,0
347.000,Amarr Citizen 5054432,Prospect,3945,30480,-32870,1511,-0.1968,-0.3070,-0.9311,0
347.000,Amarr Citizen 4520313,Capsule,12635,42560,34132,187,-0.3382,0.9191,0.2023,0
347.000,Minmatar Citizen 9978241,Retriever,37715,63515,47827,1276,0.2370,-0.6652,-0.7081,0
347.000,Minmatar Citizen 7162778,Covetor,33765,63345,49156,367,-0.6864,0.4432,-0.5766,0
347.000,Minmatar Citizen 9678938,Venture,31855,64535,47080,2640,0.1660,-0.6290,-0.7595,0
347.000,Minmatar Citizen 2250648,Capsule,16115,47740,100026,0,,,,0
347.000,Gallente Citizen 1635012,Venture,26375,63140,45185,751,-0.3124,-0.6406,0.7015,0
348.000,Caldari Citizen 9942864,Capsule,228115,224720,219108,0,0.8156,0.1010,-0.5697,0
348.000,Caldari Citizen 6206817,Skiff,43655,42135,25979,295,-0.6595,-0.6595,-0.3607,0
348.000,Minmatar Citizen 9745080,Capsule,32975,80260,60885,0,,,,0
348.000,Amarr Citizen 0220922,Porpoise,18845,75080,35112,79,,,,0
348.000,Minmatar Citizen 4351238,Retriever,42480,60855,50913,121,0.0000,0.6358,-0.7718,0
348.000,Caldari Citizen 3216932,Endurance,14945,47320,41982,941,0.5839,0.7205,0.3741,0
348.000,Minmatar Citizen 9076035,Porpoise,19400,65400,53995,196,-0.9507,-0.2579,0.1722,0
348.000,Minmatar Citizen 6662812,Procurer,29100,54860,56565,298,-0.8819,-0.0324,-0.4703,0
348.000,Caldari Citizen 3891005,Orca,37975,61775,46236,503,0.2238,-0.6582,-0.7188,0
348.000,Caldari Citizen 8777524,Capsule,33200,49255,44133,0,,,,0
348.000,Minmatar Citizen 0254120,Porpoise,26425,68285,54036,993,-0.8947,-0.3971,0.2046,0
348.000,Amarr Citizen 2674287,Orca,34955,56080,45091,127,,,,0
348.000,Amarr Citizen 5054432,Prospect,3945,29705,-33572,1583,-0.1845,-0.2723,-0.9444,0
348.000,Amarr Citizen 4520313,Capsule,12635,42560,34132,187,0.0506,0.8748,0.4819,0
348.000,Minmatar Citizen 9978241,Retriever,37845,62640,47042,1393,0.1320,-0.7146,-0.6870,0
348.000,Minmatar Citizen 7162778,Covetor,33765,63345,49156,557,-0.7194,0.3595,-0.5944,0
348.000,Minmatar Citizen 9678938,Venture,31400,62665,44454,2737,0.1519,-0.6399,-0.7533,0
348.000,Minmatar Citizen 2250648,Capsule,16115,47740,100026,0,,,,0
348.000,Gallente Citizen 1635012,Venture,26375,62495,46073,559,-0.1477,-0.6879,0.7106,0
349.000,Caldari Citizen 9942864,Capsule,228115,224720,219108,0,,,,0
349.000,Caldari Citizen 6206817,Skiff,43655,42135,25979,298,-0.6580,-0.6580,-0.3663,0
349.000,Minmatar Citizen 9745080,Capsule,32975,80260,60885,0,,,,0
349.000,Amarr Citizen 0220922,Porpoise,18845,75080,35112,70,,,,0
349.000,Minmatar Citizen 4351238,Retriever,42480,61620,49984,120,0.0000,0.6358,-0.7718,0
349.000,Caldari Citizen 3216932,Endurance,15600,47975,42556,966,0.6839,0.6419,0.3467,0
349.000,Minmatar Citizen 9076035,Porpoise,18225,65400,54403,196,-0.9447,0.0000,0.3279,0
349.000,Minmatar Citizen 6662812,Procurer,28265,54025,56315,296,-0.6826,-0.1478,-0.7157,0
349.000,Caldari Citizen 3891005,Orca,37975,61775,46236,446,0.1805,-0.6793,-0.7113,0
349.000,Caldari Citizen 8777524,Capsule,33200,49255,44133,0,,,,0
349.000,Minmatar Citizen 0254120,Porpoise,25520,67380,53932,1017,-0.9418,-0.3097,0.1310,0
349.000,Amarr Citizen 2674287,Orca,34955,56080,45091,127,-0.6989,-0.6989,-0.1516,0
349.000,Amarr Citizen 5054432,Prospect,3335,29375,-35242,1654,-0.1352,-0.2237,-0.9652,0
349.000,Amarr Citizen 4520313,Capsule,13200,43125,34857,187,0.5238,0.5238,0.6718,0
349.000,Minmatar Citizen 9978241,Retriever,38960,61775,45409,1488,0.1687,-0.6761,-0.7172,0
349.000,Minmatar Citizen 7162778,Covetor,32720,64040,48962,724,-0.7019,0.4060,-0.5852,0
349.000,Minmatar Citizen 9678938,Venture,31800,61025,42728,2813,0.1369,-0.6225,-0.7706,0
349.000,Minmatar Citizen 2250648,Capsule,16115,47740,100026,0,,,,0
349.000,Gallente Citizen 1635012,Venture,26375,62495,46073,443,0.0000,-0.5939,0.8045,0
350.000,Caldari Citizen 9942864,Capsule,228115,224720,219108,0,,,,0
350.000,Caldari Citizen 6206817,Skiff,43000,41480,25601,301,-0.6548,-0.6548,-0.3774,0
350.000,Minmatar Citizen 9745080,Capsule,32975,80260,60885,0,,,,0
350.000,Amarr Citizen 0220922,Porpoise,18845,75080,35112,62,,,,0
350.000,Minmatar Citizen 4351238,Retriever,42480,61620,49984,120,0.0000,0.6358,-0.7718,0
350.000,Caldari Citizen 3216932,Endurance,16655,47975,42155,998,0.7839,0.5214,0.3371,0
350.000,Minmatar Citizen 9076035,Porpoise,18225,65400,54403,196,-0.9447,0.0000,0.3279,0
350.000,Minmatar Citizen 6662812,Procurer,28265,54025,56315,296,-0.6912,-0.6912,-0.2107,0
350.000,Caldari Citizen 3891005,Orca,38960,61775,45409,394,0.1088,-0.7181,-0.6874,0
350.000,Caldari Citizen 8777524,Capsule,33200,49255,44133,0,,,,0
350.000,Minmatar Citizen 0254120,Porpoise,24375,67380,54459,1038,-0.9750,-0.1921,0.1120,0
350.000,Amarr Citizen 2674287,Orca,34955,56080,45091,127,-0.6989,-0.6989,-0.1516,0
350.000,Amarr Citizen 5054432,Prospect,3800,29045,-36755,1725,-0.0952,-0.2626,-0.9602,0
350.000,Amarr Citizen 4520313,Capsule,13200,43125,34857,187,0.5238,0.5238,0.6718,0
350.000,Minmatar Citizen 9978241,Retriever,38235,60075,44554,1566,0.1840,-0.6501,-0.7373,0
350.000,Minmatar Citizen 7162778,Covetor,31855,63860,47991,871,-0.7184,0.4464,-0.5335,0
350.000,Minmatar Citizen 9678938,Venture,32200,59425,40900,2873,0.1525,-0.5977,-0.7871,0
350.000,Minmatar Citizen 2250648,Capsule,16115,47740,100026,0,,,,0
350.000,Gallente Citizen 1635012,Venture,26375,61840,46949,385,0.2630,-0.6469,0.7158,0
351.000,Caldari Citizen 9942864,Capsule,228115,224720,219108,0,,,,0
351.000,Caldari Citizen 6206817,Skiff,43000,41480,25601,303,-0.6548,-0.6548,-0.3774,0
351.000,Minmatar Citizen 9745080,Capsule,32975,80260,60885,0,,,,0
351.000,Amarr Citizen 0220922,Porpoise,18845,75080,35112,56,,,,0
351.000,Minmatar Citizen 4351238,Retriever,42480,61620,49984,116,,,,0
351.000,Caldari Citizen 3216932,Endurance,17320,48640,42699,1023,0.8332,0.4909,0.2545,0
351.000,Minmatar Citizen 9076035,Porpoise,18225,65400,54403,196,,,,0
351.000,Minmatar Citizen 6662812,Procurer,28265,54025,56315,296,-0.4778,-0.8545,0.2038,0
351.000,Caldari Citizen 3891005,Orca,38105,60920,45407,355,0.3079,-0.5807,-0.7536,0
351.000,Caldari Citizen 8777524,Capsule,33200,49255,44133,0,,,,0
351.000,Minmatar Citizen 0254120,Porpoise,24375,67380,54459,1054,-0.9741,-0.2230,0.0359,0
351.000,Amarr Citizen 2674287,Orca,34160,55285,44918,127,-0.6989,-0.6989,-0.1516,0
351.000,Amarr Citizen 5054432,Prospect,3200,28715,-38330,1782,-0.0789,-0.2274,-0.9706,0
351.000,Amarr Citizen 4520313,Capsule,13200,43125,34857,187,,,,0
351.000,Minmatar Citizen 9978241,Retriever,38365,59240,43678,1619,0.1268,-0.7332,-0.6680,0
351.000,Minmatar Citizen 7162778,Covetor,31855,64535,47080,979,-0.6622,0.5001,-0.5581,0
351.000,Minmatar Citizen 9678938,Venture,32600,57865,38960,2912,0.2050,-0.5633,-0.8004,0
351.000,Minmatar Citizen 2250648,Capsule,16115,47740,100026,0,,,,0
351.000,Gallente Citizen 1635012,Venture,26375,61840,46949,367,0.5218,-0.6467,0.5564,0
352.000,Caldari Citizen 9942864,Capsule,228115,224720,219108,0,,,,0
352.000,Caldari Citizen 6206817,Skiff,43000,41480,25601,305,-0.6499,-0.6499,-0.3940,0
352.000,Minmatar Citizen 9745080,Capsule,32975,80260,60885,0,,,,0
352.000,Amarr Citizen 0220922,Porpoise,18845,75080,35112,50,,,,0
352.000,Minmatar Citizen 4351238,Retriever,42480,61620,49984,113,-0.7064,-0.7064,0.0453,0
352.000,Caldari Citizen 3216932,Endurance,17995,49315,43223,1052,0.8292,0.5022,0.2453,0
352.000,Minmatar Citizen 9076035,Porpoise,18225,65400,54403,196,,,,0
352.000,Minmatar Citizen 6662812,Procurer,28265,54025,56315,297,-0.4037,-0.8646,0.2991,0
352.000,Caldari Citizen 3891005,Orca,38105,60920,45407,308,0.4093,-0.4921,-0.7683,0
352.000,Caldari Citizen 8777524,Capsule,33200,49255,44133,0,,,,0
352.000,Minmatar Citizen 0254120,Porpoise,22325,67160,53964,1074,-0.9782,-0.2070,0.0141,0
352.000,Amarr Citizen 2674287,Orca,34160,55285,44918,127,-0.2092,-0.7698,-0.6030,0
352.000,Amarr Citizen 5054432,Prospect,3095,28880,-40698,1860,-0.0206,-0.2338,-0.9721,0
352.000,Amarr Citizen 4520313,Capsule,13200,43125,34857,187,,,,0
352.000,Minmatar Citizen 9978241,Retriever,39440,58415,41907,1421,-0.0220,-0.8366,-0.5473,0
352.000,Minmatar Citizen 7162778,Covetor,30800,65200,46865,1112,-0.5430,0.5632,-0.6228,0
352.000,Minmatar Citizen 9678938,Venture,33200,55600,35811,2955,0.1834,-0.5488,-0.8156,0
352.000,Minmatar Citizen 2250648,Capsule,16115,47740,100026,0,,,,0
352.000,Gallente Citizen 1635012,Venture,26375,61840,46949,369,0.8333,-0.3271,0.4456,0
353.000,Caldari Citizen 9942864,Capsule,228115,224720,219108,0,,,,0
353.000,Caldari Citizen 6206817,Skiff,43000,41480,25601,274,-0.6448,-0.6448,-0.4104,0
353.000,Minmatar Citizen 9745080,Capsule,32975,80260,60885,0,,,,0
353.000,Amarr Citizen 0220922,Porpoise,18845,75080,35112,46,,,,0
353.000,Minmatar Citizen 4351238,Retriever,42480,61620,49984,113,-0.7064,-0.7064,0.0453,0
353.000,Caldari Citizen 3216932,Endurance,17995,49315,43223,1069,0.7791,0.5502,0.3004,0
353.000,Minmatar Citizen 9076035,Porpoise,18225,65400,54403,196,,,,0
353.000,Minmatar Citizen 6662812,Procurer,28265,53240,57058,298,-0.4418,-0.8622,0.2478,0
353.000,Caldari Citizen 3891005,Orca,38105,60920,45407,278,0.1037,-0.7051,-0.7014,0
353.000,Caldari Citizen 8777524,Capsule,33200,49255,44133,0,,,,0
353.000,Minmatar Citizen 0254120,Porpoise,21160,67160,54432,1082,-0.9710,-0.2387,0.0140,0
353.000,Amarr Citizen 2674287,Orca,34160,55285,44918,127,0.4464,-0.4364,-0.7812,0
353.000,Amarr Citizen 5054432,Prospect,3095,27220,-41827,1912,-0.0042,-0.2387,-0.9711,0
353.000,Amarr Citizen 4520313,Capsule,13200,43125,34857,187,0.5346,0.5346,0.6545,0
353.000,Minmatar Citizen 9978241,Retriever,39560,57600,40966,1264,-0.1549,-0.8938,-0.4208,0
353.000,Minmatar Citizen 7162778,Covetor,29735,65855,46636,1194,-0.5577,0.5585,-0.6140,0
353.000,Minmatar Citizen 9678938,Venture,34325,54865,33773,2970,0.1231,-0.5598,-0.8194,0
353.000,Minmatar Citizen 2250648,Capsule,16115,47740,100026,0,,,,0
353.000,Gallente Citizen 1635012,Venture,27440,61175,47209,378,0.9789,-0.2044,0.0036,0
354.000,Caldari Citizen 9942864,Capsule,228115,224720,219108,0,,,,0
354.000,Caldari Citizen 6206817,Skiff,43000,41480,25601,256,-0.6448,-0.6448,-0.4104,0
354.000,Minmatar Citizen 9745080,Capsule,32975,80260,60885,0,,,,0
354.000,Amarr Citizen 0220922,Porpoise,18845,75080,35112,42,,,,0
354.000,Minmatar Citizen 4351238,Retriever,41585,60725,50042,113,-0.7064,-0.7064,0.0453,0
354.000,Caldari Citizen 3216932,Endurance,19725,50000,43266,1085,0.8367,0.4584,0.2996,0
354.000,Minmatar Citizen 9076035,Porpoise,18225,65400,54403,196,,,,0
354.000,Minmatar Citizen 6662812,Procurer,27440,52415,56778,299,-0.4776,-0.8564,0.1962,0
354.000,Caldari Citizen 3891005,Orca,39080,60920,44570,246,0.2383,-0.6197,-0.7478,0
354.000,Caldari Citizen 8777524,Capsule,33200,49255,44133,0,,,,0
354.000,Minmatar Citizen 0254120,Porpoise,20275,66275,54227,989,-0.9480,-0.3160,0.0369,0
354.000,Amarr Citizen 2674287,Orca,34160,55285,44918,127,0.7894,0.0000,-0.6139,0
354.000,Amarr Citizen 5054432,Prospect,3020,27395,-44095,1973,0.0108,-0.2436,-0.9698,0
354.000,Amarr Citizen 4520313,Capsule,13200,43125,34857,187,0.5346,0.5346,0.6545,0
354.000,Minmatar Citizen 9978241,Retriever,38755,56080,41870,1137,-0.4010,-0.8901,-0.2166,0
354.000,Minmatar Citizen 7162778,Covetor,29735,66500,45712,1280,-0.6338,0.4944,-0.5949,0
354.000,Minmatar Citizen 9678938,Venture,34705,53425,31342,1808,0.0433,-0.5811,-0.8127,0
354.000,Minmatar Citizen 2250648,Capsule,16115,47740,100026,0,,,,0
354.000,Gallente Citizen 1635012,Venture,27440,61175,47209,387,0.9345,-0.0413,-0.3534,0
355.000,Caldari Citizen 9942864,Capsule,228115,224720,219108,0,,,,0
355.000,Caldari Citizen 6206817,Skiff,42355,40835,25190,253,-0.6413,-0.6413,-0.4213,0
355.000,Minmatar Citizen 9745080,Capsule,32975,80260,60885,0,,,,0
355.000,Amarr Citizen 0220922,Porpoise,18845,75080,35112,39,,,,0
355.000,Minmatar Citizen 4351238,Retriever,41585,60725,50042,114,-0.7064,-0.7064,0.0453,0
355.000,Caldari Citizen 3216932,Endurance,20420,50695,43738,1097,0.8463,0.4265,0.3193,0
355.000,Minmatar Citizen 9076035,Porpoise,18225,65400,54403,196,-0.9516,0.0000,0.3073,0
355.000,Minmatar Citizen 6662812,Procurer,27440,52415,56778,300,-0.5339,-0.8387,0.1072,0
355.000,Caldari Citizen 3891005,Orca,39080,60920,44570,220,-0.0251,-0.3806,-0.9244,0
355.000,Caldari Citizen 8777524,Capsule,33200,49255,44133,0,,,,0
355.000,Minmatar Citizen 0254120,Porpoise,20275,66275,54227,888,-0.9074,-0.4128,0.0790,0
355.000,Amarr Citizen 2674287,Orca,35125,55285,44168,120,0.7894,0.0000,-0.6139,0
355.000,Amarr Citizen 5054432,Prospect,3545,27065,-45430,2028,0.0590,-0.2488,-0.9668,0
355.000,Amarr Citizen 4520313,Capsule,13775,43700,35561,187,0.0539,0.5394,0.8403,0
355.000,Minmatar Citizen 9978241,Retriever,37960,55285,41757,1070,-0.6454,-0.7618,0.0561,0
355.000,Minmatar Citizen 7162778,Covetor,29735,67135,44774,1354,-0.6221,0.4735,-0.6236,0
355.000,Minmatar Citizen 9678938,Venture,34000,52720,31058,753,-0.1551,-0.6493,-0.7446,0
355.000,Minmatar Citizen 2250648,Capsule,16115,47740,100026,0,,,,0
355.000,Gallente Citizen 1635012,Venture,28265,62000,47393,550,0.7084,0.1844,-0.6813,0
356.000,Caldari Citizen 9942864,Capsule,228115,224720,219108,0,,,,0
356.000,Caldari Citizen 6206817,Skiff,42355,40835,25190,257,-0.6395,-0.6395,-0.4268,0
356.000,Minmatar Citizen 9745080,Capsule,32975,80260,60885,0,,,,0
356.000,Amarr Citizen 0220922,Porpoise,18845,75080,35112,36,,,,0
356.000,Minmatar Citizen 4351238,Retriever,41585,60725,50042,115,,,,0
356.000,Caldari Citizen 3216932,Endurance,21125,51400,44190,1046,0.8358,0.4178,0.3562,0
356.000,Minmatar Citizen 9076035,Porpoise,18225,65400,54403,196,-0.9516,0.0000,0.3073,0
356.000,Minmatar Citizen 6662812,Procurer,27440,52415,56778,300,,,,0
356.000,Caldari Citizen 3891005,Orca,38235,60075,44554,196,-0.2717,-0.1957,-0.9423,0
356.000,Caldari Citizen 8777524,Capsule,33200,49255,44133,0,,,,0
356.000,Minmatar Citizen 0254120,Porpoise,19100,66275,54652,797,-0.9168,-0.3915,0.0788,0
356.000,Amarr Citizen 2674287,Orca,35125,55285,44168,116,0.7894,0.0000,-0.6139,0
356.000,Amarr Citizen 5054432,Prospect,3520,26405,-48118,2082,0.0802,-0.2082,-0.9748,0
356.000,Amarr Citizen 4520313,Capsule,13775,43700,35561,187,-0.3737,0.7962,0.4758,0
356.000,Minmatar Citizen 9978241,Retriever,37175,54500,41615,1052,-0.7732,-0.5948,0.2199,0
356.000,Minmatar Citizen 7162778,Covetor,27805,67520,43508,1419,-0.5959,0.4723,-0.6495,0
356.000,Minmatar Citizen 9678938,Venture,33305,52025,30744,313,-0.7668,-0.6327,-0.1079,0
356.000,Minmatar Citizen 2250648,Capsule,16115,47740,100026,0,,,,0
356.000,Gallente Citizen 1635012,Venture,28495,61175,46580,1011,0.4387,0.2284,-0.8691,0
357.000,Caldari Citizen 9942864,Capsule,228115,224720,219108,0,,,,0
357.000,Caldari Citizen 6206817,Skiff,42355,40835,25190,264,-0.6377,-0.6377,-0.4322,0
357.000,Minmatar Citizen 9745080,Capsule,32975,80260,60885,0,,,,0
357.000,Amarr Citizen 0220922,Porpoise,18845,75080,35112,34,,,,0
357.000,Minmatar Citizen 4351238,Retriever,41585,60725,50042,116,,,,0
357.000,Caldari Citizen 3216932,Endurance,22875,51420,44908,1036,0.8530,0.4071,0.3264,0
357.000,Minmatar Citizen 9076035,Porpoise,17040,65400,54786,197,-0.9565,-0.2558,0.1401,0
357.000,Minmatar Citizen 6662812,Procurer,27440,52415,56778,300,-0.9136,-0.3961,0.0915,0
357.000,Caldari Citizen 3891005,Orca,38235,60075,44554,177,-0.5835,0.0007,-0.8121,0
357.000,Caldari Citizen 8777524,Capsule,33200,49255,44133,0,,,,0
357.000,Minmatar Citizen 0254120,Porpoise,18225,65400,54403,718,-0.9461,-0.2913,0.1413,0
357.000,Amarr Citizen 2674287,Orca,35125,55285,44168,203,0.5187,-0.3588,-0.7760,0
357.000,Amarr Citizen 5054432,Prospect,2960,26075,-49471,2132,0.0896,-0.2079,-0.9740,0
357.000,Amarr Citizen 4520313,Capsule,13775,43700,35561,187,-0.3529,0.8861,0.3005,0
357.000,Minmatar Citizen 9978241,Retriever,36400,53725,41445,1065,-0.8636,-0.3918,0.3172,0
357.000,Minmatar Citizen 7162778,Covetor,26720,68125,43244,1475,-0.6098,0.4864,-0.6257,0
357.000,Minmatar Citizen 9678938,Venture,33305,52025,30744,858,-0.7545,-0.0938,0.6495,0
357.000,Minmatar Citizen 2250648,Capsule,16115,47740,100026,0,,,,0
357.000,Gallente Citizen 1635012,Venture,28495,61840,45693,1417,0.3900,0.2030,-0.8982,0
358.000,Caldari Citizen 9942864,Capsule,228115,224720,219108,0,,,,0
358.000,Caldari Citizen 6206817,Skiff,41720,40200,24747,272,-0.6340,-0.6340,-0.4429,0
358.000,Minmatar Citizen 9745080,Capsule,32975,80260,60885,0,,,,0
358.000,Amarr Citizen 0220922,Porpoise,18845,75080,35112,33,,,,0
358.000,Minmatar Citizen 4351238,Retriever,41585,60725,50042,117,,,,0
358.000,Caldari Citizen 3216932,Endurance,23600,52145,45309,1041,0.8773,0.3463,0.3322,0
358.000,Minmatar Citizen 9076035,Porpoise,17040,65400,54786,583,-0.9495,-0.2968,0.1014,0
358.000,Minmatar Citizen 6662812,Procurer,27440,52415,56778,298,-0.9136,-0.3961,0.0915,0
358.000,Caldari Citizen 3891005,Orca,38235,60780,43588,160,-0.3844,0.2570,-0.8867,0
358.000,Caldari Citizen 8777524,Capsule,33200,49255,44133,0,,,,0
358.000,Minmatar Citizen 0254120,Porpoise,18225,65400,54403,355,-0.9496,-0.2768,0.1472,0
358.000,Amarr Citizen 2674287,Orca,35125,55285,44168,308,0.1369,-0.6320,-0.7628,0
358.000,Amarr Citizen 5054432,Prospect,4100,25415,-51974,2180,0.0510,-0.2251,-0.9730,0
358.000,Amarr Citizen 4520313,Capsule,12740,43700,35944,187,-0.4240,0.9002,0.0996,0
358.000,Minmatar Citizen 9978241,Retriever,35465,53725,42248,1085,-0.8527,-0.2110,0.4779,0
358.000,Minmatar Citizen 7162778,Covetor,25625,69305,42014,1524,-0.6208,0.5111,-0.5945,0
358.000,Minmatar Citizen 9678938,Venture,33095,52720,32021,797,-0.5464,0.1866,0.8165,0
358.000,Minmatar Citizen 2250648,Capsule,16115,47740,100026,0,,,,0
358.000,Gallente Citizen 1635012,Venture,29540,62495,44111,1752,0.3413,0.1099,-0.9335,0
359.000,Caldari Citizen 9942864,Capsule,228115,224720,219108,0,,,,0
359.000,Caldari Citizen 6206817,Skiff,41720,40200,24747,279,-0.6340,-0.6340,-0.4429,0
359.000,Minmatar Citizen 9745080,Capsule,32975,80260,60885,0,,,,0
359.000,Amarr Citizen 0220922,Porpoise,18845,75080,35112,32,,,,0
359.000,Minmatar Citizen 4351238,Retriever,41585,60725,50042,118,,,,0
359.000,Caldari Citizen 3216932,Endurance,23600,52145,45309,1051,0.9228,0.2921,0.2512,0
359.000,Minmatar Citizen 9076035,Porpoise,17040,65400,54786,563,-0.9408,-0.3317,0.0703,0
359.000,Minmatar Citizen 6662812,Procurer,27440,52415,56778,293,-0.8166,-0.5267,0.2360,0
359.000,Caldari Citizen 3891005,Orca,38235,60780,43588,146,0.0000,0.5893,-0.8079,0
359.000,Caldari Citizen 8777524,Capsule,33200,49255,44133,0,,,,0
359.000,Minmatar Citizen 0254120,Porpoise,17040,65400,54786,304,-0.9543,-0.2573,0.1520,0
359.000,Amarr Citizen 2674287,Orca,35125,55285,44168,400,0.1369,-0.6320,-0.7628,0
359.000,Amarr Citizen 5054432,Prospect,4155,24755,-54497,2226,0.1269,-0.2035,-0.9708,0
359.000,Amarr Citizen 4520313,Capsule,12740,44375,35108,187,-0.2130,0.9671,0.1389,0
359.000,Minmatar Citizen 9978241,Retriever,34520,53725,43023,1044,-0.8163,-0.0817,0.5718,0
359.000,Minmatar Citizen 7162778,Covetor,25625,69880,41051,1567,-0.5697,0.5575,-0.6039,0
359.000,Minmatar Citizen 9678938,Venture,32180,52720,32940,693,-0.3529,0.3688,0.8599,0
359.000,Minmatar Citizen 2250648,Capsule,16115,47740,100026,0,,,,0
359.000,Gallente Citizen 1635012,Venture,29760,62325,42319,2026,0.2963,0.0430,-0.9541,0
360.000,Caldari Citizen 9942864,Capsule,228115,224720,219108,0,,,,0
360.000,Caldari Citizen 6206817,Skiff,41720,40200,24747,285,-0.5223,-0.8436,0.1244,0
360.000,Minmatar Citizen 9745080,Capsule,32975,80260,60885,0,,,,0
360.000,Amarr Citizen 0220922,Porpoise,18845,75080,35112,30,-0.7003,-0.7003,-0.1383,0
360.000,Minmatar Citizen 4351238,Retriever,41585,60725,50042,119,,,,0
360.000,Caldari Citizen 3216932,Endurance,25360,52880,45128,1061,0.9505,0.2395,0.1980,0
360.000,Minmatar Citizen 9076035,Porpoise,16175,64535,54494,508,-0.9218,-0.3871,0.0219,0
360.000,Minmatar Citizen 6662812,Procurer,25560,51600,56966,288,-0.7475,-0.5874,0.3101,0
360.000,Caldari Citizen 3891005,Orca,38235,60780,43588,136,,,,0
360.000,Caldari Citizen 8777524,Capsule,33200,49255,44133,0,,,,0
360.000,Minmatar Citizen 0254120,Porpoise,17040,65400,54786,287,-0.9516,0.0000,0.3073,0
360.000,Amarr Citizen 2674287,Orca,35295,54500,43221,404,0.1369,-0.6320,-0.7628,0
360.000,Amarr Citizen 5054432,Prospect,4240,25040,-56560,2336,0.1681,-0.1956,-0.9662,0
360.000,Amarr Citizen 4520313,Capsule,13325,44960,35806,187,0.0579,0.9846,0.1652,0
360.000,Minmatar Citizen 9978241,Retriever,33565,53725,43772,861,-0.7234,0.1006,0.6831,0
360.000,Minmatar Citizen 7162778,Covetor,24520,71000,39784,1604,-0.5620,0.5429,-0.6240,0
360.000,Minmatar Citizen 9678938,Venture,32180,52720,32940,1195,-0.3371,0.4010,0.8518,0
360.000,Minmatar Citizen 2250648,Capsule,16115,47740,100026,0,,,,0
360.000,Gallente Citizen 1635012,Venture,30785,62960,40612,1253,0.3340,-0.1808,-0.9250,0
361.000,Caldari Citizen 9942864,Capsule,228115,224720,219108,0,,,,0
361.000,Caldari Citizen 6206817,Skiff,41720,40200,24747,290,-0.3668,-0.8216,0.4364,0
361.000,Minmatar Citizen 9745080,Capsule,32975,80260,60885,0,,,,0
361.000,Amarr Citizen 0220922,Porpoise,18845,75080,35112,29,-0.7003,-0.7003,-0.1383,0
361.000,Minmatar Citizen 4351238,Retriever,41585,60725,50042,120,,,,0
361.000,Caldari Citizen 3216932,Endurance,26105,52920,46293,1073,0.9606,0.2022,0.1905,0
361.000,Minmatar Citizen 9076035,Porpoise,14980,64535,54835,462,-0.9349,-0.3518,0.0476,0
361.000,Minmatar Citizen 6662812,Procurer,25560,51600,56966,287,-0.6755,-0.6356,0.3738,0
361.000,Caldari Citizen 3891005,Orca,38235,60780,43588,128,,,,0
361.000,Caldari Citizen 8777524,Capsule,33200,49255,44133,0,,,,0
361.000,Minmatar Citizen 0254120,Porpoise,17040,65400,54786,273,-0.9206,-0.3884,0.0409,0
361.000,Amarr Citizen 2674287,Orca,35295,54500,43221,357,0.1363,-0.6265,-0.7674,0
361.000,Amarr Citizen 5054432,Prospect,3720,23765,-58227,2444,0.1579,-0.1980,-0.9674,0
361.000,Amarr Citizen 4520313,Capsule,13325,44960,35806,187,0.5015,0.8487,0.1679,0
361.000,Minmatar Citizen 9978241,Retriever,32600,53725,44496,641,-0.6164,0.2508,0.7464,0
361.000,Minmatar Citizen 7162778,Covetor,23405,71545,39478,1637,-0.6200,0.5198,-0.5877,0
361.000,Minmatar Citizen 9678938,Venture,31025,53425,34989,1624,-0.2530,0.4815,0.8391,0
361.000,Minmatar Citizen 2250648,Capsule,16115,47740,100026,0,,,,0
361.000,Gallente Citizen 1635012,Venture,30995,62155,39700,801,0.2822,-0.3594,-0.8895,0
362.000,Caldari Citizen 9942864,Capsule,228115,224720,219108,0,,,,0
362.000,Caldari Citizen 6206817,Skiff,41720,40200,24747,294,-0.1294,-0.9185,0.3736,0
362.000,Minmatar Citizen 9745080,Capsule,32975,80260,60885,0,,,,0
362.000,Amarr Citizen 0220922,Porpoise,18000,74235,34945,28,-0.7003,-0.7003,-0.1383,0
362.000,Minmatar Citizen 4351238,Retriever,41585,60725,50042,121,,,,0
362.000,Caldari Citizen 3216932,Endurance,27120,52920,45705,1086,0.9701,0.1283,0.2060,0
362.000,Minmatar Citizen 9076035,Porpoise,14980,64535,54835,422,-0.9683,-0.2062,0.1409,0
362.000,Minmatar Citizen 6662812,Procurer,25560,50805,57676,285,-0.5449,-0.6970,0.4662,0
362.000,Caldari Citizen 3891005,Orca,38235,60780,43588,121,,,,0
362.000,Caldari Citizen 8777524,Capsule,33200,49255,44133,0,,,,0
362.000,Minmatar Citizen 0254120,Porpoise,17040,65400,54786,261,-0.6878,-0.6878,-0.2319,0
362.000,Amarr Citizen 2674287,Orca,35295,54500,43221,316,0.1360,-0.6228,-0.7705,0
362.000,Amarr Citizen 5054432,Prospect,5655,23760,-61315,2546,0.1737,-0.2515,-0.9521,0
362.000,Amarr Citizen 4520313,Capsule,13325,44960,35806,187,0.5458,0.5458,0.6359,0
362.000,Minmatar Citizen 9978241,Retriever,32600,53725,44496,328,-0.3340,0.5109,0.7921,0
362.000,Minmatar Citizen 7162778,Covetor,22280,72605,38172,1665,-0.6590,0.4982,-0.5634,0
362.000,Minmatar Citizen 9678938,Venture,31520,54865,36405,1960,-0.1667,0.5556,0.8146,0
362.000,Minmatar Citizen 2250648,Capsule,16115,47740,100026,0,,,,0
362.000,Gallente Citizen 1635012,Venture,30200,61360,39546,913,0.2817,-0.5866,-0.7593,0
363.000,Caldari Citizen 9942864,Capsule,228115,224720,219108,0,,,,0
363.000,Caldari Citizen 6206817,Skiff,41095,38800,25490,294,-0.1284,-0.9730,0.1920,0
363.000,Minmatar Citizen 9745080,Capsule,32975,80260,60885,0,,,,0
363.000,Amarr Citizen 0220922,Porpoise,18000,74235,34945,27,-0.6624,-0.4437,-0.6037,0
363.000,Minmatar Citizen 4351238,Retriever,41585,60725,50042,123,-0.7753,0.0000,0.6316,0
363.000,Caldari Citizen 3216932,Endurance,28880,52960,46230,1096,0.9656,0.1184,0.2314,0
363.000,Minmatar Citizen 9076035,Porpoise,14980,64535,54835,389,-0.9654,0.0000,0.2609,0
363.000,Minmatar Citizen 6662812,Procurer,25560,50805,57676,287,0.0000,-0.7458,0.6662,0
363.000,Caldari Citizen 3891005,Orca,38235,60780,43588,117,-0.7068,-0.7068,-0.0295,0
363.000,Caldari Citizen 8777524,Capsule,33200,49255,44133,0,,,,0
363.000,Minmatar Citizen 0254120,Porpoise,17040,65400,54786,251,-0.8585,-0.5078,-0.0713,0
363.000,Amarr Citizen 2674287,Orca,35295,54500,43221,208,0.1354,-0.6173,-0.7750,0
363.000,Amarr Citizen 5054432,Prospect,5840,23120,-63682,2638,0.1973,-0.2627,-0.9445,0
363.000,Amarr Citizen 4520313,Capsule,13325,44960,35806,187,0.5510,0.5510,0.6268,0
363.000,Minmatar Citizen 9978241,Retriever,33375,54500,44720,231,0.2883,0.7639,0.5774,0
363.000,Minmatar Citizen 7162778,Covetor,21145,73625,36841,1689,-0.6854,0.4771,-0.5500,0
363.000,Minmatar Citizen 9678938,Venture,30335,55600,38268,2212,-0.1874,0.5708,0.7994,0
363.000,Minmatar Citizen 2250648,Capsule,16115,47740,100026,0,,,,0
363.000,Gallente Citizen 1635012,Venture,31205,60725,39746,1246,0.0581,-0.9372,-0.3439,0
364.000,Caldari Citizen 9942864,Capsule,228115,224720,219108,0,,,,0
364.000,Caldari Citizen 6206817,Skiff,41095,38800,25490,634,-0.0704,-0.9967,-0.0395,0
364.000,Minmatar Citizen 9745080,Capsule,32975,80260,60885,0,,,,0
364.000,Amarr Citizen 0220922,Porpoise,18000,74235,34945,26,-0.6606,0.1265,-0.7400,0
364.000,Minmatar Citizen 4351238,Retriever,41585,60725,50042,125,-0.8406,-0.2606,0.4748,0
364.000,Caldari Citizen 3216932,Endurance,29645,53725,46517,1105,0.9804,0.0708,0.1841,0
364.000,Minmatar Citizen 9076035,Porpoise,14980,64535,54835,361,-0.9675,0.0000,0.2529,0
364.000,Minmatar Citizen 6662812,Procurer,25560,50805,57676,284,0.0000,-0.7504,0.6610,0
364.000,Caldari Citizen 3891005,Orca,38235,60780,43588,115,-0.3470,-0.8220,-0.4515,0
364.000,Caldari Citizen 8777524,Capsule,33200,49255,44133,0,,,,0
364.000,Minmatar Citizen 0254120,Porpoise,16175,64535,54494,242,-0.9068,-0.4215,-0.0039,0
364.000,Amarr Citizen 2674287,Orca,35465,53725,42248,162,-0.2974,-0.7620,-0.5753,0
364.000,Amarr Citizen 5054432,Prospect,6055,22480,-66015,2725,0.1822,-0.2085,-0.9609,0
364.000,Amarr Citizen 4520313,Capsule,13325,44960,35806,187,0.5510,0.5510,0.6268,0
364.000,Minmatar Citizen 9978241,Retriever,33375,54500,44720,166,0.6928,0.6928,0.2003,0
364.000,Minmatar Citizen 7162778,Covetor,20000,74120,36486,1707,-0.6538,0.4720,-0.5914,0
364.000,Minmatar Citizen 9678938,Venture,30860,57100,39538,2407,-0.1943,0.5996,0.7763,0
364.000,Minmatar Citizen 2250648,Capsule,16115,47740,100026,0,,,,0
365.000,Caldari Citizen 9942864,Capsule,228115,224720,219108,0,,,,0
365.000,Caldari Citizen 6206817,Skiff,41840,38015,25461,923,-0.0929,-0.9915,-0.0906,0
365.000,Minmatar Citizen 9745080,Capsule,32975,80260,60885,0,,,,0
365.000,Amarr Citizen 0220922,Porpoise,18000,74235,34945,26,-0.5576,0.2607,-0.7881,0
365.000,Minmatar Citizen 4351238,Retriever,40600,60725,50844,126,-0.8440,-0.3614,0.3963,0
365.000,Caldari Citizen 3216932,Endurance,30640,53000,46703,1110,0.9813,0.0959,0.1671,0
365.000,Minmatar Citizen 9076035,Porpoise,13775,64535,55150,337,-0.9675,0.0000,0.2529,0
365.000,Minmatar Citizen 6662812,Procurer,25560,50805,57676,285,0.0000,-0.7550,0.6558,0
365.000,Caldari Citizen 3891005,Orca,37400,59945,43553,113,-0.0276,-0.7476,-0.6636,0
365.000,Caldari Citizen 8777524,Capsule,33200,49255,44133,0,,,,0
365.000,Minmatar Citizen 0254120,Porpoise,16175,64535,54494,235,-0.9349,-0.3518,0.0476,0
365.000,Amarr Citizen 2674287,Orca,35465,53725,42248,201,-0.6959,-0.6959,-0.1772,0
365.000,Amarr Citizen 5054432,Prospect,6300,20795,-68643,2806,0.1244,-0.2446,-0.9616,0
365.000,Amarr Citizen 4520313,Capsule,13920,45555,36483,187,0.5510,0.5510,0.6268,0
365.000,Minmatar Citizen 9978241,Retriever,33375,54500,44720,135,,,,0
365.000,Minmatar Citizen 7162778,Covetor,18845,75080,35112,1678,-0.6500,0.4614,-0.6038,0
365.000,Minmatar Citizen 9678938,Venture,30420,58640,41473,2558,-0.2314,0.5700,0.7884,0
365.000,Minmatar Citizen 2250648,Capsule,16115,47740,100026,0,,,,0
366.000,Caldari Citizen 9942864,Capsule,228115,224720,219108,0,,,,0
366.000,Caldari Citizen 6206817,Skiff,41225,37400,24955,1171,-0.0768,-0.9928,0.0920,0
366.000,Minmatar Citizen 9745080,Capsule,32975,80260,60885,0,,,,0
366.000,Amarr Citizen 0220922,Porpoise,18000,74700,33940,1227,-0.5951,0.1903,-0.7808,0
366.000,Minmatar Citizen 4351238,Retriever,40600,60725,50844,128,-0.8373,-0.4344,0.3320,0
366.000,Caldari Citizen 3216932,Endurance,31415,53775,46961,1090,0.9954,0.0956,-0.0059,0
366.000,Minmatar Citizen 9076035,Porpoise,13775,64535,55150,316,-0.9566,-0.2856,0.0583,0
366.000,Minmatar Citizen 6662812,Procurer,25560,50805,57676,287,0.3939,-0.3843,0.8350,0
366.000,Caldari Citizen 3891005,Orca,37400,59945,43553,112,0.2338,-0.6045,-0.7616,0
366.000,Caldari Citizen 8777524,Capsule,33200,49255,44133,0,,,,0
366.000,Minmatar Citizen 0254120,Porpoise,14980,64535,54835,228,-0.9601,-0.2551,0.1148,0
366.000,Amarr Citizen 2674287,Orca,35465,53725,42248,278,-0.8717,-0.3928,0.2931,0
366.000,Amarr Citizen 5054432,Prospect,7320,20880,-71662,2882,0.1584,-0.2114,-0.9645,0
366.000,Amarr Citizen 4520313,Capsule,13920,45555,36483,187,-0.0295,0.5487,0.8355,0
366.000,Minmatar Citizen 9978241,Retriever,33375,54500,44720,131,,,,0
366.000,Minmatar Citizen 7162778,Covetor,17680,75545,34718,742,-0.5943,0.5439,-0.5924,0
366.000,Minmatar Citizen 9678938,Venture,28955,60220,43990,2677,-0.2214,0.5898,0.7766,0
366.000,Minmatar Citizen 2250648,Capsule,16115,47740,100026,0,,,,0
367.000,Caldari Citizen 9942864,Capsule,228115,224720,219108,0,,,,0
367.000,Caldari Citizen 6206817,Skiff,41355,36000,24367,1366,-0.1484,-0.9559,0.2535,0
367.000,Minmatar Citizen 9745080,Capsule,32975,80260,60885,0,,,,0
367.000,Amarr Citizen 0220922,Porpoise,16835,75155,33531,1041,-0.5463,0.1830,-0.8173,0
367.000,Minmatar Citizen 4351238,Retriever,39715,59840,50852,129,-0.8163,-0.5244,0.2423,0
367.000,Caldari Citizen 3216932,Endurance,32400,53040,47127,1142,0.9809,0.0632,-0.1840,0
367.000,Minmatar Citizen 9076035,Porpoise,13775,64535,55150,298,-0.9377,-0.3475,0.0007,0
367.000,Minmatar Citizen 6662812,Procurer,25560,50000,58375,289,0.1158,-0.1028,0.9879,0
367.000,Caldari Citizen 3891005,Orca,38365,59945,42705,112,0.4952,-0.3776,-0.7824,0
367.000,Caldari Citizen 8777524,Capsule,33200,49255,44133,0,,,,0
367.000,Minmatar Citizen 0254120,Porpoise,14980,64535,54835,222,-0.9617,0.0000,0.2741,0
367.000,Amarr Citizen 2674287,Orca,34520,53725,43023,261,-0.7730,0.0000,0.6344,0
367.000,Amarr Citizen 5054432,Prospect,7215,21015,-74768,2950,0.1628,-0.1918,-0.9678,0
367.000,Amarr Citizen 4520313,Capsule,13920,45555,36483,187,-0.6225,0.3230,0.7129,0
367.000,Minmatar Citizen 9978241,Retriever,33375,54500,44720,141,,,,0
367.000,Minmatar Citizen 7162778,Covetor,17680,76000,33711,587,-0.4838,0.6413,-0.5956,0
367.000,Minmatar Citizen 9678938,Venture,28495,61840,45693,2768,-0.2428,0.5661,0.7878,0
367.000,Minmatar Citizen 2250648,Capsule,16115,47740,100026,0,,,,0
368.000,Caldari Citizen 9942864,Capsule,228115,224720,219108,0,,,,0
368.000,Caldari Citizen 6206817,Skiff,40760,34600,24949,1368,-0.2042,-0.9076,0.3670,0
368.000,Minmatar Citizen 9745080,Capsule,32975,80260,60885,0,,,,0
368.000,Amarr Citizen 0220922,Porpoise,16000,74765,32299,874,-0.6623,0.1616,-0.7316,0
368.000,Minmatar Citizen 4351238,Retriever,39715,59840,50852,130,-0.7071,-0.7071,0.0061,0
368.000,Caldari Citizen 3216932,Endurance,34160,53825,46658,989,0.9215,0.0321,-0.3869,0
368.000,Minmatar Citizen 9076035,Porpoise,13775,64535,55150,283,-0.9076,-0.4155,-0.0601,0
368.000,Minmatar Citizen 6662812,Procurer,25560,50000,58375,288,-0.0483,-0.1575,0.9863,0
368.000,Caldari Citizen 3891005,Orca,38365,59945,42705,112,0.7513,0.0000,-0.6599,0
368.000,Caldari Citizen 8777524,Capsule,33200,49255,44133,0,,,,0
368.000,Minmatar Citizen 0254120,Porpoise,14980,64535,54835,218,,,,0
368.000,Amarr Citizen 2674287,Orca,34520,53725,43023,245,-0.7730,0.0000,0.6344,0
368.000,Amarr Citizen 5054432,Prospect,7580,19280,-77271,2943,0.1693,-0.1392,-0.9757,0
368.000,Amarr Citizen 4520313,Capsule,13920,45555,36483,187,-0.6912,0.2816,0.6655,0
368.000,Minmatar Citizen 9978241,Retriever,33375,54500,44720,155,,,,0
368.000,Minmatar Citizen 7162778,Covetor,17680,76000,33711,477,-0.3644,0.7718,-0.5211,0
368.000,Minmatar Citizen 9678938,Venture,28035,62835,48185,2839,-0.2242,0.5961,0.7710,0
368.000,Minmatar Citizen 2250648,Capsule,16115,47740,100026,0,,,,0
369.000,Caldari Citizen 9942864,Capsule,228115,224720,219108,0,,,,0
369.000,Caldari Citizen 6206817,Skiff,40760,32960,27079,1449,-0.1850,-0.8609,0.4740,0
369.000,Minmatar Citizen 9745080,Capsule,32975,80260,60885,0,,,,0
369.000,Amarr Citizen 0220922,Porpoise,16000,74765,32299,735,-0.8117,-0.0228,-0.5836,0
369.000,Minmatar Citizen 4351238,Retriever,39715,59840,50852,131,,,,0
369.000,Caldari Citizen 3216932,Endurance,35125,53825,45936,963,0.7944,-0.1655,-0.5844,0
369.000,Minmatar Citizen 9076035,Porpoise,12920,63680,54799,269,-0.9237,-0.3815,-0.0349,0
369.000,Minmatar Citizen 6662812,Procurer,26375,50815,58704,289,-0.1473,-0.1511,0.9775,0
369.000,Caldari Citizen 3891005,Orca,38365,59945,42705,112,,,,0
369.000,Caldari Citizen 8777524,Capsule,33200,49255,44133,0,,,,0
369.000,Minmatar Citizen 0254120,Porpoise,14980,64535,54835,214,,,,0
369.000,Amarr Citizen 2674287,Orca,34520,53725,43023,231,,,,0
369.000,Amarr Citizen 5054432,Prospect,8800,19465,-80204,2937,0.1495,-0.1569,-0.9762,0
369.000,Amarr Citizen 4520313,Capsule,12875,45555,36864,187,-0.4531,0.4224,0.7850,0
369.000,Minmatar Citizen 9978241,Retriever,33375,54500,44720,167,,,,0
369.000,Minmatar Citizen 7162778,Covetor,17360,77300,33457,395,-0.1844,0.8804,-0.4369,0
369.000,Minmatar Citizen 9678938,Venture,27345,65400,50439,2893,-0.1939,0.6145,0.7647,0
369.000,Minmatar Citizen 2250648,Capsule,16115,47740,100026,0,,,,0
370.000,Caldari Citizen 9942864,Capsule,228115,224720,219108,0,,,,0
370.000,Caldari Citizen 6206817,Skiff,40175,31540,27481,1556,-0.1526,-0.7852,0.6001,0
370.000,Minmatar Citizen 9745080,Capsule,32975,80260,60885,0,,,,0
370.000,Amarr Citizen 0220922,Porpoise,16000,75200,31272,620,-0.7802,-0.0804,-0.6204,0
370.000,Minmatar Citizen 4351238,Retriever,39715,59840,50852,131,,,,0
370.000,Caldari Citizen 3216932,Endurance,36080,53825,45190,1020,0.5888,-0.1507,-0.7941,0
370.000,Minmatar Citizen 9076035,Porpoise,11705,63680,55071,228,-0.9379,-0.3467,-0.0097,0
370.000,Minmatar Citizen 6662812,Procurer,25300,50815,59176,291,-0.2647,-0.0908,0.9600,0
370.000,Caldari Citizen 3891005,Orca,38365,59945,42705,113,,,,0
370.000,Caldari Citizen 8777524,Capsule,33200,49255,44133,0,,,,0
370.000,Minmatar Citizen 0254120,Porpoise,14980,64535,54835,210,,,,0
370.000,Amarr Citizen 2674287,Orca,34520,53725,43023,218,,,,0
370.000,Amarr Citizen 5054432,Prospect,8855,18535,-83511,2931,0.1946,-0.1241,-0.9730,0
370.000,Amarr Citizen 4520313,Capsule,12875,45555,36864,187,-0.2357,0.8312,0.5035,0
370.000,Minmatar Citizen 9978241,Retriever,33375,54500,44720,178,,,,0
370.000,Minmatar Citizen 7162778,Covetor,17360,77300,33457,334,-0.1763,0.8602,-0.4785,0
370.000,Minmatar Citizen 9678938,Venture,26885,66485,52706,2934,-0.1962,0.6214,0.7586,0
370.000,Minmatar Citizen 2250648,Capsule,16115,47740,100026,0,,,,0
371.000,Caldari Citizen 9942864,Capsule,228115,224720,219108,0,,,,0
371.000,Caldari Citizen 6206817,Skiff,40175,31540,27481,1640,-0.0889,-0.7557,0.6489,0
371.000,Minmatar Citizen 9745080,Capsule,32975,80260,60885,0,,,,0
371.000,Amarr Citizen 0220922,Porpoise,14825,75200,31846,545,-0.8159,-0.0442,-0.5764,0
371.000,Minmatar Citizen 4351238,Retriever,39715,59840,50852,131,,,,0
371.000,Caldari Citizen 3216932,Endurance,36240,53040,44243,1056,0.3378,-0.2951,-0.8938,0
371.000,Minmatar Citizen 9076035,Porpoise,11705,63680,55071,204,-0.9581,-0.2844,0.0343,0
371.000,Minmatar Citizen 6662812,Procurer,25300,50000,59866,292,-0.3488,-0.2910,0.8909,0
371.000,Caldari Citizen 3891005,Orca,38365,59945,42705,113,,,,0
371.000,Caldari Citizen 8777524,Capsule,33200,49255,44133,0,,,,0
371.000,Minmatar Citizen 0254120,Porpoise,14980,64535,54835,208,,,,0
371.000,Amarr Citizen 2674287,Orca,34520,53725,43023,210,,,,0
371.000,Amarr Citizen 5054432,Prospect,9340,19100,-85393,2927,0.1948,-0.0859,-0.9771,0
371.000,Amarr Citizen 4520313,Capsule,13480,46160,37531,187,0.0703,0.9878,0.1389,0
371.000,Minmatar Citizen 9978241,Retriever,33375,54500,44720,183,,,,0
371.000,Minmatar Citizen 7162778,Covetor,17360,77300,33457,299,-0.5257,0.7073,-0.4726,0
371.000,Minmatar Citizen 9678938,Venture,26195,69200,54673,2959,-0.1984,0.6294,0.7513,0
371.000,Minmatar Citizen 2250648,Capsule,16115,47740,100026,0,,,,0
372.000,Caldari Citizen 9942864,Capsule,228115,224720,219108,0,,,,0
372.000,Caldari Citizen 6206817,Skiff,39600,29265,28712,1698,-0.1047,-0.7055,0.7009,0
372.000,Minmatar Citizen 9745080,Capsule,32975,80260,60885,0,,,,0
372.000,Amarr Citizen 0220922,Porpoise,14000,74375,31565,459,-0.8009,-0.0810,-0.5933,0
372.000,Minmatar Citizen 4351238,Retriever,39715,59840,50852,131,,,,0
372.000,Caldari Citizen 3216932,Endurance,35465,52265,44041,1129,0.1126,-0.2880,-0.9510,0
372.000,Minmatar Citizen 9076035,Porpoise,11705,63680,55071,179,,,,0
372.000,Minmatar Citizen 6662812,Procurer,25300,50000,59866,294,-0.0840,-0.4563,0.8858,0
372.000,Caldari Citizen 3891005,Orca,38365,59945,42705,114,,,,0
372.000,Caldari Citizen 8777524,Capsule,33200,49255,44133,0,,,,0
372.000,Minmatar Citizen 0254120,Porpoise,14980,64535,54835,205,-0.9675,0.0000,0.2529,0
372.000,Amarr Citizen 2674287,Orca,34520,53725,43023,200,,,,0
372.000,Amarr Citizen 5054432,Prospect,9485,18200,-88655,2922,0.1948,-0.1175,-0.9738,0
372.000,Amarr Citizen 4520313,Capsule,13480,46160,37531,187,0.3869,0.8972,-0.2132,0
372.000,Minmatar Citizen 9978241,Retriever,33375,54500,44720,113,,,,0
372.000,Minmatar Citizen 7162778,Covetor,17360,77300,33457,267,-0.8251,0.3635,-0.4326,0
372.000,Minmatar Citizen 9678938,Venture,25735,70375,56754,2986,-0.1977,0.5913,0.7818,0
372.000,Minmatar Citizen 2250648,Capsule,16115,47740,100026,0,,,,0
373.000,Caldari Citizen 9942864,Capsule,228115,224720,219108,0,,,,0
373.000,Caldari Citizen 6206817,Skiff,40175,28975,30173,1757,-0.0779,-0.6399,0.7645,0
373.000,Minmatar Citizen 9745080,Capsule,32975,80260,60885,0,,,,0
373.000,Amarr Citizen 0220922,Porpoise,14000,74800,30544,387,-0.7860,-0.1618,-0.5967,0
373.000,Minmatar Citizen 4351238,Retriever,39715,59840,50852,131,,,,0
373.000,Caldari Citizen 3216932,Endurance,36400,53000,42368,1201,-0.0030,-0.2920,-0.9564,0
373.000,Minmatar Citizen 9076035,Porpoise,11705,63680,55071,162,,,,0
373.000,Minmatar Citizen 6662812,Procurer,25300,50000,59866,294,0.4793,-0.2841,0.8304,0
373.000,Caldari Citizen 3891005,Orca,38365,59945,42705,115,-0.7065,-0.7065,-0.0416,0
373.000,Caldari Citizen 8777524,Capsule,33200,49255,44133,0,,,,0
373.000,Minmatar Citizen 0254120,Porpoise,14980,64535,54835,203,-0.9675,0.0000,0.2529,0
373.000,Amarr Citizen 2674287,Orca,34520,53725,43023,191,-0.7868,0.0000,0.6172,0
373.000,Amarr Citizen 5054432,Prospect,10975,18535,-91499,2917,0.2584,-0.1418,-0.9556,0
373.000,Amarr Citizen 4520313,Capsule,13480,46825,36698,187,0.4283,0.8952,-0.1231,0
373.000,Minmatar Citizen 9978241,Retriever,33375,54500,44720,278,-0.4917,-0.3656,0.7903,0
373.000,Minmatar Citizen 7162778,Covetor,17360,77735,32433,247,-0.8915,0.3272,-0.3134,0
373.000,Minmatar Citizen 9678938,Venture,25045,72545,59321,3004,-0.1976,0.5723,0.7959,0
373.000,Minmatar Citizen 2250648,Capsule,16115,47740,100026,0,,,,0
373.000,Gallente Citizen 1635012,Venture,30860,52235,45773,539,0.3499,-0.3270,0.8778,0
374.000,Caldari Citizen 9942864,Capsule,228115,224720,219108,0,,,,0
374.000,Caldari Citizen 6206817,Skiff,40175,28100,30990,1499,-0.0364,-0.5864,0.8092,0
374.000,Minmatar Citizen 9745080,Capsule,32975,80260,60885,0,,,,0
374.000,Amarr Citizen 0220922,Porpoise,14000,74800,30544,327,-0.2624,0.0949,-0.9603,0
374.000,Minmatar Citizen 4351238,Retriever,39715,59840,50852,131,,,,0
374.000,Caldari Citizen 3216932,Endurance,36560,52235,41363,1263,-0.0122,-0.1643,-0.9863,0
374.000,Minmatar Citizen 9076035,Porpoise,11705,63680,55071,152,,,,0
374.000,Minmatar Citizen 6662812,Procurer,25300,50000,59866,295,0.6307,0.0000,0.7760,0
374.000,Caldari Citizen 3891005,Orca,38365,59945,42705,115,-0.7065,-0.7065,-0.0416,0
374.000,Caldari Citizen 8777524,Capsule,33200,49255,44133,0,,,,0
374.000,Minmatar Citizen 0254120,Porpoise,13775,64535,55150,201,-0.9675,0.0000,0.2529,0
374.000,Amarr Citizen 2674287,Orca,34520,53725,43023,184,-0.7868,0.0000,0.6172,0
374.000,Amarr Citizen 5054432,Prospect,11240,17665,-94713,2913,0.2448,-0.1942,-0.9499,0
374.000,Amarr Citizen 4520313,Capsule,13480,46825,36698,187,0.4295,0.8939,-0.1284,0
374.000,Minmatar Citizen 9978241,Retriever,33375,54500,44720,583,-0.4917,-0.3656,0.7903,0
374.000,Minmatar Citizen 7162778,Covetor,16175,77735,33040,236,-0.9782,-0.0394,-0.2039,0
374.000,Minmatar Citizen 9678938,Venture,24585,73800,61238,1838,-0.1162,0.4700,0.8750,0
374.000,Minmatar Citizen 2250648,Capsule,16115,47740,100026,0,,,,0
374.000,Gallente Citizen 1635012,Venture,31625,52265,46875,492,0.6582,-0.4114,0.6306,0
375.000,Caldari Citizen 9942864,Capsule,228115,224720,219108,0,,,,0
375.000,Caldari Citizen 6206817,Skiff,39440,27215,32678,1235,0.0070,-0.5126,0.8586,0
375.000,Minmatar Citizen 9745080,Capsule,32975,80260,60885,0,,,,0
375.000,Amarr Citizen 0220922,Porpoise,14000,74800,30544,276,0.0000,0.3764,-0.9265,0
375.000,Minmatar Citizen 4351238,Retriever,39715,59840,50852,131,,,,0
375.000,Caldari Citizen 3216932,Endurance,35805,52205,40220,1307,0.0764,0.0543,-0.9956,0
375.000,Minmatar Citizen 9076035,Porpoise,11705,63680,55071,148,0.5940,0.1251,0.7947,0
375.000,Minmatar Citizen 6662812,Procurer,26125,50000,60881,296,0.6307,0.0000,0.7760,0
375.000,Caldari Citizen 3891005,Orca,37540,59120,42656,116,-0.7065,-0.7065,-0.0416,0
375.000,Caldari Citizen 8777524,Capsule,33200,49255,44133,0,,,,0
375.000,Minmatar Citizen 0254120,Porpoise,13775,64535,55150,199,-0.9675,0.0000,0.2529,0
375.000,Amarr Citizen 2674287,Orca,33565,53725,43772,177,-0.7868,0.0000,0.6172,0
375.000,Amarr Citizen 5054432,Prospect,11885,17085,-96788,2836,0.2764,-0.2192,-0.9357,0
375.000,Amarr Citizen 4520313,Capsule,13480,46825,36698,187,0.5332,0.8216,0.2017,0
375.000,Minmatar Citizen 9978241,Retriever,33375,54500,44720,835,-0.3950,-0.4426,0.8051,0
375.000,Minmatar Citizen 7162778,Covetor,16175,77735,33040,231,-0.9564,-0.2785,-0.0878,0
375.000,Minmatar Citizen 9678938,Venture,24355,74080,62602,814,0.0385,0.2918,0.9557,0
375.000,Minmatar Citizen 2250648,Capsule,16115,47740,100026,0,,,,0
375.000,Gallente Citizen 1635012,Venture,31625,52265,46875,466,0.7575,-0.4271,0.4938,0
376.000,Caldari Citizen 9942864,Capsule,228115,224720,219108,0,,,,0
376.000,Caldari Citizen 6206817,Skiff,39440,26320,33403,1031,-0.0741,-0.5275,0.8463,0
376.000,Minmatar Citizen 9745080,Capsule,32975,80260,60885,0,,,,0
376.000,Amarr Citizen 0220922,Porpoise,14000,74800,30544,234,-0.5609,0.3928,-0.7288,0
376.000,Minmatar Citizen 4351238,Retriever,39715,59840,50852,131,,,,0
376.000,Caldari Citizen 3216932,Endurance,35975,51460,39162,903,-0.0573,0.2048,-0.9771,0
376.000,Minmatar Citizen 9076035,Porpoise,11705,63680,55071,148,0.5940,0.1251,0.7947,0
376.000,Minmatar Citizen 6662812,Procurer,26125,50000,60881,297,0.4803,-0.2917,0.8272,0
376.000,Caldari Citizen 3891005,Orca,37540,59120,42656,116,-0.7065,-0.7065,-0.0416,0
376.000,Caldari Citizen 8777524,Capsule,33200,49255,44133,0,,,,0
376.000,Minmatar Citizen 0254120,Porpoise,13775,64535,55150,197,,,,0
376.000,Amarr Citizen 2674287,Orca,33565,53725,43772,171,-0.7868,0.0000,0.6172,0
376.000,Amarr Citizen 5054432,Prospect,13575,16215,-99784,2740,0.2806,-0.2604,-0.9238,0
376.000,Amarr Citizen 4520313,Capsule,14095,47440,37347,187,0.5667,0.5667,0.5982,0
376.000,Minmatar Citizen 9978241,Retriever,32400,53775,46287,1011,-0.3815,-0.5872,0.7139,0
376.000,Minmatar Citizen 7162778,Covetor,16175,77735,33040,231,-0.8884,-0.3943,-0.2351,0
376.000,Minmatar Citizen 9678938,Venture,24355,74080,62602,487,0.6634,-0.4644,0.5867,0
376.000,Minmatar Citizen 2250648,Capsule,16115,47740,100026,0,,,,0
376.000,Gallente Citizen 1635012,Venture,31625,51520,47692,454,0.7722,-0.3186,0.5498,0
377.000,Caldari Citizen 9942864,Capsule,228115,224720,219108,0,,,,0
377.000,Caldari Citizen 6206817,Skiff,40025,26000,34684,870,-0.0878,-0.4942,0.8649,0
377.000,Minmatar Citizen 9745080,Capsule,32975,80260,60885,0,,,,0
377.000,Amarr Citizen 0220922,Porpoise,14000,75215,29508,199,-0.8069,0.3391,-0.4837,0
377.000,Minmatar Citizen 4351238,Retriever,39715,59840,50852,130,,,,0
377.000,Caldari Citizen 3216932,Endurance,35975,52175,38204,702,0.0409,0.6282,-0.7770,0
377.000,Minmatar Citizen 9076035,Porpoise,12560,63860,56215,150,0.5940,0.1251,0.7947,0
377.000,Minmatar Citizen 6662812,Procurer,26125,50000,60881,299,0.1895,-0.1835,0.9646,0
377.000,Caldari Citizen 3891005,Orca,37540,59120,42656,117,,,,0
377.000,Caldari Citizen 8777524,Capsule,33200,49255,44133,0,,,,0
377.000,Minmatar Citizen 0254120,Porpoise,13775,64535,55150,195,,,,0
377.000,Amarr Citizen 2674287,Orca,33565,53725,43772,166,,,,0
377.000,Amarr Citizen 5054432,Prospect,12955,15635,-101999,2656,0.3135,-0.3092,-0.8978,0
377.000,Amarr Citizen 4520313,Capsule,14095,47440,37347,187,-0.0168,0.5736,0.8189,0
377.000,Minmatar Citizen 9978241,Retriever,32400,53775,46287,869,-0.2697,-0.7238,0.6351,0
377.000,Minmatar Citizen 7162778,Covetor,15320,76880,32860,233,-0.6000,-0.3515,-0.7187,0
377.000,Minmatar Citizen 9678938,Venture,25580,73355,62966,955,0.6142,-0.7614,-0.2077,0
377.000,Minmatar Citizen 2250648,Capsule,16115,47740,100026,0,,,,0
377.000,Gallente Citizen 1635012,Venture,32600,51520,47031,449,0.8289,-0.3090,0.4664,0
378.000,Caldari Citizen 9942864,Capsule,228115,224720,219108,0,,,,0
378.000,Caldari Citizen 6206817,Skiff,40025,26000,34684,746,0.0101,-0.4536,0.8911,0
378.000,Minmatar Citizen 9745080,Capsule,32975,80260,60885,0,,,,0
378.000,Amarr Citizen 0220922,Porpoise,14000,75215,29508,169,-0.9526,-0.0369,-0.3019,0
378.000,Minmatar Citizen 4351238,Retriever,39715,59840,50852,130,-0.7070,-0.7070,-0.0184,0
378.000,Caldari Citizen 3216932,Endurance,36720,53625,37430,733,0.1433,0.9362,-0.3211,0
378.000,Minmatar Citizen 9076035,Porpoise,12560,63860,56215,154,0.5940,0.1251,0.7947,0
378.000,Minmatar Citizen 6662812,Procurer,26125,50000,60881,300,-0.1539,-0.1028,0.9827,0
378.000,Caldari Citizen 3891005,Orca,37540,59120,42656,118,0.7432,0.0000,-0.6691,0
378.000,Caldari Citizen 8777524,Capsule,33200,49255,44133,0,,,,0
378.000,Minmatar Citizen 0254120,Porpoise,13775,64535,55150,193,-0.6791,-0.6791,-0.2785,0
378.000,Amarr Citizen 2674287,Orca,33565,53725,43772,161,,,,0
378.000,Amarr Citizen 5054432,Prospect,14765,14765,-104943,2590,0.3370,-0.3940,-0.8551,0
378.000,Amarr Citizen 4520313,Capsule,14095,47440,37347,187,-0.6260,0.3367,0.7034,0
378.000,Minmatar Citizen 9978241,Retriever,32400,53040,47127,854,-0.2099,-0.8516,0.4804,0
378.000,Minmatar Citizen 7162778,Covetor,15320,76880,32860,236,-0.5112,-0.2063,-0.8343,0
378.000,Minmatar Citizen 9678938,Venture,25800,72360,62445,1419,0.5608,-0.7113,-0.4238,0
378.000,Minmatar Citizen 2250648,Capsule,16115,47740,100026,0,,,,0
378.000,Gallente Citizen 1635012,Venture,32600,51520,47031,448,0.8584,-0.3048,0.4127,0
379.000,Caldari Citizen 9942864,Capsule,228115,224720,219108,0,,,,0
379.000,Caldari Citizen 6206817,Skiff,39280,25085,36178,651,0.0127,-0.3955,0.9184,0
379.000,Minmatar Citizen 9745080,Capsule,32975,80260,60885,0,,,,0
379.000,Amarr Citizen 0220922,Porpoise,12815,75215,30041,139,-0.9597,-0.2428,-0.1418,0
379.000,Minmatar Citizen 4351238,Retriever,39715,59840,50852,129,-0.7070,-0.7070,-0.0184,0
379.000,Caldari Citizen 3216932,Endurance,35805,53625,38306,852,0.1792,0.9837,0.0140,0
379.000,Minmatar Citizen 9076035,Porpoise,12560,63860,56215,158,,,,0
379.000,Minmatar Citizen 6662812,Procurer,26125,49165,61557,301,-0.1343,-0.2270,0.9646,0
379.000,Caldari Citizen 3891005,Orca,37540,59120,42656,118,0.7432,0.0000,-0.6691,0
379.000,Caldari Citizen 8777524,Capsule,33200,49255,44133,0,,,,0
379.000,Minmatar Citizen 0254120,Porpoise,13775,64535,55150,191,-0.8565,-0.5007,-0.1256,0
379.000,Amarr Citizen 2674287,Orca,33565,53725,43772,157,0.0000,-0.6380,0.7701,0
379.000,Amarr Citizen 5054432,Prospect,15560,14185,-106947,2507,0.3574,-0.4550,-0.8156,0
379.000,Amarr Citizen 4520313,Capsule,14095,47440,37347,187,-0.6954,0.2927,0.6563,0
379.000,Minmatar Citizen 9978241,Retriever,31625,51520,47692,950,0.0114,-0.9587,0.2842,0
379.000,Minmatar Citizen 7162778,Covetor,15320,77305,31847,240,-0.3614,-0.0021,-0.9324,0
379.000,Minmatar Citizen 9678938,Venture,27215,71375,61392,1787,0.4881,-0.7198,-0.4936,0
379.000,Minmatar Citizen 2250648,Capsule,16115,47740,100026,0,,,,0
379.000,Gallente Citizen 1635012,Venture,33375,51540,48101,448,0.9039,-0.1976,0.3793,0
380.000,Caldari Citizen 9942864,Capsule,228115,224720,219108,0,,,,0
380.000,Caldari Citizen 6206817,Skiff,39280,25085,36178,576,-0.0096,-0.4079,0.9130,0
380.000,Minmatar Citizen 9745080,Capsule,32975,80260,60885,0,,,,0
380.000,Amarr Citizen 0220922,Porpoise,12815,75215,30041,114,-0.9101,-0.4115,0.0484,0
380.000,Minmatar Citizen 4351238,Retriever,38840,58965,50829,122,-0.5513,-0.7924,0.2611,0
380.000,Caldari Citizen 3216932,Endurance,36560,54380,38499,980,0.1835,0.9409,0.2845,0
380.000,Minmatar Citizen 9076035,Porpoise,12560,63860,56215,162,,,,0
380.000,Minmatar Citizen 6662812,Procurer,25875,50000,62342,302,-0.1248,-0.2821,0.9512,0
380.000,Caldari Citizen 3891005,Orca,38495,59120,41797,119,0.7432,0.0000,-0.6691,0
380.000,Caldari Citizen 8777524,Capsule,33200,49255,44133,0,,,,0
380.000,Minmatar Citizen 0254120,Porpoise,12920,63680,54799,188,-0.9076,-0.4155,-0.0601,0
380.000,Amarr Citizen 2674287,Orca,33565,53725,43772,151,0.0000,-0.6380,0.7701,0
380.000,Amarr Citizen 5054432,Prospect,16385,12200,-109104,2416,0.4085,-0.4960,-0.7662,0
380.000,Amarr Citizen 4520313,Capsule,13040,47440,37728,187,-0.4528,0.4415,0.7746,0
380.000,Minmatar Citizen 9978241,Retriever,32600,51520,47031,1064,-0.0022,-0.9848,0.1735,0
380.000,Minmatar Citizen 7162778,Covetor,15320,77305,31847,243,0.0000,0.3870,-0.9221,0
380.000,Minmatar Citizen 9678938,Venture,27635,69435,60259,2080,0.3936,-0.7311,-0.5573,0
380.000,Minmatar Citizen 2250648,Capsule,16115,47740,100026,0,,,,0
380.000,Gallente Citizen 1635012,Venture,33375,51540,48101,600,0.8824,-0.2228,0.4144,0
381.000,Caldari Citizen 9942864,Capsule,228115,224720,219108,0,,,,0
381.000,Caldari Citizen 6206817,Skiff,39875,24755,37379,524,0.0861,-0.4855,0.8700,0
381.000,Minmatar Citizen 9745080,Capsule,32975,80260,60885,0,,,,0
381.000,Amarr Citizen 0220922,Porpoise,12000,74400,29692,95,-0.8643,-0.5005,-0.0504,0
381.000,Minmatar Citizen 4351238,Retriever,38840,58965,50829,120,-0.4280,-0.8021,0.4165,0
381.000,Caldari Citizen 3216932,Endurance,36400,55840,38548,1074,0.1308,0.8727,0.4703,0
381.000,Minmatar Citizen 9076035,Porpoise,12560,63860,56215,165,0.0000,-0.6653,0.7466,0
381.000,Minmatar Citizen 6662812,Procurer,25875,50000,62342,302,-0.1179,-0.3208,0.9398,0
381.000,Caldari Citizen 3891005,Orca,38495,59120,41797,120,0.4149,-0.4354,-0.7989,0
381.000,Caldari Citizen 8777524,Capsule,33200,49255,44133,0,,,,0
381.000,Minmatar Citizen 0254120,Porpoise,12920,63680,54799,186,-0.9379,-0.3467,-0.0097,0
381.000,Amarr Citizen 2674287,Orca,33565,53000,44647,147,0.0000,-0.6380,0.7701,0
381.000,Amarr Citizen 5054432,Prospect,17500,10475,-110127,2352,0.3932,-0.5484,-0.7380,0
381.000,Amarr Citizen 4520313,Capsule,13040,47440,37728,187,-0.2171,0.5339,0.8172,0
381.000,Minmatar Citizen 9978241,Retriever,31835,50000,47566,889,0.1276,-0.9908,-0.0456,0
381.000,Minmatar Citizen 7162778,Covetor,15320,77305,31847,246,,,,0
381.000,Minmatar Citizen 9678938,Venture,29000,68480,59114,2277,0.3309,-0.7488,-0.5743,0
381.000,Minmatar Citizen 2250648,Capsule,16115,47740,100026,0,,,,0
381.000,Gallente Citizen 1635012,Venture,34340,50775,48236,712,0.9485,-0.0776,0.3072,0
382.000,Caldari Citizen 9942864,Capsule,228115,224720,219108,0,,,,0
382.000,Caldari Citizen 6206817,Skiff,39875,24755,37379,477,0.0546,-0.4860,0.8722,0
382.000,Minmatar Citizen 9745080,Capsule,32975,80260,60885,0,,,,0
382.000,Amarr Citizen 0220922,Porpoise,12000,74400,29692,77,-0.6768,-0.6768,-0.2897,0
382.000,Minmatar Citizen 4351238,Retriever,38840,58965,50829,119,-0.2835,-0.7792,0.5591,0
382.000,Caldari Citizen 3216932,Endurance,37175,56615,38688,1087,0.2357,0.8674,0.4383,0
382.000,Minmatar Citizen 9076035,Porpoise,12560,63860,56215,169,0.0000,-0.6653,0.7466,0
382.000,Minmatar Citizen 6662812,Procurer,25875,49155,63010,303,0.2365,-0.0040,0.9716,0
382.000,Caldari Citizen 3891005,Orca,38495,59120,41797,120,-0.2354,-0.7926,-0.5625,0
382.000,Caldari Citizen 8777524,Capsule,33200,49255,44133,0,,,,0
382.000,Minmatar Citizen 0254120,Porpoise,11705,63680,55071,183,-0.9662,-0.2515,0.0571,0
382.000,Amarr Citizen 2674287,Orca,33565,53000,44647,142,-0.3624,-0.4538,0.8141,0
382.000,Amarr Citizen 5054432,Capsule,18375,9855,-112077,0,0.4097,-0.5637,-0.7172,0
382.000,Amarr Citizen 4520313,Capsule,13665,48065,38367,187,0.0935,0.5991,0.7952,0
382.000,Minmatar Citizen 9978241,Retriever,32800,49235,47708,714,0.2599,-0.9638,-0.0590,0
382.000,Minmatar Citizen 7162778,Covetor,15320,77305,31847,249,-0.6955,-0.6955,-0.1801,0
382.000,Minmatar Citizen 9678938,Venture,29400,66600,57871,2459,0.2547,-0.7686,-0.5869,0
382.000,Minmatar Citizen 2250648,Capsule,16115,47740,100026,0,,,,0
383.000,Caldari Citizen 9942864,Capsule,228115,224720,219108,0,,,,0
383.000,Caldari Citizen 6206817,Skiff,39875,24755,37379,440,-0.0128,-0.3501,0.9366,0
383.000,Minmatar Citizen 9745080,Capsule,32975,80260,60885,0,,,,0
383.000,Amarr Citizen 0220922,Porpoise,12000,74400,29692,62,,,,0
383.000,Minmatar Citizen 4351238,Retriever,38840,58200,51703,119,0.0000,-0.6586,0.7525,0
383.000,Caldari Citizen 3216932,Endurance,37025,57400,39691,1087,0.2818,0.7730,0.5684,0
383.000,Minmatar Citizen 9076035,Porpoise,12560,63175,56984,173,-0.4770,-0.5335,0.6985,0
383.000,Minmatar Citizen 6662812,Procurer,25875,49155,63010,304,0.4953,-0.3007,0.8150,0
383.000,Caldari Citizen 3891005,Orca,38495,59120,41797,121,-0.7061,-0.7061,-0.0541,0
383.000,Caldari Citizen 8777524,Capsule,33200,49255,44133,0,,,,0
383.000,Minmatar Citizen 0254120,Porpoise,11705,63680,55071,179,-0.9758,0.0000,0.2187,0
383.000,Amarr Citizen 2674287,Orca,33565,53000,44647,139,-0.5934,-0.2675,0.7591,0
383.000,Amarr Citizen 5054432,Capsule,18375,9855,-112077,0,0.4515,-0.4839,-0.7496,0
383.000,Amarr Citizen 4520313,Capsule,13665,48065,38367,187,0.5731,0.5731,0.5858,0
383.000,Minmatar Citizen 9978241,Retriever,32045,48480,47411,583,0.0783,-0.9967,-0.0219,0
383.000,Minmatar Citizen 7162778,Covetor,15320,77305,31847,252,-0.6955,-0.6955,-0.1801,0
383.000,Minmatar Citizen 9678938,Venture,29800,64760,56561,2602,0.1783,-0.8125,-0.5551,0
383.000,Minmatar Citizen 2250648,Capsule,16115,47740,100026,0,,,,0
383.000,Gallente Citizen 1635012,Venture,36080,50785,48581,904,0.9360,-0.0705,0.3448,0
384.000,Caldari Citizen 9942864,Capsule,228115,224720,219108,0,,,,0
384.000,Caldari Citizen 6206817,Skiff,39875,23820,37981,412,-0.1309,-0.2248,0.9656,0
384.000,Minmatar Citizen 9745080,Capsule,32975,80260,60885,0,,,,0
384.000,Amarr Citizen 0220922,Porpoise,12000,74400,29692,50,,,,0
384.000,Minmatar Citizen 4351238,Retriever,38840,58200,51703,119,0.0000,-0.6586,0.7525,0
384.000,Caldari Citizen 3216932,Endurance,36875,58195,40664,1085,0.2538,0.6219,0.7409,0
384.000,Minmatar Citizen 9076035,Porpoise,12560,63175,56984,176,-0.7049,-0.3941,0.5898,0
384.000,Minmatar Citizen 6662812,Procurer,25875,49155,63010,304,0.5613,-0.1926,0.8049,0
384.000,Caldari Citizen 3891005,Orca,37680,58305,41734,122,-0.7061,-0.7061,-0.0541,0
384.000,Caldari Citizen 8777524,Capsule,33200,49255,44133,0,,,,0
384.000,Minmatar Citizen 0254120,Porpoise,11705,63680,55071,175,-0.6991,-0.3884,0.6003,0
384.000,Amarr Citizen 2674287,Orca,33565,53000,44647,136,-0.8057,0.0000,0.5923,0
384.000,Amarr Citizen 5054432,Capsule,18375,9855,-112077,0,0.3932,-0.2786,-0.8762,0
384.000,Amarr Citizen 4520313,Capsule,13665,48065,38367,187,0.5778,0.5778,0.5764,0
384.000,Minmatar Citizen 9978241,Retriever,33000,48480,46751,489,0.0770,-0.9890,-0.1266,0
384.000,Minmatar Citizen 7162778,Covetor,14475,76460,31628,255,-0.6955,-0.6955,-0.1801,0
384.000,Minmatar Citizen 9678938,Venture,30400,62075,54466,2709,0.1074,-0.8332,-0.5424,0
384.000,Minmatar Citizen 2250648,Capsule,16115,47740,100026,0,,,,0
384.000,Gallente Citizen 1635012,Venture,36875,51580,48783,972,0.9179,-0.0074,0.3968,0
385.000,Caldari Citizen 9942864,Capsule,228115,224720,219108,0,,,,0
385.000,Caldari Citizen 6206817,Skiff,39120,23820,38759,390,-0.0672,-0.2898,0.9547,0
385.000,Minmatar Citizen 9745080,Capsule,32975,80260,60885,0,,,,0
385.000,Amarr Citizen 0220922,Porpoise,12000,74400,29692,40,,,,0
385.000,Minmatar Citizen 4351238,Retriever,38840,58200,51703,120,,,,0
385.000,Caldari Citizen 3216932,Endurance,37680,59000,40746,1069,0.1650,0.5235,0.8359,0
385.000,Minmatar Citizen 9076035,Porpoise,12560,63175,56984,179,-0.8601,-0.2405,0.4498,0
385.000,Minmatar Citizen 6662812,Procurer,26720,50000,63333,304,0.6498,-0.0077,0.7601,0
385.000,Caldari Citizen 3891005,Orca,37680,58305,41734,122,-0.7061,-0.7061,-0.0541,0
385.000,Caldari Citizen 8777524,Capsule,33200,49255,44133,0,,,,0
385.000,Minmatar Citizen 0254120,Porpoise,11705,63680,55071,171,0.0000,-0.6587,0.7524,0
385.000,Amarr Citizen 2674287,Orca,32600,53000,45357,134,-0.8057,0.0000,0.5923,0
385.000,Amarr Citizen 5054432,Capsule,18375,9855,-112077,0,,,,0
385.000,Amarr Citizen 4520313,Capsule,13665,48065,38367,187,0.5230,0.8467,0.0975,0
385.000,Minmatar Citizen 9978241,Retriever,33000,47705,47542,419,-0.1685,-0.9790,-0.1150,0
385.000,Minmatar Citizen 7162778,Covetor,14475,76460,31628,257,-0.6955,-0.6955,-0.1801,0
385.000,Minmatar Citizen 9678938,Venture,30800,60335,52982,2793,0.1329,-0.8325,-0.5378,0
385.000,Minmatar Citizen 2250648,Capsule,16115,47740,100026,0,,,,0
385.000,Gallente Citizen 1635012,Venture,36875,50795,49599,1008,0.7879,-0.2493,0.5631,0
386.000,Caldari Citizen 9942864,Capsule,228115,224720,219108,0,,,,0
386.000,Caldari Citizen 6206817,Skiff,39725,24425,39324,357,-0.0115,-0.3105,0.9505,0
386.000,Minmatar Citizen 9745080,Capsule,32975,80260,60885,0,,,,0
386.000,Amarr Citizen 0220922,Porpoise,12000,74400,29692,33,,,,0
386.000,Minmatar Citizen 4351238,Retriever,38840,58200,51703,121,,,,0
386.000,Caldari Citizen 3216932,Endurance,38495,59120,41797,604,0.1792,0.6039,0.7766,0
386.000,Minmatar Citizen 9076035,Porpoise,11335,63175,57240,181,-0.8609,-0.2442,0.4464,0
386.000,Minmatar Citizen 6662812,Procurer,26720,49145,63999,266,0.5968,-0.1278,0.7921,0
386.000,Caldari Citizen 3891005,Orca,37680,58305,41734,123,,,,0
386.000,Caldari Citizen 8777524,Capsule,33200,49255,44133,0,,,,0
386.000,Minmatar Citizen 0254120,Porpoise,11705,63680,55071,167,0.0000,-0.6587,0.7524,0
386.000,Amarr Citizen 2674287,Orca,32600,53000,45357,132,-0.8057,0.0000,0.5923,0
386.000,Amarr Citizen 5054432,Capsule,18375,9855,-112077,0,,,,0
386.000,Amarr Citizen 4520313,Capsule,13665,48065,38367,187,0.4729,0.8793,-0.0566,0
386.000,Minmatar Citizen 9978241,Retriever,32255,46960,47227,371,0.1141,-0.9926,0.0408,0
386.000,Minmatar Citizen 7162778,Covetor,14475,76460,31628,258,-0.6502,-0.4896,-0.5810,0
386.000,Minmatar Citizen 9678938,Venture,30155,57900,52861,2855,0.1903,-0.8321,-0.5210,0
386.000,Minmatar Citizen 2250648,Capsule,16115,47740,100026,0,,,,0
386.000,Gallente Citizen 1635012,Venture,38625,50805,49879,682,0.7383,-0.3154,0.5961,0
387.000,Caldari Citizen 9942864,Capsule,228115,224720,219108,0,,,,0
387.000,Caldari Citizen 6206817,Skiff,39725,24425,39324,333,0.0843,-0.2934,0.9523,0
387.000,Minmatar Citizen 9745080,Capsule,32975,80260,60885,0,,,,0
387.000,Amarr Citizen 0220922,Porpoise,12000,74400,29692,27,,,,0
387.000,Minmatar Citizen 4351238,Retriever,38840,58200,51703,121,,,,0
387.000,Caldari Citizen 3216932,Endurance,37540,59120,42656,189,0.0873,0.7452,0.6611,0
387.000,Minmatar Citizen 9076035,Porpoise,11335,63175,57240,183,-0.7058,-0.4005,0.5843,0
387.000,Minmatar Citizen 6662812,Procurer,26720,49145,63999,245,0.4798,-0.3293,0.8132,0
387.000,Caldari Citizen 3891005,Orca,37680,58305,41734,123,,,,0
387.000,Caldari Citizen 8777524,Capsule,33200,49255,44133,0,,,,0
387.000,Minmatar Citizen 0254120,Porpoise,11705,63005,55842,164,0.3968,-0.2297,0.8887,0
387.000,Amarr Citizen 2674287,Orca,32600,53000,45357,131,,,,0
387.000,Amarr Citizen 5054432,Capsule,18375,9855,-112077,0,,,,0
387.000,Amarr Citizen 4520313,Capsule,14300,48700,38985,187,0.4368,0.8874,-0.1477,0
387.000,Minmatar Citizen 9978241,Retriever,32255,46960,47227,332,0.0988,-0.9856,0.1375,0
387.000,Minmatar Citizen 7162778,Covetor,14475,76460,31628,260,-0.5262,-0.2647,-0.8081,0
387.000,Minmatar Citizen 9678938,Venture,30785,55425,50412,2788,0.3037,-0.8267,-0.4736,0
387.000,Minmatar Citizen 2250648,Capsule,16115,47740,100026,0,,,,0
387.000,Gallente Citizen 1635012,Venture,38625,50805,49879,397,0.7672,-0.4737,0.4324,0
388.000,Caldari Citizen 9942864,Capsule,228115,224720,219108,0,,,,0
388.000,Caldari Citizen 6206817,Skiff,39725,23480,39895,319,0.1870,-0.6924,0.6969,0
388.000,Minmatar Citizen 9745080,Capsule,32975,80260,60885,0,,,,0
388.000,Amarr Citizen 0220922,Porpoise,12000,74400,29692,22,,,,0
388.000,Minmatar Citizen 4351238,Retriever,38840,58200,51703,122,-0.8052,0.0000,0.5930,0
388.000,Caldari Citizen 3216932,Endurance,37540,59120,42656,201,0.1142,0.9668,-0.2285,0
388.000,Minmatar Citizen 9076035,Porpoise,11335,63175,57240,185,-0.4778,-0.5422,0.6912,0
388.000,Minmatar Citizen 6662812,Procurer,26720,49145,63999,240,0.4913,-0.7788,0.3901,0
388.000,Caldari Citizen 3891005,Orca,37680,58305,41734,124,,,,0
388.000,Caldari Citizen 8777524,Capsule,33200,49255,44133,0,,,,0
388.000,Minmatar Citizen 0254120,Porpoise,11705,63005,55842,161,0.5940,0.1251,0.7947,0
388.000,Amarr Citizen 2674287,Orca,32600,53000,45357,130,,,,0
388.000,Amarr Citizen 5054432,Capsule,18375,9855,-112077,0,,,,0
388.000,Amarr Citizen 4520313,Capsule,14300,49355,38152,187,-0.0028,0.9943,-0.1062,0
388.000,Minmatar Citizen 9978241,Retriever,32255,46960,47227,304,0.1321,-0.9824,-0.1320,0
388.000,Minmatar Citizen 7162778,Covetor,14475,76460,31628,261,-0.5262,-0.2647,-0.8081,0
388.000,Minmatar Citizen 9678938,Venture,32200,53080,48854,2710,0.4440,-0.8031,-0.3974,0
388.000,Minmatar Citizen 2250648,Capsule,16115,47740,100026,0,,,,0
388.000,Gallente Citizen 1635012,Venture,38625,50000,50686,280,0.8851,-0.4280,0.1828,0
389.000,Caldari Citizen 9942864,Capsule,228115,224720,219108,0,,,,0
389.000,Caldari Citizen 6206817,Skiff,39725,23480,39895,311,0.0000,-0.8618,0.5073,0
389.000,Minmatar Citizen 9745080,Capsule,32975,80260,60885,0,,,,0
389.000,Amarr Citizen 0220922,Porpoise,12000,74400,29692,20,,,,0
389.000,Minmatar Citizen 4351238,Retriever,38840,58200,51703,122,-0.8052,0.0000,0.5930,0
389.000,Caldari Citizen 3216932,Endurance,37540,59815,41676,271,-0.0664,0.2140,-0.9746,0
389.000,Minmatar Citizen 9076035,Porpoise,11335,62480,57998,187,0.4031,-0.2447,0.8818,0
389.000,Minmatar Citizen 6662812,Procurer,26720,49145,63999,244,0.9513,-0.2095,0.2261,0
389.000,Caldari Citizen 3891005,Orca,37680,58305,41734,125,0.7345,0.0000,-0.6786,0
389.000,Caldari Citizen 8777524,Capsule,33200,49255,44133,0,,,,0
389.000,Minmatar Citizen 0254120,Porpoise,11705,63005,55842,159,0.2296,0.4900,0.8410,0
389.000,Amarr Citizen 2674287,Orca,32600,53000,45357,130,,,,0
389.000,Amarr Citizen 5054432,Capsule,18375,9855,-112077,0,,,,0
389.000,Amarr Citizen 4520313,Capsule,14300,49355,38152,187,-0.2004,0.9604,0.1936,0
389.000,Minmatar Citizen 9978241,Retriever,33200,46175,47346,284,0.2301,-0.9670,-0.1095,0
389.000,Minmatar Citizen 7162778,Covetor,13640,76040,30346,262,-0.5262,-0.2647,-0.8081,0
389.000,Minmatar Citizen 9678938,Venture,33375,51540,48101,2634,0.5972,-0.7252,-0.3426,0
389.000,Minmatar Citizen 2250648,Capsule,16115,47740,100026,0,,,,0
389.000,Gallente Citizen 1635012,Venture,38625,50000,50686,205,0.8116,-0.5823,-0.0468,0
390.000,Caldari Citizen 9942864,Capsule,228115,224720,219108,0,,,,0
390.000,Caldari Citizen 6206817,Skiff,39725,23480,39895,307,0.0000,-0.8638,0.5038,0
390.000,Minmatar Citizen 9745080,Capsule,32975,80260,60885,0,,,,0
390.000,Amarr Citizen 0220922,Porpoise,12000,74400,29692,19,,,,0
390.000,Minmatar Citizen 4351238,Retriever,37845,58200,52436,123,-0.8052,0.0000,0.5930,0
390.000,Caldari Citizen 3216932,Endurance,37540,59815,41676,275,0.2041,-0.3312,-0.9212,0
390.000,Minmatar Citizen 9076035,Porpoise,11335,62480,57998,188,0.6021,0.1183,0.7896,0
390.000,Minmatar Citizen 6662812,Procurer,26720,49145,63999,252,0.9666,-0.0820,0.2427,0
390.000,Caldari Citizen 3891005,Orca,37680,58305,41734,98,0.7345,0.0000,-0.6786,0
390.000,Caldari Citizen 8777524,Capsule,33200,49255,44133,0,,,,0
390.000,Minmatar Citizen 0254120,Porpoise,12560,63860,56215,157,-0.1577,0.8131,0.5604,0
390.000,Amarr Citizen 2674287,Orca,32600,53000,45357,129,,,,0
390.000,Amarr Citizen 5054432,Capsule,18375,9855,-112077,0,,,,0
390.000,Amarr Citizen 4520313,Capsule,14300,49355,38152,187,-0.4714,0.7731,0.4244,0
390.000,Minmatar Citizen 9978241,Retriever,33200,46175,47346,269,0.3277,-0.8755,-0.3551,0
390.000,Minmatar Citizen 7162778,Covetor,13640,76040,30346,263,-0.6101,-0.4197,-0.6720,0
390.000,Minmatar Citizen 9678938,Venture,35465,49225,47414,2544,0.7200,-0.6719,-0.1737,0
390.000,Minmatar Citizen 2250648,Capsule,16115,47740,100026,0,,,,0
390.000,Gallente Citizen 1635012,Venture,39560,50000,49960,158,0.8755,-0.3769,-0.3023,0
391.000,Caldari Citizen 9942864,Capsule,228115,224720,219108,0,,,,0
391.000,Caldari Citizen 6206817,Skiff,39725,22525,40442,306,0.0000,-0.8678,0.4969,0
391.000,Minmatar Citizen 9745080,Capsule,32975,80260,60885,0,,,,0
391.000,Amarr Citizen 0220922,Porpoise,12000,74400,29692,18,,,,0
391.000,Minmatar Citizen 4351238,Retriever,37845,58200,52436,71,-0.8052,0.0000,0.5930,0
391.000,Caldari Citizen 3216932,Endurance,38495,59815,40796,305,0.1154,-0.8629,-0.4921,0
391.000,Minmatar Citizen 9076035,Porpoise,11335,62480,57998,190,0.6027,0.1150,0.7896,0
391.000,Minmatar Citizen 6662812,Procurer,27805,48280,64194,245,0.9681,-0.0050,0.2507,0
391.000,Caldari Citizen 3891005,Orca,38625,58305,40861,76,0.7345,0.0000,-0.6786,0
391.000,Caldari Citizen 8777524,Capsule,33200,49255,44133,0,,,,0
391.000,Minmatar Citizen 0254120,Porpoise,12560,63860,56215,157,-0.4481,0.3235,0.8334,0
391.000,Amarr Citizen 2674287,Orca,32600,53000,45357,129,,,,0
391.000,Amarr Citizen 5054432,Capsule,18375,9855,-112077,0,,,,0
391.000,Amarr Citizen 4520313,Capsule,13235,49355,38535,187,-0.3343,0.5134,0.7904,0
391.000,Minmatar Citizen 9978241,Retriever,32465,45440,47013,258,0.3471,-0.7575,-0.5529,0
391.000,Minmatar Citizen 7162778,Covetor,13640,76040,30346,264,-0.6571,-0.5337,-0.5322,0
391.000,Minmatar Citizen 9678938,Venture,37325,47645,47600,2411,0.8334,-0.5527,0.0058,0
391.000,Minmatar Citizen 2250648,Capsule,16115,47740,100026,0,,,,0
391.000,Gallente Citizen 1635012,Venture,39560,50000,49960,135,0.7897,0.0000,-0.6135,0
392.000,Caldari Citizen 9942864,Capsule,228115,224720,219108,0,,,,0
392.000,Caldari Citizen 6206817,Skiff,39725,22525,40442,298,0.0000,-0.8722,0.4892,0
392.000,Minmatar Citizen 9745080,Capsule,32975,80260,60885,0,,,,0
392.000,Amarr Citizen 0220922,Porpoise,12000,74400,29692,19,,,,0
392.000,Minmatar Citizen 4351238,Retriever,37845,58200,52436,40,,,,0
392.000,Caldari Citizen 3216932,Endurance,37680,59000,40746,335,-0.2146,-0.9734,0.0805,0
392.000,Minmatar Citizen 9076035,Porpoise,12200,63345,58374,191,0.6381,0.2047,0.7423,0
392.000,Minmatar Citizen 6662812,Procurer,28660,49135,64501,246,0.9635,0.0735,0.2572,0
392.000,Caldari Citizen 3891005,Orca,38625,58305,40861,60,0.7345,0.0000,-0.6786,0
392.000,Caldari Citizen 8777524,Capsule,33200,49255,44133,0,,,,0
392.000,Minmatar Citizen 0254120,Porpoise,11335,63860,56475,157,-0.5893,-0.1059,0.8009,0
392.000,Amarr Citizen 2674287,Orca,32600,53000,45357,129,0.0000,-0.6563,0.7545,0
392.000,Amarr Citizen 5054432,Capsule,18375,9855,-112077,0,,,,0
392.000,Amarr Citizen 4520313,Capsule,13880,50000,39145,187,-0.2096,0.5576,0.8032,0
392.000,Minmatar Citizen 9978241,Retriever,32465,45440,47013,250,0.2769,-0.5258,-0.8043,0
392.000,Minmatar Citizen 7162778,Covetor,13640,76040,30346,265,-0.6842,-0.6842,-0.2525,0
392.000,Minmatar Citizen 9678938,Venture,39145,46840,46933,2183,0.9011,-0.3822,0.2049,0
392.000,Minmatar Citizen 2250648,Capsule,16115,47740,100026,0,,,,0
392.000,Gallente Citizen 1635012,Venture,39560,50000,49960,131,,,,0
393.000,Caldari Citizen 9942864,Capsule,228115,224720,219108,0,,,,0
393.000,Caldari Citizen 6206817,Skiff,39725,22525,40442,294,0.0000,-0.8751,0.4840,0
393.000,Minmatar Citizen 9745080,Capsule,32975,80260,60885,0,,,,0
393.000,Amarr Citizen 0220922,Porpoise,12000,74400,29692,19,,,,0
393.000,Minmatar Citizen 4351238,Retriever,37845,58200,52436,39,,,,0
393.000,Caldari Citizen 3216932,Endurance,37680,58305,41734,358,-0.3853,-0.9031,0.1894,0
393.000,Minmatar Citizen 9076035,Porpoise,12200,63345,58374,192,0.5588,0.0123,0.8292,0
393.000,Minmatar Citizen 6662812,Procurer,28660,49135,64501,246,0.9862,0.1541,0.0600,0
393.000,Caldari Citizen 3891005,Orca,38625,58305,40861,47,,,,0
393.000,Caldari Citizen 8777524,Capsule,33200,49255,44133,0,,,,0
393.000,Minmatar Citizen 0254120,Porpoise,11335,63860,56475,157,-0.6489,-0.4354,0.6240,0
393.000,Amarr Citizen 2674287,Orca,32600,53000,45357,129,0.0000,-0.6563,0.7545,0
393.000,Amarr Citizen 5054432,Capsule,18375,9855,-112077,0,,,,0
393.000,Amarr Citizen 4520313,Capsule,13880,50000,39145,187,0.0057,0.6090,0.7931,0
393.000,Minmatar Citizen 9978241,Retriever,33400,45440,46353,244,0.5402,-0.7283,-0.4216,0
393.000,Minmatar Citizen 7162778,Covetor,12815,75215,30041,265,-0.6842,-0.6842,-0.2525,0
393.000,Minmatar Citizen 9678938,Venture,40815,45975,48005,1847,0.8758,-0.0789,0.4761,0
393.000,Minmatar Citizen 2250648,Capsule,16115,47740,100026,0,,,,0
393.000,Gallente Citizen 1635012,Venture,39560,50000,49960,135,,,,0
394.000,Caldari Citizen 9942864,Capsule,228115,224720,219108,0,,,,0
394.000,Caldari Citizen 6206817,Skiff,39725,22525,40442,294,0.0000,-0.8793,0.4762,0
394.000,Minmatar Citizen 9745080,Capsule,32975,80260,60885,0,,,,0
394.000,Amarr Citizen 0220922,Porpoise,12000,74400,29692,20,,,,0
394.000,Minmatar Citizen 4351238,Retriever,37845,58200,52436,55,,,,0
394.000,Caldari Citizen 3216932,Endurance,37680,58305,41734,374,-0.3779,-0.9149,0.1417,0
394.000,Minmatar Citizen 9076035,Porpoise,12200,62640,59130,192,0.4029,-0.2538,0.8794,0
394.000,Minmatar Citizen 6662812,Procurer,28660,49135,64501,252,0.9361,0.3024,-0.1796,0
394.000,Caldari Citizen 3891005,Orca,38625,58305,40861,33,,,,0
394.000,Caldari Citizen 8777524,Capsule,33200,49255,44133,0,,,,0
394.000,Minmatar Citizen 0254120,Porpoise,11335,63175,57240,158,-0.4775,-0.5340,0.6978,0
394.000,Amarr Citizen 2674287,Orca,32600,52265,46202,129,0.0000,-0.6563,0.7545,0
394.000,Amarr Citizen 5054432,Capsule,18375,9855,-112077,0,,,,0
394.000,Amarr Citizen 4520313,Capsule,13880,50000,39145,187,,,,0
394.000,Minmatar Citizen 9978241,Retriever,33400,45440,46353,240,0.7590,-0.6453,0.0865,0
394.000,Minmatar Citizen 7162778,Covetor,12815,75215,30041,266,-0.6842,-0.6842,-0.2525,0
394.000,Minmatar Citizen 9678938,Venture,42395,46720,49193,1501,0.6603,0.2730,0.6996,0
394.000,Minmatar Citizen 2250648,Capsule,16115,47740,100026,0,,,,0
394.000,Gallente Citizen 1635012,Venture,39560,50000,49960,143,,,,0
395.000,Caldari Citizen 9942864,Capsule,228115,224720,219108,0,,,,0
395.000,Caldari Citizen 6206817,Skiff,39725,21560,40965,296,0.3606,-0.9217,0.1429,0
395.000,Minmatar Citizen 9745080,Capsule,32975,80260,60885,0,,,,0
395.000,Amarr Citizen 0220922,Porpoise,12000,74400,29692,21,,,,0
395.000,Minmatar Citizen 4351238,Retriever,37845,58200,52436,70,0.8052,0.0000,-0.5930,0
395.000,Caldari Citizen 3216932,Endurance,36875,57500,41641,385,-0.2522,-0.9418,-0.2223,0
395.000,Minmatar Citizen 9076035,Porpoise,12200,62640,59130,193,0.0000,-0.6821,0.7313,0
395.000,Minmatar Citizen 6662812,Procurer,28660,49135,64501,259,0.9104,0.0000,-0.4137,0
395.000,Caldari Citizen 3891005,Orca,38625,58305,40861,26,,,,0
395.000,Caldari Citizen 8777524,Capsule,33200,49255,44133,0,,,,0
395.000,Minmatar Citizen 0254120,Porpoise,11335,63175,57240,160,0.0000,-0.6670,0.7451,0
395.000,Amarr Citizen 2674287,Orca,32600,52265,46202,128,0.0000,-0.6563,0.7545,0
395.000,Amarr Citizen 5054432,Capsule,18375,9855,-112077,0,,,,0
395.000,Amarr Citizen 4520313,Capsule,13880,50000,39145,187,,,,0
395.000,Minmatar Citizen 9978241,Retriever,33400,45440,46353,236,0.0881,-0.9717,0.2193,0
395.000,Minmatar Citizen 7162778,Covetor,12815,75215,30041,266,,,,0
395.000,Minmatar Citizen 9678938,Venture,42305,47525,50126,1310,0.1786,0.5384,0.8236,0
395.000,Minmatar Citizen 2250648,Capsule,16115,47740,100026,0,,,,0
396.000,Caldari Citizen 9942864,Capsule,228115,224720,219108,0,,,,0
396.000,Caldari Citizen 6206817,Skiff,39725,21560,40965,298,0.4374,-0.8980,0.0471,0
396.000,Minmatar Citizen 9745080,Capsule,32975,80260,60885,0,,,,0
396.000,Amarr Citizen 0220922,Porpoise,12000,74400,29692,22,,,,0
396.000,Minmatar Citizen 4351238,Retriever,37845,58200,52436,82,0.8052,0.0000,-0.5930,0
396.000,Caldari Citizen 3216932,Endurance,36875,57500,41641,392,-0.2143,-0.9302,-0.2982,0
396.000,Minmatar Citizen 9076035,Porpoise,12200,62640,59130,194,,,,0
396.000,Minmatar Citizen 6662812,Procurer,29735,49135,64012,266,0.9104,0.0000,-0.4137,0
396.000,Caldari Citizen 3891005,Orca,38625,58305,40861,21,,,,0
396.000,Caldari Citizen 8777524,Capsule,33200,49255,44133,0,,,,0
396.000,Minmatar Citizen 0254120,Porpoise,11335,63175,57240,162,,,,0
396.000,Amarr Citizen 2674287,Orca,32600,52265,46202,117,,,,0
396.000,Amarr Citizen 5054432,Capsule,18375,9855,-112077,0,,,,0
396.000,Amarr Citizen 4520313,Capsule,13880,50000,39145,187,0.5967,0.5967,0.5366,0
396.000,Minmatar Citizen 9978241,Retriever,33400,44645,47120,234,-0.1002,-0.9897,0.1021,0
396.000,Minmatar Citizen 7162778,Covetor,12815,75215,30041,262,,,,0
396.000,Minmatar Citizen 9678938,Venture,42215,48340,51041,1315,-0.2702,0.6887,0.6729,0
396.000,Minmatar Citizen 2250648,Capsule,16115,47740,100026,0,,,,0
397.000,Caldari Citizen 9942864,Capsule,228115,224720,219108,0,,,,0
397.000,Caldari Citizen 6206817,Skiff,39725,21560,40965,300,0.5032,-0.8632,-0.0410,0
397.000,Minmatar Citizen 9745080,Capsule,32975,80260,60885,0,,,,0
397.000,Amarr Citizen 0220922,Porpoise,12000,74400,29692,113,,,,0
397.000,Minmatar Citizen 4351238,Retriever,38840,58200,51703,91,0.8052,0.0000,-0.5930,0
397.000,Caldari Citizen 3216932,Endurance,37820,57500,40785,397,-0.1392,-0.9838,-0.1132,0
397.000,Minmatar Citizen 9076035,Porpoise,12200,62640,59130,194,,,,0
397.000,Minmatar Citizen 6662812,Procurer,29735,49135,64012,261,0.9104,0.0000,-0.4137,0
397.000,Caldari Citizen 3891005,Orca,38625,58305,40861,17,,,,0
397.000,Caldari Citizen 8777524,Capsule,33200,49255,44133,0,,,,0
397.000,Minmatar Citizen 0254120,Porpoise,11335,63175,57240,163,,,,0
397.000,Amarr Citizen 2674287,Orca,32600,52265,46202,109,,,,0
397.000,Amarr Citizen 5054432,Capsule,18375,9855,-112077,0,,,,0
397.000,Amarr Citizen 4520313,Capsule,13880,50000,39145,187,0.5967,0.5967,0.5366,0
397.000,Minmatar Citizen 9978241,Retriever,33400,44645,47120,232,0.0324,-0.9821,-0.1853,0
397.000,Minmatar Citizen 7162778,Covetor,12815,75215,30041,230,-0.6768,-0.6768,-0.2897,0
397.000,Minmatar Citizen 9678938,Venture,42125,49165,51935,1443,-0.6097,0.7135,0.3453,0
397.000,Minmatar Citizen 2250648,Capsule,16115,47740,100026,0,,,,0
398.000,Caldari Citizen 9942864,Capsule,228115,224720,219108,0,,,,0
398.000,Caldari Citizen 6206817,Skiff,40480,21560,40219,302,0.6011,-0.7763,-0.1897,0
398.000,Minmatar Citizen 9745080,Capsule,32975,80260,60885,0,,,,0
398.000,Amarr Citizen 0220922,Porpoise,12000,74400,29692,95,0.9194,0.0000,-0.3933,0
398.000,Minmatar Citizen 4351238,Retriever,38840,58200,51703,98,0.8052,0.0000,-0.5930,0
398.000,Caldari Citizen 3216932,Endurance,37025,56705,40678,400,-0.2067,-0.9777,0.0369,0
398.000,Minmatar Citizen 9076035,Porpoise,12200,62640,59130,195,0.0000,-0.6908,0.7230,0
398.000,Minmatar Citizen 6662812,Procurer,29735,49135,64012,255,0.9069,0.0000,-0.4213,0
398.000,Caldari Citizen 3891005,Orca,38625,58305,40861,14,,,,0
398.000,Caldari Citizen 8777524,Capsule,33200,49255,44133,0,,,,0
398.000,Minmatar Citizen 0254120,Porpoise,11335,63175,57240,165,,,,0
398.000,Amarr Citizen 2674287,Orca,32600,52265,46202,103,,,,0
398.000,Amarr Citizen 5054432,Capsule,18375,9855,-112077,0,,,,0
398.000,Amarr Citizen 4520313,Capsule,14535,50655,39734,187,0.1148,0.6401,0.7597,0
398.000,Minmatar Citizen 9978241,Retriever,32675,43920,46769,231,0.1537,-0.8626,-0.4820,0
398.000,Minmatar Citizen 7162778,Covetor,12815,75215,30041,233,-0.6768,-0.6768,-0.2897,0
398.000,Minmatar Citizen 9678938,Venture,40265,50000,52609,1597,-0.8261,0.5529,0.1090,0
398.000,Minmatar Citizen 2250648,Capsule,16115,47740,100026,0,,,,0
399.000,Caldari Citizen 9942864,Capsule,228115,224720,219108,0,,,,0
399.000,Caldari Citizen 6206817,Skiff,40480,20585,40726,304,0.5396,-0.8362,-0.0977,0
399.000,Minmatar Citizen 9745080,Capsule,32975,80260,60885,0,,,,0
399.000,Amarr Citizen 0220922,Porpoise,12000,74400,29692,80,0.9194,0.0000,-0.3933,0
399.000,Minmatar Citizen 4351238,Retriever,38840,58200,51703,102,,,,0
399.000,Caldari Citizen 3216932,Endurance,37025,56000,41643,402,-0.1830,-0.9821,-0.0446,0
399.000,Minmatar Citizen 9076035,Porpoise,12200,62640,59130,195,0.4108,-0.2606,0.8737,0
399.000,Minmatar Citizen 6662812,Procurer,29735,49135,64012,255,0.8934,-0.4404,-0.0882,0
399.000,Caldari Citizen 3891005,Orca,38625,58305,40861,12,,,,0
399.000,Caldari Citizen 8777524,Capsule,33200,49255,44133,0,,,,0
399.000,Minmatar Citizen 0254120,Porpoise,11335,63175,57240,167,0.0000,-0.6759,0.7370,0
399.000,Amarr Citizen 2674287,Orca,32600,52265,46202,82,,,,0
399.000,Amarr Citizen 5054432,Capsule,18375,9855,-112077,0,,,,0
399.000,Amarr Citizen 4520313,Capsule,14535,50655,39734,187,-0.3386,0.5281,0.7788,0
399.000,Minmatar Citizen 9978241,Retriever,33600,43920,46109,230,0.2737,-0.5154,-0.8121,0
399.000,Minmatar Citizen 7162778,Covetor,12000,74400,29692,237,-0.8638,-0.4984,-0.0741,0
399.000,Minmatar Citizen 9678938,Venture,39320,50825,52533,1716,-0.9246,0.2949,-0.2411,0
399.000,Minmatar Citizen 2250648,Capsule,16115,47740,100026,0,,,,0
400.000,Caldari Citizen 9942864,Capsule,228115,224720,219108,0,,,,0
400.000,Caldari Citizen 6206817,Skiff,40480,20585,40726,306,0.2717,-0.9392,0.2099,0
400.000,Minmatar Citizen 9745080,Capsule,32975,80260,60885,0,,,,0
400.000,Amarr Citizen 0220922,Porpoise,13185,74400,29186,67,0.9194,0.0000,-0.3933,0
400.000,Minmatar Citizen 4351238,Retriever,38840,58200,51703,105,,,,0
400.000,Caldari Citizen 3216932,Endurance,37025,56000,41643,403,-0.2219,-0.9738,-0.0505,0
400.000,Minmatar Citizen 9076035,Porpoise,12200,61925,59879,195,0.5697,0.0111,0.8218,0
400.000,Minmatar Citizen 6662812,Procurer,29735,49135,64012,260,0.8245,-0.5645,0.0392,0
400.000,Caldari Citizen 3891005,Orca,38625,58305,40861,10,,,,0
400.000,Caldari Citizen 8777524,Capsule,33200,49255,44133,0,,,,0
400.000,Minmatar Citizen 0254120,Porpoise,11335,63175,57240,169,0.0000,-0.6759,0.7370,0
400.000,Amarr Citizen 2674287,Orca,32600,52265,46202,66,,,,0
400.000,Amarr Citizen 5054432,Capsule,18375,9855,-112077,0,,,,0
400.000,Amarr Citizen 4520313,Capsule,14535,50655,39734,187,-0.3353,0.5333,0.7767,0
400.000,Minmatar Citizen 9978241,Retriever,33600,43920,46109,229,0.4369,-0.8186,-0.3728,0
400.000,Minmatar Citizen 7162778,Covetor,12000,74400,29692,240,-0.9256,-0.3753,0.0491,0
400.000,Minmatar Citizen 9678938,Venture,38495,51620,50769,1755,-0.8105,0.0704,-0.5815,0
400.000,Minmatar Citizen 2250648,Capsule,16115,47740,100026,0,,,,0
401.000,Caldari Citizen 9942864,Capsule,228115,224720,219108,0,,,,0
401.000,Caldari Citizen 6206817,Skiff,40480,20585,40726,306,-0.1370,-0.9548,0.2636,0
401.000,Minmatar Citizen 9745080,Capsule,32975,80260,60885,0,,,,0
401.000,Amarr Citizen 0220922,Porpoise,13185,74400,29186,60,0.9194,0.0000,-0.3933,0
401.000,Minmatar Citizen 4351238,Retriever,38840,58200,51703,107,,,,0
401.000,Caldari Citizen 3216932,Endurance,36240,55215,41497,404,-0.1250,-0.9905,-0.0566,0
401.000,Minmatar Citizen 9076035,Porpoise,12200,61925,59879,195,0.6487,0.2070,0.7324,0
401.000,Minmatar Citizen 6662812,Procurer,30800,49135,63507,264,0.7674,-0.6305,0.1166,0
401.000,Caldari Citizen 3891005,Orca,38625,58305,40861,9,,,,0
401.000,Caldari Citizen 8777524,Capsule,33200,49255,44133,0,,,,0
401.000,Minmatar Citizen 0254120,Porpoise,11335,62480,57998,170,0.0000,-0.6759,0.7370,0
401.000,Amarr Citizen 2674287,Orca,32600,52265,46202,56,,,,0
401.000,Amarr Citizen 5054432,Capsule,18375,9855,-112077,0,,,,0
401.000,Amarr Citizen 4520313,Capsule,13460,50655,40111,187,-0.4537,0.4827,0.7491,0
401.000,Minmatar Citizen 9978241,Retriever,33600,43920,46109,229,0.8076,-0.5889,-0.0324,0
401.000,Minmatar Citizen 7162778,Covetor,12000,74400,29692,243,-0.9555,-0.2430,0.1675,0
401.000,Minmatar Citizen 9678938,Venture,36725,50805,51295,1720,-0.5656,-0.1569,-0.8096,0
401.000,Minmatar Citizen 2250648,Capsule,16115,47740,100026,0,,,,0
402.000,Caldari Citizen 9942864,Capsule,228115,224720,219108,0,,,,0
402.000,Caldari Citizen 6206817,Skiff,40480,20585,40726,530,-0.1725,-0.9653,0.1958,0
402.000,Minmatar Citizen 9745080,Capsule,32975,80260,60885,0,,,,0
402.000,Amarr Citizen 0220922,Capsule,13185,74400,29186,0,,,,0
402.000,Minmatar Citizen 4351238,Retriever,38840,58200,51703,108,-0.4840,0.2294,-0.8444,0
402.000,Caldari Citizen 3216932,Endurance,37175,55215,40661,404,-0.1867,-0.9700,-0.1558,0
402.000,Minmatar Citizen 9076035,Porpoise,13075,62800,60243,196,0.6964,0.4119,0.5877,0
402.000,Minmatar Citizen 6662812,Procurer,30800,48260,64174,271,0.6986,-0.6888,0.1938,0
402.000,Caldari Citizen 3891005,Orca,38625,58305,40861,7,,,,0
402.000,Caldari Citizen 8777524,Capsule,33200,49255,44133,0,,,,0
402.000,Minmatar Citizen 0254120,Porpoise,11335,62480,57998,172,0.4609,-0.1563,0.8736,0
402.000,Amarr Citizen 2674287,Orca,32600,52265,46202,47,,,,0
402.000,Amarr Citizen 5054432,Capsule,18375,9855,-112077,0,,,,0
402.000,Amarr Citizen 4520313,Capsule,13460,50655,40111,187,-0.2029,0.5845,0.7856,0
402.000,Minmatar Citizen 9978241,Retriever,33600,43920,46109,228,0.3290,-0.9443,0.0131,0
402.000,Minmatar Citizen 7162778,Covetor,10805,74400,30148,247,-0.9591,-0.2416,0.1475,0
402.000,Minmatar Citizen 9678938,Venture,36080,50000,49389,1600,-0.3623,-0.4207,-0.8317,0
403.000,Caldari Citizen 9942864,Capsule,228115,224720,219108,0,,,,0
403.000,Caldari Citizen 6206817,Skiff,40480,19600,41209,752,-0.0675,-0.9933,0.0943,0
403.000,Minmatar Citizen 9745080,Capsule,32975,80260,60885,0,,,,0
403.000,Amarr Citizen 0220922,Capsule,13185,74400,29186,0,,,,0
403.000,Minmatar Citizen 4351238,Retriever,38840,58200,51703,109,-0.6173,0.0378,-0.7858,0
403.000,Caldari Citizen 3216932,Endurance,37175,55215,40661,405,-0.2020,-0.9794,0.0073,0
403.000,Minmatar Citizen 9076035,Porpoise,13075,62800,60243,196,0.6877,0.3458,0.6384,0
403.000,Minmatar Citizen 6662812,Procurer,30800,48260,64174,277,0.5590,-0.7655,0.3185,0
403.000,Caldari Citizen 3891005,Orca,38625,58305,40861,6,,,,0
403.000,Caldari Citizen 8777524,Capsule,33200,49255,44133,0,,,,0
403.000,Minmatar Citizen 0254120,Porpoise,11335,62480,57998,174,0.6755,0.3499,0.6490,0
403.000,Amarr Citizen 2674287,Orca,32600,52265,46202,43,,,,0
403.000,Amarr Citizen 5054432,Capsule,18375,9855,-112077,0,,,,0
403.000,Amarr Citizen 4520313,Capsule,14125,51320,40691,187,0.1206,0.9343,0.3356,0
403.000,Minmatar Citizen 9978241,Retriever,33600,43115,46863,228,0.2197,-0.9643,-0.1481,0
403.000,Minmatar Citizen 7162778,Covetor,10805,74400,30148,250,-0.9275,-0.3733,0.0167,0
403.000,Minmatar Citizen 9678938,Venture,36240,50000,47651,1454,-0.0254,-0.6215,-0.7830,0
403.000,Minmatar Citizen 2250648,Capsule,16115,47740,100026,0,,,,0
403.000,Gallente Citizen 1635012,Venture,37960,49205,48774,179,,,,0
404.000,Caldari Citizen 9942864,Capsule,228115,224720,219108,0,,,,0
404.000,Caldari Citizen 6206817,Skiff,39875,18000,41061,940,0.0035,-0.9945,0.1048,0
404.000,Minmatar Citizen 9745080,Capsule,32975,80260,60885,0,,,,0
404.000,Amarr Citizen 0220922,Capsule,13185,74400,29186,0,,,,0
404.000,Minmatar Citizen 4351238,Retriever,38840,58965,50829,109,-0.6804,-0.0787,-0.7286,0
404.000,Caldari Citizen 3216932,Endurance,36400,53725,41445,405,-0.1965,-0.9522,0.2338,0
404.000,Minmatar Citizen 9076035,Porpoise,13075,62800,60243,196,0.4701,-0.1791,0.8643,0
404.000,Minmatar Citizen 6662812,Procurer,30800,48260,64174,282,0.4263,-0.4411,0.7898,0
404.000,Caldari Citizen 3891005,Orca,38625,58305,40861,5,,,,0
404.000,Caldari Citizen 8777524,Capsule,33200,49255,44133,0,,,,0
404.000,Minmatar Citizen 0254120,Porpoise,11335,62480,57998,175,0.6882,0.4077,0.6001,0
404.000,Amarr Citizen 2674287,Orca,32600,52265,46202,44,,,,0
404.000,Amarr Citizen 5054432,Capsule,18375,9855,-112077,0,,,,0
404.000,Amarr Citizen 4520313,Capsule,14125,51320,40691,187,0.4464,0.8793,-0.1660,0
404.000,Minmatar Citizen 9978241,Retriever,34515,43115,46193,228,0.1373,-0.9516,-0.2750,0
404.000,Minmatar Citizen 7162778,Covetor,10805,74400,30148,252,-0.8613,-0.4943,-0.1178,0
404.000,Minmatar Citizen 9678938,Venture,36400,49225,46701,1356,0.4035,-0.6419,-0.6521,0
404.000,Minmatar Citizen 2250648,Capsule,16115,47740,100026,0,,,,0
404.000,Gallente Citizen 1635012,Venture,37960,49205,48774,180,,,,0
405.000,Caldari Citizen 9942864,Capsule,228115,224720,219108,0,,,,0
405.000,Caldari Citizen 6206817,Skiff,39875,16995,41487,1100,0.0528,-0.9932,0.1040,0
405.000,Minmatar Citizen 9745080,Capsule,32975,80260,60885,0,,,,0
405.000,Amarr Citizen 0220922,Capsule,13185,74400,29186,0,,,,0
405.000,Minmatar Citizen 4351238,Retriever,37975,58100,50777,109,-0.7286,-0.1916,-0.6575,0
405.000,Caldari Citizen 3216932,Endurance,36400,53725,41445,405,-0.3139,-0.7797,0.5418,0
405.000,Minmatar Citizen 9076035,Porpoise,13075,62800,60243,196,0.0000,-0.6966,0.7175,0
405.000,Minmatar Citizen 6662812,Procurer,30800,48260,64174,287,0.6790,-0.0157,0.7340,0
405.000,Caldari Citizen 3891005,Orca,38625,58305,40861,5,,,,0
405.000,Caldari Citizen 8777524,Capsule,33200,49255,44133,0,,,,0
405.000,Minmatar Citizen 0254120,Porpoise,12200,63345,58374,177,0.6381,0.2047,0.7423,0
405.000,Amarr Citizen 2674287,Orca,32600,52265,46202,47,,,,0
405.000,Amarr Citizen 5054432,Capsule,18375,9855,-112077,0,,,,0
405.000,Amarr Citizen 4520313,Capsule,14125,51320,40691,187,0.2857,0.8399,-0.4615,0
405.000,Minmatar Citizen 9978241,Retriever,33800,42400,45834,227,0.0382,-0.8997,-0.4348,0
405.000,Minmatar Citizen 7162778,Covetor,10000,73595,29728,273,-0.6210,-0.7811,0.0650,0
405.000,Minmatar Citizen 9678938,Venture,36560,47675,46545,1330,0.6785,-0.7216,-0.1377,0
405.000,Minmatar Citizen 2250648,Capsule,16115,47740,100026,0,,,,0
405.000,Gallente Citizen 1635012,Venture,37960,49205,48774,180,-0.6937,-0.6937,-0.1941,0
406.000,Caldari Citizen 9942864,Capsule,228115,224720,219108,0,,,,0
406.000,Caldari Citizen 6206817,Skiff,40620,16995,40758,1210,0.0163,-0.9787,0.2047,0
406.000,Minmatar Citizen 9745080,Capsule,32975,80260,60885,0,,,,0
406.000,Amarr Citizen 0220922,Capsule,13185,74400,29186,0,,,,0
406.000,Minmatar Citizen 4351238,Retriever,37975,58100,50777,108,-0.7751,-0.3638,-0.5167,0
406.000,Caldari Citizen 3216932,Endurance,36400,53725,41445,294,0.0485,-0.8717,0.4877,0
406.000,Minmatar Citizen 9076035,Porpoise,13075,62075,60990,196,0.0000,-0.6966,0.7175,0
406.000,Minmatar Citizen 6662812,Procurer,30800,48260,64174,291,0.9002,-0.0129,0.4353,0
406.000,Caldari Citizen 3891005,Orca,38625,58305,40861,4,,,,0
406.000,Caldari Citizen 8777524,Capsule,33200,49255,44133,0,,,,0
406.000,Minmatar Citizen 0254120,Porpoise,12200,63345,58374,178,0.5588,0.0123,0.8292,0
406.000,Amarr Citizen 2674287,Orca,32600,52265,46202,53,,,,0
406.000,Amarr Citizen 5054432,Capsule,18375,9855,-112077,0,,,,0
406.000,Amarr Citizen 4520313,Capsule,14125,51965,39864,187,0.2874,0.8366,-0.4663,0
406.000,Minmatar Citizen 9978241,Retriever,33800,42400,45834,227,-0.1570,-0.6764,-0.7196,0
406.000,Minmatar Citizen 7162778,Covetor,10000,73595,29728,429,-0.3916,-0.7176,0.5759,0
406.000,Minmatar Citizen 9678938,Venture,38240,47645,46869,1341,0.7660,-0.4454,0.4636,0
406.000,Minmatar Citizen 2250648,Capsule,16115,47740,100026,0,,,,0
406.000,Gallente Citizen 1635012,Venture,37960,49205,48774,181,-0.6937,-0.6937,-0.1941,0
407.000,Caldari Citizen 9942864,Capsule,228115,224720,219108,0,,,,0
407.000,Caldari Citizen 6206817,Skiff,40620,14955,41550,1059,-0.0871,-0.9061,0.4141,0
407.000,Minmatar Citizen 9745080,Capsule,32975,80260,60885,0,,,,0
407.000,Amarr Citizen 0220922,Capsule,13185,74400,29186,0,,,,0
407.000,Minmatar Citizen 4351238,Retriever,37975,58100,50777,107,,,,0
407.000,Caldari Citizen 3216932,Endurance,36400,53725,41445,272,0.7095,-0.6673,0.2265,0
407.000,Minmatar Citizen 9076035,Porpoise,13075,62075,60990,196,0.0000,-0.6966,0.7175,0
407.000,Minmatar Citizen 6662812,Procurer,31665,48240,65109,294,0.9614,-0.0110,0.2749,0
407.000,Caldari Citizen 3891005,Orca,38625,58305,40861,3,,,,0
407.000,Caldari Citizen 8777524,Capsule,33200,49255,44133,0,,,,0
407.000,Minmatar Citizen 0254120,Porpoise,12200,62640,59130,179,0.4029,-0.2538,0.8794,0
407.000,Amarr Citizen 2674287,Orca,32600,52265,46202,59,,,,0
407.000,Amarr Citizen 5054432,Capsule,18375,9855,-112077,0,,,,0
407.000,Amarr Citizen 4520313,Capsule,14125,51965,39864,187,0.4480,0.8761,-0.1780,0
407.000,Minmatar Citizen 9978241,Retriever,33800,42400,45834,227,0.1211,-0.9755,-0.1839,0
407.000,Minmatar Citizen 7162778,Covetor,10000,73595,29728,602,-0.1571,-0.5422,0.8254,0
407.000,Minmatar Citizen 9678938,Venture,39145,46840,46933,1344,0.5729,-0.0802,0.8157,0
407.000,Minmatar Citizen 2250648,Capsule,16115,47740,100026,0,,,,0
407.000,Gallente Citizen 1635012,Venture,37175,48420,48554,181,-0.6937,-0.6937,-0.1941,0
408.000,Caldari Citizen 9942864,Capsule,228115,224720,219108,0,,,,0
408.000,Caldari Citizen 6206817,Skiff,40620,14955,41550,995,-0.2060,-0.8499,0.4850,0
408.000,Minmatar Citizen 9745080,Capsule,32975,80260,60885,0,,,,0
408.000,Amarr Citizen 0220922,Capsule,13185,74400,29186,0,,,,0
408.000,Minmatar Citizen 4351238,Retriever,37975,58100,50777,106,,,,0
408.000,Caldari Citizen 3216932,Endurance,36400,53000,42368,277,0.7836,-0.6142,0.0937,0
408.000,Minmatar Citizen 9076035,Porpoise,13075,62075,60990,196,0.0000,-0.7008,0.7133,0
408.000,Minmatar Citizen 6662812,Procurer,31665,48240,65109,296,0.9218,-0.2409,0.3037,0
408.000,Caldari Citizen 3891005,Orca,38625,58305,40861,3,,,,0
408.000,Caldari Citizen 8777524,Capsule,33200,49255,44133,0,,,,0
408.000,Minmatar Citizen 0254120,Porpoise,12200,62640,59130,180,0.0000,-0.6821,0.7313,0
408.000,Amarr Citizen 2674287,Orca,32600,52265,46202,64,,,,0
408.000,Amarr Citizen 5054432,Capsule,18375,9855,-112077,0,,,,0
408.000,Amarr Citizen 4520313,Capsule,14125,51965,39864,187,0.1249,0.9403,0.3165,0
408.000,Minmatar Citizen 9978241,Retriever,33800,42400,45834,227,0.7419,-0.6681,0.0576,0
408.000,Minmatar Citizen 7162778,Covetor,10000,73180,30736,729,0.0000,-0.3965,0.9181,0
408.000,Minmatar Citizen 9678938,Venture,39015,46800,48699,1307,0.2088,0.2002,0.9573,0
408.000,Minmatar Citizen 2250648,Capsule,16115,47740,100026,0,,,,0
408.000,Gallente Citizen 1635012,Venture,37175,48420,48554,180,-0.6937,-0.6937,-0.1941,0
409.000,Caldari Citizen 9942864,Capsule,228115,224720,219108,0,,,,0
409.000,Caldari Citizen 6206817,Skiff,39875,13920,42617,1013,-0.3011,-0.7007,0.6468,0
409.000,Minmatar Citizen 9745080,Capsule,32975,80260,60885,0,,,,0
409.000,Amarr Citizen 0220922,Capsule,13185,74400,29186,0,,,,0
409.000,Minmatar Citizen 4351238,Retriever,37975,58100,50777,105,,,,0
409.000,Caldari Citizen 3216932,Endurance,37325,53000,41555,311,0.8619,-0.3836,0.3315,0
409.000,Minmatar Citizen 9076035,Porpoise,13075,62075,60990,197,0.0000,-0.7051,0.7091,0
409.000,Minmatar Citizen 6662812,Procurer,32720,48240,64586,298,0.8550,-0.4344,0.2833,0
409.000,Caldari Citizen 3891005,Orca,38625,58305,40861,2,,,,0
409.000,Caldari Citizen 8777524,Capsule,33200,49255,44133,0,,,,0
409.000,Minmatar Citizen 0254120,Porpoise,12200,62640,59130,181,,,,0
409.000,Amarr Citizen 2674287,Orca,32600,52265,46202,71,,,,0
409.000,Amarr Citizen 5054432,Capsule,18375,9855,-112077,0,,,,0
409.000,Amarr Citizen 4520313,Capsule,14800,52640,40423,187,-0.2029,0.5976,0.7757,0
409.000,Minmatar Citizen 9978241,Retriever,33800,42400,45834,227,0.7419,-0.6681,0.0576,0
409.000,Minmatar Citizen 7162778,Covetor,10000,72755,31729,897,0.0000,-0.4032,0.9151,0
409.000,Minmatar Citizen 9678938,Venture,39680,48380,49849,1279,-0.2670,0.3548,0.8960,0
409.000,Minmatar Citizen 2250648,Capsule,16115,47740,100026,0,,,,0
409.000,Gallente Citizen 1635012,Venture,37175,48420,48554,179,,,,0
410.000,Caldari Citizen 9942864,Capsule,228115,224720,219108,0,,,,0
410.000,Caldari Citizen 6206817,Skiff,39120,12875,43633,1069,-0.3662,-0.5775,0.7296,0
410.000,Minmatar Citizen 9745080,Capsule,32975,80260,60885,0,,,,0
410.000,Amarr Citizen 0220922,Capsule,13185,74400,29186,0,,,,0
410.000,Minmatar Citizen 4351238,Retriever,37975,58100,50777,103,,,,0
410.000,Caldari Citizen 3216932,Endurance,37325,53000,41555,335,0.8782,-0.2040,0.4326,0
410.000,Minmatar Citizen 9076035,Porpoise,13075,62075,60990,197,0.4181,-0.2764,0.8653,0
410.000,Minmatar Citizen 6662812,Procurer,32720,48240,64586,299,0.6900,-0.7024,0.1746,0
410.000,Caldari Citizen 3891005,Orca,38625,58305,40861,2,,,,0
410.000,Caldari Citizen 8777524,Capsule,33200,49255,44133,0,,,,0
410.000,Minmatar Citizen 0254120,Porpoise,12200,62640,59130,181,,,,0
410.000,Amarr Citizen 2674287,Orca,32600,52265,46202,76,,,,0
410.000,Amarr Citizen 5054432,Capsule,18375,9855,-112077,0,,,,0
410.000,Amarr Citizen 4520313,Capsule,14800,52640,40423,187,-0.4572,0.4922,0.7408,0
410.000,Minmatar Citizen 9978241,Retriever,34705,41585,45905,227,0.4260,-0.9002,-0.0909,0
410.000,Minmatar Citizen 7162778,Covetor,10000,72320,32708,997,0.0000,-0.4118,0.9113,0
410.000,Minmatar Citizen 9678938,Venture,38755,48380,50571,1281,-0.5065,0.5581,0.6573,0
410.000,Minmatar Citizen 2250648,Capsule,16115,47740,100026,0,,,,0
410.000,Gallente Citizen 1635012,Venture,37175,48420,48554,179,,,,0
411.000,Caldari Citizen 9942864,Capsule,228115,224720,219108,0,,,,0
411.000,Caldari Citizen 6206817,Skiff,39120,11820,43931,1131,-0.2998,-0.4833,0.8225,0
411.000,Minmatar Citizen 9745080,Capsule,32975,80260,60885,0,,,,0
411.000,Amarr Citizen 0220922,Capsule,13185,74400,29186,0,,,,0
411.000,Minmatar Citizen 4351238,Retriever,37975,58100,50777,102,,,,0
411.000,Caldari Citizen 3216932,Endurance,37325,53000,41555,357,0.8804,0.2336,0.4127,0
411.000,Minmatar Citizen 9076035,Porpoise,13075,61340,61729,197,0.5809,0.0020,0.8140,0
411.000,Minmatar Citizen 6662812,Procurer,32720,47345,65245,301,0.6119,-0.5771,0.5409,0
411.000,Caldari Citizen 3891005,Orca,38625,58305,40861,2,,,,0
411.000,Caldari Citizen 8777524,Capsule,33200,49255,44133,0,,,,0
411.000,Minmatar Citizen 0254120,Porpoise,12200,62640,59130,182,0.0000,-0.6908,0.7230,0
411.000,Amarr Citizen 2674287,Orca,32600,52265,46202,82,,,,0
411.000,Amarr Citizen 5054432,Capsule,18375,9855,-112077,0,,,,0
411.000,Amarr Citizen 4520313,Capsule,13715,52640,40804,187,-0.3306,0.5551,0.7633,0
411.000,Minmatar Citizen 9978241,Retriever,34705,41585,45905,227,0.1279,-0.9723,-0.1959,0
411.000,Minmatar Citizen 7162778,Covetor,10000,71875,33675,1107,0.0000,-0.4240,0.9057,0
411.000,Minmatar Citizen 9678938,Venture,37820,48380,51274,1335,-0.8468,0.5131,0.1401,0
411.000,Minmatar Citizen 2250648,Capsule,16115,47740,100026,0,,,,0
411.000,Gallente Citizen 1635012,Venture,37175,48420,48554,180,-0.6904,-0.6904,-0.2164,0
412.000,Caldari Citizen 9942864,Capsule,228115,224720,219108,0,,,,0
412.000,Caldari Citizen 6206817,Skiff,38960,12425,45263,1015,-0.2783,-0.3149,0.9074,0
412.000,Minmatar Citizen 9745080,Capsule,32975,80260,60885,0,,,,0
412.000,Amarr Citizen 0220922,Capsule,13185,74400,29186,0,,,,0
412.000,Minmatar Citizen 4351238,Retriever,37975,58100,50777,101,0.7949,0.0000,-0.6067,0
412.000,Caldari Citizen 3216932,Endurance,38100,53040,42651,373,0.4169,0.1387,0.8983,0
412.000,Minmatar Citizen 9076035,Porpoise,13075,61340,61729,197,0.6603,0.2033,0.7230,0
412.000,Minmatar Citizen 6662812,Procurer,32720,47345,65245,302,0.3363,-0.5665,0.7524,0
412.000,Caldari Citizen 3891005,Orca,38625,58305,40861,2,,,,0
412.000,Caldari Citizen 8777524,Capsule,33200,49255,44133,0,,,,0
412.000,Minmatar Citizen 0254120,Porpoise,12200,62640,59130,183,0.0000,-0.6908,0.7230,0
412.000,Amarr Citizen 2674287,Orca,32600,52265,46202,87,,,,0
412.000,Amarr Citizen 5054432,Capsule,18375,9855,-112077,0,,,,0
412.000,Amarr Citizen 4520313,Capsule,13715,52640,40804,187,-0.3271,0.5602,0.7610,0
412.000,Minmatar Citizen 9978241,Retriever,34705,41585,45905,227,-0.2120,-0.9343,-0.2867,0
412.000,Minmatar Citizen 7162778,Covetor,10000,71420,34629,1203,0.0000,-0.4360,0.8999,0
412.000,Minmatar Citizen 9678938,Venture,36875,49195,51187,1418,-0.9096,0.2270,-0.3480,0
412.000,Minmatar Citizen 2250648,Capsule,16115,47740,100026,0,,,,0
412.000,Gallente Citizen 1635012,Venture,37175,48420,48554,180,-0.6904,-0.6904,-0.2164,0
413.000,Caldari Citizen 9942864,Capsule,228115,224720,219108,0,,,,0
413.000,Caldari Citizen 6206817,Skiff,38185,11360,46194,858,-0.2511,-0.2679,0.9302,0
413.000,Minmatar Citizen 9745080,Capsule,32975,80260,60885,0,,,,0
413.000,Amarr Citizen 0220922,Capsule,13185,74400,29186,0,,,,0
413.000,Minmatar Citizen 4351238,Retriever,37975,58100,50777,100,0.7949,0.0000,-0.6067,0
413.000,Caldari Citizen 3216932,Endurance,38100,53040,42651,548,0.2545,0.0762,0.9641,0
413.000,Minmatar Citizen 9076035,Porpoise,13960,62225,62082,197,0.6264,0.1026,0.7727,0
413.000,Minmatar Citizen 6662812,Procurer,32720,47345,65245,511,0.6204,-0.4248,0.6593,0
413.000,Caldari Citizen 3891005,Orca,38625,58305,40861,10,,,,0
413.000,Caldari Citizen 8777524,Capsule,33200,49255,44133,0,,,,0
413.000,Minmatar Citizen 0254120,Porpoise,12200,61925,59879,183,0.4108,-0.2606,0.8737,0
413.000,Amarr Citizen 2674287,Orca,32600,52265,46202,91,,,,0
413.000,Amarr Citizen 5054432,Capsule,18375,9855,-112077,0,,,,0
413.000,Amarr Citizen 4520313,Capsule,13715,52640,40804,187,0.1399,0.6726,0.7267,0
413.000,Minmatar Citizen 9978241,Retriever,34000,40880,45528,226,-0.5335,-0.8457,-0.0097,0
413.000,Minmatar Citizen 7162778,Covetor,10000,70955,35572,1287,0.0739,-0.3750,0.9241,0
413.000,Minmatar Citizen 9678938,Venture,36875,50000,50401,1496,-0.7359,0.0705,-0.6734,0
413.000,Minmatar Citizen 2250648,Capsule,16115,47740,100026,0,,,,0
413.000,Gallente Citizen 1635012,Venture,36400,47645,48311,181,-0.6904,-0.6904,-0.2164,0
414.000,Caldari Citizen 9942864,Capsule,228115,224720,219108,0,,,,0
414.000,Caldari Citizen 6206817,Skiff,38800,11975,46853,735,-0.2604,-0.1469,0.9543,0
414.000,Minmatar Citizen 9745080,Capsule,32975,80260,60885,0,,,,0
414.000,Amarr Citizen 0220922,Capsule,13185,74400,29186,0,,,,0
414.000,Minmatar Citizen 4351238,Retriever,38960,58100,50025,98,0.5295,-0.4060,-0.7448,0
414.000,Caldari Citizen 3216932,Endurance,38885,53825,42800,596,-0.0780,0.0213,0.9967,0
414.000,Minmatar Citizen 9076035,Porpoise,13960,62225,62082,197,0.6269,0.0992,0.7728,0
414.000,Minmatar Citizen 6662812,Procurer,33595,47315,66156,721,0.6898,-0.4016,0.6025,0
414.000,Caldari Citizen 3891005,Orca,38625,58305,40861,24,,,,0
414.000,Caldari Citizen 8777524,Capsule,33200,49255,44133,0,,,,0
414.000,Minmatar Citizen 0254120,Porpoise,12200,61925,59879,184,0.6143,0.1123,0.7811,0
414.000,Amarr Citizen 2674287,Orca,32600,52265,46202,95,,,,0
414.000,Amarr Citizen 5054432,Capsule,18375,9855,-112077,0,,,,0
414.000,Amarr Citizen 4520313,Capsule,14400,53325,41353,187,0.6150,0.6150,0.4935,0
414.000,Minmatar Citizen 9978241,Retriever,34000,40880,45528,226,-0.4097,-0.8891,0.2040,0
414.000,Minmatar Citizen 7162778,Covetor,10000,70480,36504,1361,0.1154,-0.3432,0.9321,0
414.000,Minmatar Citizen 9678938,Venture,35295,49215,49154,1543,-0.4131,-0.1384,-0.9001,0
414.000,Minmatar Citizen 2250648,Capsule,16115,47740,100026,0,,,,0
414.000,Gallente Citizen 1635012,Venture,36400,47645,48311,179,-0.6904,-0.6904,-0.2164,0
415.000,Caldari Citizen 9942864,Capsule,228115,224720,219108,0,,,,0
415.000,Caldari Citizen 6206817,Skiff,38015,11975,47492,640,-0.2555,-0.1830,0.9493,0
415.000,Minmatar Citizen 9745080,Capsule,32975,80260,60885,0,,,,0
415.000,Amarr Citizen 0220922,Capsule,13185,74400,29186,0,,,,0
415.000,Minmatar Citizen 4351238,Retriever,38960,58100,50025,97,0.1093,-0.7188,-0.6866,0
415.000,Caldari Citizen 3216932,Endurance,37960,53080,44526,597,-0.3331,-0.1486,0.9311,0
415.000,Minmatar Citizen 9076035,Porpoise,13960,62225,62082,197,0.4175,-0.2854,0.8627,0
415.000,Minmatar Citizen 6662812,Procurer,33595,46400,66801,896,0.6902,-0.3964,0.6053,0
415.000,Caldari Citizen 3891005,Orca,38625,58305,40861,35,,,,0
415.000,Caldari Citizen 8777524,Capsule,33200,49255,44133,0,,,,0
415.000,Minmatar Citizen 0254120,Porpoise,12200,61925,59879,184,0.6964,0.4119,0.5877,0
415.000,Amarr Citizen 2674287,Orca,32600,52265,46202,99,0.8110,0.0000,-0.5851,0
415.000,Amarr Citizen 5054432,Capsule,18375,9855,-112077,0,,,,0
415.000,Amarr Citizen 4520313,Capsule,14400,53325,41353,187,0.6150,0.6150,0.4935,0
415.000,Minmatar Citizen 9978241,Retriever,34000,40880,45528,226,0.0793,-0.9823,0.1698,0
415.000,Minmatar Citizen 7162778,Covetor,10000,69995,37426,1424,0.1242,-0.3498,0.9286,0
415.000,Minmatar Citizen 9678938,Venture,34520,49225,48107,1542,-0.1629,-0.4316,-0.8872,0
415.000,Minmatar Citizen 2250648,Capsule,16115,47740,100026,0,,,,0
415.000,Gallente Citizen 1635012,Venture,36400,47645,48311,179,-0.6886,-0.6886,-0.2273,0
416.000,Caldari Citizen 9942864,Capsule,228115,224720,219108,0,,,,0
416.000,Caldari Citizen 6206817,Skiff,38015,10900,47750,567,-0.2101,-0.0579,0.9760,0
416.000,Minmatar Citizen 9745080,Capsule,32975,80260,60885,0,,,,0
416.000,Amarr Citizen 0220922,Capsule,13185,74400,29186,0,,,,0
416.000,Minmatar Citizen 4351238,Retriever,38960,58100,50025,95,-0.3526,-0.8317,-0.4288,0
416.000,Caldari Citizen 3216932,Endurance,37960,53080,44526,677,-0.4549,-0.2184,0.8633,0
416.000,Minmatar Citizen 9076035,Porpoise,13960,61480,62820,197,0.0000,-0.7105,0.7037,0
416.000,Minmatar Citizen 6662812,Procurer,35525,46360,67154,1039,0.7009,-0.3576,0.6172,0
416.000,Caldari Citizen 3891005,Orca,38625,58305,40861,46,-0.7345,0.0000,0.6786,0
416.000,Caldari Citizen 8777524,Capsule,33200,49255,44133,0,,,,0
416.000,Minmatar Citizen 0254120,Porpoise,13075,62800,60243,185,0.6978,0.4087,0.5882,0
416.000,Amarr Citizen 2674287,Orca,32600,52265,46202,102,0.8110,0.0000,-0.5851,0
416.000,Amarr Citizen 5054432,Capsule,18375,9855,-112077,0,,,,0
416.000,Amarr Citizen 4520313,Capsule,14400,53325,41353,187,0.6191,0.6191,0.4832,0
416.000,Minmatar Citizen 9978241,Retriever,34000,40055,46256,226,0.6631,-0.7335,0.1494,0
416.000,Minmatar Citizen 7162778,Covetor,10805,69800,39651,1480,0.1187,-0.3696,0.9216,0
416.000,Minmatar Citizen 9678938,Venture,34700,48460,47154,1495,0.1544,-0.6065,-0.7799,0
416.000,Minmatar Citizen 2250648,Capsule,16115,47740,100026,0,,,,0
416.000,Gallente Citizen 1635012,Venture,36400,47645,48311,179,-0.6867,-0.6867,-0.2383,0
417.000,Caldari Citizen 9942864,Capsule,228115,224720,219108,0,,,,0
417.000,Caldari Citizen 6206817,Skiff,37845,11525,49030,509,-0.4115,-0.1155,0.9041,0
417.000,Minmatar Citizen 9745080,Capsule,32975,80260,60885,0,,,,0
417.000,Amarr Citizen 0220922,Capsule,13185,74400,29186,0,,,,0
417.000,Minmatar Citizen 4351238,Retriever,38105,57245,49960,94,-0.7061,-0.7061,-0.0536,0
417.000,Caldari Citizen 3216932,Endurance,37025,53080,45306,775,-0.5260,-0.1695,0.8335,0
417.000,Minmatar Citizen 9076035,Porpoise,13960,61480,62820,181,0.0000,-0.7105,0.7037,0
417.000,Minmatar Citizen 6662812,Procurer,35525,45425,67790,1159,0.7333,-0.3885,0.5579,0
417.000,Caldari Citizen 3891005,Orca,38625,58305,40861,127,-0.7345,0.0000,0.6786,0
417.000,Caldari Citizen 8777524,Capsule,33200,49255,44133,0,,,,0
417.000,Minmatar Citizen 0254120,Porpoise,13075,62800,60243,185,0.6153,0.1055,0.7812,0
417.000,Amarr Citizen 2674287,Orca,33565,52265,45506,104,0.8110,0.0000,-0.5851,0
417.000,Amarr Citizen 5054432,Capsule,18375,9855,-112077,0,,,,0
417.000,Amarr Citizen 4520313,Capsule,14400,53325,41353,187,0.6231,0.6231,0.4728,0
417.000,Minmatar Citizen 9978241,Retriever,34000,40055,46256,226,0.7917,-0.6082,-0.0576,0
417.000,Minmatar Citizen 7162778,Covetor,10805,69285,40544,1528,0.1477,-0.3543,0.9234,0
417.000,Minmatar Citizen 9678938,Venture,35805,47705,45467,1428,0.4988,-0.6951,-0.5177,0
417.000,Minmatar Citizen 2250648,Capsule,16115,47740,100026,0,,,,0
417.000,Gallente Citizen 1635012,Venture,36400,47645,48311,179,-0.2944,-0.7446,-0.5991,0
418.000,Caldari Citizen 9942864,Capsule,228115,224720,219108,0,,,,0
418.000,Caldari Citizen 6206817,Skiff,37845,11525,49030,465,-0.2228,-0.1088,0.9688,0
418.000,Minmatar Citizen 9745080,Capsule,32975,80260,60885,0,,,,0
418.000,Amarr Citizen 0220922,Capsule,13185,74400,29186,0,,,,0
418.000,Minmatar Citizen 4351238,Retriever,38105,57245,49960,92,-0.7061,-0.7061,-0.0536,0
418.000,Caldari Citizen 3216932,Endurance,37025,52325,46176,861,-0.6050,-0.1315,0.7853,0
418.000,Minmatar Citizen 9076035,Porpoise,13960,61480,62820,158,,,,0
418.000,Minmatar Citizen 6662812,Procurer,36420,45375,68664,1258,0.7700,-0.3267,0.5480,0
418.000,Caldari Citizen 3891005,Orca,37680,58305,41734,208,-0.7345,0.0000,0.6786,0
418.000,Caldari Citizen 8777524,Capsule,33200,49255,44133,0,,,,0
418.000,Minmatar Citizen 0254120,Porpoise,13075,62800,60243,185,0.4103,-0.2696,0.8712,0
418.000,Amarr Citizen 2674287,Orca,33565,52265,45506,106,0.8110,0.0000,-0.5851,0
418.000,Amarr Citizen 5054432,Capsule,18375,9855,-112077,0,,,,0
418.000,Amarr Citizen 4520313,Capsule,14400,53325,41353,187,0.1462,0.6887,0.7102,0
418.000,Minmatar Citizen 9978241,Retriever,34895,40055,45584,226,0.8669,-0.3996,-0.2980,0
418.000,Minmatar Citizen 7162778,Covetor,10805,68225,42304,1570,0.1396,-0.3828,0.9132,0
418.000,Minmatar Citizen 9678938,Venture,35975,46175,45273,1369,0.7740,-0.6272,-0.0869,0
418.000,Minmatar Citizen 2250648,Capsule,16115,47740,100026,0,,,,0
418.000,Gallente Citizen 1635012,Venture,35635,46880,48046,180,0.0051,-0.6694,-0.7428,0
419.000,Caldari Citizen 9942864,Capsule,228115,224720,219108,0,,,,0
419.000,Caldari Citizen 6206817,Skiff,37845,11525,49030,431,-0.1777,-0.0308,0.9836,0
419.000,Minmatar Citizen 9745080,Capsule,32975,80260,60885,0,,,,0
419.000,Amarr Citizen 0220922,Capsule,13185,74400,29186,0,,,,0
419.000,Minmatar Citizen 4351238,Retriever,38105,57245,49960,90,,,,0
419.000,Caldari Citizen 3216932,Endurance,36080,52325,46918,928,-0.6715,-0.1227,0.7308,0
419.000,Minmatar Citizen 9076035,Porpoise,13960,61480,62820,139,,,,0
419.000,Minmatar Citizen 6662812,Procurer,37325,45325,69523,1339,0.7010,-0.3767,0.6056,0
419.000,Caldari Citizen 3891005,Orca,37680,58305,41734,283,-0.7403,0.0000,0.6723,0
419.000,Caldari Citizen 8777524,Capsule,33200,49255,44133,0,,,,0
419.000,Minmatar Citizen 0254120,Porpoise,13075,62075,60990,185,0.0000,-0.6966,0.7175,0
419.000,Amarr Citizen 2674287,Orca,33565,52265,45506,107,,,,0
419.000,Amarr Citizen 5054432,Capsule,18375,9855,-112077,0,,,,0
419.000,Amarr Citizen 4520313,Capsule,15095,54020,41881,187,-0.1953,0.6239,0.7567,0
419.000,Minmatar Citizen 9978241,Retriever,34895,40055,45584,156,0.7999,0.0000,-0.6001,0
419.000,Minmatar Citizen 7162778,Covetor,10805,67680,43170,1606,0.0821,-0.3735,0.9240,0
419.000,Minmatar Citizen 9678938,Venture,37625,46125,45627,1333,0.7184,-0.4787,0.5047,0
419.000,Minmatar Citizen 2250648,Capsule,16115,47740,100026,0,,,,0
419.000,Gallente Citizen 1635012,Venture,35635,46880,48046,180,0.2486,-0.5512,-0.7965,0
420.000,Caldari Citizen 9942864,Capsule,228115,224720,219108,0,,,,0
420.000,Caldari Citizen 6206817,Skiff,37040,11525,49641,405,-0.2964,-0.2310,0.9267,0
420.000,Minmatar Citizen 9745080,Capsule,32975,80260,60885,0,,,,0
420.000,Amarr Citizen 0220922,Capsule,13185,74400,29186,0,,,,0
420.000,Minmatar Citizen 4351238,Retriever,38105,57245,49960,88,,,,0
420.000,Caldari Citizen 3216932,Endurance,35920,53120,47833,980,-0.7450,-0.0927,0.6606,0
420.000,Minmatar Citizen 9076035,Porpoise,13960,61480,62820,122,,,,0
420.000,Minmatar Citizen 6662812,Procurer,38360,44360,69582,1408,0.7256,-0.3315,0.6030,0
420.000,Caldari Citizen 3891005,Orca,37680,58305,41734,353,-0.7441,0.0000,0.6681,0
420.000,Caldari Citizen 8777524,Capsule,33200,49255,44133,0,,,,0
420.000,Minmatar Citizen 0254120,Porpoise,13075,62075,60990,186,0.0000,-0.6966,0.7175,0
420.000,Amarr Citizen 2674287,Orca,33565,52265,45506,107,,,,0
420.000,Amarr Citizen 5054432,Capsule,18375,9855,-112077,0,,,,0
420.000,Amarr Citizen 4520313,Capsule,15095,54020,41881,187,-0.4576,0.5138,0.7257,0
420.000,Minmatar Citizen 9978241,Retriever,34895,40055,45584,124,,,,0
420.000,Minmatar Citizen 7162778,Covetor,11620,67375,45272,1637,0.0623,-0.3585,0.9314,0
420.000,Minmatar Citizen 9678938,Venture,37625,45320,46427,1317,0.4546,-0.2711,0.8484,0
420.000,Minmatar Citizen 2250648,Capsule,16115,47740,100026,0,,,,0
420.000,Gallente Citizen 1635012,Venture,36560,46880,47346,181,0.5094,-0.3592,-0.7820,0
421.000,Caldari Citizen 9942864,Capsule,228115,224720,219108,0,,,,0
421.000,Caldari Citizen 6206817,Skiff,37675,11075,50537,384,-0.3434,-0.2162,0.9140,0
421.000,Minmatar Citizen 9745080,Capsule,32975,80260,60885,0,,,,0
421.000,Amarr Citizen 0220922,Capsule,13185,74400,29186,0,,,,0
421.000,Minmatar Citizen 4351238,Retriever,38105,57245,49960,86,,,,0
421.000,Caldari Citizen 3216932,Endurance,35125,52325,47637,1020,-0.7675,0.0731,0.6368,0
421.000,Minmatar Citizen 9076035,Porpoise,13960,61480,62820,107,0.0000,-0.7189,0.6952,0
421.000,Minmatar Citizen 6662812,Procurer,39275,44300,70420,1466,0.7132,-0.3297,0.6186,0
421.000,Caldari Citizen 3891005,Orca,37680,58305,41734,418,-0.7547,0.0000,0.6561,0
421.000,Caldari Citizen 8777524,Capsule,33200,49255,44133,0,,,,0
421.000,Minmatar Citizen 0254120,Porpoise,13075,62075,60990,186,0.0000,-0.7008,0.7133,0
421.000,Amarr Citizen 2674287,Orca,33565,52265,45506,105,,,,0
421.000,Amarr Citizen 5054432,Capsule,18375,9855,-112077,0,,,,0
421.000,Amarr Citizen 4520313,Capsule,14000,54020,42259,187,-0.7153,0.3325,0.6147,0
421.000,Minmatar Citizen 9978241,Retriever,34895,40055,45584,126,0.0000,-0.7572,0.6532,0
421.000,Minmatar Citizen 7162778,Covetor,11620,66215,46953,1665,0.0874,-0.3274,0.9408,0
421.000,Minmatar Citizen 9678938,Venture,39145,46025,47732,1668,0.3123,-0.1260,0.9416,0
421.000,Minmatar Citizen 2250648,Capsule,16115,47740,100026,0,,,,0
421.000,Gallente Citizen 1635012,Venture,36560,46880,47346,181,0.4348,-0.4173,-0.7980,0
422.000,Caldari Citizen 9942864,Capsule,228115,224720,219108,0,,,,0
422.000,Caldari Citizen 6206817,Skiff,37675,11075,50537,368,-0.3769,-0.2054,0.9032,0
422.000,Minmatar Citizen 9745080,Capsule,32975,80260,60885,0,,,,0
422.000,Amarr Citizen 0220922,Capsule,13185,74400,29186,0,,,,0
422.000,Minmatar Citizen 4351238,Retriever,38105,57245,49960,83,,,,0
422.000,Caldari Citizen 3216932,Endurance,34160,52325,48334,1042,-0.7495,0.1186,0.6512,0
422.000,Minmatar Citizen 9076035,Porpoise,13960,61480,62820,95,0.0000,-0.7189,0.6952,0
422.000,Minmatar Citizen 6662812,Procurer,40200,43245,71853,1503,0.6561,-0.3722,0.6565,0
422.000,Caldari Citizen 3891005,Orca,36725,58305,42577,477,-0.7565,0.0000,0.6540,0
422.000,Caldari Citizen 8777524,Capsule,33200,49255,44133,0,-0.6784,-0.6784,-0.2820,0
422.000,Minmatar Citizen 0254120,Porpoise,13075,62075,60990,186,0.0000,-0.7051,0.7091,0
422.000,Amarr Citizen 2674287,Orca,33565,52265,45506,95,,,,0
422.000,Amarr Citizen 5054432,Capsule,18375,9855,-112077,0,,,,0
422.000,Amarr Citizen 4520313,Capsule,14000,54020,42259,187,-0.6389,0.4022,0.6558,0
422.000,Minmatar Citizen 9978241,Retriever,34895,40055,45584,143,0.0000,-0.7572,0.6532,0
422.000,Minmatar Citizen 7162778,Covetor,11240,66445,48453,1689,0.0887,-0.3415,0.9357,0
422.000,Minmatar Citizen 9678938,Venture,39015,45140,50242,1973,0.2051,-0.0982,0.9738,0
422.000,Minmatar Citizen 2250648,Capsule,16115,47740,100026,0,,,,0
422.000,Gallente Citizen 1635012,Venture,36560,46880,47346,181,-0.1911,-0.7212,-0.6658,0
423.000,Caldari Citizen 9942864,Capsule,228115,224720,219108,0,,,,0
423.000,Caldari Citizen 6206817,Skiff,36860,11075,51134,356,-0.3329,0.0552,0.9414,0
423.000,Minmatar Citizen 9745080,Capsule,32975,80260,60885,0,,,,0
423.000,Amarr Citizen 0220922,Capsule,13185,74400,29186,0,,,,0
423.000,Minmatar Citizen 4351238,Retriever,38105,57245,49960,80,,,,0
423.000,Caldari Citizen 3216932,Endurance,33185,52325,49009,595,-0.7897,0.2779,0.5469,0
423.000,Minmatar Citizen 9076035,Porpoise,13960,60725,63550,87,0.0000,-0.7189,0.6952,0
423.000,Minmatar Citizen 6662812,Procurer,41135,43175,72662,1246,0.6923,-0.3283,0.6426,0
423.000,Caldari Citizen 3891005,Orca,36725,58305,42577,533,-0.7623,0.0000,0.6472,0
423.000,Caldari Citizen 8777524,Capsule,33200,49255,44133,187,-0.6784,-0.6784,-0.2820,0
423.000,Minmatar Citizen 0254120,Porpoise,13075,62075,60990,186,0.0000,-0.7051,0.7091,0
423.000,Amarr Citizen 2674287,Orca,33565,52265,45506,88,,,,0
423.000,Amarr Citizen 5054432,Capsule,18375,9855,-112077,0,,,,0
423.000,Amarr Citizen 4520313,Capsule,14000,54020,42259,187,0.0430,0.9735,0.2248,0
423.000,Minmatar Citizen 9978241,Retriever,34895,39220,46305,157,0.0000,-0.7572,0.6532,0
423.000,Minmatar Citizen 7162778,Covetor,11240,65225,50084,1710,0.1189,-0.3550,0.9273,0
423.000,Minmatar Citizen 9678938,Venture,38885,45080,51930,2221,0.1542,-0.0668,0.9858,0
423.000,Minmatar Citizen 2250648,Capsule,16115,47740,100026,0,,,,0
423.000,Gallente Citizen 1635012,Venture,36560,46880,47346,182,-0.6845,-0.6845,-0.2511,0
424.000,Caldari Citizen 9942864,Capsule,228115,224720,219108,0,,,,0
424.000,Caldari Citizen 6206817,Skiff,36860,11075,51134,346,-0.4564,0.2958,0.8392,0
424.000,Minmatar Citizen 9745080,Capsule,32975,80260,60885,0,,,,0
424.000,Amarr Citizen 0220922,Capsule,13185,74400,29186,0,,,,0
424.000,Minmatar Citizen 4351238,Retriever,38105,57245,49960,77,,,,0
424.000,Caldari Citizen 3216932,Endurance,33980,53120,49230,410,-0.6342,0.6083,0.4773,0
424.000,Minmatar Citizen 9076035,Porpoise,13960,60725,63550,79,0.0000,-0.7189,0.6952,0
424.000,Minmatar Citizen 6662812,Procurer,42080,43105,73459,1039,0.6974,-0.4127,0.5859,0
424.000,Caldari Citizen 3891005,Orca,35760,58305,43391,584,-0.7665,0.0000,0.6423,0
424.000,Caldari Citizen 8777524,Capsule,32465,48520,43827,187,-0.6784,-0.6784,-0.2820,0
424.000,Minmatar Citizen 0254120,Porpoise,13075,61340,61729,186,0.4181,-0.2764,0.8653,0
424.000,Amarr Citizen 2674287,Orca,33565,52265,45506,82,,,,0
424.000,Amarr Citizen 5054432,Capsule,18375,9855,-112077,0,,,,0
424.000,Amarr Citizen 4520313,Capsule,14000,54020,42259,187,0.4925,0.8622,-0.1180,0
424.000,Minmatar Citizen 9978241,Retriever,34895,39220,46305,170,0.3783,-0.3685,0.8492,0
424.000,Minmatar Citizen 7162778,Covetor,12075,64800,52069,1728,0.1440,-0.3227,0.9355,0
424.000,Minmatar Citizen 9678938,Venture,39560,44960,54540,2415,0.1197,-0.0762,0.9899,0
424.000,Minmatar Citizen 2250648,Capsule,16115,47740,100026,0,,,,0
424.000,Gallente Citizen 1635012,Venture,35805,46125,47069,182,-0.6845,-0.6845,-0.2511,0
425.000,Caldari Citizen 9942864,Capsule,228115,224720,219108,0,,,,0
425.000,Caldari Citizen 6206817,Skiff,36860,11075,51134,338,-0.3334,0.3660,0.8688,0
425.000,Minmatar Citizen 9745080,Capsule,32975,80260,60885,0,,,,0
425.000,Amarr Citizen 0220922,Capsule,13185,74400,29186,0,,,,0
425.000,Minmatar Citizen 4351238,Retriever,38105,57245,49960,65,,,,0
425.000,Caldari Citizen 3216932,Endurance,32995,53120,49896,473,-0.4359,0.8489,-0.2989,0
425.000,Minmatar Citizen 9076035,Porpoise,13960,60725,63550,73,,,,0
425.000,Minmatar Citizen 6662812,Procurer,42080,42080,74051,875,0.7892,-0.3368,0.5135,0
425.000,Caldari Citizen 3891005,Orca,35760,58305,43391,631,-0.7766,0.0000,0.6299,0
425.000,Caldari Citizen 8777524,Capsule,32465,48520,43827,187,-0.6784,-0.6784,-0.2820,0
425.000,Minmatar Citizen 0254120,Porpoise,13075,61340,61729,186,0.6260,0.1061,0.7726,0
425.000,Amarr Citizen 2674287,Orca,33565,52265,45506,76,,,,0
425.000,Amarr Citizen 5054432,Capsule,18375,9855,-112077,0,,,,0
425.000,Amarr Citizen 4520313,Capsule,14705,54725,42778,187,0.4564,0.8674,-0.1984,0
425.000,Minmatar Citizen 9978241,Retriever,34895,39220,46305,159,0.6432,0.1861,0.7427,0
425.000,Minmatar Citizen 7162778,Covetor,12075,64155,52861,1744,0.2058,-0.2976,0.9323,0
425.000,Minmatar Citizen 9678938,Venture,40265,44840,57071,2566,0.1670,-0.0442,0.9850,0
425.000,Minmatar Citizen 2250648,Capsule,16115,47740,100026,0,,,,0
425.000,Gallente Citizen 1635012,Venture,35805,46125,47069,180,-0.6845,-0.6845,-0.2511,0
426.000,Caldari Citizen 9942864,Capsule,228115,224720,219108,0,,,,0
426.000,Caldari Citizen 6206817,Skiff,36680,11720,52366,333,-0.1283,0.4599,0.8786,0
426.000,Minmatar Citizen 9745080,Capsule,32975,80260,60885,0,,,,0
426.000,Amarr Citizen 0220922,Capsule,13185,74400,29186,0,,,,0
426.000,Minmatar Citizen 4351238,Retriever,38105,57245,49960,60,,,,0
426.000,Caldari Citizen 3216932,Endurance,32995,53875,49080,537,-0.1355,0.5682,-0.8117,0
426.000,Minmatar Citizen 9076035,Porpoise,13960,60725,63550,66,0.6825,0.6825,0.2616,0
426.000,Minmatar Citizen 6662812,Procurer,44060,42000,74234,750,0.7671,-0.4093,0.4940,0
426.000,Caldari Citizen 3891005,Orca,34785,58305,44176,674,-0.7851,0.0000,0.6194,0
426.000,Caldari Citizen 8777524,Capsule,32465,48520,43827,156,-0.1097,-0.0055,0.9939,0
426.000,Minmatar Citizen 0254120,Porpoise,13075,61340,61729,186,0.7056,0.4126,0.5762,0
426.000,Amarr Citizen 2674287,Orca,33565,52265,45506,72,,,,0
426.000,Amarr Citizen 5054432,Capsule,18375,9855,-112077,0,,,,0
426.000,Amarr Citizen 4520313,Capsule,14705,55360,41953,187,0.4160,0.8657,-0.2782,0
426.000,Minmatar Citizen 9978241,Retriever,34895,39220,46305,163,0.6603,0.6603,0.3576,0
426.000,Minmatar Citizen 7162778,Covetor,12920,63680,54799,1758,0.2035,-0.2881,0.9357,0
426.000,Minmatar Citizen 9678938,Venture,40045,44720,60179,2681,0.1577,-0.0816,0.9841,0
426.000,Minmatar Citizen 2250648,Capsule,16115,47740,100026,0,,,,0
426.000,Gallente Citizen 1635012,Venture,35805,46125,47069,180,,,,0
427.000,Caldari Citizen 9942864,Capsule,228115,224720,219108,0,,,,0
427.000,Caldari Citizen 6206817,Skiff,36680,11720,52366,328,-0.3711,0.3515,0.8595,0
427.000,Minmatar Citizen 9745080,Capsule,32975,80260,60885,0,,,,0
427.000,Amarr Citizen 0220922,Capsule,13185,74400,29186,0,,,,0
427.000,Minmatar Citizen 4351238,Retriever,38105,57245,49960,60,,,,0
427.000,Caldari Citizen 3216932,Endurance,32995,53875,49080,641,-0.0689,0.1839,-0.9805,0
427.000,Minmatar Citizen 9076035,Porpoise,13960,60725,63550,60,0.6825,0.6825,0.2616,0
427.000,Minmatar Citizen 6662812,Procurer,44060,40955,74816,653,0.8323,-0.2819,0.4772,0
427.000,Caldari Citizen 3891005,Orca,34785,58305,44176,714,-0.7924,0.0000,0.6100,0
427.000,Caldari Citizen 8777524,Capsule,32465,48520,43827,187,-0.3522,-0.3829,0.8541,0
427.000,Minmatar Citizen 0254120,Porpoise,13960,62225,62082,186,0.7069,0.4094,0.5768,0
427.000,Amarr Citizen 2674287,Orca,33565,52265,45506,68,,,,0
427.000,Amarr Citizen 5054432,Capsule,18375,9855,-112077,0,,,,0
427.000,Amarr Citizen 4520313,Capsule,14705,55360,41953,187,0.4932,0.8608,-0.1255,0
427.000,Minmatar Citizen 9978241,Retriever,35600,39925,46687,173,0.2482,0.6795,0.6904,0
427.000,Minmatar Citizen 7162778,Covetor,12560,63175,56984,1769,0.1276,-0.3120,0.9415,0
427.000,Minmatar Citizen 9678938,Venture,40800,44600,62572,2768,0.1535,-0.1074,0.9823,0
427.000,Minmatar Citizen 2250648,Capsule,16115,47740,100026,0,,,,0
427.000,Gallente Citizen 1635012,Venture,35805,46125,47069,180,,,,0
428.000,Caldari Citizen 9942864,Capsule,228115,224720,219108,0,,,,0
428.000,Caldari Citizen 6206817,Skiff,36680,11720,52366,325,-0.2826,0.4007,0.8715,0
428.000,Minmatar Citizen 9745080,Capsule,32975,80260,60885,0,,,,0
428.000,Amarr Citizen 0220922,Capsule,13185,74400,29186,0,,,,0
428.000,Minmatar Citizen 4351238,Retriever,38105,57245,49960,62,,,,0
428.000,Caldari Citizen 3216932,Endurance,33185,53825,47356,738,0.2046,0.0704,-0.9763,0
428.000,Minmatar Citizen 9076035,Porpoise,14855,61620,63893,54,0.6825,0.6825,0.2616,0
428.000,Minmatar Citizen 6662812,Procurer,45025,41920,74996,576,0.8232,-0.2144,0.5257,0
428.000,Caldari Citizen 3891005,Orca,33800,58305,44934,751,-0.7990,0.0000,0.6013,0
428.000,Caldari Citizen 8777524,Capsule,32465,48520,43827,340,0.2242,0.1733,0.9590,0
428.000,Minmatar Citizen 0254120,Porpoise,13960,62225,62082,186,0.4933,-0.1745,0.8522,0
428.000,Amarr Citizen 2674287,Orca,33565,52265,45506,67,0.0000,-0.6627,0.7488,0
428.000,Amarr Citizen 5054432,Capsule,18375,9855,-112077,0,,,,0
428.000,Amarr Citizen 4520313,Capsule,14705,55360,41953,187,0.0464,0.9774,0.2062,0
428.000,Minmatar Citizen 9978241,Retriever,35600,39925,46687,180,-0.1485,0.5509,0.8212,0
428.000,Minmatar Citizen 7162778,Covetor,13425,63345,58105,1780,0.1397,-0.2854,0.9482,0
428.000,Minmatar Citizen 9678938,Venture,41585,44480,64909,2834,0.1728,-0.1591,0.9720,0
428.000,Minmatar Citizen 2250648,Capsule,16115,47740,100026,0,,,,0
428.000,Gallente Citizen 1635012,Venture,35805,46125,47069,181,-0.6803,-0.6803,-0.2728,0
429.000,Caldari Citizen 9942864,Capsule,228115,224720,219108,0,,,,0
429.000,Caldari Citizen 6206817,Skiff,36680,11720,52366,322,-0.2295,-0.0013,0.9733,0
429.000,Minmatar Citizen 9745080,Capsule,32975,80260,60885,0,,,,0
429.000,Amarr Citizen 0220922,Capsule,13185,74400,29186,0,,,,0
429.000,Minmatar Citizen 4351238,Retriever,38105,57245,49960,64,,,,0
429.000,Caldari Citizen 3216932,Endurance,33185,53825,47356,812,0.1904,-0.1193,-0.9744,0
429.000,Minmatar Citizen 9076035,Porpoise,14855,61620,63893,50,0.6825,0.6825,0.2616,0
429.000,Minmatar Citizen 6662812,Procurer,45025,40865,75576,517,0.7014,-0.2704,0.6595,0
429.000,Caldari Citizen 3891005,Orca,32805,58305,45666,784,-0.7521,0.1113,0.6496,0
429.000,Caldari Citizen 8777524,Capsule,33000,49245,45945,,0.4484,0.3940,0.8023,0
429.000,Minmatar Citizen 0254120,Porpoise,13960,62225,62082,187,0.1147,-0.3649,0.9240,0
429.000,Amarr Citizen 2674287,Orca,33565,52265,45506,67,0.0000,-0.6627,0.7488,0
429.000,Amarr Citizen 5054432,Capsule,18375,9855,-112077,0,,,,0
429.000,Amarr Citizen 4520313,Capsule,14705,55360,41953,187,-0.1864,0.6474,0.7390,0
429.000,Minmatar Citizen 9978241,Retriever,35600,39925,46687,169,-0.5041,0.3275,0.7991,0
429.000,Minmatar Citizen 7162778,Covetor,13425,61925,59616,1788,0.1258,-0.3220,0.9383,0
429.000,Minmatar Citizen 9678938,Venture,41405,43385,68442,2883,0.2155,-0.2245,0.9504,0
429.000,Minmatar Citizen 2250648,Capsule,16115,47740,100026,0,,,,0
429.000,Gallente Citizen 1635012,Venture,35805,46125,47069,181,-0.2374,-0.9475,-0.2140,0
430.000,Caldari Citizen 9942864,Capsule,228115,224720,219108,0,,,,0
430.000,Caldari Citizen 6206817,Skiff,35845,11720,52941,320,-0.3316,-0.1417,0.9327,0
430.000,Minmatar Citizen 9745080,Capsule,32975,80260,60885,0,,,,0
430.000,Amarr Citizen 0220922,Capsule,13185,74400,29186,0,,,,0
430.000,Minmatar Citizen 4351238,Retriever,38105,57245,49960,65,,,,0
430.000,Caldari Citizen 3216932,Endurance,33375,53775,45589,858,0.2630,-0.1753,-0.9487,0
430.000,Minmatar Citizen 9076035,Porpoise,14855,61620,63893,46,,,,0
430.000,Minmatar Citizen 6662812,Procurer,46000,41840,75746,470,0.7191,-0.2401,0.6521,0
430.000,Caldari Citizen 3891005,Orca,32805,58305,45666,816,-0.7288,0.1647,0.6646,0
430.000,Caldari Citizen 8777524,Capsule,-16415,-4715,160092,,0.5534,0.5118,0.6571,0
430.000,Minmatar Citizen 0254120,Porpoise,13960,61480,62820,377,0.0579,-0.3217,0.9451,0
430.000,Amarr Citizen 2674287,Orca,33565,51520,46347,69,0.0000,-0.6627,0.7488,0
430.000,Amarr Citizen 5054432,Capsule,18375,9855,-112077,0,,,,0
430.000,Amarr Citizen 4520313,Capsule,15420,56075,42448,187,-0.3252,0.5962,0.7341,0
430.000,Minmatar Citizen 9978241,Retriever,34705,39925,47356,172,-0.5052,0.7284,0.4629,0
430.000,Minmatar Citizen 7162778,Covetor,13075,61340,61729,1645,0.1583,-0.3554,0.9212,0
430.000,Minmatar Citizen 9678938,Venture,42240,43245,70673,2917,0.2446,-0.2207,0.9442,0
430.000,Minmatar Citizen 2250648,Capsule,16115,47740,100026,0,,,,0
430.000,Gallente Citizen 1635012,Venture,35060,45380,46770,181,0.0122,-0.9867,-0.1622,0
431.000,Caldari Citizen 9942864,Capsule,228115,224720,219108,0,,,,0
431.000,Caldari Citizen 6206817,Skiff,36500,12375,53578,318,-0.3686,-0.2177,0.9038,0
431.000,Minmatar Citizen 9745080,Capsule,32975,80260,60885,0,,,,0
431.000,Amarr Citizen 0220922,Capsule,13185,74400,29186,0,,,,0
431.000,Minmatar Citizen 4351238,Retriever,38105,57245,49960,67,,,,0
431.000,Caldari Citizen 3216932,Endurance,34340,53775,44867,868,0.3367,-0.4274,-0.8391,0
431.000,Minmatar Citizen 9076035,Porpoise,14855,61620,63893,56,,,,0
431.000,Minmatar Citizen 6662812,Procurer,46000,40775,76324,434,0.6308,-0.3988,0.6657,0
431.000,Caldari Citizen 3891005,Orca,31800,58305,46371,845,-0.6992,0.2229,0.6793,0
431.000,Caldari Citizen 8777524,Capsule,134915,137920,265255,,0.6180,0.5750,0.5362,0
431.000,Minmatar Citizen 0254120,Porpoise,13960,60725,63550,1449,0.0679,-0.1149,0.9911,0
431.000,Amarr Citizen 2674287,Orca,33565,51520,46347,72,0.0000,-0.6627,0.7488,0
431.000,Amarr Citizen 5054432,Capsule,18375,9855,-112077,0,,,,0
431.000,Amarr Citizen 4520313,Capsule,14315,56075,42833,187,-0.4553,0.5328,0.7134,0
431.000,Minmatar Citizen 9978241,Retriever,34705,39925,47356,180,-0.1131,0.9736,0.1985,0
431.000,Minmatar Citizen 7162778,Covetor,13960,61480,62820,838,0.1137,-0.4205,0.9001,0
431.000,Minmatar Citizen 9678938,Venture,43105,42080,73459,2932,0.2954,-0.1944,0.9354,0
431.000,Minmatar Citizen 2250648,Capsule,16115,47740,100026,0,,,,0
431.000,Gallente Citizen 1635012,Venture,35060,45380,46770,181,0.2007,-0.9728,-0.1158,0
432.000,Caldari Citizen 9942864,Capsule,228115,224720,219108,0,,,,0
432.000,Caldari Citizen 6206817,Skiff,36500,11280,53819,317,-0.3859,-0.2957,0.8739,0
432.000,Minmatar Citizen 9745080,Capsule,32975,80260,60885,0,,,,0
432.000,Amarr Citizen 0220922,Capsule,13185,74400,29186,0,,,,0
432.000,Minmatar Citizen 4351238,Retriever,38105,57245,49960,68,,,,0
432.000,Caldari Citizen 3216932,Endurance,33565,53000,44647,833,0.3538,-0.5900,-0.7258,0
432.000,Minmatar Citizen 9076035,Porpoise,14855,61620,63893,155,-0.6825,-0.6825,-0.2616,0
432.000,Minmatar Citizen 6662812,Procurer,46000,40775,76324,406,0.7172,-0.2604,0.6464,0
432.000,Caldari Citizen 3891005,Orca,31600,59120,47226,872,-0.7088,0.2239,0.6689,0
432.000,Caldari Citizen 8777524,Capsule,196580,196580,244157,,0.6783,0.6308,0.3770,0
432.000,Minmatar Citizen 0254120,Porpoise,13620,60855,64893,1272,0.1724,0.0504,0.9837,0
432.000,Amarr Citizen 2674287,Orca,33565,51520,46347,76,,,,0
432.000,Amarr Citizen 5054432,Capsule,18375,9855,-112077,0,,,,0
432.000,Amarr Citizen 4520313,Capsule,14315,56075,42833,187,-0.1820,0.6525,0.7356,0
432.000,Minmatar Citizen 9978241,Retriever,34705,39925,47356,270,0.0760,0.9957,0.0528,0
432.000,Minmatar Citizen 7162778,Covetor,13960,60725,63550,735,0.1522,-0.4245,0.8925,0
432.000,Minmatar Citizen 9678938,Venture,44000,40865,76178,2818,0.3832,-0.1877,0.9044,0
432.000,Minmatar Citizen 2250648,Capsule,16115,47740,100026,0,,,,0
432.000,Gallente Citizen 1635012,Venture,35975,44575,46849,182,0.4178,-0.9069,-0.0540,0
433.000,Caldari Citizen 9942864,Capsule,228115,224720,219108,0,,,,0
433.000,Caldari Citizen 6206817,Skiff,35655,11280,54383,316,-0.1288,-0.1758,0.9760,0
433.000,Minmatar Citizen 9745080,Capsule,32975,80260,60885,0,,,,0
433.000,Amarr Citizen 0220922,Capsule,13185,74400,29186,0,,,,0
433.000,Minmatar Citizen 4351238,Retriever,38105,57245,49960,68,-0.7050,-0.7050,-0.0776,0
433.000,Caldari Citizen 3216932,Endurance,34520,53000,43913,790,0.3397,-0.8804,-0.3310,0
433.000,Minmatar Citizen 9076035,Porpoise,14855,61620,63893,140,-0.6825,-0.6825,-0.2616,0
433.000,Minmatar Citizen 6662812,Procurer,46000,40775,76324,390,0.6349,-0.4012,0.6602,0
433.000,Caldari Citizen 3891005,Orca,30575,59120,47896,885,-0.7141,0.0758,0.6959,0
433.000,Caldari Citizen 8777524,Capsule,214680,221360,223771,,0.7279,0.6820,0.0708,0
433.000,Minmatar Citizen 0254120,Porpoise,14525,61760,65236,1136,0.2339,0.1090,0.9661,0
433.000,Amarr Citizen 2674287,Orca,33565,51520,46347,78,,,,0
433.000,Amarr Citizen 5054432,Capsule,18375,9855,-112077,0,,,,0
433.000,Amarr Citizen 4520313,Capsule,14315,56075,42833,187,0.0607,0.7096,0.7020,0
433.000,Minmatar Citizen 9978241,Retriever,35420,41475,47003,603,0.0330,0.9983,-0.0475,0
433.000,Minmatar Citizen 7162778,Covetor,13960,60725,63550,664,0.1553,-0.6009,0.7841,0
433.000,Minmatar Citizen 9678938,Venture,44925,41760,77710,2388,0.4160,-0.1969,0.8878,0
433.000,Minmatar Citizen 2250648,Capsule,16115,47740,100026,0,,,,0
433.000,Gallente Citizen 1635012,Venture,35975,44575,46849,182,0.3543,-0.9314,-0.0833,0
434.000,Caldari Citizen 9942864,Capsule,228115,224720,219108,0,,,,0
434.000,Caldari Citizen 6206817,Skiff,35655,11280,54383,315,-0.3817,0.0044,0.9243,0
434.000,Minmatar Citizen 9745080,Capsule,32975,80260,60885,0,,,,0
434.000,Amarr Citizen 0220922,Capsule,13185,74400,29186,0,,,,0
434.000,Minmatar Citizen 4351238,Retriever,38105,57245,49960,61,-0.7050,-0.7050,-0.0776,0
434.000,Caldari Citizen 3216932,Endurance,34700,51500,43814,721,0.1986,-0.9742,0.1075,0
434.000,Minmatar Citizen 9076035,Porpoise,13960,60725,63550,122,-0.5737,-0.8190,0.0116,0
434.000,Minmatar Citizen 6662812,Procurer,46985,40685,77059,371,0.6353,-0.4080,0.6557,0
434.000,Caldari Citizen 3891005,Orca,30575,59120,47896,849,-0.6379,0.0606,0.7677,0
434.000,Caldari Citizen 8777524,Capsule,219435,219435,226169,1328,0.6984,0.6217,-0.3545,0
434.000,Minmatar Citizen 0254120,Porpoise,14195,61900,66565,966,0.3659,0.2009,0.9087,0
434.000,Amarr Citizen 2674287,Orca,33565,51520,46347,83,,,,0
434.000,Amarr Citizen 5054432,Capsule,18375,9855,-112077,0,,,,0
434.000,Amarr Citizen 4520313,Capsule,14315,56075,42833,187,0.6389,0.6389,0.4284,0
434.000,Minmatar Citizen 9978241,Retriever,35420,41475,47003,993,-0.1024,0.9947,0.0106,0
434.000,Minmatar Citizen 7162778,Covetor,13960,59960,64272,577,0.0000,-0.7283,0.6853,0
434.000,Minmatar Citizen 9678938,Venture,45880,41600,79784,1823,0.5382,-0.1750,0.8244,0
434.000,Minmatar Citizen 2250648,Capsule,16115,47740,100026,0,,,,0
434.000,Gallente Citizen 1635012,Venture,35975,44575,46849,182,-0.1475,-0.9656,-0.2142,0
435.000,Caldari Citizen 9942864,Capsule,228115,224720,219108,0,,,,0
435.000,Caldari Citizen 6206817,Skiff,35655,11280,54383,314,-0.2931,0.4147,0.8614,0
435.000,Minmatar Citizen 9745080,Capsule,32975,80260,60885,0,,,,0
435.000,Amarr Citizen 0220922,Capsule,13185,74400,29186,0,,,,0
435.000,Minmatar Citizen 4351238,Retriever,37260,56400,49867,59,-0.7050,-0.7050,-0.0776,0
435.000,Caldari Citizen 3216932,Endurance,34700,51500,43814,679,0.2150,-0.8990,0.3816,0
435.000,Minmatar Citizen 9076035,Porpoise,13960,60725,63550,106,-0.4653,-0.8629,0.1972,0
435.000,Minmatar Citizen 6662812,Procurer,46985,40685,77059,357,0.7237,-0.2644,0.6375,0
435.000,Caldari Citizen 3891005,Orca,29540,59120,48541,811,-0.5890,-0.0908,0.8030,0
435.000,Caldari Citizen 8777524,Capsule,223280,219905,223635,342,0.7350,0.4908,-0.4678,0
435.000,Minmatar Citizen 0254120,Porpoise,15120,62040,67612,817,0.4555,0.0704,0.8874,0
435.000,Amarr Citizen 2674287,Orca,33565,51520,46347,87,,,,0
435.000,Amarr Citizen 5054432,Capsule,18375,9855,-112077,0,,,,0
435.000,Amarr Citizen 4520313,Capsule,15040,56800,43319,187,0.6389,0.6389,0.4284,0
435.000,Minmatar Citizen 9978241,Retriever,35240,43025,47286,1310,-0.1746,0.9846,-0.0103,0
435.000,Minmatar Citizen 7162778,Covetor,13960,59960,64272,450,0.0000,-0.7316,0.6817,0
435.000,Minmatar Citizen 9678938,Venture,46895,40415,81065,862,0.7031,-0.3072,0.6413,0
435.000,Minmatar Citizen 2250648,Capsule,16115,47740,100026,0,,,,0
435.000,Gallente Citizen 1635012,Venture,35975,44575,46849,182,-0.6762,-0.6762,-0.2923,0
436.000,Caldari Citizen 9942864,Capsule,228115,224720,219108,0,,,,0
436.000,Caldari Citizen 6206817,Skiff,36320,11945,55020,314,-0.1379,0.4825,0.8650,0
436.000,Minmatar Citizen 9745080,Capsule,32975,80260,60885,0,,,,0
436.000,Amarr Citizen 0220922,Capsule,13185,74400,29186,0,,,,0
436.000,Minmatar Citizen 4351238,Retriever,37260,56400,49867,59,-0.7050,-0.7050,-0.0776,0
436.000,Caldari Citizen 3216932,Endurance,34700,50755,44675,679,0.0000,-0.6622,0.7493,0
436.000,Minmatar Citizen 9076035,Porpoise,13960,60725,63550,93,-0.3185,-0.8630,0.3920,0
436.000,Minmatar Citizen 6662812,Procurer,46985,40685,77059,346,0.7672,-0.1746,0.6172,0
436.000,Caldari Citizen 3891005,Orca,28495,58415,49997,783,-0.4980,-0.1208,0.8587,0
436.000,Caldari Citizen 8777524,Capsule,223280,219905,223635,88,0.9819,-0.1004,-0.1605,0
436.000,Minmatar Citizen 0254120,Porpoise,15120,61245,68333,688,0.2648,-0.0998,0.9591,0
436.000,Amarr Citizen 2674287,Orca,33565,51520,46347,91,,,,0
436.000,Amarr Citizen 5054432,Capsule,18375,9855,-112077,0,,,,0
436.000,Amarr Citizen 4520313,Capsule,15040,56800,43319,187,0.6389,0.6389,0.4284,0
436.000,Minmatar Citizen 9978241,Retriever,34325,43840,47211,1566,-0.2311,0.9729,0.0002,0
436.000,Minmatar Citizen 7162778,Covetor,13960,59185,64987,337,0.0000,-0.7353,0.6777,0
436.000,Minmatar Citizen 9678938,Venture,46895,40415,81065,454,0.8758,-0.4812,-0.0373,0
436.000,Minmatar Citizen 2250648,Capsule,16115,47740,100026,0,,,,0
436.000,Gallente Citizen 1635012,Venture,35240,43840,46532,182,-0.6762,-0.6762,-0.2923,0
437.000,Caldari Citizen 9942864,Capsule,228115,224720,219108,0,,,,0
437.000,Caldari Citizen 6206817,Skiff,35465,11945,55575,314,-0.4474,0.3381,0.8280,0
437.000,Minmatar Citizen 9745080,Capsule,32975,80260,60885,0,,,,0
437.000,Amarr Citizen 0220922,Capsule,13185,74400,29186,0,,,,0
437.000,Minmatar Citizen 4351238,Retriever,37260,56400,49867,61,,,,0
437.000,Caldari Citizen 3216932,Endurance,34700,50000,45518,705,-0.0448,-0.4112,0.9104,0
437.000,Minmatar Citizen 9076035,Porpoise,13960,59960,64272,81,0.0000,-0.7271,0.6865,0
437.000,Minmatar Citizen 6662812,Procurer,46985,39600,77622,337,0.6419,-0.4113,0.6471,0
437.000,Caldari Citizen 3891005,Orca,29320,59240,50199,765,-0.4040,-0.2097,0.8904,0
437.000,Caldari Citizen 8777524,Capsule,223280,219905,223635,0,0.8307,0.1015,-0.5474,0
437.000,Minmatar Citizen 0254120,Porpoise,16055,62180,68643,575,0.2709,-0.1307,0.9537,0
437.000,Amarr Citizen 2674287,Orca,33565,51520,46347,94,,,,0
437.000,Amarr Citizen 5054432,Capsule,18375,9855,-112077,0,,,,0
437.000,Amarr Citizen 4520313,Capsule,15040,56800,43319,187,,,,0
437.000,Minmatar Citizen 9978241,Retriever,34135,45380,47450,1773,-0.1356,0.9893,-0.0540,0
437.000,Minmatar Citizen 7162778,Covetor,13960,59185,64987,243,0.0000,-0.7393,0.6733,0
437.000,Minmatar Citizen 9678938,Venture,47940,40415,80451,887,0.4638,-0.1643,-0.8706,0
437.000,Minmatar Citizen 2250648,Capsule,16115,47740,100026,0,,,,0
437.000,Gallente Citizen 1635012,Venture,35240,43840,46532,182,-0.6762,-0.6762,-0.2923,0
438.000,Caldari Citizen 9942864,Capsule,228115,224720,219108,0,,,,0
438.000,Caldari Citizen 6206817,Skiff,35465,11945,55575,313,-0.6529,0.1972,0.7314,0
438.000,Minmatar Citizen 9745080,Capsule,32975,80260,60885,0,,,,0
438.000,Amarr Citizen 0220922,Capsule,13185,74400,29186,0,,,,0
438.000,Minmatar Citizen 4351238,Retriever,37260,56400,49867,63,,,,0
438.000,Caldari Citizen 3216932,Endurance,34700,50000,45518,742,-0.0783,-0.1781,0.9809,0
438.000,Minmatar Citizen 9076035,Porpoise,13960,59960,64272,72,0.0000,-0.7271,0.6865,0
438.000,Minmatar Citizen 6662812,Procurer,47980,40595,77782,330,0.5876,-0.4852,0.6475,0
438.000,Caldari Citizen 3891005,Orca,28265,58525,51623,755,-0.2809,-0.1584,0.9466,0
438.000,Caldari Citizen 8777524,Capsule,223280,219905,223635,0,,,,0
438.000,Minmatar Citizen 0254120,Porpoise,16055,61375,69364,497,0.1240,-0.1253,0.9843,0
438.000,Amarr Citizen 2674287,Orca,33565,51520,46347,97,,,,0
438.000,Amarr Citizen 5054432,Capsule,18375,9855,-112077,0,,,,0
438.000,Amarr Citizen 4520313,Capsule,15040,56800,43319,187,-0.6482,0.4241,0.6325,0
438.000,Minmatar Citizen 9978241,Retriever,33945,47705,46872,1941,0.0155,0.9788,-0.2041,0
438.000,Minmatar Citizen 7162778,Covetor,13960,59185,64987,166,0.2966,-0.4805,0.8253,0
438.000,Minmatar Citizen 9678938,Venture,47960,39400,79677,1355,0.0836,0.0641,-0.9944,0
438.000,Minmatar Citizen 2250648,Capsule,16115,47740,100026,0,,,,0
438.000,Gallente Citizen 1635012,Venture,35240,43840,46532,182,,,,0
439.000,Caldari Citizen 9942864,Capsule,228115,224720,219108,0,,,,0
439.000,Caldari Citizen 6206817,Skiff,35465,11945,55575,313,-0.6275,0.2218,0.7463,0
439.000,Minmatar Citizen 9745080,Capsule,32975,80260,60885,0,,,,0
439.000,Amarr Citizen 0220922,Capsule,13185,74400,29186,0,,,,0
439.000,Minmatar Citizen 4351238,Retriever,37260,56400,49867,64,,,,0
439.000,Caldari Citizen 3216932,Endurance,34520,50000,47301,762,-0.1190,0.1873,0.9751,0
439.000,Minmatar Citizen 9076035,Porpoise,13960,59960,64272,66,,,,0
439.000,Minmatar Citizen 6662812,Procurer,47980,40595,77782,326,0.5475,-0.5338,0.6444,0
439.000,Caldari Citizen 3891005,Orca,28265,58525,51623,752,-0.2013,-0.1774,0.9633,0
439.000,Caldari Citizen 8777524,Capsule,223280,219905,223635,0,,,,0
439.000,Minmatar Citizen 0254120,Porpoise,14800,61375,69642,445,0.0761,-0.0354,0.9965,0
439.000,Amarr Citizen 2674287,Orca,33565,51520,46347,99,,,,0
439.000,Amarr Citizen 5054432,Capsule,18375,9855,-112077,0,,,,0
439.000,Amarr Citizen 4520313,Capsule,15040,56800,43319,187,-0.4551,0.5547,0.6965,0
439.000,Minmatar Citizen 9978241,Retriever,33755,49235,47037,2012,0.1628,0.9391,-0.3027,0
439.000,Minmatar Citizen 7162778,Covetor,13960,58400,65693,119,0.5941,-0.0312,0.8038,0
439.000,Minmatar Citizen 9678938,Venture,47980,40595,77782,1646,0.0446,0.0936,-0.9946,0
439.000,Minmatar Citizen 2250648,Capsule,16115,47740,100026,0,,,,0
439.000,Gallente Citizen 1635012,Venture,35240,43840,46532,182,,,,0
440.000,Caldari Citizen 9942864,Capsule,228115,224720,219108,0,,,,0
440.000,Caldari Citizen 6206817,Skiff,34600,11945,56117,313,-0.2430,0.4518,0.8584,0
440.000,Minmatar Citizen 9745080,Capsule,32975,80260,60885,0,,,,0
440.000,Amarr Citizen 0220922,Capsule,13185,74400,29186,0,,,,0
440.000,Minmatar Citizen 4351238,Retriever,37260,56400,49867,65,0.0000,0.6566,-0.7542,0
440.000,Caldari Citizen 3216932,Endurance,34520,50000,47301,776,-0.1434,0.5411,0.8286,0
440.000,Minmatar Citizen 9076035,Porpoise,13960,59960,64272,59,,,,0
440.000,Minmatar Citizen 6662812,Procurer,47980,39500,78343,321,0.6442,-0.4171,0.6411,0
440.000,Caldari Citizen 3891005,Orca,28265,57800,52433,754,-0.2068,-0.3365,0.9187,0
440.000,Caldari Citizen 8777524,Capsule,223280,219905,223635,0,,,,0
440.000,Minmatar Citizen 0254120,Porpoise,15745,61505,70670,386,-0.0613,-0.1656,0.9843,0
440.000,Amarr Citizen 2674287,Orca,33565,51520,46347,176,0.6913,0.6913,0.2104,0
440.000,Amarr Citizen 5054432,Capsule,18375,9855,-112077,0,,,,0
440.000,Amarr Citizen 4520313,Capsule,13925,56800,43690,187,-0.3206,0.6201,0.7160,0
440.000,Minmatar Citizen 9978241,Retriever,34520,50765,46479,1280,0.2447,0.8559,-0.4557,0
440.000,Minmatar Citizen 7162778,Covetor,13960,58400,65693,77,0.6736,0.1813,0.7165,0
440.000,Minmatar Citizen 9678938,Venture,48000,40685,76431,1873,-0.0140,0.0399,-0.9991,0
440.000,Minmatar Citizen 2250648,Capsule,16115,47740,100026,0,,,,0
440.000,Gallente Citizen 1635012,Venture,35240,43840,46532,182,,,,0
441.000,Caldari Citizen 9942864,Capsule,228115,224720,219108,0,,,,0
441.000,Caldari Citizen 6206817,Skiff,34600,11945,56117,313,-0.0359,0.5284,0.8482,0
441.000,Minmatar Citizen 9745080,Capsule,32975,80260,60885,0,,,,0
441.000,Amarr Citizen 0220922,Capsule,13185,74400,29186,0,,,,0
441.000,Minmatar Citizen 4351238,Retriever,37260,56400,49867,66,0.0000,0.6566,-0.7542,0
441.000,Caldari Citizen 3216932,Endurance,34340,50775,48236,774,-0.1477,0.7215,0.6765,0
441.000,Minmatar Citizen 9076035,Porpoise,13960,59960,64272,53,,,,0
441.000,Minmatar Citizen 6662812,Procurer,47980,39500,78343,318,0.4994,-0.5938,0.6309,0
441.000,Caldari Citizen 3891005,Orca,28035,58635,53216,761,-0.0734,-0.3592,0.9304,0
441.000,Caldari Citizen 8777524,Capsule,223280,219905,223635,0,,,,0
441.000,Minmatar Citizen 0254120,Porpoise,15745,61505,70670,337,0.3887,0.1057,0.9153,0
441.000,Amarr Citizen 2674287,Orca,33565,51520,46347,197,0.6913,0.6913,0.2104,0
441.000,Amarr Citizen 5054432,Capsule,18375,9855,-112077,0,,,,0
441.000,Amarr Citizen 4520313,Capsule,14660,57535,44168,187,-0.1775,0.6718,0.7192,0
441.000,Minmatar Citizen 9978241,Retriever,35465,51520,44910,1018,0.3243,0.7447,-0.5833,0
441.000,Minmatar Citizen 7162778,Covetor,14855,59295,66056,67,0.6801,0.6801,0.2735,0
441.000,Minmatar Citizen 9678938,Venture,47045,40865,74336,1193,0.0163,-0.1403,-0.9900,0
441.000,Minmatar Citizen 2250648,Capsule,16115,47740,100026,0,,,,0
441.000,Gallente Citizen 1635012,Venture,35240,43840,46532,117,,,,0
442.000,Caldari Citizen 9942864,Capsule,228115,224720,219108,0,,,,0
442.000,Caldari Citizen 6206817,Skiff,35275,12620,56749,312,-0.1492,0.0938,0.9843,0
442.000,Minmatar Citizen 9745080,Capsule,32975,80260,60885,0,,,,0
442.000,Amarr Citizen 0220922,Capsule,13185,74400,29186,0,,,,0
442.000,Minmatar Citizen 4351238,Retriever,37260,57155,49000,67,0.0000,0.6566,-0.7542,0
442.000,Caldari Citizen 3216932,Endurance,34160,51560,49149,759,-0.2901,0.9133,0.2858,0
442.000,Minmatar Citizen 9076035,Porpoise,13960,59960,64272,48,,,,0
442.000,Minmatar Citizen 6662812,Procurer,47980,39500,78343,315,0.6478,-0.4173,0.6374,0
442.000,Caldari Citizen 3891005,Orca,28035,57900,54015,771,0.0691,-0.3299,0.9415,0
442.000,Caldari Citizen 8777524,Capsule,223280,219905,223635,0,,,,0
442.000,Minmatar Citizen 0254120,Porpoise,15745,61505,70670,295,0.6800,0.0929,0.7273,0
442.000,Amarr Citizen 2674287,Orca,34340,52295,46583,182,0.6913,0.6913,0.2104,0
442.000,Amarr Citizen 5054432,Capsule,18375,9855,-112077,0,,,,0
442.000,Amarr Citizen 4520313,Capsule,14660,57535,44168,187,0.0649,0.7225,0.6883,0
442.000,Minmatar Citizen 9978241,Retriever,35465,51520,44910,702,0.3381,0.6182,-0.7096,0
442.000,Minmatar Citizen 7162778,Covetor,14855,59295,66056,84,0.4624,0.8680,-0.1807,0
442.000,Minmatar Citizen 9678938,Venture,48040,40865,73697,546,0.0880,-0.8048,-0.5870,0
442.000,Minmatar Citizen 2250648,Capsule,16115,47740,100026,0,,,,0
442.000,Gallente Citizen 1635012,Venture,35240,43840,46532,60,,,,0
443.000,Caldari Citizen 9942864,Capsule,228115,224720,219108,0,,,,0
443.000,Caldari Citizen 6206817,Skiff,35275,12620,56749,312,0.1179,-0.0106,0.9930,0
443.000,Minmatar Citizen 9745080,Capsule,32975,80260,60885,0,,,,0
443.000,Amarr Citizen 0220922,Capsule,13185,74400,29186,0,,,,0
443.000,Minmatar Citizen 4351238,Retriever,37260,57155,49000,67,0.0000,0.6566,-0.7542,0
443.000,Caldari Citizen 3216932,Endurance,34160,52325,48334,734,-0.3506,0.9356,-0.0411,0
443.000,Minmatar Citizen 9076035,Porpoise,13960,59960,64272,44,,,,0
443.000,Minmatar Citizen 6662812,Procurer,48985,39400,79051,313,0.8148,-0.0811,0.5740,0
443.000,Caldari Citizen 3891005,Orca,28035,57155,54803,785,0.0145,-0.3505,0.9365,0
443.000,Caldari Citizen 8777524,Capsule,223280,219905,223635,0,,,,0
443.000,Minmatar Citizen 0254120,Porpoise,15745,61505,70670,270,0.6835,0.0930,0.7240,0
443.000,Amarr Citizen 2674287,Orca,34340,52295,46583,175,0.1624,0.2668,0.9500,0
443.000,Amarr Citizen 5054432,Capsule,18375,9855,-112077,0,,,,0
443.000,Amarr Citizen 4520313,Capsule,14660,57535,44168,187,0.6460,0.6460,0.4066,0
443.000,Minmatar Citizen 9978241,Retriever,35465,52265,44041,467,0.2301,0.5466,-0.8052,0
443.000,Minmatar Citizen 7162778,Covetor,14855,59295,66056,108,0.3163,0.8711,-0.3756,0
443.000,Minmatar Citizen 9678938,Venture,48040,39800,74277,737,0.1009,-0.8539,0.5105,0
443.000,Minmatar Citizen 2250648,Capsule,16115,47740,100026,0,,,,0
443.000,Gallente Citizen 1635012,Venture,35240,43840,46532,52,,,,0
444.000,Caldari Citizen 9942864,Capsule,228115,224720,219108,0,,,,0
444.000,Caldari Citizen 6206817,Skiff,35275,12620,56749,312,0.0206,-0.1212,0.9924,0
444.000,Minmatar Citizen 9745080,Capsule,32975,80260,60885,0,,,,0
444.000,Amarr Citizen 0220922,Capsule,13185,74400,29186,0,,,,0
444.000,Minmatar Citizen 4351238,Retriever,37260,57155,49000,67,,,,0
444.000,Caldari Citizen 3216932,Endurance,34160,52325,48334,703,-0.3754,0.8480,-0.3741,0
444.000,Minmatar Citizen 9076035,Porpoise,13960,59960,64272,40,,,,0
444.000,Minmatar Citizen 6662812,Procurer,48985,39400,79051,312,0.6146,-0.4703,0.6333,0
444.000,Caldari Citizen 3891005,Orca,28035,57155,54803,800,-0.0127,-0.4789,0.8778,0
444.000,Caldari Citizen 8777524,Capsule,223280,219905,223635,0,,,,0
444.000,Minmatar Citizen 0254120,Porpoise,16700,61635,71681,252,0.7849,-0.1426,0.6030,0
444.000,Amarr Citizen 2674287,Orca,34340,52295,46583,169,-0.2845,-0.1650,0.9444,0
444.000,Amarr Citizen 5054432,Capsule,18375,9855,-112077,0,,,,0
444.000,Amarr Citizen 4520313,Capsule,14660,57535,44168,187,0.6494,0.6494,0.3958,0
444.000,Minmatar Citizen 9978241,Retriever,35465,52265,44041,299,0.0000,0.6508,-0.7593,0
444.000,Minmatar Citizen 7162778,Covetor,14855,60080,65343,132,0.0000,0.7402,-0.6724,0
444.000,Minmatar Citizen 9678938,Venture,48040,38725,74843,1208,0.1821,-0.5048,0.8438,0
444.000,Minmatar Citizen 2250648,Capsule,16115,47740,100026,0,,,,0
444.000,Gallente Citizen 1635012,Venture,35240,43840,46532,74,,,,0
445.000,Caldari Citizen 9942864,Capsule,228115,224720,219108,0,,,,0
445.000,Caldari Citizen 6206817,Skiff,34400,11515,57516,312,-0.1290,-0.2851,0.9498,0
445.000,Minmatar Citizen 9745080,Capsule,32975,80260,60885,0,,,,0
445.000,Amarr Citizen 0220922,Capsule,13185,74400,29186,0,,,,0
445.000,Minmatar Citizen 4351238,Retriever,37260,57155,49000,67,,,,0
445.000,Caldari Citizen 3216932,Endurance,33185,53080,48190,672,-0.3481,0.5895,-0.7289,0
445.000,Minmatar Citizen 9076035,Porpoise,13960,59960,64272,38,,,,0
445.000,Minmatar Citizen 6662812,Procurer,48985,39400,79051,310,0.7100,-0.3316,0.6212,0
445.000,Caldari Citizen 3891005,Orca,28880,57245,55803,817,0.0473,-0.3972,0.9165,0
445.000,Caldari Citizen 8777524,Capsule,223280,219905,223635,0,,,,0
445.000,Minmatar Citizen 0254120,Porpoise,16700,61635,71681,315,0.8125,-0.2592,0.5221,0
445.000,Amarr Citizen 2674287,Orca,34340,52295,46583,165,-0.4947,-0.3870,0.7782,0
445.000,Amarr Citizen 5054432,Capsule,18375,9855,-112077,0,,,,0
445.000,Amarr Citizen 4520313,Capsule,14660,57535,44168,187,0.6494,0.6494,0.3958,0
445.000,Minmatar Citizen 9978241,Retriever,35465,52265,44041,178,,,,0
445.000,Minmatar Citizen 7162778,Covetor,14855,60080,65343,154,0.0000,0.7402,-0.6724,0
445.000,Minmatar Citizen 9678938,Venture,48020,38615,76203,1619,0.1910,-0.3151,0.9296,0
445.000,Minmatar Citizen 2250648,Capsule,16115,47740,100026,0,,,,0
445.000,Gallente Citizen 1635012,Venture,35240,43840,46532,99,,,,0
446.000,Caldari Citizen 9942864,Capsule,228115,224720,219108,0,,,,0
446.000,Caldari Citizen 6206817,Skiff,35085,12200,58148,220,-0.0341,-0.1822,0.9827,0
446.000,Minmatar Citizen 9745080,Capsule,32975,80260,60885,0,,,,0
446.000,Amarr Citizen 0220922,Capsule,13185,74400,29186,0,,,,0
446.000,Minmatar Citizen 4351238,Retriever,37260,57155,49000,66,,,,0
446.000,Caldari Citizen 3216932,Endurance,33185,53825,47356,648,-0.4875,0.1556,-0.8591,0
446.000,Minmatar Citizen 9076035,Porpoise,13960,59960,64272,35,,,,0
446.000,Minmatar Citizen 6662812,Procurer,48985,39400,79051,309,0.7604,-0.2420,0.6027,0
446.000,Caldari Citizen 3891005,Orca,27805,56480,57113,835,0.0856,-0.3524,0.9319,0
446.000,Caldari Citizen 8777524,Capsule,223280,219905,223635,0,,,,0
446.000,Minmatar Citizen 0254120,Porpoise,16700,61635,71681,397,0.8231,-0.3658,0.4344,0
446.000,Amarr Citizen 2674287,Orca,33375,51540,48101,160,-0.4947,-0.3870,0.7782,0
446.000,Amarr Citizen 5054432,Capsule,18375,9855,-112077,0,,,,0
446.000,Amarr Citizen 4520313,Capsule,15405,58280,44622,187,0.6494,0.6494,0.3958,0
446.000,Minmatar Citizen 9978241,Retriever,35465,52265,44041,103,,,,0
446.000,Minmatar Citizen 7162778,Covetor,14855,60080,65343,172,,,,0
446.000,Minmatar Citizen 9678938,Venture,48000,37400,78091,1939,0.2405,-0.1605,0.9573,0
446.000,Minmatar Citizen 2250648,Capsule,16115,47740,100026,0,,,,0
446.000,Gallente Citizen 1635012,Venture,35240,43840,46532,119,,,,0
447.000,Caldari Citizen 9942864,Capsule,228115,224720,219108,0,,,,0
447.000,Caldari Citizen 6206817,Skiff,35085,12200,58148,156,0.1449,0.0199,0.9893,0
447.000,Minmatar Citizen 9745080,Capsule,32975,80260,60885,0,,,,0
447.000,Amarr Citizen 0220922,Capsule,13185,74400,29186,0,,,,0
447.000,Minmatar Citizen 4351238,Retriever,37260,57155,49000,66,,,,0
447.000,Caldari Citizen 3216932,Endurance,33185,53825,47356,637,-0.4391,-0.2013,-0.8756,0
447.000,Minmatar Citizen 9076035,Porpoise,13960,59960,64272,33,,,,0
447.000,Minmatar Citizen 6662812,Procurer,48985,38285,79597,308,0.6545,-0.4272,0.6239,0
447.000,Caldari Citizen 3891005,Orca,27805,55705,57869,853,0.0933,-0.4143,0.9054,0
447.000,Caldari Citizen 8777524,Capsule,223280,219905,223635,0,,,,0
447.000,Minmatar Citizen 0254120,Porpoise,17955,60800,72090,475,0.6494,-0.6507,0.3936,0
447.000,Amarr Citizen 2674287,Orca,33375,51540,48101,157,-0.4947,-0.3870,0.7782,0
447.000,Amarr Citizen 5054432,Capsule,18375,9855,-112077,0,,,,0
447.000,Amarr Citizen 4520313,Capsule,15405,58280,44622,187,0.0693,0.7380,0.6713,0
447.000,Minmatar Citizen 9978241,Retriever,35465,52265,44041,82,0.6954,0.6954,0.1811,0
447.000,Minmatar Citizen 7162778,Covetor,14855,60080,65343,188,,,,0
447.000,Minmatar Citizen 9678938,Venture,48985,38285,79597,2178,0.2627,0.0038,0.9649,0
447.000,Minmatar Citizen 2250648,Capsule,16115,47740,100026,0,,,,0
447.000,Gallente Citizen 1635012,Venture,35240,43840,46532,134,,,,0
448.000,Caldari Citizen 9942864,Capsule,228115,224720,219108,0,,,,0
448.000,Caldari Citizen 6206817,Skiff,35085,12200,58148,136,,,,0
448.000,Minmatar Citizen 9745080,Capsule,32975,80260,60885,0,,,,0
448.000,Amarr Citizen 0220922,Capsule,13185,74400,29186,0,,,,0
448.000,Minmatar Citizen 4351238,Retriever,37260,57155,49000,65,,,,0
448.000,Caldari Citizen 3216932,Endurance,33375,53040,46442,641,-0.2884,-0.7691,-0.5703,0
448.000,Minmatar Citizen 9076035,Porpoise,13960,59960,64272,32,,,,0
448.000,Minmatar Citizen 6662812,Procurer,50000,39300,79747,308,0.5986,-0.5023,0.6240,0
448.000,Caldari Citizen 3891005,Orca,28660,55775,58854,871,0.1972,-0.4183,0.8867,0
448.000,Caldari Citizen 8777524,Capsule,223280,219905,223635,0,,,,0
448.000,Minmatar Citizen 0254120,Porpoise,17955,60800,72090,548,0.7224,-0.6062,0.3326,0
448.000,Amarr Citizen 2674287,Orca,33375,51540,48101,153,-0.4947,-0.3870,0.7782,0
448.000,Amarr Citizen 5054432,Capsule,18375,9855,-112077,0,,,,0
448.000,Amarr Citizen 4520313,Capsule,15405,58280,44622,187,-0.6537,0.4310,0.6220,0
448.000,Minmatar Citizen 9978241,Retriever,35465,52265,44041,101,0.6954,0.6954,0.1811,0
448.000,Minmatar Citizen 7162778,Covetor,14855,60080,65343,201,0.0000,0.7321,-0.6812,0
448.000,Minmatar Citizen 9678938,Venture,50000,38065,81609,1975,0.2902,0.1976,0.9363,0
448.000,Minmatar Citizen 2250648,Capsule,16115,47740,100026,0,,,,0
448.000,Gallente Citizen 1635012,Venture,35240,43840,46532,146,0.0000,0.7218,-0.6921,0
449.000,Caldari Citizen 9942864,Capsule,228115,224720,219108,0,,,,0
449.000,Caldari Citizen 6206817,Skiff,35085,12200,58148,149,,,,0
449.000,Minmatar Citizen 9745080,Capsule,32975,80260,60885,0,,,,0
449.000,Amarr Citizen 0220922,Capsule,13185,74400,29186,0,,,,0
449.000,Minmatar Citizen 4351238,Retriever,37260,57155,49000,64,,,,0
449.000,Caldari Citizen 3216932,Endurance,32600,52265,46202,467.5,-0.2851,-0.9477,-0.1438,0
449.000,Minmatar Citizen 9076035,Porpoise,13960,59960,64272,31,,,,0
449.000,Minmatar Citizen 6662812,Procurer,50000,39300,79747,307,0.5574,-0.5513,0.6207,0
449.000,Caldari Citizen 3891005,Orca,28660,55775,58854,889,0.3840,-0.3969,0.8337,0
449.000,Caldari Citizen 8777524,Capsule,223280,219905,223635,0,,,,0
449.000,Minmatar Citizen 0254120,Porpoise,17955,60800,72090,615,0.6474,-0.6572,0.3860,0
449.000,Amarr Citizen 2674287,Orca,33375,51540,48101,150,,,,0
449.000,Amarr Citizen 5054432,Capsule,18375,9855,-112077,0,,,,0
449.000,Amarr Citizen 4520313,Capsule,15405,58280,44622,187,-0.7275,0.3674,0.5795,0
449.000,Minmatar Citizen 9978241,Retriever,36240,53040,44243,128,0.6954,0.6954,0.1811,0
449.000,Minmatar Citizen 7162778,Covetor,14855,60080,65343,212,0.0000,0.7321,-0.6812,0
449.000,Minmatar Citizen 9678938,Venture,50000,37955,82918,1152,0.1861,0.3708,0.9099,0
449.000,Minmatar Citizen 2250648,Capsule,16115,47740,100026,0,,,,0
449.000,Gallente Citizen 1635012,Venture,35240,43840,46532,155,0.0000,0.7218,-0.6921,0
450.000,Caldari Citizen 9942864,Capsule,228115,224720,219108,0,,,,0
450.000,Caldari Citizen 6206817,Skiff,35085,12200,58148,174,0.0000,0.9767,-0.2146,0
450.000,Minmatar Citizen 9745080,Capsule,32975,80260,60885,0,,,,0
450.000,Amarr Citizen 0220922,Capsule,13185,74400,29186,0,,,,0
450.000,Minmatar Citizen 4351238,Retriever,37260,57155,49000,64,,,,0
450.000,Caldari Citizen 3216932,Endurance,32600,52265,46202,483,-0.2391,-0.9379,0.2513,0
450.000,Minmatar Citizen 9076035,Porpoise,13960,59960,64272,29,0.9751,0.0000,-0.2216,0
450.000,Minmatar Citizen 6662812,Procurer,50000,38175,80291,307,0.6565,-0.4328,0.6178,0
450.000,Caldari Citizen 3891005,Orca,28660,54980,59597,907,0.4378,-0.3427,0.8312,0
450.000,Caldari Citizen 8777524,Capsule,223280,219905,223635,0,,,,0
450.000,Minmatar Citizen 0254120,Porpoise,17955,59955,72794,676,0.6298,-0.6729,0.3880,0
450.000,Amarr Citizen 2674287,Orca,33375,51540,48101,147,,,,0
450.000,Amarr Citizen 5054432,Capsule,18375,9855,-112077,0,,,,0
450.000,Amarr Citizen 4520313,Capsule,14280,58280,44995,187,-0.4535,0.5755,0.6805,0
450.000,Minmatar Citizen 9978241,Retriever,36240,53040,44243,152,0.2006,0.7476,0.6331,0
450.000,Minmatar Citizen 7162778,Covetor,14855,60855,64622,221,0.0000,0.7321,-0.6812,0
450.000,Minmatar Citizen 9678938,Venture,50000,39000,83690,618,-0.1812,0.5902,0.7866,0
450.000,Minmatar Citizen 2250648,Capsule,16115,47740,100026,0,,,,0
450.000,Gallente Citizen 1635012,Venture,35240,44645,45760,162,0.0000,0.7218,-0.6921,0
451.000,Caldari Citizen 9942864,Capsule,228115,224720,219108,0,,,,0
451.000,Caldari Citizen 6206817,Skiff,35085,12200,58148,200,0.3380,0.8538,-0.3960,0
451.000,Minmatar Citizen 9745080,Capsule,32975,80260,60885,0,,,,0
451.000,Amarr Citizen 0220922,Capsule,13185,74400,29186,0,,,,0
451.000,Minmatar Citizen 4351238,Retriever,37260,57155,49000,63,,,,0
451.000,Caldari Citizen 3216932,Endurance,32600,51520,47031,615,-0.1375,-0.7609,0.6341,0
451.000,Minmatar Citizen 9076035,Porpoise,13960,59960,64272,167,0.9751,0.0000,-0.2216,0
451.000,Minmatar Citizen 6662812,Procurer,50000,38175,80291,307,0.5076,-0.6115,0.6070,0
451.000,Caldari Citizen 3891005,Orca,29525,55040,60563,924,0.3782,-0.4254,0.8222,0
451.000,Caldari Citizen 8777524,Capsule,223280,219905,223635,0,,,,0
451.000,Minmatar Citizen 0254120,Porpoise,19200,59955,72476,732,0.6572,-0.6589,0.3658,0
451.000,Amarr Citizen 2674287,Orca,33375,51540,48101,145,,,,0
451.000,Amarr Citizen 5054432,Capsule,18375,9855,-112077,0,,,,0
451.000,Amarr Citizen 4520313,Capsule,14280,58280,44995,187,-0.1684,0.6965,0.6975,0
451.000,Minmatar Citizen 9978241,Retriever,36240,53040,44243,171,-0.4348,0.4212,0.7959,0
451.000,Minmatar Citizen 7162778,Covetor,14855,60855,64622,43,0.0000,0.7321,-0.6812,0
451.000,Minmatar Citizen 9678938,Venture,50000,40145,83147,789,-0.2785,0.5628,-0.7783,0
451.000,Minmatar Citizen 2250648,Capsule,16115,47740,100026,0,,,,0
451.000,Gallente Citizen 1635012,Venture,35240,44645,45760,167,0.0000,0.7218,-0.6921,0
452.000,Caldari Citizen 9942864,Capsule,228115,224720,219108,0,,,,0
452.000,Caldari Citizen 6206817,Skiff,35085,13305,57905,222,0.4881,0.7396,-0.4634,0
452.000,Minmatar Citizen 9745080,Capsule,32975,80260,60885,0,,,,0
452.000,Amarr Citizen 0220922,Capsule,13185,74400,29186,0,,,,0
452.000,Minmatar Citizen 4351238,Retriever,37260,57155,49000,63,-0.7041,-0.7041,-0.0924,0
452.000,Caldari Citizen 3216932,Endurance,32600,51520,47031,687,0.0000,-0.6800,0.7332,0
452.000,Minmatar Citizen 9076035,Porpoise,15185,59960,63994,141,0.9751,0.0000,-0.2216,0
452.000,Minmatar Citizen 6662812,Procurer,50000,38175,80291,307,0.6600,-0.4330,0.6139,0
452.000,Caldari Citizen 3891005,Orca,29525,54225,61294,940,0.3400,-0.4753,0.8114,0
452.000,Caldari Citizen 8777524,Capsule,223280,219905,223635,0,,,,0
452.000,Minmatar Citizen 0254120,Porpoise,19200,59100,73175,782,0.7060,-0.6313,0.3210,0
452.000,Amarr Citizen 2674287,Orca,33375,51540,48101,143,-0.8273,0.0000,0.5618,0
452.000,Amarr Citizen 5054432,Capsule,18375,9855,-112077,0,,,,0
452.000,Amarr Citizen 4520313,Capsule,15035,59035,45440,187,0.1919,0.7526,0.6299,0
452.000,Minmatar Citizen 9978241,Retriever,36240,53040,44243,185,-0.7803,0.0000,0.6254,0
452.000,Minmatar Citizen 7162778,Covetor,14855,60855,64622,35,,,,0
452.000,Minmatar Citizen 9678938,Venture,48955,39100,83010,1189,-0.0487,0.0304,-0.9983,0
452.000,Minmatar Citizen 2250648,Capsule,16115,47740,100026,0,,,,0
452.000,Gallente Citizen 1635012,Venture,35240,44645,45760,171,-0.8510,0.4991,0.1635,0
453.000,Caldari Citizen 9942864,Capsule,228115,224720,219108,0,,,,0
453.000,Caldari Citizen 6206817,Skiff,35085,13305,57905,240,0.5949,0.6260,-0.5042,0
453.000,Minmatar Citizen 9745080,Capsule,32975,80260,60885,0,,,,0
453.000,Amarr Citizen 0220922,Capsule,13185,74400,29186,0,,,,0
453.000,Minmatar Citizen 4351238,Retriever,37260,57155,49000,62,-0.7041,-0.7041,-0.0924,0
453.000,Caldari Citizen 3216932,Endurance,32600,50765,47845,772,0.0000,-0.6823,0.7310,0
453.000,Minmatar Citizen 9076035,Porpoise,15185,59960,63994,117,0.9751,0.0000,-0.2216,0
453.000,Minmatar Citizen 6662812,Procurer,51025,38065,80972,306,0.8296,-0.0890,0.5512,0
453.000,Caldari Citizen 3891005,Orca,30400,54275,62242,956,0.4841,-0.4494,0.7508,0
453.000,Caldari Citizen 8777524,Capsule,223280,219905,223635,0,,,,0
453.000,Minmatar Citizen 0254120,Porpoise,20435,58235,73533,826,0.8161,-0.5401,0.2056,0
453.000,Amarr Citizen 2674287,Orca,33375,51540,48101,141,-0.8273,0.0000,0.5618,0
453.000,Amarr Citizen 5054432,Capsule,18375,9855,-112077,0,,,,0
453.000,Amarr Citizen 4520313,Capsule,15035,59035,45440,187,0.5552,0.8310,-0.0358,0
453.000,Minmatar Citizen 9978241,Capsule,35295,53040,45000,190,-0.7803,0.0000,0.6254,0
453.000,Minmatar Citizen 7162778,Covetor,14855,60855,64622,31,,,,0
453.000,Minmatar Citizen 9678938,Venture,48965,39200,81699,1513,0.0354,-0.2940,-0.9551,0
453.000,Minmatar Citizen 2250648,Capsule,16115,47740,100026,0,,,,0
454.000,Caldari Citizen 9942864,Capsule,228115,224720,219108,0,,,,0
454.000,Caldari Citizen 6206817,Skiff,35960,13305,57366,255,0.7127,0.4500,-0.5381,0
454.000,Minmatar Citizen 9745080,Capsule,32975,80260,60885,0,,,,0
454.000,Amarr Citizen 0220922,Capsule,13185,74400,29186,0,,,,0
454.000,Minmatar Citizen 4351238,Retriever,36425,56320,48890,62,-0.7041,-0.7041,-0.0924,0
454.000,Caldari Citizen 3216932,Capsule,32600,50000,48644,0,0.0000,-0.6864,0.7273,0
454.000,Minmatar Citizen 9076035,Porpoise,15185,59960,63994,97,0.6965,0.4349,-0.5707,0
454.000,Minmatar Citizen 6662812,Procurer,51025,38065,80972,306,0.8323,-0.0890,0.5471,0
454.000,Caldari Citizen 3891005,Orca,30400,53440,62960,971,0.5008,-0.5201,0.6919,0
454.000,Caldari Citizen 8777524,Capsule,223280,219905,223635,0,,,,0
454.000,Minmatar Citizen 0254120,Porpoise,20435,58235,73533,866,0.7745,-0.5846,0.2417,0
454.000,Amarr Citizen 2674287,Orca,32400,51540,48763,139,-0.8273,0.0000,0.5618,0
454.000,Amarr Citizen 5054432,Capsule,18375,9855,-112077,0,,,,0
454.000,Amarr Citizen 4520313,Capsule,15035,59035,45440,187,0.5030,0.8477,-0.1683,0
454.000,Minmatar Citizen 9978241,Capsule,35295,53040,45000,187,-0.7803,0.0000,0.6254,0
454.000,Minmatar Citizen 7162778,Covetor,14855,60855,64622,42,,,,0
454.000,Minmatar Citizen 9678938,Venture,50000,39300,79747,1665,0.2874,-0.4255,-0.8581,0
454.000,Minmatar Citizen 2250648,Capsule,16115,47740,100026,0,,,,0
455.000,Caldari Citizen 9942864,Capsule,228115,224720,219108,0,,,,0
455.000,Caldari Citizen 6206817,Skiff,35960,13305,57366,267,0.8513,0.0000,-0.5247,0
455.000,Minmatar Citizen 9745080,Capsule,32975,80260,60885,0,,,,0
455.000,Amarr Citizen 0220922,Capsule,13185,74400,29186,0,,,,0
455.000,Minmatar Citizen 4351238,Retriever,36425,56320,48890,62,-0.7041,-0.7041,-0.0924,0
455.000,Caldari Citizen 3216932,Capsule,32600,50000,48644,0,0.0000,-0.6873,0.7264,0
455.000,Minmatar Citizen 9076035,Porpoise,15185,59960,63994,80,0.0000,0.7256,-0.6881,0
455.000,Minmatar Citizen 6662812,Procurer,51025,38065,80972,306,0.8341,-0.0890,0.5444,0
455.000,Caldari Citizen 3891005,Orca,30400,52595,63668,985,0.5899,-0.4555,0.6667,0
455.000,Caldari Citizen 8777524,Capsule,223280,219905,223635,0,,,,0
455.000,Minmatar Citizen 0254120,Porpoise,21660,57360,73869,902,0.8112,-0.5525,0.1914,0
455.000,Amarr Citizen 2674287,Orca,32400,51540,48763,138,-0.8273,0.0000,0.5618,0
455.000,Amarr Citizen 5054432,Capsule,18375,9855,-112077,0,,,,0
455.000,Amarr Citizen 4520313,Capsule,15035,59035,45440,187,0.4273,0.8462,-0.3182,0
455.000,Minmatar Citizen 9978241,Capsule,35295,53040,45000,187,,,,0
455.000,Minmatar Citizen 7162778,Covetor,14855,60855,64622,72,,,,0
455.000,Minmatar Citizen 9678938,Venture,50000,38285,78964,1557,0.6006,-0.4041,-0.6900,0
455.000,Minmatar Citizen 2250648,Capsule,16115,47740,100026,0,,,,0
455.000,Gallente Citizen 1635012,Venture,34325,44645,46450,171,-0.6928,0.7022,-0.1641,0
456.000,Caldari Citizen 9942864,Capsule,228115,224720,219108,0,,,,0
456.000,Caldari Citizen 6206817,Skiff,35960,13305,57366,276,0.8473,0.0000,-0.5311,0
456.000,Minmatar Citizen 9745080,Capsule,32975,80260,60885,0,,,,0
456.000,Amarr Citizen 0220922,Capsule,13185,74400,29186,0,,,,0
456.000,Minmatar Citizen 4351238,Retriever,36425,56320,48890,61,,,,0
456.000,Caldari Citizen 3216932,Capsule,32600,50000,48644,0,,,,0
456.000,Minmatar Citizen 9076035,Porpoise,15185,59960,63994,65,0.0000,0.7256,-0.6881,0
456.000,Minmatar Citizen 6662812,Procurer,51025,38065,80972,306,0.8368,-0.0889,0.5403,0
456.000,Caldari Citizen 3891005,Orca,32360,52625,64066,998,0.5654,-0.4979,0.6576,0
456.000,Caldari Citizen 8777524,Capsule,223280,219905,223635,0,,,,0
456.000,Minmatar Citizen 0254120,Porpoise,22875,57360,73502,935,0.7911,-0.5762,0.2052,0
456.000,Amarr Citizen 2674287,Orca,32400,51540,48763,137,,,,0
456.000,Amarr Citizen 5054432,Capsule,18375,9855,-112077,0,,,,0
456.000,Amarr Citizen 4520313,Capsule,15035,59660,44617,187,0.1391,0.9788,-0.1506,0
456.000,Minmatar Citizen 9978241,Capsule,35295,53040,45000,187,,,,0
456.000,Minmatar Citizen 7162778,Covetor,14855,60855,64622,99,,,,0
456.000,Minmatar Citizen 9678938,Venture,50000,37280,78168,1363,0.7690,-0.6051,-0.2060,0
456.000,Minmatar Citizen 2250648,Capsule,16115,47740,100026,0,,,,0
456.000,Gallente Citizen 1635012,Venture,34325,45440,45673,171,,,,0
457.000,Caldari Citizen 9942864,Capsule,228115,224720,219108,0,,,,0
457.000,Caldari Citizen 6206817,Skiff,35960,13305,57366,284,0.8432,0.0000,-0.5375,0
457.000,Minmatar Citizen 9745080,Capsule,32975,80260,60885,0,,,,0
457.000,Amarr Citizen 0220922,Capsule,13185,74400,29186,0,,,,0
457.000,Minmatar Citizen 4351238,Retriever,36425,56320,48890,61,,,,0
457.000,Caldari Citizen 3216932,Capsule,32600,50000,48644,0,,,,0
457.000,Minmatar Citizen 9076035,Porpoise,15185,60725,63268,52,0.0000,0.7256,-0.6881,0
457.000,Minmatar Citizen 6662812,Procurer,52060,37955,81641,306,0.6664,-0.4427,0.6000,0
457.000,Caldari Citizen 3891005,Orca,32360,51760,64767,1011,0.6117,-0.4053,0.6794,0
457.000,Caldari Citizen 8777524,Capsule,223280,219905,223635,0,,,,0
457.000,Minmatar Citizen 0254120,Porpoise,22875,56475,74184,965,0.7697,-0.5996,0.2190,0
457.000,Amarr Citizen 2674287,Orca,32400,51540,48763,136,,,,0
457.000,Amarr Citizen 5054432,Capsule,18375,9855,-112077,0,,,,0
457.000,Amarr Citizen 4520313,Capsule,15800,60425,45035,187,-0.1392,0.9895,0.0392,0
457.000,Minmatar Citizen 9978241,Capsule,35295,53040,45000,187,,,,0
457.000,Minmatar Citizen 7162778,Covetor,14855,60855,64622,123,0.2889,-0.7836,-0.5499,0
457.000,Minmatar Citizen 9678938,Venture,52000,37160,78206,1303,0.6814,-0.6050,0.4119,0
457.000,Minmatar Citizen 2250648,Capsule,16115,47740,100026,0,,,,0
457.000,Gallente Citizen 1635012,Venture,34325,45440,45673,143,,,,0
458.000,Caldari Citizen 9942864,Capsule,228115,224720,219108,0,,,,0
458.000,Caldari Citizen 6206817,Skiff,35960,13305,57366,290,0.7022,0.4444,-0.5562,0
458.000,Minmatar Citizen 9745080,Capsule,32975,80260,60885,0,,,,0
458.000,Amarr Citizen 0220922,Capsule,13185,74400,29186,0,,,,0
458.000,Minmatar Citizen 4351238,Retriever,36425,56320,48890,61,,,,0
458.000,Caldari Citizen 3216932,Capsule,32600,50000,48644,0,,,,0
458.000,Minmatar Citizen 9076035,Porpoise,15185,60725,63268,42,0.0000,0.7256,-0.6881,0
458.000,Minmatar Citizen 6662812,Procurer,52060,37955,81641,306,0.5111,-0.6247,0.5903,0
458.000,Caldari Citizen 3891005,Orca,33255,51780,65673,1023,0.5491,-0.4208,0.7221,0
458.000,Caldari Citizen 8777524,Capsule,223280,219905,223635,0,,,,0
458.000,Minmatar Citizen 0254120,Porpoise,24080,55580,74478,982,0.8071,-0.5664,0.1664,0
458.000,Amarr Citizen 2674287,Orca,32400,51540,48763,135,,,,0
458.000,Amarr Citizen 5054432,Capsule,18375,9855,-112077,0,,,,0
458.000,Amarr Citizen 4520313,Capsule,15800,60425,45035,187,-0.4446,0.8490,0.2854,0
458.000,Minmatar Citizen 9978241,Capsule,35295,53040,45000,187,,,,0
458.000,Minmatar Citizen 7162778,Covetor,14855,60855,64622,141,0.2889,-0.7836,-0.5499,0
458.000,Minmatar Citizen 9678938,Venture,53015,37040,78876,1400,0.5163,-0.3067,0.7996,0
458.000,Minmatar Citizen 2250648,Capsule,16115,47740,100026,0,,,,0
458.000,Gallente Citizen 1635012,Venture,34325,45440,45673,135,,,,0
459.000,Caldari Citizen 9942864,Capsule,228115,224720,219108,0,,,,0
459.000,Caldari Citizen 6206817,Skiff,36825,13305,56815,295,0.5858,0.6179,-0.5244,0
459.000,Minmatar Citizen 9745080,Capsule,32975,80260,60885,0,,,,0
459.000,Amarr Citizen 0220922,Capsule,13185,74400,29186,0,,,,0
459.000,Minmatar Citizen 4351238,Retriever,36425,56320,48890,61,,,,0
459.000,Caldari Citizen 3216932,Capsule,32600,50000,48644,0,,,,0
459.000,Minmatar Citizen 9076035,Porpoise,15185,60725,63268,33,,,,0
459.000,Minmatar Citizen 6662812,Procurer,52060,37955,81641,306,0.6698,-0.4428,0.5960,0
459.000,Caldari Citizen 3891005,Orca,33255,50895,66361,1035,0.4474,-0.4340,0.7820,0
459.000,Caldari Citizen 8777524,Capsule,223280,219905,223635,0,,,,0
459.000,Minmatar Citizen 0254120,Porpoise,24080,55580,74478,908,0.8724,-0.4838,0.0699,0
459.000,Amarr Citizen 2674287,Orca,32400,51540,48763,134,,,,0
459.000,Amarr Citizen 5054432,Capsule,18375,9855,-112077,0,,,,0
459.000,Amarr Citizen 4520313,Capsule,14665,60425,45418,187,-0.3129,0.6601,0.6829,0
459.000,Minmatar Citizen 9978241,Capsule,35295,53040,45000,187,-0.7933,0.0000,0.6088,0
459.000,Minmatar Citizen 7162778,Covetor,15185,59960,63994,131,0.2889,-0.7836,-0.5499,0
459.000,Minmatar Citizen 9678938,Venture,53045,35765,80722,1560,0.3185,-0.0423,0.9470,0
459.000,Minmatar Citizen 2250648,Capsule,16115,47740,100026,0,,,,0
459.000,Gallente Citizen 1635012,Venture,34325,45440,45673,137,,,,0
460.000,Caldari Citizen 9942864,Capsule,228115,224720,219108,0,,,,0
460.000,Caldari Citizen 6206817,Skiff,36825,13305,56815,298,0.4808,0.7304,-0.4850,0
460.000,Minmatar Citizen 9745080,Capsule,32975,80260,60885,0,,,,0
460.000,Amarr Citizen 0220922,Capsule,13185,74400,29186,0,,,,0
460.000,Minmatar Citizen 4351238,Retriever,36425,56320,48890,59,,,,0
460.000,Caldari Citizen 3216932,Capsule,32600,50000,48644,0,,,,0
460.000,Minmatar Citizen 9076035,Porpoise,15185,60725,63268,34,,,,0
460.000,Minmatar Citizen 6662812,Procurer,52060,36800,82168,301,0.7817,-0.2551,0.5691,0
460.000,Caldari Citizen 3891005,Orca,34160,50905,67252,1045,0.5548,-0.4369,0.7081,0
460.000,Caldari Citizen 8777524,Capsule,223280,219905,223635,0,,,,0
460.000,Minmatar Citizen 0254120,Porpoise,25275,54675,74752,854,0.9431,-0.3220,-0.0829,0
460.000,Amarr Citizen 2674287,Orca,32400,51540,48763,133,-0.8384,0.0000,0.5450,0
460.000,Amarr Citizen 5054432,Capsule,18375,9855,-112077,0,,,,0
460.000,Amarr Citizen 4520313,Capsule,14665,60425,45418,187,-0.3089,0.6651,0.6799,0
460.000,Minmatar Citizen 9978241,Capsule,35295,53040,45000,187,-0.7933,0.0000,0.6088,0
460.000,Minmatar Citizen 7162778,Covetor,15185,59960,63994,106,0.2889,-0.7836,-0.5499,0
460.000,Minmatar Citizen 9678938,Venture,53075,35635,82032,1697,0.0200,0.0894,0.9958,0
460.000,Minmatar Citizen 2250648,Capsule,16115,47740,100026,0,,,,0
460.000,Gallente Citizen 1635012,Venture,34325,45440,45673,144,-0.8054,0.0000,0.5927,0
461.000,Caldari Citizen 9942864,Capsule,228115,224720,219108,0,,,,0
461.000,Caldari Citizen 6206817,Skiff,36825,14400,56547,301,0.3336,0.8445,-0.4190,0
461.000,Minmatar Citizen 9745080,Capsule,32975,80260,60885,0,,,,0
461.000,Amarr Citizen 0220922,Capsule,13185,74400,29186,0,,,,0
461.000,Minmatar Citizen 4351238,Retriever,36425,56320,48890,50,,,,0
461.000,Caldari Citizen 3216932,Capsule,32600,50000,48644,0,,,,0
461.000,Minmatar Citizen 9076035,Porpoise,15185,60725,63268,88,,,,0
461.000,Minmatar Citizen 6662812,Procurer,52060,36800,82168,261,0.8767,0.0692,0.4761,0
461.000,Caldari Citizen 3891005,Orca,34160,50000,67927,1055,0.6219,-0.4357,0.6507,0
461.000,Caldari Citizen 8777524,Capsule,223280,219905,223635,0,,,,0
461.000,Minmatar Citizen 0254120,Porpoise,26460,54675,74341,818,0.9615,-0.1841,-0.2039,0
461.000,Amarr Citizen 2674287,Orca,32400,51540,48763,133,-0.8384,0.0000,0.5450,0
461.000,Amarr Citizen 5054432,Capsule,18375,9855,-112077,0,,,,0
461.000,Amarr Citizen 4520313,Capsule,14665,60425,45418,187,0.2070,0.7731,0.5996,0
461.000,Minmatar Citizen 9978241,Capsule,34340,53040,45733,187,-0.6175,-0.2409,0.7488,0
461.000,Minmatar Citizen 7162778,Covetor,15185,59960,63994,39,,,,0
461.000,Minmatar Citizen 9678938,Venture,53135,36560,84119,1708,-0.1343,0.3320,0.9337,0
461.000,Minmatar Citizen 2250648,Capsule,16115,47740,100026,0,,,,0
461.000,Gallente Citizen 1635012,Venture,34325,45440,45673,148,-0.8054,0.0000,0.5927,0
462.000,Caldari Citizen 9942864,Capsule,228115,224720,219108,0,,,,0
462.000,Caldari Citizen 6206817,Skiff,36825,14400,56547,303,0.0000,0.9697,-0.2444,0
462.000,Minmatar Citizen 9745080,Capsule,32975,80260,60885,0,,,,0
462.000,Amarr Citizen 0220922,Capsule,13185,74400,29186,0,,,,0
462.000,Minmatar Citizen 4351238,Retriever,36425,56320,48890,48,,,,0
462.000,Caldari Citizen 3216932,Capsule,32600,50000,48644,0,,,,0
462.000,Minmatar Citizen 9076035,Porpoise,15185,60725,63268,78,,,,0
462.000,Minmatar Citizen 6662812,Procurer,53105,37845,82296,240,0.8437,-0.0929,0.5286,0
462.000,Caldari Citizen 3891005,Orca,35075,50000,68802,1062,0.6522,-0.4388,0.6182,0
462.000,Caldari Citizen 8777524,Capsule,223280,219905,223635,0,,,,0
462.000,Minmatar Citizen 0254120,Porpoise,27635,54675,73912,803,0.9197,-0.2233,-0.3229,0
462.000,Amarr Citizen 2674287,Orca,31415,51540,49404,133,-0.5658,0.3748,0.7345,0
462.000,Amarr Citizen 5054432,Capsule,18375,9855,-112077,0,,,,0
462.000,Amarr Citizen 4520313,Capsule,15440,61200,45828,187,0.6623,0.6623,0.3504,0
462.000,Minmatar Citizen 9978241,Capsule,34340,53040,45733,187,-0.4791,-0.3738,0.7942,0
462.000,Minmatar Citizen 7162778,Covetor,15185,59960,63994,35,,,,0
462.000,Minmatar Citizen 9678938,Venture,53165,37625,84893,1571,-0.3372,0.6369,0.6933,0
462.000,Minmatar Citizen 2250648,Capsule,16115,47740,100026,0,,,,0
462.000,Gallente Citizen 1635012,Venture,33400,45440,46353,141,-0.5187,0.3420,0.7836,0
463.000,Caldari Citizen 9942864,Capsule,228115,224720,219108,0,,,,0
463.000,Caldari Citizen 6206817,Skiff,36825,14400,56547,283,-0.2850,0.9565,-0.0626,0
463.000,Minmatar Citizen 9745080,Capsule,32975,80260,60885,0,,,,0
463.000,Amarr Citizen 0220922,Capsule,13185,74400,29186,0,,,,0
463.000,Minmatar Citizen 4351238,Retriever,36425,56320,48890,47,,,,0
463.000,Caldari Citizen 3216932,Capsule,32600,50000,48644,0,,,,0
463.000,Minmatar Citizen 9076035,Porpoise,15185,60725,63268,64,,,,0
463.000,Minmatar Citizen 6662812,Procurer,53105,37845,82296,214,0.8437,-0.0969,0.5281,0
463.000,Caldari Citizen 3891005,Orca,36140,49075,68917,1071,0.6554,-0.4447,0.6105,0
463.000,Caldari Citizen 8777524,Capsule,223280,219905,223635,0,,,,0
463.000,Minmatar Citizen 0254120,Porpoise,27635,54675,73912,793,0.8695,-0.1991,-0.4520,0
463.000,Amarr Citizen 2674287,Orca,31415,51540,49404,132,-0.1654,0.6491,0.7425,0
463.000,Amarr Citizen 5054432,Capsule,18375,9855,-112077,0,,,,0
463.000,Amarr Citizen 4520313,Capsule,15440,61200,45828,187,0.6623,0.6623,0.3504,0
463.000,Minmatar Citizen 9978241,Capsule,34340,53040,45733,187,-0.3174,-0.4952,0.8087,0
463.000,Minmatar Citizen 7162778,Covetor,15185,59960,63994,30,,,,0
463.000,Minmatar Citizen 9678938,Venture,52120,37625,85539,1212,-0.5680,0.8021,0.1846,0
463.000,Minmatar Citizen 2250648,Capsule,16115,47740,100026,0,,,,0
463.000,Gallente Citizen 1635012,Venture,33400,45440,46353,141,-0.4280,0.4189,0.8009,0
464.000,Caldari Citizen 9942864,Capsule,228115,224720,219108,0,,,,0
464.000,Caldari Citizen 6206817,Skiff,36825,14400,56547,486,-0.6308,0.7594,-0.1595,0
464.000,Minmatar Citizen 9745080,Capsule,32975,80260,60885,0,,,,0
464.000,Amarr Citizen 0220922,Capsule,13185,74400,29186,0,,,,0
464.000,Minmatar Citizen 4351238,Retriever,36425,56320,48890,49,,,,0
464.000,Caldari Citizen 3216932,Capsule,32600,50000,48644,0,,,,0
464.000,Minmatar Citizen 9076035,Porpoise,15185,60725,63268,52,,,,0
464.000,Minmatar Citizen 6662812,Procurer,53105,37845,82296,193,0.5139,-0.6319,0.5802,0
464.000,Caldari Citizen 3891005,Orca,37065,49065,69770,1079,0.6275,-0.4579,0.6298,0
464.000,Caldari Citizen 8777524,Capsule,223280,219905,223635,0,,,,0
464.000,Minmatar Citizen 0254120,Porpoise,28800,54675,73466,795,0.8274,-0.2718,-0.4915,0
464.000,Amarr Citizen 2674287,Orca,31415,51540,49404,132,0.2874,0.7714,0.5678,0
464.000,Amarr Citizen 5054432,Capsule,18375,9855,-112077,0,,,,0
464.000,Amarr Citizen 4520313,Capsule,15440,61200,45828,187,,,,0
464.000,Minmatar Citizen 9978241,Capsule,34340,52295,46583,187,0.0000,-0.6591,0.7521,0
464.000,Minmatar Citizen 7162778,Covetor,15185,59960,63994,26,,,,0
464.000,Minmatar Citizen 9678938,Venture,52120,38800,85012,976,-0.4999,0.4811,-0.7202,0
464.000,Minmatar Citizen 2250648,Capsule,16115,47740,100026,0,,,,0
464.000,Gallente Citizen 1635012,Venture,33400,45440,46353,146,-0.0757,0.6249,0.7770,0
465.000,Caldari Citizen 9942864,Capsule,228115,224720,219108,0,,,,0
465.000,Caldari Citizen 6206817,Skiff,36825,15485,56260,704,-0.7869,0.5713,-0.2332,0
465.000,Minmatar Citizen 9745080,Capsule,32975,80260,60885,0,,,,0
465.000,Amarr Citizen 0220922,Capsule,13185,74400,29186,0,,,,0
465.000,Minmatar Citizen 4351238,Retriever,36425,56320,48890,51,-0.8078,0.0000,0.5894,0
465.000,Caldari Citizen 3216932,Capsule,32600,50000,48644,0,,,,0
465.000,Minmatar Citizen 9076035,Porpoise,15185,60725,63268,42,,,,0
465.000,Minmatar Citizen 6662812,Procurer,53105,36680,82822,178,0.0000,-0.9115,0.4114,0
465.000,Caldari Citizen 3891005,Orca,37065,48120,70425,1087,0.5687,-0.4730,0.6729,0
465.000,Caldari Citizen 8777524,Capsule,223280,219905,223635,0,,,,0
465.000,Minmatar Citizen 0254120,Porpoise,29000,53720,72788,804,0.7166,-0.4243,-0.5536,0
465.000,Amarr Citizen 2674287,Orca,32200,52325,49661,131,0.6888,0.6888,0.2261,0
465.000,Amarr Citizen 5054432,Capsule,18375,9855,-112077,0,,,,0
465.000,Amarr Citizen 4520313,Capsule,15440,61200,45828,187,,,,0
465.000,Minmatar Citizen 9978241,Capsule,34340,52295,46583,187,0.0000,-0.6591,0.7521,0
465.000,Minmatar Citizen 7162778,Covetor,15185,59960,63994,23,0.0000,0.7256,-0.6881,0
465.000,Minmatar Citizen 9678938,Venture,51055,38900,84357,1030,-0.2043,-0.0561,-0.9773,0
465.000,Minmatar Citizen 2250648,Capsule,16115,47740,100026,0,,,,0
465.000,Gallente Citizen 1635012,Venture,34135,46175,46676,540,0.1318,0.7012,0.7007,0
466.000,Caldari Citizen 9942864,Capsule,228115,224720,219108,0,,,,0
466.000,Caldari Citizen 6206817,Skiff,35960,15485,56816,853,-0.8846,0.4361,-0.1651,0
466.000,Minmatar Citizen 9745080,Capsule,32975,80260,60885,0,,,,0
466.000,Amarr Citizen 0220922,Capsule,13185,74400,29186,0,,,,0
466.000,Minmatar Citizen 4351238,Retriever,36425,56320,48890,53,-0.8078,0.0000,0.5894,0
466.000,Caldari Citizen 3216932,Capsule,32600,50000,48644,0,,,,0
466.000,Minmatar Citizen 9076035,Porpoise,15185,60725,63268,33,,,,0
466.000,Minmatar Citizen 6662812,Procurer,53105,36680,82822,165,0.0000,-0.9115,0.4114,0
466.000,Caldari Citizen 3891005,Orca,38000,48100,71263,1095,0.5698,-0.4821,0.6655,0
466.000,Caldari Citizen 8777524,Capsule,223280,219905,223635,0,,,,0
466.000,Minmatar Citizen 0254120,Porpoise,30145,53720,72322,820,0.7001,-0.3027,-0.6467,0
466.000,Amarr Citizen 2674287,Orca,32200,52325,49661,131,0.6888,0.6888,0.2261,0
466.000,Amarr Citizen 5054432,Capsule,18375,9855,-112077,0,,,,0
466.000,Amarr Citizen 4520313,Capsule,15440,61200,45828,187,-0.3109,0.6780,0.6661,0
466.000,Minmatar Citizen 9978241,Capsule,34340,52295,46583,187,-0.4901,-0.3784,0.7853,0
466.000,Minmatar Citizen 7162778,Covetor,15185,59960,63994,21,0.0000,0.7256,-0.6881,0
466.000,Minmatar Citizen 9678938,Venture,51045,39000,83057,1248,0.1287,-0.2425,-0.9616,0
466.000,Minmatar Citizen 2250648,Capsule,16115,47740,100026,0,,,,0
466.000,Gallente Citizen 1635012,Venture,33200,46175,47346,873,0.2759,0.7356,0.6187,0
467.000,Caldari Citizen 9942864,Capsule,228115,224720,219108,0,,,,0
467.000,Caldari Citizen 6206817,Skiff,35275,15875,55925,998,-0.9368,0.3178,-0.1466,0
467.000,Minmatar Citizen 9745080,Capsule,32975,80260,60885,0,,,,0
467.000,Amarr Citizen 0220922,Capsule,13185,74400,29186,0,,,,0
467.000,Minmatar Citizen 4351238,Retriever,35440,56320,49609,55,-0.8078,0.0000,0.5894,0
467.000,Caldari Citizen 3216932,Capsule,32600,50000,48644,0,,,,0
467.000,Minmatar Citizen 9076035,Porpoise,15185,60725,63268,26,,,,0
467.000,Minmatar Citizen 6662812,Procurer,53105,36680,82822,143,,,,0
467.000,Caldari Citizen 3891005,Orca,38000,47135,71905,1102,0.6349,-0.4791,0.6061,0
467.000,Caldari Citizen 8777524,Capsule,223280,219905,223635,0,,,,0
467.000,Minmatar Citizen 0254120,Porpoise,30145,53720,72322,840,0.6073,-0.3036,-0.7342,0
467.000,Amarr Citizen 2674287,Orca,32200,52325,49661,131,,,,0
467.000,Amarr Citizen 5054432,Capsule,18375,9855,-112077,0,,,,0
467.000,Amarr Citizen 4520313,Capsule,15440,61200,45828,187,-0.3109,0.6780,0.6661,0
467.000,Minmatar Citizen 9978241,Capsule,34340,52295,46583,187,-0.8110,0.0000,0.5851,0
467.000,Minmatar Citizen 7162778,Covetor,15185,60725,63268,21,0.0000,0.7256,-0.6881,0
467.000,Minmatar Citizen 9678938,Venture,52060,37955,81641,1459,0.4461,-0.3881,-0.8064,0
467.000,Minmatar Citizen 2250648,Capsule,16115,47740,100026,0,,,,0
467.000,Gallente Citizen 1635012,Venture,33945,46920,47658,1090,0.2828,0.6631,0.6931,0
468.000,Caldari Citizen 9942864,Capsule,228115,224720,219108,0,,,,0
468.000,Caldari Citizen 6206817,Skiff,33725,16265,55561,1131,-0.9735,0.1369,-0.1833,0
468.000,Minmatar Citizen 9745080,Capsule,32975,80260,60885,0,,,,0
468.000,Amarr Citizen 0220922,Capsule,13185,74400,29186,0,,,,0
468.000,Minmatar Citizen 4351238,Retriever,35440,56320,49609,50,-0.8078,0.0000,0.5894,0
468.000,Caldari Citizen 3216932,Capsule,32600,50000,48644,0,,,,0
468.000,Minmatar Citizen 9076035,Porpoise,15185,60725,63268,21,,,,0
468.000,Minmatar Citizen 6662812,Procurer,53105,36680,82822,124,,,,0
468.000,Caldari Citizen 3891005,Orca,38945,47105,72728,1108,0.6639,-0.4811,0.5725,0
468.000,Caldari Citizen 8777524,Capsule,223280,219905,223635,0,,,,0
468.000,Minmatar Citizen 0254120,Porpoise,30335,52775,71628,861,0.5878,-0.2363,-0.7737,0
468.000,Amarr Citizen 2674287,Orca,32200,52325,49661,130,,,,0
468.000,Amarr Citizen 5054432,Capsule,18375,9855,-112077,0,,,,0
468.000,Amarr Citizen 4520313,Capsule,15080,61985,46599,187,-0.3109,0.6780,0.6661,0
468.000,Minmatar Citizen 9978241,Capsule,34340,52295,46583,187,-0.8110,0.0000,0.5851,0
468.000,Minmatar Citizen 7162778,Covetor,15185,60725,63268,48,0.0000,0.7256,-0.6881,0
468.000,Minmatar Citizen 9678938,Venture,52040,36920,80856,1568,0.7091,-0.5211,-0.4750,0
468.000,Minmatar Citizen 2250648,Capsule,16115,47740,100026,0,,,,0
468.000,Gallente Citizen 1635012,Venture,33755,47675,48618,1315,0.3788,0.5791,0.7219,0
469.000,Caldari Citizen 9942864,Capsule,228115,224720,219108,0,,,,0
469.000,Caldari Citizen 6206817,Skiff,32840,16265,56089,1248,-0.9641,0.1007,-0.2457,0
469.000,Minmatar Citizen 9745080,Capsule,32975,80260,60885,0,,,,0
469.000,Amarr Citizen 0220922,Capsule,13185,74400,29186,0,,,,0
469.000,Minmatar Citizen 4351238,Retriever,35440,56320,49609,49,,,,0
469.000,Caldari Citizen 3216932,Capsule,32600,50000,48644,0,,,,0
469.000,Minmatar Citizen 9076035,Porpoise,15185,60725,63268,17,,,,0
469.000,Minmatar Citizen 6662812,Procurer,53105,36680,82822,110,0.7050,0.7050,0.0779,0
469.000,Caldari Citizen 3891005,Orca,40000,46120,72787,1114,0.6122,-0.5427,0.5751,0
469.000,Caldari Citizen 8777524,Capsule,223280,219905,223635,0,,,,0
469.000,Minmatar Citizen 0254120,Porpoise,31460,53680,70461,884,0.4303,-0.2306,-0.8727,0
469.000,Amarr Citizen 2674287,Orca,32200,52325,49661,130,,,,0
469.000,Amarr Citizen 5054432,Capsule,18375,9855,-112077,0,,,,0
469.000,Amarr Citizen 4520313,Capsule,15080,61985,46599,187,-0.3109,0.6780,0.6661,0
469.000,Minmatar Citizen 9978241,Capsule,33375,52295,47279,187,-0.5373,0.3684,0.7587,0
469.000,Minmatar Citizen 7162778,Covetor,15185,60725,63268,78,,,,0
469.000,Minmatar Citizen 9678938,Venture,53045,36920,80201,1576,0.8389,-0.5427,-0.0412,0
469.000,Minmatar Citizen 2250648,Capsule,16115,47740,100026,0,,,,0
469.000,Gallente Citizen 1635012,Venture,35295,49215,49154,1520,0.5289,0.5104,0.6780,0
470.000,Caldari Citizen 9942864,Capsule,228115,224720,219108,0,,,,0
470.000,Caldari Citizen 6206817,Skiff,31280,16655,55679,1352,-0.9694,0.0775,-0.2331,0
470.000,Minmatar Citizen 9745080,Capsule,32975,80260,60885,0,,,,0
470.000,Amarr Citizen 0220922,Capsule,13185,74400,29186,0,,,,0
470.000,Minmatar Citizen 4351238,Retriever,35440,56320,49609,50,,,,0
470.000,Caldari Citizen 3216932,Capsule,32600,50000,48644,0,,,,0
470.000,Minmatar Citizen 9076035,Porpoise,15185,60725,63268,15,,,,0
470.000,Minmatar Citizen 6662812,Procurer,53105,36680,82822,98,0.8686,0.3849,0.3120,0
470.000,Caldari Citizen 3891005,Orca,40955,46080,73589,1119,0.6303,-0.4916,0.6009,0
470.000,Caldari Citizen 8777524,Capsule,223280,219905,223635,0,,,,0
470.000,Minmatar Citizen 0254120,Porpoise,31640,52745,69756,907,0.4772,-0.1695,-0.8623,0
470.000,Amarr Citizen 2674287,Orca,32200,52325,49661,130,-0.8444,0.0000,0.5357,0
470.000,Amarr Citizen 5054432,Capsule,18375,9855,-112077,0,,,,0
470.000,Amarr Citizen 4520313,Capsule,15080,61985,46599,187,0.2174,0.7898,0.5736,0
470.000,Minmatar Citizen 9978241,Capsule,33375,52295,47279,187,-0.1472,0.6418,0.7526,0
470.000,Minmatar Citizen 7162778,Covetor,15185,60725,63268,101,,,,0
470.000,Minmatar Citizen 9678938,Venture,55075,36800,80178,1489,0.7932,-0.4376,0.4235,0
470.000,Minmatar Citizen 2250648,Capsule,16115,47740,100026,0,,,,0
470.000,Gallente Citizen 1635012,Venture,35125,49205,50854,1695,0.5424,0.4448,0.7127,0
471.000,Caldari Citizen 9942864,Capsule,228115,224720,219108,0,,,,0
471.000,Caldari Citizen 6206817,Skiff,30625,16000,55056,1431,-0.9718,0.0687,-0.2258,0
471.000,Minmatar Citizen 9745080,Capsule,32975,80260,60885,0,,,,0
471.000,Amarr Citizen 0220922,Capsule,13185,74400,29186,0,,,,0
471.000,Minmatar Citizen 4351238,Retriever,35440,56320,49609,52,,,,0
471.000,Caldari Citizen 3216932,Capsule,32600,50000,48644,0,,,,0
471.000,Minmatar Citizen 9076035,Porpoise,15185,60725,63268,72,,,,0
471.000,Minmatar Citizen 6662812,Procurer,54160,37735,82938,90,0.8836,0.0635,0.4638,0
471.000,Caldari Citizen 3891005,Orca,40955,45075,74209,1124,0.5394,-0.5528,0.6352,0
471.000,Caldari Citizen 8777524,Capsule,223280,219905,223635,0,,,,0
471.000,Minmatar Citizen 0254120,Porpoise,31640,52745,69756,927,0.5435,0.0199,-0.8391,0
471.000,Amarr Citizen 2674287,Orca,32200,52325,49661,130,-0.8444,0.0000,0.5357,0
471.000,Amarr Citizen 5054432,Capsule,18375,9855,-112077,0,,,,0
471.000,Amarr Citizen 4520313,Capsule,15080,61985,46599,187,0.6706,0.6706,0.3173,0
471.000,Minmatar Citizen 9978241,Capsule,33375,52295,47279,187,0.2973,0.7715,0.5626,0
471.000,Minmatar Citizen 7162778,Covetor,15185,60725,63268,97,,,,0
471.000,Minmatar Citizen 9678938,Venture,55125,35505,82010,1382,0.5765,-0.2204,0.7869,0
471.000,Minmatar Citizen 2250648,Capsule,16115,47740,100026,0,,,,0
471.000,Gallente Citizen 1635012,Venture,36725,50000,52080,1826,0.5861,0.3719,0.7198,0
472.000,Caldari Citizen 9942864,Capsule,228115,224720,219108,0,,,,0
472.000,Caldari Citizen 6206817,Skiff,29075,16400,54605,1508,-0.9630,0.1046,-0.2485,0
472.000,Minmatar Citizen 9745080,Capsule,32975,80260,60885,0,,,,0
472.000,Amarr Citizen 0220922,Capsule,13185,74400,29186,0,,,,0
472.000,Minmatar Citizen 4351238,Retriever,35440,56320,49609,54,,,,0
472.000,Caldari Citizen 3216932,Capsule,32600,50000,48644,0,,,,0
472.000,Minmatar Citizen 9076035,Porpoise,15185,60725,63268,68,,,,0
472.000,Minmatar Citizen 6662812,Procurer,54160,37735,82938,83,0.7873,-0.2649,0.5568,0
472.000,Caldari Citizen 3891005,Orca,41920,44000,75602,1129,0.4666,-0.5526,0.6906,0
472.000,Caldari Citizen 8777524,Capsule,223280,219905,223635,0,,,,0
472.000,Minmatar Citizen 0254120,Porpoise,31820,52715,68357,949,0.5384,-0.0498,-0.8412,0
472.000,Amarr Citizen 2674287,Orca,31205,52325,50293,130,-0.8444,0.0000,0.5357,0
472.000,Amarr Citizen 5054432,Capsule,18375,9855,-112077,0,,,,0
472.000,Amarr Citizen 4520313,Capsule,15080,61985,46599,187,0.6706,0.6706,0.3173,0
472.000,Minmatar Citizen 9978241,Capsule,34160,53080,47504,187,0.7192,0.3734,0.5860,0
472.000,Minmatar Citizen 7162778,Covetor,15185,60725,63268,117,,,,0
472.000,Minmatar Citizen 9678938,Venture,56180,35375,82634,1340,0.1677,-0.0993,0.9808,0
472.000,Minmatar Citizen 2250648,Capsule,16115,47740,100026,0,,,,0
472.000,Gallente Citizen 1635012,Venture,38365,50825,53235,1949,0.5427,0.3549,0.7613,0
473.000,Caldari Citizen 9942864,Capsule,228115,224720,219108,0,,,,0
473.000,Caldari Citizen 6206817,Skiff,27525,16800,54121,1529,-0.9719,0.1910,-0.1378,0
473.000,Minmatar Citizen 9745080,Capsule,32975,80260,60885,0,,,,0
473.000,Amarr Citizen 0220922,Capsule,13185,74400,29186,0,,,,0
473.000,Minmatar Citizen 4351238,Retriever,35440,56320,49609,120,0.4313,0.8161,-0.3847,0
473.000,Caldari Citizen 3216932,Capsule,32600,50000,48644,0,,,,0
473.000,Minmatar Citizen 9076035,Porpoise,15185,60725,63268,56,,,,0
473.000,Minmatar Citizen 6662812,Procurer,54160,36560,83463,78,0.5179,-0.6358,0.5723,0
473.000,Caldari Citizen 3891005,Orca,42895,43940,76376,1021,0.4849,-0.5418,0.6866,0
473.000,Caldari Citizen 8777524,Capsule,223280,219905,223635,0,,,,0
473.000,Minmatar Citizen 0254120,Porpoise,32915,52715,67836,970,0.5315,0.1154,-0.8392,0
473.000,Amarr Citizen 2674287,Orca,31205,52325,50293,129,-0.8444,0.0000,0.5357,0
473.000,Amarr Citizen 5054432,Capsule,18375,9855,-112077,0,,,,0
473.000,Amarr Citizen 4520313,Capsule,15875,62780,46975,187,0.6706,0.6706,0.3173,0
473.000,Minmatar Citizen 9978241,Capsule,34160,53080,47504,187,0.5969,0.0228,0.8020,0
473.000,Minmatar Citizen 7162778,Covetor,15185,60725,63268,138,,,,0
473.000,Minmatar Citizen 9678938,Venture,56240,35245,83928,1371,-0.2739,0.1555,0.9491,0
473.000,Minmatar Citizen 2250648,Capsule,16115,47740,100026,0,,,,0
473.000,Gallente Citizen 1635012,Venture,39080,51680,55018,2048,0.5607,0.3702,0.7406,0
474.000,Caldari Citizen 9942864,Capsule,228115,224720,219108,0,,,,0
474.000,Caldari Citizen 6206817,Skiff,26600,16800,54582,1558,-0.9586,0.2733,-0.0807,0
474.000,Minmatar Citizen 9745080,Capsule,32975,80260,60885,0,,,,0
474.000,Amarr Citizen 0220922,Capsule,13185,74400,29186,0,,,,0
474.000,Minmatar Citizen 4351238,Retriever,35440,56320,49609,179,0.1462,0.9706,-0.1910,0
474.000,Caldari Citizen 3216932,Capsule,32600,50000,48644,0,,,,0
474.000,Minmatar Citizen 9076035,Porpoise,15185,60725,63268,46,,,,0
474.000,Minmatar Citizen 6662812,Procurer,54160,36560,83463,74,0.0000,-0.9131,0.4077,0
474.000,Caldari Citizen 3891005,Orca,42895,42895,76968,927,0.5048,-0.5304,0.6811,0
474.000,Caldari Citizen 8777524,Capsule,223280,219905,223635,0,,,,0
474.000,Minmatar Citizen 0254120,Porpoise,34000,53600,66596,989,0.4617,0.1317,-0.8772,0
474.000,Amarr Citizen 2674287,Orca,31205,52325,50293,129,,,,0
474.000,Amarr Citizen 5054432,Capsule,18375,9855,-112077,0,,,,0
474.000,Amarr Citizen 4520313,Capsule,15875,62780,46975,187,0.1018,0.7936,0.5999,0
474.000,Minmatar Citizen 9978241,Capsule,34160,53080,47504,187,0.3623,-0.3346,0.8700,0
474.000,Minmatar Citizen 7162778,Covetor,15185,60725,63268,154,0.9701,0.0000,-0.2427,0
474.000,Minmatar Citizen 9678938,Venture,55275,36320,85379,1417,-0.5941,0.4098,0.6922,0
474.000,Minmatar Citizen 2250648,Capsule,16115,47740,100026,0,,,,0
474.000,Gallente Citizen 1635012,Venture,39935,51700,55931,1385,0.5031,0.3542,0.7883,0
475.000,Caldari Citizen 9942864,Capsule,228115,224720,219108,0,,,,0
475.000,Caldari Citizen 6206817,Skiff,25040,17200,54048,1595,-0.9402,0.3365,-0.0523,0
475.000,Minmatar Citizen 9745080,Capsule,32975,80260,60885,0,,,,0
475.000,Amarr Citizen 0220922,Capsule,13185,74400,29186,0,,,,0
475.000,Minmatar Citizen 4351238,Retriever,35440,56320,49609,234,0.0037,0.9960,-0.0897,0
475.000,Caldari Citizen 3216932,Capsule,32600,50000,48644,0,,,,0
475.000,Minmatar Citizen 9076035,Porpoise,15185,60725,63268,37,,,,0
475.000,Minmatar Citizen 6662812,Procurer,54160,36560,83463,70,,,,0
475.000,Caldari Citizen 3891005,Orca,42895,42895,76968,841,0.6051,-0.4180,0.6775,0
475.000,Caldari Citizen 8777524,Capsule,223280,219905,223635,0,,,,0
475.000,Minmatar Citizen 0254120,Porpoise,34160,52685,65866,1007,0.4683,0.1369,-0.8729,0
475.000,Amarr Citizen 2674287,Orca,31205,52325,50293,129,,,,0
475.000,Amarr Citizen 5054432,Capsule,18375,9855,-112077,0,,,,0
475.000,Amarr Citizen 4520313,Capsule,15875,62780,46975,187,-0.6624,0.4660,0.5865,0
475.000,Minmatar Citizen 9978241,Capsule,34160,52325,48334,187,-0.3309,-0.5124,0.7925,0
475.000,Minmatar Citizen 7162778,Covetor,15185,60725,63268,170,0.9701,0.0000,-0.2427,0
475.000,Minmatar Citizen 9678938,Venture,54240,36320,86040,1451,-0.8053,0.5181,0.2881,0
475.000,Minmatar Citizen 2250648,Capsule,16115,47740,100026,0,,,,0
475.000,Gallente Citizen 1635012,Venture,39825,52565,56744,926,0.3953,0.3946,0.8295,0
476.000,Caldari Citizen 9942864,Capsule,228115,224720,219108,0,,,,0
476.000,Caldari Citizen 6206817,Skiff,23140,18215,54560,1633,-0.9346,0.3508,-0.0589,0
476.000,Minmatar Citizen 9745080,Capsule,32975,80260,60885,0,,,,0
476.000,Amarr Citizen 0220922,Capsule,13185,74400,29186,0,,,,0
476.000,Minmatar Citizen 4351238,Retriever,36275,57900,48864,284,0.1300,0.9914,0.0144,0
476.000,Caldari Citizen 3216932,Capsule,32600,50000,48644,0,,,,0
476.000,Minmatar Citizen 9076035,Porpoise,15185,60725,63268,29,,,,0
476.000,Minmatar Citizen 6662812,Procurer,54160,36560,83463,68,,,,0
476.000,Caldari Citizen 3891005,Orca,43880,42825,77728,765,0.5914,-0.4452,0.6723,0
476.000,Caldari Citizen 8777524,Capsule,223280,219905,223635,0,,,,0
476.000,Minmatar Citizen 0254120,Porpoise,34160,53560,65157,1024,0.3595,0.0994,-0.9278,0
476.000,Amarr Citizen 2674287,Orca,31205,52325,50293,129,,,,0
476.000,Amarr Citizen 5054432,Capsule,18375,9855,-112077,0,,,,0
476.000,Amarr Citizen 4520313,Capsule,15875,62780,46975,187,-0.7379,0.3947,0.5475,0
476.000,Minmatar Citizen 9978241,Capsule,34160,52325,48334,187,-0.5011,-0.3881,0.7735,0
476.000,Minmatar Citizen 7162778,Covetor,16400,60725,62964,184,0.9701,0.0000,-0.2427,0
476.000,Minmatar Citizen 9678938,Venture,53195,37515,86180,1425,-0.8333,0.5160,-0.1983,0
476.000,Minmatar Citizen 2250648,Capsule,16115,47740,100026,0,,,,0
476.000,Gallente Citizen 1635012,Venture,40700,52595,57631,612,0.3451,0.4586,0.8189,0
477.000,Caldari Citizen 9942864,Capsule,228115,224720,219108,0,,,,0
477.000,Caldari Citizen 6206817,Skiff,21560,18605,53945,1669,-0.9161,0.3912,-0.0883,0
477.000,Minmatar Citizen 9745080,Capsule,32975,80260,60885,0,,,,0
477.000,Amarr Citizen 0220922,Capsule,13185,74400,29186,0,,,,0
477.000,Minmatar Citizen 4351238,Retriever,35280,57900,49587,325,0.1957,0.9765,0.0905,0
477.000,Caldari Citizen 3216932,Capsule,32600,50000,48644,0,,,,0
477.000,Minmatar Citizen 9076035,Porpoise,15185,60725,63268,24,,,,0
477.000,Minmatar Citizen 6662812,Procurer,54160,36560,83463,66,,,,0
477.000,Caldari Citizen 3891005,Orca,43880,41760,78305,677,0.7559,-0.1701,0.6323,0
477.000,Caldari Citizen 8777524,Capsule,223280,219905,223635,0,,,,0
477.000,Minmatar Citizen 0254120,Porpoise,34320,53520,63700,1040,0.2924,0.1278,-0.9477,0
477.000,Amarr Citizen 2674287,Orca,31205,52325,50293,129,,,,0
477.000,Amarr Citizen 5054432,Capsule,18375,9855,-112077,0,,,,0
477.000,Amarr Citizen 4520313,Capsule,14720,62780,47350,187,-0.4519,0.6261,0.6354,0
477.000,Minmatar Citizen 9978241,Capsule,34160,52325,48334,187,-0.6456,-0.2500,0.7216,0
477.000,Minmatar Citizen 7162778,Covetor,16400,60725,62964,196,0.9701,0.0000,-0.2427,0
477.000,Minmatar Citizen 9678938,Venture,52120,37625,85539,1353,-0.6019,0.3490,-0.7183,0
477.000,Minmatar Citizen 2250648,Capsule,16115,47740,100026,0,,,,0
477.000,Gallente Citizen 1635012,Venture,40700,52595,57631,386,0.2371,0.5545,0.7977,0
478.000,Caldari Citizen 9942864,Capsule,228115,224720,219108,0,,,,0
478.000,Caldari Citizen 6206817,Skiff,20585,19600,53973,1703,-0.9084,0.4141,-0.0581,0
478.000,Minmatar Citizen 9745080,Capsule,32975,80260,60885,0,,,,0
478.000,Amarr Citizen 0220922,Capsule,13185,74400,29186,0,,,,0
478.000,Minmatar Citizen 4351238,Retriever,35280,57900,49587,367,-0.0389,0.9207,0.3883,0
478.000,Caldari Citizen 3216932,Capsule,32600,50000,48644,0,,,,0
478.000,Minmatar Citizen 9076035,Porpoise,15185,60725,63268,19,,,,0
478.000,Minmatar Citizen 6662812,Procurer,54160,36560,83463,64,,,,0
478.000,Caldari Citizen 3891005,Orca,44875,42755,78474,597,0.7348,-0.2236,0.6403,0
478.000,Caldari Citizen 8777524,Capsule,223280,219905,223635,0,,,,0
478.000,Minmatar Citizen 0254120,Porpoise,35375,53520,63121,1055,0.2662,0.1965,-0.9437,0
478.000,Amarr Citizen 2674287,Orca,31205,52325,50293,129,-0.8549,0.0000,0.5188,0
478.000,Amarr Citizen 5054432,Capsule,18375,9855,-112077,0,,,,0
478.000,Amarr Citizen 4520313,Capsule,14720,62780,47350,187,-0.1479,0.7557,0.6380,0
478.000,Minmatar Citizen 9978241,Capsule,33185,52325,49009,187,-0.8224,0.0000,0.5689,0
478.000,Minmatar Citizen 7162778,Covetor,16400,60725,62964,206,0.9677,0.0000,-0.2520,0
478.000,Minmatar Citizen 9678938,Venture,51055,38900,84357,1299,-0.2231,0.0976,-0.9699,0
478.000,Minmatar Citizen 2250648,Capsule,16115,47740,100026,0,,,,0
478.000,Gallente Citizen 1635012,Venture,40600,53480,58417,238,0.2108,0.8260,0.5228,0
479.000,Caldari Citizen 9942864,Capsule,228115,224720,219108,0,,,,0
479.000,Caldari Citizen 6206817,Skiff,18000,19980,53636,1733,-0.9114,0.3977,-0.1060,0
479.000,Minmatar Citizen 9745080,Capsule,32975,80260,60885,0,,,,0
479.000,Amarr Citizen 0220922,Capsule,13185,74400,29186,0,,,,0
479.000,Minmatar Citizen 4351238,Retriever,36125,58745,49689,402,-0.0371,0.7548,0.6549,0
479.000,Caldari Citizen 3216932,Capsule,32600,50000,48644,0,,,,0
479.000,Minmatar Citizen 9076035,Porpoise,15185,60725,63268,16,,,,0
479.000,Minmatar Citizen 6662812,Procurer,54160,36560,83463,63,,,,0
479.000,Caldari Citizen 3891005,Orca,44875,41680,79051,527,0.7181,-0.2652,0.6434,0
479.000,Caldari Citizen 8777524,Capsule,223280,219905,223635,0,,,,0
479.000,Minmatar Citizen 0254120,Porpoise,35525,53480,61635,1067,0.3256,0.1386,-0.9353,0
479.000,Amarr Citizen 2674287,Orca,31205,52325,50293,129,-0.8549,0.0000,0.5188,0
479.000,Amarr Citizen 5054432,Capsule,18375,9855,-112077,0,,,,0
479.000,Amarr Citizen 4520313,Capsule,15525,63585,47717,187,0.2267,0.8020,0.5527,0
479.000,Minmatar Citizen 9978241,Capsule,33185,52325,49009,187,-0.8224,0.0000,0.5689,0
479.000,Minmatar Citizen 7162778,Covetor,16400,60725,62964,215,0.9653,0.0000,-0.2613,0
479.000,Minmatar Citizen 9678938,Venture,52080,37845,82948,1305,0.2057,-0.3042,-0.9301,0
479.000,Minmatar Citizen 2250648,Capsule,16115,47740,100026,0,,,,0
479.000,Gallente Citizen 1635012,Venture,40600,53480,58417,196,-0.0577,0.9983,0.0008,0
480.000,Caldari Citizen 9942864,Capsule,228115,224720,219108,0,,,,0
480.000,Caldari Citizen 6206817,Skiff,16995,20955,53592,1759,-0.9016,0.4202,-0.1024,0
480.000,Minmatar Citizen 9745080,Capsule,32975,80260,60885,0,,,,0
480.000,Amarr Citizen 0220922,Capsule,13185,74400,29186,0,,,,0
480.000,Minmatar Citizen 4351238,Retriever,36125,58745,49689,440,-0.0510,0.7545,0.6543,0
480.000,Caldari Citizen 3216932,Capsule,32600,50000,48644,0,,,,0
480.000,Minmatar Citizen 9076035,Porpoise,15185,60725,63268,14,,,,0
480.000,Minmatar Citizen 6662812,Procurer,54160,36560,83463,62,,,,0
480.000,Caldari Citizen 3891005,Orca,45880,42685,79209,467,0.8260,0.0120,0.5635,0
480.000,Caldari Citizen 8777524,Capsule,223280,219905,223635,0,,,,0
480.000,Minmatar Citizen 0254120,Porpoise,35525,54325,60891,1079,0.2451,0.1481,-0.9581,0
480.000,Amarr Citizen 2674287,Orca,30200,52325,50902,129,-0.8549,0.0000,0.5188,0
480.000,Amarr Citizen 5054432,Capsule,18375,9855,-112077,0,,,,0
480.000,Amarr Citizen 4520313,Capsule,15525,63585,47717,187,0.6729,0.6729,0.3071,0
480.000,Minmatar Citizen 9978241,Capsule,33185,52325,49009,187,,,,0
480.000,Minmatar Citizen 7162778,Covetor,16400,60725,62964,223,0.7574,-0.4396,-0.4828,0
480.000,Minmatar Citizen 9678938,Venture,52060,37955,81641,1364,0.4580,-0.6048,-0.6515,0
480.000,Minmatar Citizen 2250648,Capsule,16115,47740,100026,0,,,,0
480.000,Gallente Citizen 1635012,Venture,40600,53480,58417,220,-0.3911,0.9197,-0.0341,0
481.000,Caldari Citizen 9942864,Capsule,228115,224720,219108,0,,,,0
481.000,Caldari Citizen 6206817,Skiff,14955,21920,53813,1761,-0.9127,0.3950,-0.1048,0
481.000,Minmatar Citizen 9745080,Capsule,32975,80260,60885,0,,,,0
481.000,Amarr Citizen 0220922,Capsule,13185,74400,29186,0,,,,0
481.000,Minmatar Citizen 4351238,Retriever,35120,58745,50404,471,-0.0621,0.7537,0.6542,0
481.000,Caldari Citizen 3216932,Capsule,32600,50000,48644,0,,,,0
481.000,Minmatar Citizen 9076035,Porpoise,15185,60725,63268,13,,,,0
481.000,Minmatar Citizen 6662812,Procurer,54160,36560,83463,61,,,,0
481.000,Caldari Citizen 3891005,Orca,45880,41600,79784,414,0.7497,-0.2167,0.6253,0
481.000,Caldari Citizen 8777524,Capsule,223280,219905,223635,0,,,,0
481.000,Minmatar Citizen 0254120,Porpoise,35675,54275,59376,1088,0.1985,0.1931,-0.9609,0
481.000,Amarr Citizen 2674287,Orca,30200,52325,50902,129,-0.8549,0.0000,0.5188,0
481.000,Amarr Citizen 5054432,Capsule,18375,9855,-112077,0,,,,0
481.000,Amarr Citizen 4520313,Capsule,15525,63585,47717,187,0.6755,0.6755,0.2957,0
481.000,Minmatar Citizen 9978241,Capsule,33185,52325,49009,187,,,,0
481.000,Minmatar Citizen 7162778,Covetor,17605,60725,62638,229,0.4430,-0.6989,-0.5615,0
481.000,Minmatar Citizen 9678938,Venture,53075,36800,81516,1441,0.7124,-0.6548,-0.2524,0
481.000,Minmatar Citizen 2250648,Capsule,16115,47740,100026,0,,,,0
481.000,Gallente Citizen 1635012,Venture,40600,54325,57632,265,-0.9352,0.2960,-0.1943,0
482.000,Caldari Citizen 9942864,Capsule,228115,224720,219108,0,,,,0
482.000,Caldari Citizen 6206817,Skiff,13325,22280,52982,1766,-0.8941,0.4356,-0.1037,0
482.000,Minmatar Citizen 9745080,Capsule,32975,80260,60885,0,,,,0
482.000,Amarr Citizen 0220922,Capsule,13185,74400,29186,0,,,,0
482.000,Minmatar Citizen 4351238,Retriever,35975,59600,50494,509,-0.1278,0.7280,0.6735,0
482.000,Caldari Citizen 3216932,Capsule,32600,50000,48644,0,,,,0
482.000,Minmatar Citizen 9076035,Porpoise,15185,60725,63268,14,,,,0
482.000,Minmatar Citizen 6662812,Procurer,54160,36560,83463,58,,,,0
482.000,Caldari Citizen 3891005,Orca,45880,41600,79784,356,0.7793,-0.1536,0.6075,0
482.000,Caldari Citizen 8777524,Capsule,223280,219905,223635,0,,,,0
482.000,Minmatar Citizen 0254120,Porpoise,36700,54275,58748,1095,0.1385,0.1972,-0.9705,0
482.000,Amarr Citizen 2674287,Orca,30200,52325,50902,129,,,,0
482.000,Amarr Citizen 5054432,Capsule,18375,9855,-112077,0,,,,0
482.000,Amarr Citizen 4520313,Capsule,15525,63585,47717,187,0.1159,0.8140,0.5692,0
482.000,Minmatar Citizen 9978241,Capsule,33185,52325,49009,187,,,,0
482.000,Minmatar Citizen 7162778,Covetor,17605,60725,62638,235,0.1113,-0.8263,-0.5521,0
482.000,Minmatar Citizen 9678938,Venture,54080,35635,81373,1498,0.8019,-0.5647,0.1951,0
482.000,Minmatar Citizen 2250648,Capsule,16115,47740,100026,0,,,,0
482.000,Gallente Citizen 1635012,Venture,40600,54325,57632,307,-0.9472,0.2100,-0.2421,0
483.000,Caldari Citizen 9942864,Capsule,228115,224720,219108,0,,,,0
483.000,Caldari Citizen 6206817,Skiff,12280,23225,52828,1455,-0.9321,0.3331,-0.1425,0
483.000,Minmatar Citizen 9745080,Capsule,32975,80260,60885,0,,,,0
483.000,Amarr Citizen 0220922,Capsule,13185,74400,29186,0,,,,0
483.000,Minmatar Citizen 4351238,Retriever,34960,59600,51202,541,-0.0058,0.7830,0.6219,0
483.000,Caldari Citizen 3216932,Capsule,32600,50000,48644,0,,,,0
483.000,Minmatar Citizen 9076035,Porpoise,15185,60725,63268,14,,,,0
483.000,Minmatar Citizen 6662812,Procurer,54160,36560,83463,57,,,,0
483.000,Caldari Citizen 3891005,Orca,46895,42615,79930,260,0.6506,-0.3990,0.6462,0
483.000,Caldari Citizen 8777524,Capsule,223280,219905,223635,0,,,,0
483.000,Minmatar Citizen 0254120,Porpoise,35825,54225,57838,1101,0.1604,0.2050,-0.9655,0
483.000,Amarr Citizen 2674287,Orca,30200,52325,50902,129,,,,0
483.000,Amarr Citizen 5054432,Capsule,18375,9855,-112077,0,,,,0
483.000,Amarr Citizen 4520313,Capsule,15525,63585,47717,187,-0.1471,0.7693,0.6218,0
483.000,Minmatar Citizen 9978241,Capsule,33185,52325,49009,187,-0.5157,-0.4005,0.7574,0
483.000,Minmatar Citizen 7162778,Covetor,16720,59840,62319,239,0.2759,-0.7751,-0.5685,0
483.000,Minmatar Citizen 9678938,Venture,54080,34460,81877,1498,0.7166,-0.4029,0.5693,0
483.000,Minmatar Citizen 2250648,Capsule,16115,47740,100026,0,,,,0
483.000,Gallente Citizen 1635012,Venture,39605,54325,58320,343,-0.9646,0.1197,-0.2350,0
484.000,Caldari Citizen 9942864,Capsule,228115,224720,219108,0,,,,0
484.000,Caldari Citizen 6206817,Skiff,11225,23225,53062,1207,-0.9348,0.3062,-0.1800,0
484.000,Minmatar Citizen 9745080,Capsule,32975,80260,60885,0,,,,0
484.000,Amarr Citizen 0220922,Capsule,13185,74400,29186,0,,,,0
484.000,Minmatar Citizen 4351238,Retriever,35825,60465,51279,581,0.1312,0.8244,0.5506,0
484.000,Caldari Citizen 3216932,Capsule,32600,50000,48644,0,,,,0
484.000,Minmatar Citizen 9076035,Porpoise,15185,60725,63268,15,,,,0
484.000,Minmatar Citizen 6662812,Procurer,54160,36560,83463,57,,,,0
484.000,Caldari Citizen 3891005,Orca,46895,41520,80504,187,0.7529,-0.2218,0.6196,0
484.000,Caldari Citizen 8777524,Capsule,223280,219905,223635,0,,,,0
484.000,Minmatar Citizen 0254120,Porpoise,36840,55040,56413,1102,0.1570,0.2802,-0.9470,0
484.000,Amarr Citizen 2674287,Orca,30200,52325,50902,129,,,,0
484.000,Amarr Citizen 5054432,Capsule,18375,9855,-112077,0,,,,0
484.000,Amarr Citizen 4520313,Capsule,16340,64400,48059,187,-0.3060,0.7126,0.6314,0
484.000,Minmatar Citizen 9978241,Capsule,33185,52325,49009,187,-0.5157,-0.4005,0.7574,0
484.000,Minmatar Citizen 7162778,Covetor,16720,59840,62319,243,0.2714,-0.7747,-0.5711,0
484.000,Minmatar Citizen 9678938,Venture,56180,35375,82634,1457,0.4675,-0.0720,0.8811,0
484.000,Minmatar Citizen 2250648,Capsule,16115,47740,100026,0,,,,0
484.000,Gallente Citizen 1635012,Venture,38720,53440,58214,370,-0.9619,-0.2179,-0.1653,0
485.000,Caldari Citizen 9942864,Capsule,228115,224720,219108,0,,,,0
485.000,Caldari Citizen 6206817,Skiff,10160,24160,52859,1011,-0.9411,0.2980,-0.1599,0
485.000,Minmatar Citizen 9745080,Capsule,32975,80260,60885,0,,,,0
485.000,Amarr Citizen 0220922,Capsule,13185,74400,29186,0,,,,0
485.000,Minmatar Citizen 4351238,Retriever,35825,60465,51279,615,-0.0045,0.7945,0.6072,0
485.000,Caldari Citizen 3216932,Capsule,32600,50000,48644,0,,,,0
485.000,Minmatar Citizen 9076035,Porpoise,15185,60725,63268,16,,,,0
485.000,Minmatar Citizen 6662812,Procurer,54160,36560,83463,57,,,,0
485.000,Caldari Citizen 3891005,Orca,46895,41520,80504,157,0.5957,-0.4754,0.6475,0
485.000,Caldari Citizen 8777524,Capsule,223280,219905,223635,0,,,,0
485.000,Minmatar Citizen 0254120,Porpoise,35975,54980,55489,1095,0.1136,0.3692,-0.9224,0
485.000,Amarr Citizen 2674287,Orca,30200,52325,50902,129,0.0000,-0.7026,0.7116,0
485.000,Amarr Citizen 5054432,Capsule,18375,9855,-112077,0,,,,0
485.000,Amarr Citizen 4520313,Capsule,15175,64400,48439,187,-0.4551,0.6362,0.6231,0
485.000,Minmatar Citizen 9978241,Capsule,33185,52325,49009,187,-0.5157,-0.4005,0.7574,0
485.000,Minmatar Citizen 7162778,Covetor,16720,59840,62319,247,0.7507,-0.4414,-0.4915,0
485.000,Minmatar Citizen 9678938,Venture,56240,35245,83928,1402,0.1075,0.2856,0.9523,0
485.000,Minmatar Citizen 2250648,Capsule,16115,47740,100026,0,,,,0
485.000,Gallente Citizen 1635012,Venture,38720,54275,57437,391,-0.8847,-0.0987,-0.4557,0
486.000,Caldari Citizen 9942864,Capsule,228115,224720,219108,0,,,,0
486.000,Caldari Citizen 6206817,Skiff,8500,23575,52306,858,-0.9601,0.2282,-0.1618,0
486.000,Minmatar Citizen 9745080,Capsule,32975,80260,60885,0,,,,0
486.000,Amarr Citizen 0220922,Capsule,13185,74400,29186,0,,,,0
486.000,Minmatar Citizen 4351238,Retriever,35675,61340,52045,659,0.0269,0.8117,0.5834,0
486.000,Caldari Citizen 3216932,Capsule,32600,50000,48644,0,,,,0
486.000,Minmatar Citizen 9076035,Porpoise,15185,60725,63268,17,,,,0
486.000,Minmatar Citizen 6662812,Procurer,54160,36560,83463,56,,,,0
486.000,Caldari Citizen 3891005,Orca,46895,41520,80504,179,0.0142,-0.9958,-0.0900,0
486.000,Caldari Citizen 8777524,Capsule,223280,219905,223635,0,,,,0
486.000,Minmatar Citizen 0254120,Porpoise,36980,55775,54015,973,0.0811,0.3933,-0.9158,0
486.000,Amarr Citizen 2674287,Orca,30200,52325,50902,129,-0.3610,-0.5442,0.7573,0
486.000,Amarr Citizen 5054432,Capsule,18375,9855,-112077,0,,,,0
486.000,Amarr Citizen 4520313,Capsule,15175,64400,48439,187,-0.1423,0.7737,0.6173,0
486.000,Minmatar Citizen 9978241,Capsule,32200,51560,50455,187,-0.5157,-0.4005,0.7574,0
486.000,Minmatar Citizen 7162778,Covetor,17915,59840,61986,250,0.9633,0.0000,-0.2684,0
486.000,Minmatar Citizen 9678938,Venture,56300,35115,85213,1353,-0.2557,0.4920,0.8322,0
486.000,Minmatar Citizen 2250648,Capsule,16115,47740,100026,0,,,,0
486.000,Gallente Citizen 1635012,Venture,38720,54275,57437,407,-0.6668,0.0333,-0.7445,0
487.000,Caldari Citizen 9942864,Capsule,228115,224720,219108,0,,,,0
487.000,Caldari Citizen 6206817,Skiff,7415,24500,52046,740,-0.9597,0.2219,-0.1723,0
487.000,Minmatar Citizen 9745080,Capsule,32975,80260,60885,0,,,,0
487.000,Amarr Citizen 0220922,Capsule,13185,74400,29186,0,,,,0
487.000,Minmatar Citizen 4351238,Retriever,35675,61340,52045,696,0.0152,0.8152,0.5790,0
487.000,Caldari Citizen 3216932,Capsule,32600,50000,48644,0,,,,0
487.000,Minmatar Citizen 9076035,Porpoise,15185,60725,63268,18,,,,0
487.000,Minmatar Citizen 6662812,Procurer,54160,36560,83463,55,,,,0
487.000,Caldari Citizen 3891005,Orca,46895,41520,80504,230,0.0236,-0.7984,-0.6016,0
487.000,Caldari Citizen 8777524,Capsule,223280,219905,223635,0,,,,0
487.000,Minmatar Citizen 0254120,Porpoise,36980,55775,54015,865,0.0488,0.3467,-0.9367,0
487.000,Amarr Citizen 2674287,Orca,30200,51560,51677,128,-0.4981,-0.4505,0.7409,0
487.000,Amarr Citizen 5054432,Capsule,18375,9855,-112077,0,,,,0
487.000,Amarr Citizen 4520313,Capsule,15175,64400,48439,187,0.1253,0.8204,0.5579,0
487.000,Minmatar Citizen 9978241,Capsule,32200,51560,50455,187,-0.5157,-0.4005,0.7574,0
487.000,Minmatar Citizen 7162778,Covetor,17915,59840,61986,252,0.9614,0.0000,-0.2753,0
487.000,Minmatar Citizen 9678938,Venture,55325,36200,86659,1338,-0.7105,0.4755,0.5187,0
487.000,Minmatar Citizen 2250648,Capsule,16115,47740,100026,0,,,,0
487.000,Gallente Citizen 1635012,Venture,37845,53400,57317,419,-0.5624,0.2071,-0.8005,0
488.000,Caldari Citizen 9942864,Capsule,228115,224720,219108,0,,,,0
488.000,Caldari Citizen 6206817,Skiff,7415,24500,52046,646,-0.9788,0.1655,-0.1208,0
488.000,Minmatar Citizen 9745080,Capsule,32975,80260,60885,0,,,,0
488.000,Amarr Citizen 0220922,Capsule,13185,74400,29186,0,,,,0
488.000,Minmatar Citizen 4351238,Retriever,35525,62225,52792,744,-0.0400,0.8009,0.5975,0
488.000,Caldari Citizen 3216932,Capsule,32600,50000,48644,0,,,,0
488.000,Minmatar Citizen 9076035,Porpoise,15185,60725,63268,19,,,,0
488.000,Minmatar Citizen 6662812,Procurer,54160,36560,83463,55,,,,0
488.000,Caldari Citizen 3891005,Orca,46895,41520,80504,291,0.0261,-0.4073,-0.9129,0
488.000,Caldari Citizen 8777524,Capsule,223280,219905,223635,0,,,,0
488.000,Minmatar Citizen 0254120,Porpoise,36980,56560,53193,768,0.1240,0.3863,-0.9140,0
488.000,Amarr Citizen 2674287,Orca,30200,51560,51677,128,-0.5921,-0.3719,0.7149,0
488.000,Amarr Citizen 5054432,Capsule,18375,9855,-112077,0,,,,0
488.000,Amarr Citizen 4520313,Capsule,15175,64400,48439,187,0.6800,0.6800,0.2742,0
488.000,Minmatar Citizen 9978241,Capsule,32200,51560,50455,187,-0.5157,-0.4005,0.7574,0
488.000,Minmatar Citizen 7162778,Covetor,17915,59840,61986,254,0.9600,0.0000,-0.2799,0
488.000,Minmatar Citizen 9678938,Venture,54280,37405,86808,1346,-0.8558,0.5157,0.0423,0
488.000,Minmatar Citizen 2250648,Capsule,16115,47740,100026,0,,,,0
488.000,Gallente Citizen 1635012,Venture,37845,54225,56537,428,-0.6659,0.0166,-0.7459,0
489.000,Caldari Citizen 9942864,Capsule,228115,224720,219108,0,,,,0
489.000,Caldari Citizen 6206817,Skiff,6320,24500,52190,573,-0.9203,0.3866,-0.0606,0
489.000,Minmatar Citizen 9745080,Capsule,32975,80260,60885,0,,,,0
489.000,Amarr Citizen 0220922,Capsule,13185,74400,29186,0,,,,0
489.000,Minmatar Citizen 4351238,Retriever,35375,63120,53521,784,-0.0842,0.8730,0.4804,0
489.000,Caldari Citizen 3216932,Capsule,32600,50000,48644,0,,,,0
489.000,Minmatar Citizen 9076035,Porpoise,15185,60725,63268,20,,,,0
489.000,Minmatar Citizen 6662812,Procurer,54160,36560,83463,55,,,,0
489.000,Caldari Citizen 3891005,Orca,46925,40505,79740,354,-0.3102,-0.3972,-0.8637,0
489.000,Caldari Citizen 8777524,Capsule,223280,219905,223635,0,,,,0
489.000,Minmatar Citizen 0254120,Porpoise,36125,56480,52249,679,0.0427,0.3699,-0.9281,0
489.000,Amarr Citizen 2674287,Orca,29185,51560,52257,128,-0.6984,-0.2632,0.6656,0
489.000,Amarr Citizen 5054432,Capsule,18375,9855,-112077,0,,,,0
489.000,Amarr Citizen 4520313,Capsule,16000,65225,48772,187,0.6800,0.6800,0.2742,0
489.000,Minmatar Citizen 9978241,Capsule,32200,51560,50455,187,,,,0
489.000,Minmatar Citizen 7162778,Covetor,17915,59840,61986,256,0.9580,0.0000,-0.2869,0
489.000,Minmatar Citizen 9678938,Venture,53195,37515,86180,1364,-0.6961,0.4392,-0.5679,0
489.000,Minmatar Citizen 2250648,Capsule,16115,47740,100026,0,,,,0
489.000,Gallente Citizen 1635012,Venture,37845,54225,56537,435,-0.6215,0.0968,-0.7774,0
490.000,Caldari Citizen 9942864,Capsule,228115,224720,219108,0,,,,0
490.000,Caldari Citizen 6206817,Skiff,6320,24500,52190,516,-0.9209,0.3830,-0.0720,0
490.000,Minmatar Citizen 9745080,Capsule,32975,80260,60885,0,,,,0
490.000,Amarr Citizen 0220922,Capsule,13185,74400,29186,0,,,,0
490.000,Minmatar Citizen 4351238,Retriever,36280,64025,53531,821,-0.0030,0.9328,0.3605,0
490.000,Caldari Citizen 3216932,Capsule,32600,50000,48644,0,,,,0
490.000,Minmatar Citizen 9076035,Capsule,15185,60725,63268,20,0.6846,0.6846,0.2503,0
490.000,Minmatar Citizen 6662812,Procurer,54160,36560,83463,56,,,,0
490.000,Caldari Citizen 3891005,Orca,46925,40505,79740,414,-0.4865,-0.3523,-0.7995,0
490.000,Caldari Citizen 8777524,Capsule,223280,219905,223635,0,,,,0
490.000,Minmatar Citizen 0254120,Porpoise,37120,56480,51547,601,0.0950,0.3670,-0.9253,0
490.000,Amarr Citizen 2674287,Orca,29185,51560,52257,126,-0.8683,0.0000,0.4961,0
490.000,Amarr Citizen 5054432,Capsule,18375,9855,-112077,0,,,,0
490.000,Amarr Citizen 4520313,Capsule,16000,65225,48772,187,0.6800,0.6800,0.2742,0
490.000,Minmatar Citizen 9978241,Capsule,32200,51560,50455,187,0.6912,0.6912,0.2111,0
490.000,Minmatar Citizen 7162778,Covetor,19100,59840,61631,257,0.9580,0.0000,-0.2869,0
490.000,Minmatar Citizen 9678938,Venture,52120,37625,85539,1380,-0.3586,0.1020,-0.9279,0
490.000,Minmatar Citizen 2250648,Capsule,16115,47740,100026,0,,,,0
491.000,Caldari Citizen 9942864,Capsule,228115,224720,219108,0,,,,0
491.000,Caldari Citizen 6206817,Skiff,6320,24500,52190,471,-0.8676,0.4804,-0.1282,0
491.000,Minmatar Citizen 9745080,Capsule,32975,80260,60885,0,,,,0
491.000,Amarr Citizen 0220922,Capsule,13185,74400,29186,0,,,,0
491.000,Minmatar Citizen 4351238,Retriever,35225,64025,54231,878,0.0411,0.9594,0.2790,0
491.000,Caldari Citizen 3216932,Capsule,32600,50000,48644,0,,,,0
491.000,Minmatar Citizen 9076035,Capsule,15185,60725,63268,0,0.6846,0.6846,0.2503,0
491.000,Minmatar Citizen 6662812,Procurer,54160,36560,83463,56,0.0000,-0.9188,0.3947,0
491.000,Caldari Citizen 3891005,Orca,46925,41600,79174,472,-0.7024,-0.4321,-0.5657,0
491.000,Caldari Citizen 8777524,Capsule,223280,219905,223635,0,,,,0
491.000,Minmatar Citizen 0254120,Porpoise,37120,57245,50696,530,0.1534,0.4211,-0.8939,0
491.000,Amarr Citizen 2674287,Orca,29185,51560,52257,110,,,,0
491.000,Amarr Citizen 5054432,Capsule,18375,9855,-112077,0,,,,0
491.000,Amarr Citizen 4520313,Capsule,16000,65225,48772,187,,,,0
491.000,Minmatar Citizen 9978241,Capsule,32200,51560,50455,187,0.6912,0.6912,0.2111,0
491.000,Minmatar Citizen 7162778,Covetor,19100,59840,61631,258,0.8595,0.2060,-0.4678,0
491.000,Minmatar Citizen 9678938,Venture,52100,37735,84248,1389,0.0047,-0.0989,-0.9951,0
491.000,Minmatar Citizen 2250648,Capsule,16115,47740,100026,0,,,,0
491.000,Gallente Citizen 1635012,Venture,36980,54175,55620,434,-0.6818,-0.0396,-0.7305,0
492.000,Caldari Citizen 9942864,Capsule,228115,224720,219108,0,,,,0
492.000,Caldari Citizen 6206817,Skiff,5215,25415,51874,447,-0.8676,0.4775,-0.1390,0
492.000,Minmatar Citizen 9745080,Capsule,32975,80260,60885,0,,,,0
492.000,Amarr Citizen 0220922,Capsule,13185,74400,29186,0,,,,0
492.000,Minmatar Citizen 4351238,Retriever,35075,65675,54042,902,0.0591,0.9703,0.2345,0
492.000,Caldari Citizen 3216932,Capsule,32600,50000,48644,0,,,,0
492.000,Minmatar Citizen 9076035,Capsule,16080,61620,63596,0,0.6846,0.6846,0.2503,0
492.000,Minmatar Citizen 6662812,Procurer,54160,36560,83463,56,0.0000,-0.9188,0.3947,0
492.000,Caldari Citizen 3891005,Orca,45920,40595,79015,507,-0.8350,-0.4196,-0.3561,0
492.000,Caldari Citizen 8777524,Capsule,223280,219905,223635,0,,,,0
492.000,Minmatar Citizen 0254120,Porpoise,37120,57245,50696,488,0.2219,0.5650,-0.7947,0
492.000,Amarr Citizen 2674287,Orca,29185,51560,52257,101,,,,0
492.000,Amarr Citizen 5054432,Capsule,18375,9855,-112077,0,,,,0
492.000,Amarr Citizen 4520313,Capsule,16000,65225,48772,187,-0.6662,0.4952,0.5576,0
492.000,Minmatar Citizen 9978241,Capsule,32995,52355,50698,187,0.2926,0.7819,0.5505,0
492.000,Minmatar Citizen 7162778,Covetor,19100,59840,61631,258,0.7756,0.3105,-0.5495,0
492.000,Minmatar Citizen 9678938,Venture,53105,37845,82296,1398,0.3343,-0.2610,-0.9056,0
492.000,Minmatar Citizen 2250648,Capsule,16115,47740,100026,0,,,,0
492.000,Gallente Citizen 1635012,Venture,36980,54175,55620,403,-0.6793,-0.0395,-0.7328,0
493.000,Caldari Citizen 9942864,Capsule,228115,224720,219108,0,,,,0
493.000,Caldari Citizen 6206817,Skiff,5215,25415,51874,418,-0.9440,0.2098,-0.2546,0
493.000,Minmatar Citizen 9745080,Capsule,32975,80260,60885,0,,,,0
493.000,Amarr Citizen 0220922,Capsule,13185,74400,29186,0,,,,0
493.000,Minmatar Citizen 4351238,Retriever,36000,66600,54013,741,0.0397,0.9684,0.2464,0
493.000,Caldari Citizen 3216932,Capsule,32600,50000,48644,0,,,,0
493.000,Minmatar Citizen 9076035,Capsule,16080,61620,63596,0,0.6846,0.6846,0.2503,0
493.000,Minmatar Citizen 6662812,Procurer,54160,35375,83972,57,0.0000,-0.9188,0.3947,0
493.000,Caldari Citizen 3891005,Orca,45920,40595,79015,558,-0.8285,-0.4401,-0.3462,0
493.000,Caldari Citizen 8777524,Capsule,223280,219905,223635,0,,,,0
493.000,Minmatar Citizen 0254120,Porpoise,37120,57245,50696,431,0.0000,0.6611,-0.7503,0
493.000,Amarr Citizen 2674287,Orca,29185,51560,52257,97,,,,0
493.000,Amarr Citizen 5054432,Capsule,18375,9855,-112077,0,,,,0
493.000,Amarr Citizen 4520313,Capsule,16000,65225,48772,187,-0.4522,0.6566,0.6036,0
493.000,Minmatar Citizen 9978241,Capsule,32995,52355,50698,187,-0.1430,0.2360,0.9612,0
493.000,Minmatar Citizen 7162778,Covetor,19100,59840,61631,370,0.7553,0.3245,-0.5693,0
493.000,Minmatar Citizen 9678938,Venture,53075,36800,81516,1409,0.6066,-0.4859,-0.6292,0
493.000,Minmatar Citizen 2250648,Capsule,16115,47740,100026,0,,,,0
493.000,Gallente Citizen 1635012,Venture,36980,54175,55620,385,-0.6745,-0.0394,-0.7372,0
494.000,Caldari Citizen 9942864,Capsule,228115,224720,219108,0,,,,0
494.000,Caldari Citizen 6206817,Skiff,5215,25415,51874,395,-0.9483,-0.0096,-0.3173,0
494.000,Minmatar Citizen 9745080,Capsule,32975,80260,60885,0,,,,0
494.000,Amarr Citizen 0220922,Capsule,13185,74400,29186,0,,,,0
494.000,Minmatar Citizen 4351238,Retriever,35860,67535,54673,569,0.3199,0.9344,0.1566,0
494.000,Caldari Citizen 3216932,Capsule,32600,50000,48644,0,,,,0
494.000,Minmatar Citizen 9076035,Capsule,16080,61620,63596,0,,,,0
494.000,Minmatar Citizen 6662812,Procurer,54160,35375,83972,57,0.0000,-0.9188,0.3947,0
494.000,Caldari Citizen 3891005,Orca,44925,39600,78833,605,-0.7944,-0.5384,-0.2813,0
494.000,Caldari Citizen 8777524,Capsule,223280,219905,223635,0,,,,0
494.000,Minmatar Citizen 0254120,Porpoise,37120,58000,49831,381,0.0000,0.6573,-0.7536,0
494.000,Amarr Citizen 2674287,Orca,29185,51560,52257,95,,,,0
494.000,Amarr Citizen 5054432,Capsule,18375,9855,-112077,0,,,,0
494.000,Amarr Citizen 4520313,Capsule,14825,65225,49142,187,-0.2989,0.7341,0.6098,0
494.000,Minmatar Citizen 9978241,Capsule,32995,52355,50698,187,-0.3865,-0.1606,0.9082,0
494.000,Minmatar Citizen 7162778,Covetor,20275,60595,60508,492,0.7940,0.2794,-0.5399,0
494.000,Minmatar Citizen 9678938,Venture,54080,36800,80852,1419,0.8199,-0.5481,-0.1654,0
494.000,Minmatar Citizen 2250648,Capsule,16115,47740,100026,0,,,,0
494.000,Gallente Citizen 1635012,Venture,36125,54125,54685,386,-0.5272,0.2143,-0.8223,0
495.000,Caldari Citizen 9942864,Capsule,228115,224720,219108,0,,,,0
495.000,Caldari Citizen 6206817,Skiff,4100,25415,51974,377,-0.8827,-0.3003,-0.3615,0
495.000,Minmatar Citizen 9745080,Capsule,32975,80260,60885,0,,,,0
495.000,Amarr Citizen 0220922,Capsule,13185,74400,29186,0,,,,0
495.000,Minmatar Citizen 4351238,Retriever,35860,67535,54673,436,0.2602,0.8936,0.3657,0
495.000,Caldari Citizen 3216932,Capsule,32600,50000,48644,0,,,,0
495.000,Minmatar Citizen 9076035,Capsule,16080,61620,63596,0,,,,0
495.000,Minmatar Citizen 6662812,Procurer,54160,35375,83972,57,,,,0
495.000,Caldari Citizen 3891005,Orca,44925,39600,78833,650,-0.8128,-0.4770,-0.3345,0
495.000,Caldari Citizen 8777524,Capsule,223280,219905,223635,0,,,,0
495.000,Minmatar Citizen 0254120,Porpoise,37120,58000,49831,338,0.0000,0.6531,-0.7573,0
495.000,Amarr Citizen 2674287,Orca,29185,51560,52257,95,0.6861,0.6861,0.2417,0
495.000,Amarr Citizen 5054432,Capsule,18375,9855,-112077,0,,,,0
495.000,Amarr Citizen 4520313,Capsule,15660,66060,49466,187,-0.1364,0.7899,0.5979,0
495.000,Minmatar Citizen 9978241,Capsule,32000,52355,51332,187,-0.5254,-0.4093,0.7459,0
495.000,Minmatar Citizen 7162778,Covetor,20275,60595,60508,601,0.8231,0.2415,-0.5140,0
495.000,Minmatar Citizen 9678938,Venture,55075,35635,80702,1427,0.7921,-0.4744,0.3842,0
495.000,Minmatar Citizen 2250648,Capsule,16115,47740,100026,0,,,,0
495.000,Gallente Citizen 1635012,Venture,36125,54125,54685,394,-0.4128,0.3597,-0.8368,0
496.000,Caldari Citizen 9942864,Capsule,228115,224720,219108,0,,,,0
496.000,Caldari Citizen 6206817,Skiff,3525,24840,51182,363,-0.9188,-0.2556,-0.3007,0
496.000,Minmatar Citizen 9745080,Capsule,32975,80260,60885,0,,,,0
496.000,Amarr Citizen 0220922,Capsule,13185,74400,29186,0,,,,0
496.000,Minmatar Citizen 4351238,Retriever,35860,67535,54673,335,-0.0177,0.8564,0.5160,0
496.000,Caldari Citizen 3216932,Capsule,32600,50000,48644,0,,,,0
496.000,Minmatar Citizen 9076035,Capsule,16080,61620,63596,0,,,,0
496.000,Minmatar Citizen 6662812,Procurer,54160,35375,83972,57,,,,0
496.000,Caldari Citizen 3891005,Orca,43940,39700,78084,691,-0.8329,-0.3733,-0.4085,0
496.000,Caldari Citizen 8777524,Capsule,223280,219905,223635,0,,,,0
496.000,Minmatar Citizen 0254120,Porpoise,37120,58000,49831,302,0.0000,0.6502,-0.7597,0
496.000,Amarr Citizen 2674287,Orca,29185,51560,52257,95,0.6861,0.6861,0.2417,0
496.000,Amarr Citizen 5054432,Capsule,18375,9855,-112077,0,,,,0
496.000,Amarr Citizen 4520313,Capsule,15660,66060,49466,187,0.1292,0.8301,0.5425,0
496.000,Minmatar Citizen 9978241,Capsule,32000,51580,52110,187,-0.4790,-0.4477,0.7550,0
496.000,Minmatar Citizen 7162778,Covetor,21440,60595,60105,697,0.9004,0.2663,-0.3439,0
496.000,Minmatar Citizen 9678938,Venture,56120,34320,81839,1427,0.7001,-0.1805,0.6908,0
496.000,Minmatar Citizen 2250648,Capsule,16115,47740,100026,0,,,,0
496.000,Gallente Citizen 1635012,Venture,36125,54125,54685,359,-0.2772,0.4994,-0.8208,0
497.000,Caldari Citizen 9942864,Capsule,228115,224720,219108,0,,,,0
497.000,Caldari Citizen 6206817,Skiff,3525,24840,51182,352,-0.9299,-0.0126,-0.3675,0
497.000,Minmatar Citizen 9745080,Capsule,32975,80260,60885,0,,,,0
497.000,Amarr Citizen 0220922,Capsule,13185,74400,29186,0,,,,0
497.000,Minmatar Citizen 4351238,Retriever,36805,68480,54597,259,-0.1217,0.8215,0.5571,0
497.000,Caldari Citizen 3216932,Capsule,32600,50000,48644,0,,,,0
497.000,Minmatar Citizen 9076035,Capsule,16080,61620,63596,0,,,,0
497.000,Minmatar Citizen 6662812,Procurer,54160,35375,83972,57,,,,0
497.000,Caldari Citizen 3891005,Orca,42965,38725,77868,729,-0.8318,-0.3453,-0.4346,0
497.000,Caldari Citizen 8777524,Capsule,223280,219905,223635,0,,,,0
497.000,Minmatar Citizen 0254120,Porpoise,37120,58000,49831,271,0.0000,0.6459,-0.7634,0
497.000,Amarr Citizen 2674287,Orca,29980,52355,52537,96,0.2781,0.7825,0.5571,0
497.000,Amarr Citizen 5054432,Capsule,18375,9855,-112077,0,,,,0
497.000,Amarr Citizen 4520313,Capsule,15660,66060,49466,187,0.6841,0.6841,0.2528,0
497.000,Minmatar Citizen 9978241,Capsule,32000,51580,52110,187,-0.3936,-0.5110,0.7642,0
497.000,Minmatar Citizen 7162778,Covetor,21440,60595,60105,783,0.9490,0.2621,-0.1752,0
497.000,Minmatar Citizen 9678938,Venture,57245,35245,83245,1411,0.4204,0.0042,0.9073,0
497.000,Minmatar Citizen 2250648,Capsule,16115,47740,100026,0,,,,0
497.000,Gallente Citizen 1635012,Venture,36125,54920,53887,363,0.0000,0.7056,-0.7086,0
498.000,Caldari Citizen 9942864,Capsule,228115,224720,219108,0,,,,0
498.000,Caldari Citizen 6206817,Skiff,3525,24840,51182,344,-0.8581,0.2835,-0.4282,0
498.000,Minmatar Citizen 9745080,Capsule,32975,80260,60885,0,,,,0
498.000,Amarr Citizen 0220922,Capsule,13185,74400,29186,0,,,,0
498.000,Minmatar Citizen 4351238,Retriever,35720,68480,55313,244,-0.2792,0.7390,0.6131,0
498.000,Caldari Citizen 3216932,Capsule,32600,50000,48644,0,,,,0
498.000,Minmatar Citizen 9076035,Capsule,16080,61620,63596,0,,,,0
498.000,Minmatar Citizen 6662812,Procurer,54160,35375,83972,58,,,,0
498.000,Caldari Citizen 3891005,Orca,42965,38725,77868,762,-0.7415,-0.4715,-0.4775,0
498.000,Caldari Citizen 8777524,Capsule,223280,219905,223635,0,,,,0
498.000,Minmatar Citizen 0254120,Porpoise,37120,58745,48950,247,0.0000,0.6459,-0.7634,0
498.000,Amarr Citizen 2674287,Orca,29980,52355,52537,98,-0.1937,0.6694,0.7173,0
498.000,Amarr Citizen 5054432,Capsule,18375,9855,-112077,0,,,,0
498.000,Amarr Citizen 4520313,Capsule,15660,66060,49466,187,0.6862,0.6862,0.2412,0
498.000,Minmatar Citizen 9978241,Capsule,32000,51580,52110,187,,,,0
498.000,Minmatar Citizen 7162778,Covetor,21440,60595,60105,855,0.8926,0.3513,-0.2825,0
498.000,Minmatar Citizen 9678938,Venture,57315,35115,84534,1388,0.0473,0.2212,0.9741,0
498.000,Minmatar Citizen 2250648,Capsule,16115,47740,100026,0,,,,0
498.000,Gallente Citizen 1635012,Venture,36125,54920,53887,376,0.0000,0.7017,-0.7125,0
499.000,Caldari Citizen 9942864,Capsule,228115,224720,219108,0,,,,0
499.000,Caldari Citizen 6206817,Skiff,2400,24840,51247,337,-0.7531,0.6058,-0.2567,0
499.000,Minmatar Citizen 9745080,Capsule,32975,80260,60885,0,,,,0
499.000,Amarr Citizen 0220922,Capsule,13185,74400,29186,0,,,,0
499.000,Minmatar Citizen 4351238,Retriever,35720,68480,55313,236,0.0424,0.8785,0.4758,0
499.000,Caldari Citizen 3216932,Capsule,32600,50000,48644,0,,,,0
499.000,Minmatar Citizen 9076035,Capsule,16080,61620,63596,0,,,,0
499.000,Minmatar Citizen 6662812,Procurer,54160,35375,83972,58,,,,0
499.000,Caldari Citizen 3891005,Orca,42000,38835,77096,795,-0.6657,-0.4530,-0.5930,0
499.000,Caldari Citizen 8777524,Capsule,223280,219905,223635,0,,,,0
499.000,Minmatar Citizen 0254120,Porpoise,37120,58745,48950,226,-0.0636,0.9526,-0.2976,0
499.000,Amarr Citizen 2674287,Orca,29980,52355,52537,99,-0.6099,0.3864,0.6919,0
499.000,Amarr Citizen 5054432,Capsule,18375,9855,-112077,0,,,,0
499.000,Amarr Citizen 4520313,Capsule,15660,66060,49466,187,0.6862,0.6862,0.2412,0
499.000,Minmatar Citizen 9978241,Capsule,32000,51580,52110,187,,,,0
499.000,Minmatar Citizen 7162778,Covetor,23480,61480,59916,925,0.8611,0.3641,-0.3550,0
499.000,Minmatar Citizen 9678938,Venture,57385,36200,85308,1360,-0.3666,0.3069,0.8783,0
499.000,Minmatar Citizen 2250648,Capsule,16115,47740,100026,0,,,,0
499.000,Gallente Citizen 1635012,Venture,36125,54920,53887,391,0.0000,0.6990,-0.7151,0
500.000,Caldari Citizen 9942864,Capsule,228115,224720,219108,0,,,,0
500.000,Caldari Citizen 6206817,Skiff,2400,25745,50798,331,-0.6886,0.6647,-0.2897,0
500.000,Minmatar Citizen 9745080,Capsule,32975,80260,60885,0,,,,0
500.000,Amarr Citizen 0220922,Capsule,13185,74400,29186,0,,,,0
500.000,Minmatar Citizen 4351238,Retriever,35720,68480,55313,229,0.2872,0.9022,0.3217,0
500.000,Caldari Citizen 3216932,Capsule,32600,50000,48644,0,,,,0
500.000,Minmatar Citizen 9076035,Capsule,16080,61620,63596,0,,,,0
500.000,Minmatar Citizen 6662812,Procurer,54160,35375,83972,58,,,,0
500.000,Caldari Citizen 3891005,Orca,41045,37880,76847,825,-0.6238,-0.4053,-0.6682,0
500.000,Caldari Citizen 8777524,Capsule,223280,219905,223635,0,,,,0
500.000,Minmatar Citizen 0254120,Porpoise,37120,58745,48950,210,-0.1045,0.9717,0.2120,0
500.000,Amarr Citizen 2674287,Orca,28955,52355,53109,101,-0.8733,0.0000,0.4872,0
500.000,Amarr Citizen 5054432,Capsule,18375,9855,-112077,0,,,,0
500.000,Amarr Citizen 4520313,Capsule,16505,66905,49762,187,0.2508,0.8393,0.4824,0
500.000,Minmatar Citizen 9978241,Capsule,32000,51580,52110,187,,,,0
500.000,Minmatar Citizen 7162778,Covetor,23480,61480,59916,985,0.8536,0.3887,-0.3467,0
500.000,Minmatar Citizen 9678938,Venture,56360,36200,85989,1041,-0.6523,0.1929,0.7330,0
500.000,Minmatar Citizen 2250648,Capsule,16115,47740,100026,0,,,,0
500.000,Gallente Citizen 1635012,Venture,36125,54920,53887,405,0.0000,0.6951,-0.7189,0
501.000,Caldari Citizen 9942864,Capsule,228115,224720,219108,0,,,,0
501.000,Caldari Citizen 6206817,Skiff,2400,25745,50798,234,-0.5620,0.7535,-0.3410,0
501.000,Minmatar Citizen 9745080,Capsule,32975,80260,60885,0,,,,0
501.000,Amarr Citizen 0220922,Capsule,13185,74400,29186,0,,,,0
501.000,Minmatar Citizen 4351238,Retriever,35720,68480,55313,183,0.7056,0.7056,-0.0658,0
501.000,Caldari Citizen 3216932,Capsule,32600,50000,48644,0,,,,0
501.000,Minmatar Citizen 9076035,Capsule,16080,61620,63596,0,,,,0
501.000,Minmatar Citizen 6662812,Procurer,54160,35375,83972,58,,,,0
501.000,Caldari Citizen 3891005,Orca,41135,36935,76024,853,-0.6425,-0.3530,-0.6802,0
501.000,Caldari Citizen 8777524,Capsule,223280,219905,223635,0,,,,0
501.000,Minmatar Citizen 0254120,Porpoise,37120,58745,48950,198,-0.1091,0.9524,0.2847,0
501.000,Amarr Citizen 2674287,Orca,28955,52355,53109,104,-0.8733,0.0000,0.4872,0
501.000,Amarr Citizen 5054432,Capsule,18375,9855,-112077,0,,,,0
501.000,Amarr Citizen 4520313,Capsule,16505,66905,49762,187,-0.3000,0.7456,0.5951,0
501.000,Minmatar Citizen 9978241,Capsule,32000,51580,52110,187,-0.8571,0.0000,0.5151,0
501.000,Minmatar Citizen 7162778,Covetor,24625,62225,58674,1039,0.8593,0.3605,-0.3630,0
501.000,Minmatar Citizen 9678938,Venture,55325,36200,86659,736,-0.7796,0.3079,0.5453,0
501.000,Minmatar Citizen 2250648,Capsule,16115,47740,100026,0,,,,0
501.000,Gallente Citizen 1635012,Venture,36125,55705,53075,417,0.2455,0.5787,-0.7777,0
502.000,Caldari Citizen 9942864,Capsule,228115,224720,219108,0,,,,0
502.000,Caldari Citizen 6206817,Skiff,2400,25745,50798,169,,,,0
502.000,Minmatar Citizen 9745080,Capsule,32975,80260,60885,0,,,,0
502.000,Amarr Citizen 0220922,Capsule,13185,74400,29186,0,,,,0
502.000,Minmatar Citizen 4351238,Retriever,36675,69435,55224,146,0.7056,0.7056,-0.0658,0
502.000,Caldari Citizen 3216932,Capsule,32600,50000,48644,0,,,,0
502.000,Minmatar Citizen 9076035,Capsule,16080,61620,63596,0,,,,0
502.000,Minmatar Citizen 6662812,Procurer,54160,35375,83972,58,0.8371,0.0000,-0.5471,0
502.000,Caldari Citizen 3891005,Orca,41135,38000,75498,878,-0.6444,-0.3138,-0.6974,0
502.000,Caldari Citizen 8777524,Capsule,223280,219905,223635,0,,,,0
502.000,Minmatar Citizen 0254120,Porpoise,36980,59600,49763,189,-0.0949,0.9944,0.0458,0
502.000,Amarr Citizen 2674287,Orca,28955,52355,53109,105,,,,0
502.000,Amarr Citizen 5054432,Capsule,18375,9855,-112077,0,,,,0
502.000,Amarr Citizen 4520313,Capsule,16505,66905,49762,187,-0.7489,0.4150,0.5166,0
502.000,Minmatar Citizen 9978241,Capsule,32000,51580,52110,187,-0.6888,-0.2690,0.6732,0
502.000,Minmatar Citizen 7162778,Covetor,25760,62225,58185,1084,0.8580,0.3317,-0.3922,0
502.000,Minmatar Citizen 9678938,Venture,54280,36200,87317,517,-0.8479,0.3518,0.3967,0
502.000,Minmatar Citizen 2250648,Capsule,16115,47740,100026,0,,,,0
502.000,Gallente Citizen 1635012,Venture,36125,55705,53075,425,0.3336,0.5230,-0.7843,0
503.000,Caldari Citizen 9942864,Capsule,228115,224720,219108,0,,,,0
503.000,Caldari Citizen 6206817,Skiff,2400,25745,50798,144,,,,0
503.000,Minmatar Citizen 9745080,Capsule,32975,80260,60885,0,,,,0
503.000,Amarr Citizen 0220922,Capsule,13185,74400,29186,0,,,,0
503.000,Minmatar Citizen 4351238,Retriever,36675,69435,55224,117,0.7056,0.7056,-0.0658,0
503.000,Caldari Citizen 3216932,Capsule,32600,50000,48644,0,,,,0
503.000,Minmatar Citizen 9076035,Capsule,16080,61620,63596,0,,,,0
503.000,Minmatar Citizen 6662812,Procurer,54160,35375,83972,58,0.8371,0.0000,-0.5471,0
503.000,Caldari Citizen 3891005,Orca,40200,37065,75227,902,-0.6931,-0.0991,-0.7140,0
503.000,Caldari Citizen 8777524,Capsule,223280,219905,223635,0,,,,0
503.000,Minmatar Citizen 0254120,Porpoise,36980,59600,49763,182,-0.0795,0.9858,-0.1477,0
503.000,Amarr Citizen 2674287,Orca,28955,52355,53109,107,,,,0
503.000,Amarr Citizen 5054432,Capsule,18375,9855,-112077,0,,,,0
503.000,Amarr Citizen 4520313,Capsule,15320,66905,50140,187,-0.7470,0.4216,0.5141,0
503.000,Minmatar Citizen 9978241,Capsule,30995,51580,52714,187,-0.5839,-0.3801,0.7173,0
503.000,Minmatar Citizen 7162778,Covetor,26655,63120,58356,1127,0.8883,0.3359,-0.3132,0
503.000,Minmatar Citizen 9678938,Venture,54280,36200,87317,365,-0.7400,0.6423,0.1994,0
503.000,Minmatar Citizen 2250648,Capsule,16115,47740,100026,0,,,,0
503.000,Gallente Citizen 1635012,Venture,36125,55705,53075,433,0.4031,0.4730,-0.7834,0
504.000,Caldari Citizen 9942864,Capsule,228115,224720,219108,0,,,,0
504.000,Caldari Citizen 6206817,Skiff,2400,25745,50798,145,,,,0
504.000,Minmatar Citizen 9745080,Capsule,32975,80260,60885,0,,,,0
504.000,Amarr Citizen 0220922,Capsule,13185,74400,29186,0,,,,0
504.000,Minmatar Citizen 4351238,Retriever,36675,69435,55224,95,,,,0
504.000,Caldari Citizen 3216932,Capsule,32600,50000,48644,0,,,,0
504.000,Minmatar Citizen 9076035,Capsule,16080,61620,63596,0,,,,0
504.000,Minmatar Citizen 6662812,Procurer,55175,35375,83309,58,0.8371,0.0000,-0.5471,0
504.000,Caldari Citizen 3891005,Orca,39275,37195,74418,924,-0.8002,-0.1263,-0.5862,0
504.000,Caldari Citizen 8777524,Capsule,223280,219905,223635,0,,,,0
504.000,Minmatar Citizen 0254120,Porpoise,36980,60335,48869,178,-0.0554,0.9208,-0.3862,0
504.000,Amarr Citizen 2674287,Orca,28955,52355,53109,109,,,,0
504.000,Amarr Citizen 5054432,Capsule,18375,9855,-112077,0,,,,0
504.000,Amarr Citizen 4520313,Capsule,15320,66905,50140,187,-0.2914,0.7550,0.5874,0
504.000,Minmatar Citizen 9978241,Capsule,30995,51580,52714,187,-0.4913,-0.4605,0.7393,0
504.000,Minmatar Citizen 7162778,Covetor,27780,63120,57829,1165,0.9032,0.3861,-0.1877,0
504.000,Minmatar Citizen 9678938,Venture,54280,37405,86808,293,-0.3941,0.9089,-0.1359,0
504.000,Minmatar Citizen 2250648,Capsule,16115,47740,100026,0,,,,0
504.000,Gallente Citizen 1635012,Venture,37120,56480,51547,438,0.5023,0.3912,-0.7711,0
505.000,Caldari Citizen 9942864,Capsule,228115,224720,219108,0,,,,0
505.000,Caldari Citizen 6206817,Skiff,2400,25745,50798,160,,,,0
505.000,Minmatar Citizen 9745080,Capsule,32975,80260,60885,0,,,,0
505.000,Amarr Citizen 0220922,Capsule,13185,74400,29186,0,,,,0
505.000,Minmatar Citizen 4351238,Retriever,36675,69435,55224,78,-0.8384,0.0000,0.5450,0
505.000,Caldari Citizen 3216932,Capsule,32600,50000,48644,0,,,,0
505.000,Minmatar Citizen 9076035,Capsule,16080,61620,63596,0,,,,0
505.000,Minmatar Citizen 6662812,Procurer,55175,35375,83309,58,0.8371,0.0000,-0.5471,0
505.000,Caldari Citizen 3891005,Orca,39275,37195,74418,945,-0.8034,-0.2187,-0.5538,0
505.000,Caldari Citizen 8777524,Capsule,223280,219905,223635,0,,,,0
505.000,Minmatar Citizen 0254120,Porpoise,36980,60335,48869,175,-0.0634,0.9469,-0.3153,0
505.000,Amarr Citizen 2674287,Orca,28955,52355,53109,111,,,,0
505.000,Amarr Citizen 5054432,Capsule,18375,9855,-112077,0,,,,0
505.000,Amarr Citizen 4520313,Capsule,15320,66905,50140,187,0.2590,0.8437,0.4702,0
505.000,Minmatar Citizen 9978241,Capsule,30995,50795,53471,187,-0.0798,-0.3051,0.9490,0
505.000,Minmatar Citizen 7162778,Covetor,27780,63120,57829,1199,0.8952,0.4011,-0.1941,0
505.000,Minmatar Citizen 9678938,Venture,54280,37405,86808,285,-0.0133,0.7050,-0.7091,0
505.000,Minmatar Citizen 2250648,Capsule,16115,47740,100026,0,,,,0
505.000,Gallente Citizen 1635012,Venture,37120,56480,51547,443,0.4949,0.5733,-0.6530,0
506.000,Caldari Citizen 9942864,Capsule,228115,224720,219108,0,,,,0
506.000,Caldari Citizen 6206817,Skiff,2400,25745,50798,183,0.7343,0.5842,-0.3458,0
506.000,Minmatar Citizen 9745080,Capsule,32975,80260,60885,0,,,,0
506.000,Amarr Citizen 0220922,Capsule,13185,74400,29186,0,,,,0
506.000,Minmatar Citizen 4351238,Retriever,36675,69435,55224,65,-0.8384,0.0000,0.5450,0
506.000,Caldari Citizen 3216932,Capsule,32600,50000,48644,0,,,,0
506.000,Minmatar Citizen 9076035,Capsule,16080,61620,63596,0,,,,0
506.000,Minmatar Citizen 6662812,Procurer,55175,35375,83309,58,,,,0
506.000,Caldari Citizen 3891005,Orca,38360,37325,73596,964,-0.7977,-0.2381,-0.5541,0
506.000,Caldari Citizen 8777524,Capsule,223280,219905,223635,0,,,,0
506.000,Minmatar Citizen 0254120,Porpoise,36980,60335,48869,266,-0.1046,0.9757,0.1924,0
506.000,Amarr Citizen 2674287,Orca,28955,52355,53109,113,0.6880,0.6880,0.2311,0
506.000,Amarr Citizen 5054432,Capsule,18375,9855,-112077,0,,,,0
506.000,Amarr Citizen 4520313,Capsule,16175,67760,50428,187,0.6879,0.6879,0.2315,0
506.000,Minmatar Citizen 9978241,Capsule,30995,50795,53471,187,0.6201,0.0154,0.7844,0
506.000,Minmatar Citizen 7162778,Covetor,29800,64025,57391,1228,0.8551,0.4234,-0.2992,0
506.000,Minmatar Citizen 9678938,Venture,54280,37405,86808,307,-0.0223,0.4645,-0.8853,0
506.000,Minmatar Citizen 2250648,Capsule,16115,47740,100026,0,,,,0
506.000,Gallente Citizen 1635012,Venture,37120,56480,51547,446,0.4761,0.6837,-0.5531,0
507.000,Caldari Citizen 9942864,Capsule,228115,224720,219108,0,,,,0
507.000,Caldari Citizen 6206817,Skiff,2400,25745,50798,443,0.8452,0.4496,-0.2889,0
507.000,Minmatar Citizen 9745080,Capsule,32975,80260,60885,0,,,,0
507.000,Amarr Citizen 0220922,Capsule,13185,74400,29186,0,,,,0
507.000,Minmatar Citizen 4351238,Retriever,35580,69435,55936,56,-0.8384,0.0000,0.5450,0
507.000,Caldari Citizen 3216932,Capsule,32600,50000,48644,0,,,,0
507.000,Minmatar Citizen 9076035,Capsule,16080,61620,63596,0,,,,0
507.000,Minmatar Citizen 6662812,Procurer,55175,35375,83309,58,,,,0
507.000,Caldari Citizen 3891005,Orca,37455,36420,73285,981,-0.7925,-0.2797,-0.5419,0
507.000,Caldari Citizen 8777524,Capsule,223280,219905,223635,0,,,,0
507.000,Minmatar Citizen 0254120,Porpoise,36980,60335,48869,359,-0.1184,0.7316,0.6713,0
507.000,Amarr Citizen 2674287,Orca,28955,52355,53109,114,0.6880,0.6880,0.2311,0
507.000,Amarr Citizen 5054432,Capsule,18375,9855,-112077,0,,,,0
507.000,Amarr Citizen 4520313,Capsule,16175,67760,50428,187,0.6879,0.6879,0.2315,0
507.000,Minmatar Citizen 9978241,Capsule,30995,50795,53471,187,0.9263,0.2922,0.2380,0
507.000,Minmatar Citizen 7162778,Covetor,30715,64940,57475,1096,0.7961,0.5244,-0.3020,0
507.000,Minmatar Citizen 9678938,Venture,54280,37405,86808,336,-0.0311,0.0855,-0.9959,0
507.000,Minmatar Citizen 2250648,Capsule,16115,47740,100026,0,,,,0
507.000,Gallente Citizen 1635012,Venture,37120,56480,51547,449,0.4303,0.8152,-0.3877,0
508.000,Caldari Citizen 9942864,Capsule,228115,224720,219108,0,,,,0
508.000,Caldari Citizen 6206817,Skiff,3525,26640,50268,680,0.8614,0.4836,-0.1555,0
508.000,Minmatar Citizen 9745080,Capsule,32975,80260,60885,0,,,,0
508.000,Amarr Citizen 0220922,Capsule,13185,74400,29186,0,,,,0
508.000,Minmatar Citizen 4351238,Retriever,35580,69435,55936,49,-0.8384,0.0000,0.5450,0
508.000,Caldari Citizen 3216932,Capsule,32600,50000,48644,0,,,,0
508.000,Minmatar Citizen 9076035,Capsule,16080,61620,63596,0,,,,0
508.000,Minmatar Citizen 6662812,Procurer,55175,35375,83309,58,,,,0
508.000,Caldari Citizen 3891005,Orca,36560,36560,72441,998,-0.7864,-0.3298,-0.5224,0
508.000,Caldari Citizen 8777524,Capsule,223280,219905,223635,0,,,,0
508.000,Minmatar Citizen 0254120,Porpoise,36840,61200,49663,445,-0.1186,0.7357,0.6668,0
508.000,Amarr Citizen 2674287,Orca,29760,53160,53379,116,0.6880,0.6880,0.2311,0
508.000,Amarr Citizen 5054432,Capsule,18375,9855,-112077,0,,,,0
508.000,Amarr Citizen 4520313,Capsule,16175,67760,50428,187,0.2591,0.8488,0.4609,0
508.000,Minmatar Citizen 9978241,Capsule,31800,51600,53733,187,0.9675,0.2400,0.0798,0
508.000,Minmatar Citizen 7162778,Covetor,31820,64940,56871,976,0.7572,0.5647,-0.3283,0
508.000,Minmatar Citizen 9678938,Venture,54240,37515,85526,363,-0.0348,-0.2483,-0.9681,0
508.000,Minmatar Citizen 2250648,Capsule,16115,47740,100026,0,,,,0
508.000,Gallente Citizen 1635012,Venture,37975,58100,50777,451,0.4303,0.8152,-0.3877,0
509.000,Caldari Citizen 9942864,Capsule,228115,224720,219108,0,,,,0
509.000,Caldari Citizen 6206817,Skiff,3525,26640,50268,878,0.8651,0.4918,-0.0987,0
509.000,Minmatar Citizen 9745080,Capsule,32975,80260,60885,0,,,,0
509.000,Amarr Citizen 0220922,Capsule,13185,74400,29186,0,,,,0
509.000,Minmatar Citizen 4351238,Retriever,35580,69435,55936,44,,,,0
509.000,Caldari Citizen 3216932,Capsule,32600,50000,48644,0,,,,0
509.000,Minmatar Citizen 9076035,Capsule,16080,61620,63596,0,,,,0
509.000,Minmatar Citizen 6662812,Procurer,55175,35375,83309,58,,,,0
509.000,Caldari Citizen 3891005,Orca,35675,35675,72101,1013,-0.8313,-0.3077,-0.4628,0
509.000,Caldari Citizen 8777524,Capsule,223280,219905,223635,0,,,,0
509.000,Minmatar Citizen 0254120,Porpoise,36840,61200,49663,523,-0.1189,0.7420,0.6598,0
509.000,Amarr Citizen 2674287,Orca,29760,53160,53379,117,0.6880,0.6880,0.2311,0
509.000,Amarr Citizen 5054432,Capsule,18375,9855,-112077,0,,,,0
509.000,Amarr Citizen 4520313,Capsule,16175,67760,50428,187,-0.2923,0.7661,0.5724,0
509.000,Minmatar Citizen 9978241,Capsule,31800,51600,53733,187,0.9895,0.0049,0.1442,0
509.000,Minmatar Citizen 7162778,Covetor,31820,65675,56020,873,0.7359,0.5733,-0.3603,0
509.000,Minmatar Citizen 9678938,Venture,54240,37515,85526,385,-0.0353,-0.4253,-0.9044,0
509.000,Minmatar Citizen 2250648,Capsule,16115,47740,100026,0,,,,0
509.000,Gallente Citizen 1635012,Venture,37975,58100,50777,452,0.4303,0.8152,-0.3877,0
510.000,Caldari Citizen 9942864,Capsule,228115,224720,219108,0,,,,0
510.000,Caldari Citizen 6206817,Skiff,4640,26640,50177,1045,0.8519,0.5116,-0.1122,0
510.000,Minmatar Citizen 9745080,Capsule,32975,80260,60885,0,,,,0
510.000,Amarr Citizen 0220922,Capsule,13185,74400,29186,0,,,,0
510.000,Minmatar Citizen 4351238,Retriever,35580,69435,55936,39,,,,0
510.000,Caldari Citizen 3216932,Capsule,32600,50000,48644,0,,,,0
510.000,Minmatar Citizen 9076035,Capsule,16080,61620,63596,0,,,,0
510.000,Minmatar Citizen 6662812,Procurer,55175,35375,83309,58,,,,0
510.000,Caldari Citizen 3891005,Orca,34800,35825,71236,1026,-0.8546,-0.2902,-0.4306,0
510.000,Caldari Citizen 8777524,Capsule,223280,219905,223635,0,,,,0
510.000,Minmatar Citizen 0254120,Porpoise,36840,61200,49663,594,-0.1191,0.7456,0.6557,0
510.000,Amarr Citizen 2674287,Orca,29760,53160,53379,118,,,,0
510.000,Amarr Citizen 5054432,Capsule,18375,9855,-112077,0,,,,0
510.000,Amarr Citizen 4520313,Capsule,16175,67760,50428,187,-0.2923,0.7661,0.5724,0
510.000,Minmatar Citizen 9978241,Capsule,32805,51600,53125,187,0.9456,-0.2637,0.1907,0
510.000,Minmatar Citizen 7162778,Covetor,32745,66600,56046,785,0.7509,0.5489,-0.3671,0
510.000,Minmatar Citizen 9678938,Venture,54240,37515,85526,403,0.2155,-0.2036,-0.9550,0
510.000,Minmatar Citizen 2250648,Capsule,16115,47740,100026,0,,,,0
510.000,Gallente Citizen 1635012,Venture,37975,58100,50777,453,0.4303,0.8152,-0.3877,0
511.000,Caldari Citizen 9942864,Capsule,228115,224720,219108,0,,,,0
511.000,Caldari Citizen 6206817,Skiff,6320,28100,50343,1186,0.8684,0.4947,-0.0349,0
511.000,Minmatar Citizen 9745080,Capsule,32975,80260,60885,0,,,,0
511.000,Amarr Citizen 0220922,Capsule,13185,74400,29186,0,,,,0
511.000,Minmatar Citizen 4351238,Retriever,35580,69435,55936,36,,,,0
511.000,Caldari Citizen 3216932,Capsule,32600,50000,48644,0,,,,0
511.000,Minmatar Citizen 9076035,Capsule,16080,61620,63596,0,,,,0
511.000,Minmatar Citizen 6662812,Procurer,55175,35375,83309,58,,,,0
511.000,Caldari Citizen 3891005,Orca,33935,34960,70868,1039,-0.8628,-0.2806,-0.4206,0
511.000,Caldari Citizen 8777524,Capsule,223280,219905,223635,0,,,,0
511.000,Minmatar Citizen 0254120,Porpoise,36700,62075,50436,658,-0.1195,0.7534,0.6466,0
511.000,Amarr Citizen 2674287,Orca,29760,53160,53379,119,-0.8781,0.0000,0.4785,0
511.000,Amarr Citizen 5054432,Capsule,18375,9855,-112077,0,,,,0
511.000,Amarr Citizen 4520313,Capsule,15845,68625,51074,187,-0.2923,0.7661,0.5724,0
511.000,Minmatar Citizen 9978241,Capsule,32805,50805,53886,187,0.7083,-0.6723,0.2152,0
511.000,Minmatar Citizen 7162778,Covetor,32745,66600,56046,709,0.7677,0.5683,-0.2963,0
511.000,Minmatar Citizen 9678938,Venture,54200,36440,84755,416,0.1455,-0.3202,-0.9361,0
511.000,Minmatar Citizen 2250648,Capsule,16115,47740,100026,0,,,,0
511.000,Gallente Citizen 1635012,Venture,37975,58100,50777,243,,,,0
512.000,Caldari Citizen 9942864,Capsule,228115,224720,219108,0,,,,0
512.000,Caldari Citizen 6206817,Skiff,6320,28100,50343,1305,0.8875,0.4595,-0.0356,0
512.000,Minmatar Citizen 9745080,Capsule,32975,80260,60885,0,,,,0
512.000,Amarr Citizen 0220922,Capsule,13185,74400,29186,0,,,,0
512.000,Minmatar Citizen 4351238,Retriever,35580,69435,55936,34,,,,0
512.000,Caldari Citizen 3216932,Capsule,32600,50000,48644,0,,,,0
512.000,Minmatar Citizen 9076035,Capsule,16080,61620,63596,0,,,,0
512.000,Minmatar Citizen 6662812,Procurer,55175,35375,83309,58,,,,0
512.000,Caldari Citizen 3891005,Orca,32045,35120,70461,1051,-0.8581,-0.2748,-0.4339,0
512.000,Caldari Citizen 8777524,Capsule,223280,219905,223635,0,,,,0
512.000,Minmatar Citizen 0254120,Porpoise,36560,62960,51190,716,-0.1197,0.7595,0.6394,0
512.000,Amarr Citizen 2674287,Orca,29760,53160,53379,119,-0.8781,0.0000,0.4785,0
512.000,Amarr Citizen 5054432,Capsule,18375,9855,-112077,0,,,,0
512.000,Amarr Citizen 4520313,Capsule,15845,68625,51074,187,-0.2923,0.7661,0.5724,0
512.000,Minmatar Citizen 9978241,Capsule,32805,50805,53886,187,0.5617,-0.7405,0.3691,0
512.000,Minmatar Citizen 7162778,Covetor,34775,67535,55369,642,0.8298,0.5233,-0.1937,0
512.000,Minmatar Citizen 9678938,Venture,54200,36440,84755,425,0.0518,-0.2976,-0.9533,0
512.000,Minmatar Citizen 2250648,Capsule,16115,47740,100026,0,,,,0
512.000,Gallente Citizen 1635012,Venture,37975,58100,50777,132,-0.4752,0.2242,-0.8508,0
513.000,Caldari Citizen 9942864,Capsule,228115,224720,219108,0,,,,0
513.000,Caldari Citizen 6206817,Skiff,7415,28975,49694,1405,0.8765,0.4801,-0.0355,0
513.000,Minmatar Citizen 9745080,Capsule,32975,80260,60885,0,,,,0
513.000,Amarr Citizen 0220922,Capsule,13185,74400,29186,0,,,,0
513.000,Minmatar Citizen 4351238,Retriever,35580,69435,55936,32,,,,0
513.000,Caldari Citizen 3216932,Capsule,32600,50000,48644,0,,,,0
513.000,Minmatar Citizen 9076035,Capsule,16080,61620,63596,0,,,,0
513.000,Minmatar Citizen 6662812,Procurer,55175,35375,83309,58,,,,0
513.000,Caldari Citizen 3891005,Orca,31200,34275,70056,1062,-0.8499,-0.2262,-0.4759,0
513.000,Caldari Citizen 8777524,Capsule,223280,219905,223635,0,,,,0
513.000,Minmatar Citizen 0254120,Porpoise,36560,62960,51190,768,-0.1199,0.7638,0.6342,0
513.000,Amarr Citizen 2674287,Orca,28725,53160,53943,95,-0.8781,0.0000,0.4785,0
513.000,Amarr Citizen 5054432,Capsule,18375,9855,-112077,0,,,,0
513.000,Amarr Citizen 4520313,Capsule,15845,68625,51074,187,0.2682,0.8563,0.4413,0
513.000,Minmatar Citizen 9978241,Capsule,32805,50805,53886,187,0.0000,-0.7276,0.6860,0
513.000,Minmatar Citizen 7162778,Covetor,34775,67535,55369,584,0.8276,0.5230,-0.2039,0
513.000,Minmatar Citizen 9678938,Venture,55225,37625,83568,432,0.2128,-0.1986,-0.9567,0
513.000,Minmatar Citizen 2250648,Capsule,16115,47740,100026,0,,,,0
513.000,Gallente Citizen 1635012,Venture,37975,58100,50777,171,-0.9037,0.0317,-0.4269,0
514.000,Caldari Citizen 9942864,Capsule,228115,224720,219108,0,,,,0
514.000,Caldari Citizen 6206817,Skiff,9085,29560,50246,1487,0.9006,0.4346,-0.0061,0
514.000,Minmatar Citizen 9745080,Capsule,32975,80260,60885,0,,,,0
514.000,Amarr Citizen 0220922,Capsule,13185,74400,29186,0,,,,0
514.000,Minmatar Citizen 4351238,Retriever,35580,69435,55936,31,,,,0
514.000,Caldari Citizen 3216932,Capsule,32600,50000,48644,0,,,,0
514.000,Minmatar Citizen 9076035,Capsule,16080,61620,63596,0,,,,0
514.000,Minmatar Citizen 6662812,Procurer,55175,35375,83309,58,,,,0
514.000,Caldari Citizen 3891005,Orca,30365,34445,69141,1071,-0.8131,-0.1876,-0.5511,0
514.000,Caldari Citizen 8777524,Capsule,223280,219905,223635,0,,,,0
514.000,Minmatar Citizen 0254120,Porpoise,36420,63855,51924,815,-0.1203,0.7732,0.6227,0
514.000,Amarr Citizen 2674287,Orca,28725,53160,53943,75,-0.8781,0.0000,0.4785,0
514.000,Amarr Citizen 5054432,Capsule,18375,9855,-112077,0,,,,0
514.000,Amarr Citizen 4520313,Capsule,15845,68625,51074,187,0.6931,0.6931,0.1984,0
514.000,Minmatar Citizen 9978241,Capsule,32805,50805,53886,187,0.0000,-0.7327,0.6806,0
514.000,Minmatar Citizen 7162778,Covetor,34775,67535,55369,534,0.8007,0.5770,-0.1611,0
514.000,Minmatar Citizen 9678938,Venture,54160,36560,83463,437,0.3587,-0.0438,-0.9324,0
514.000,Minmatar Citizen 2250648,Capsule,16115,47740,100026,0,,,,0
514.000,Gallente Citizen 1635012,Venture,37975,58855,49900,604,-0.9547,-0.2368,-0.1801,0
515.000,Caldari Citizen 9942864,Capsule,228115,224720,219108,0,,,,0
515.000,Caldari Citizen 6206817,Skiff,10160,29560,50040,1557,0.9156,0.4020,0.0091,0
515.000,Minmatar Citizen 9745080,Capsule,32975,80260,60885,0,,,,0
515.000,Amarr Citizen 0220922,Capsule,13185,74400,29186,0,,,,0
515.000,Minmatar Citizen 4351238,Retriever,35580,69435,55936,30,,,,0
515.000,Caldari Citizen 3216932,Capsule,32600,50000,48644,0,,,,0
515.000,Minmatar Citizen 9076035,Capsule,16080,61620,63596,0,,,,0
515.000,Minmatar Citizen 6662812,Procurer,55175,35375,83309,58,,,,0
515.000,Caldari Citizen 3891005,Orca,29540,33620,68710,1080,-0.7391,-0.2914,-0.6073,0
515.000,Caldari Citizen 8777524,Capsule,223280,219905,223635,0,,,,0
515.000,Minmatar Citizen 0254120,Porpoise,36280,64760,52639,857,-0.1206,0.7823,0.6111,0
515.000,Amarr Citizen 2674287,Orca,28725,53160,53943,58,,,,0
515.000,Amarr Citizen 5054432,Capsule,18375,9855,-112077,0,,,,0
515.000,Amarr Citizen 4520313,Capsule,15845,68625,51074,187,0.6931,0.6931,0.1984,0
515.000,Minmatar Citizen 9978241,Capsule,32805,50805,53886,187,0.0000,-0.7327,0.6806,0
515.000,Minmatar Citizen 7162778,Covetor,35720,68480,55313,489,0.7062,0.7062,-0.0497,0
515.000,Minmatar Citizen 9678938,Venture,54160,36560,83463,439,0.5547,-0.1432,-0.8196,0
515.000,Minmatar Citizen 2250648,Capsule,16115,47740,100026,0,,,,0
515.000,Gallente Citizen 1635012,Venture,37120,58000,49831,969,-0.9320,-0.3615,0.0267,0
516.000,Caldari Citizen 9942864,Capsule,228115,224720,219108,0,,,,0
516.000,Caldari Citizen 6206817,Skiff,11820,31020,49980,1614,0.9288,0.3669,0.0518,0
516.000,Minmatar Citizen 9745080,Capsule,32975,80260,60885,0,,,,0
516.000,Amarr Citizen 0220922,Capsule,13185,74400,29186,0,,,,0
516.000,Minmatar Citizen 4351238,Retriever,35580,69435,55936,29,,,,0
516.000,Caldari Citizen 3216932,Capsule,32600,50000,48644,0,,,,0
516.000,Minmatar Citizen 9076035,Capsule,16080,61620,63596,0,,,,0
516.000,Minmatar Citizen 6662812,Procurer,55175,35375,83309,67,,,,0
516.000,Caldari Citizen 3891005,Orca,29540,34615,68214,1087,-0.7304,-0.2440,-0.6379,0
516.000,Caldari Citizen 8777524,Capsule,223280,219905,223635,0,,,,0
516.000,Minmatar Citizen 0254120,Porpoise,36280,64760,52639,894,-0.1209,0.7899,0.6012,0
516.000,Amarr Citizen 2674287,Orca,28725,53160,53943,47,,,,0
516.000,Amarr Citizen 5054432,Capsule,18375,9855,-112077,0,,,,0
516.000,Amarr Citizen 4520313,Capsule,16720,69500,51324,187,0.2682,0.8611,0.4320,0
516.000,Minmatar Citizen 9978241,Capsule,32805,50000,54634,187,0.3920,-0.3824,0.8367,0
516.000,Minmatar Citizen 7162778,Covetor,35720,68480,55313,447,0.7061,0.7061,-0.0538,0
516.000,Minmatar Citizen 9678938,Venture,55175,36560,82795,439,0.6883,-0.2777,-0.6702,0
516.000,Minmatar Citizen 2250648,Capsule,16115,47740,100026,0,,,,0
516.000,Gallente Citizen 1635012,Venture,36125,58000,50557,1261,-0.9002,-0.4115,0.1424,0
517.000,Caldari Citizen 9942864,Capsule,228115,224720,219108,0,,,,0
517.000,Caldari Citizen 6206817,Skiff,13480,31625,50390,1654,0.9311,0.3610,0.0517,0
517.000,Minmatar Citizen 9745080,Capsule,32975,80260,60885,0,,,,0
517.000,Amarr Citizen 0220922,Capsule,13185,74400,29186,0,,,,0
517.000,Minmatar Citizen 4351238,Retriever,35580,69435,55936,29,,,,0
517.000,Caldari Citizen 3216932,Capsule,32600,50000,48644,0,,,,0
517.000,Minmatar Citizen 9076035,Capsule,16080,61620,63596,0,,,,0
517.000,Minmatar Citizen 6662812,Procurer,55175,35375,83309,120,,,,0
517.000,Caldari Citizen 3891005,Orca,28725,33800,67775,1093,-0.7245,-0.3373,-0.6011,0
517.000,Caldari Citizen 8777524,Capsule,223280,219905,223635,0,,,,0
517.000,Minmatar Citizen 0254120,Porpoise,36140,65675,53336,927,-0.1212,0.8002,0.5873,0
517.000,Amarr Citizen 2674287,Orca,28725,53160,53943,40,,,,0
517.000,Amarr Citizen 5054432,Capsule,18375,9855,-112077,0,,,,0
517.000,Amarr Citizen 4520313,Capsule,16720,69500,51324,187,-0.2930,0.7770,0.5572,0
517.000,Minmatar Citizen 9978241,Capsule,32805,50000,54634,187,0.6349,0.0078,0.7725,0
517.000,Minmatar Citizen 7162778,Covetor,35720,68480,55313,406,0.7059,0.7059,-0.0578,0
517.000,Minmatar Citizen 9678938,Venture,55175,36560,82795,436,0.8511,-0.2724,-0.4489,0
517.000,Minmatar Citizen 2250648,Capsule,16115,47740,100026,0,,,,0
517.000,Gallente Citizen 1635012,Venture,35280,57155,50444,1494,-0.8781,-0.4099,0.2467,0
518.000,Caldari Citizen 9942864,Capsule,228115,224720,219108,0,,,,0
518.000,Caldari Citizen 6206817,Skiff,14525,31625,50099,1653,0.9315,0.3522,0.0913,0
518.000,Minmatar Citizen 9745080,Capsule,32975,80260,60885,0,,,,0
518.000,Amarr Citizen 0220922,Capsule,13185,74400,29186,0,,,,0
518.000,Minmatar Citizen 4351238,Retriever,35580,69435,55936,28,,,,0
518.000,Caldari Citizen 3216932,Capsule,32600,50000,48644,0,,,,0
518.000,Minmatar Citizen 9076035,Capsule,16080,61620,63596,0,,,,0
518.000,Minmatar Citizen 6662812,Procurer,55175,35375,83309,146,0.8304,0.0000,-0.5572,0
518.000,Caldari Citizen 3891005,Orca,27920,32995,67319,1097,-0.7187,-0.2923,-0.6309,0
518.000,Caldari Citizen 8777524,Capsule,223280,219905,223635,0,,,,0
518.000,Minmatar Citizen 0254120,Porpoise,36000,66600,54013,947,-0.1214,0.8091,0.5750,0
518.000,Amarr Citizen 2674287,Orca,28725,53160,53943,39,,,,0
518.000,Amarr Citizen 5054432,Capsule,18375,9855,-112077,0,,,,0
518.000,Amarr Citizen 4520313,Capsule,16720,69500,51324,187,-0.7552,0.4305,0.4942,0
518.000,Minmatar Citizen 9978241,Capsule,32805,50000,54634,187,0.7391,0.3741,0.5602,0
518.000,Minmatar Citizen 7162778,Covetor,36675,69435,55224,384,0.7056,0.7056,-0.0658,0
518.000,Minmatar Citizen 9678938,Venture,56180,36560,82117,430,0.8297,-0.4076,-0.3813,0
518.000,Minmatar Citizen 2250648,Capsule,16115,47740,100026,0,,,,0
518.000,Gallente Citizen 1635012,Venture,33440,56320,50979,1617,-0.8913,-0.3709,0.2609,0
519.000,Caldari Citizen 9942864,Capsule,228115,224720,219108,0,,,,0
519.000,Caldari Citizen 6206817,Skiff,16175,32240,50428,1664,0.9430,0.3135,0.1115,0
519.000,Minmatar Citizen 9745080,Capsule,32975,80260,60885,0,,,,0
519.000,Amarr Citizen 0220922,Capsule,13185,74400,29186,0,,,,0
519.000,Minmatar Citizen 4351238,Retriever,35580,69435,55936,28,0.8144,0.4422,0.3759,0
519.000,Caldari Citizen 3216932,Capsule,32600,50000,48644,0,,,,0
519.000,Minmatar Citizen 9076035,Capsule,16080,61620,63596,0,,,,0
519.000,Minmatar Citizen 6662812,Procurer,55175,35375,83309,182,0.8304,0.0000,-0.5572,0
519.000,Caldari Citizen 3891005,Orca,27125,33185,66363,1100,-0.7126,-0.2719,-0.6467,0
519.000,Caldari Citizen 8777524,Capsule,223280,219905,223635,0,,,,0
519.000,Minmatar Citizen 0254120,Porpoise,35860,67535,54673,975,-0.0196,0.8532,0.5213,0
519.000,Amarr Citizen 2674287,Orca,28725,53160,53943,40,,,,0
519.000,Amarr Citizen 5054432,Capsule,18375,9855,-112077,0,,,,0
519.000,Amarr Citizen 4520313,Capsule,15515,69500,51701,187,-0.7533,0.4371,0.4914,0
519.000,Minmatar Citizen 9978241,Capsule,33620,50815,54877,187,0.7411,0.3706,0.5598,0
519.000,Minmatar Citizen 7162778,Covetor,36675,69435,55224,356,0.7051,0.7051,-0.0751,0
519.000,Minmatar Citizen 9678938,Venture,56180,36560,82117,406,0.7800,-0.5546,-0.2898,0
519.000,Minmatar Citizen 2250648,Capsule,16115,47740,100026,0,,,,0
519.000,Gallente Citizen 1635012,Venture,31600,55495,51437,1769,-0.8981,-0.3728,0.2333,0
520.000,Caldari Citizen 9942864,Capsule,228115,224720,219108,0,,,,0
520.000,Caldari Citizen 6206817,Skiff,17825,32865,50707,1680,0.9245,0.3534,0.1431,0
520.000,Minmatar Citizen 9745080,Capsule,32975,80260,60885,0,,,,0
520.000,Amarr Citizen 0220922,Capsule,13185,74400,29186,0,,,,0
520.000,Minmatar Citizen 4351238,Retriever,35580,69435,55936,28,0.3606,0.3081,0.8803,0
520.000,Caldari Citizen 3216932,Capsule,32600,50000,48644,0,,,,0
520.000,Minmatar Citizen 9076035,Capsule,16080,61620,63596,0,,,,0
520.000,Minmatar Citizen 6662812,Procurer,56180,35375,82634,209,0.8304,0.0000,-0.5572,0
520.000,Caldari Citizen 3891005,Orca,26340,32400,65882,1102,-0.7001,-0.2000,-0.6854,0
520.000,Caldari Citizen 8777524,Capsule,223280,219905,223635,0,,,,0
520.000,Minmatar Citizen 0254120,Porpoise,35720,68480,55313,1000,-0.0464,0.8516,0.5222,0
520.000,Amarr Citizen 2674287,Orca,28725,53160,53943,45,,,,0
520.000,Amarr Citizen 5054432,Capsule,18375,9855,-112077,0,,,,0
520.000,Amarr Citizen 4520313,Capsule,15515,69500,51701,187,-0.2843,0.7861,0.5488,0
520.000,Minmatar Citizen 9978241,Capsule,33620,50815,54877,187,0.6366,0.0000,0.7712,0
520.000,Minmatar Citizen 7162778,Covetor,36675,69435,55224,334,0.7983,0.5694,0.1965,0
520.000,Minmatar Citizen 9678938,Venture,56180,35375,82634,379,0.7579,-0.5997,-0.2567,0
520.000,Minmatar Citizen 2250648,Capsule,16115,47740,100026,0,,,,0
520.000,Gallente Citizen 1635012,Venture,30575,55495,52053,1880,-0.9074,-0.3422,0.2438,0
521.000,Caldari Citizen 9942864,Capsule,228115,224720,219108,0,,,,0
521.000,Caldari Citizen 6206817,Skiff,19475,33500,50936,1550,0.9031,0.3923,0.1745,0
521.000,Minmatar Citizen 9745080,Capsule,32975,80260,60885,0,,,,0
521.000,Amarr Citizen 0220922,Capsule,13185,74400,29186,0,,,,0
521.000,Minmatar Citizen 4351238,Retriever,36545,70400,55833,28,0.3302,0.4456,0.8321,0
521.000,Caldari Citizen 3216932,Capsule,32600,50000,48644,0,,,,0
521.000,Minmatar Citizen 9076035,Capsule,16080,61620,63596,0,,,,0
521.000,Minmatar Citizen 6662812,Procurer,56180,35375,82634,231,0.8797,0.3419,-0.3304,0
521.000,Caldari Citizen 3891005,Orca,25565,32600,64905,1101,-0.6833,-0.1300,-0.7184,0
521.000,Caldari Citizen 8777524,Capsule,223280,219905,223635,0,,,,0
521.000,Minmatar Citizen 0254120,Porpoise,35580,69435,55936,1019,0.0495,0.8852,0.4626,0
521.000,Amarr Citizen 2674287,Orca,28725,53160,53943,51,,,,0
521.000,Amarr Citizen 5054432,Capsule,18375,9855,-112077,0,,,,0
521.000,Amarr Citizen 4520313,Capsule,15515,69500,51701,187,0.2760,0.8648,0.4195,0
521.000,Minmatar Citizen 9978241,Capsule,33620,50815,54877,187,0.3919,-0.3919,0.8324,0
521.000,Minmatar Citizen 7162778,Covetor,36675,69435,55224,316,0.7944,0.2902,0.5336,0
521.000,Minmatar Citizen 9678938,Venture,57175,35375,81949,367,0.8232,-0.5672,0.0256,0
521.000,Minmatar Citizen 2250648,Capsule,16115,47740,100026,0,,,,0
521.000,Gallente Citizen 1635012,Venture,28725,54680,52402,1557,-0.9172,-0.3106,0.2495,0
522.000,Caldari Citizen 9942864,Capsule,228115,224720,219108,0,,,,0
522.000,Caldari Citizen 6206817,Skiff,21125,34145,51116,1362,0.9129,0.3857,0.1336,0
522.000,Minmatar Citizen 9745080,Capsule,32975,80260,60885,0,,,,0
522.000,Amarr Citizen 0220922,Capsule,13185,74400,29186,0,,,,0
522.000,Minmatar Citizen 4351238,Retriever,36545,69665,56747,706,0.2527,0.2515,0.9343,0
522.000,Caldari Citizen 3216932,Capsule,32600,50000,48644,0,,,,0
522.000,Minmatar Citizen 9076035,Capsule,16080,61620,63596,0,,,,0
522.000,Minmatar Citizen 6662812,Procurer,56180,35375,82634,247,0.8689,0.4086,-0.2793,0
522.000,Caldari Citizen 3891005,Orca,24800,32800,63915,1097,-0.6829,-0.1874,-0.7060,0
522.000,Caldari Citizen 8777524,Capsule,223280,219905,223635,0,,,,0
522.000,Minmatar Citizen 0254120,Porpoise,36545,70400,55833,680,-0.0205,0.8733,0.4868,0
522.000,Amarr Citizen 2674287,Orca,28725,53160,53943,58,,,,0
522.000,Amarr Citizen 5054432,Capsule,18375,9855,-112077,0,,,,0
522.000,Amarr Citizen 4520313,Capsule,16400,70385,51942,187,0.6944,0.6944,0.1889,0
522.000,Minmatar Citizen 9978241,Capsule,33620,50000,55621,187,0.0000,-0.7387,0.6740,0
522.000,Minmatar Citizen 7162778,Covetor,37640,70400,55101,303,0.8173,0.4037,0.4110,0
522.000,Minmatar Citizen 9678938,Venture,57175,35375,81949,376,0.9210,-0.3760,0.1022,0
522.000,Minmatar Citizen 2250648,Capsule,16115,47740,100026,0,,,,0
522.000,Gallente Citizen 1635012,Venture,26875,53875,52680,1232,-0.9238,-0.2866,0.2539,0
523.000,Caldari Citizen 9942864,Capsule,228115,224720,219108,0,,,,0
523.000,Caldari Citizen 6206817,Skiff,21780,34800,51678,1197,0.9066,0.4015,0.1297,0
523.000,Minmatar Citizen 9745080,Capsule,32975,80260,60885,0,,,,0
523.000,Amarr Citizen 0220922,Capsule,13185,74400,29186,0,,,,0
523.000,Minmatar Citizen 4351238,Retriever,35440,69665,57444,613,-0.0847,0.0927,0.9921,0
523.000,Caldari Citizen 3216932,Capsule,32600,50000,48644,0,,,,0
523.000,Minmatar Citizen 9076035,Capsule,16080,61620,63596,0,,,,0
523.000,Minmatar Citizen 6662812,Procurer,56180,35375,82634,260,0.9644,0.2380,-0.1150,0
523.000,Caldari Citizen 3891005,Orca,24045,32045,63403,1090,-0.6700,-0.1495,-0.7272,0
523.000,Caldari Citizen 8777524,Capsule,223280,219905,223635,0,,,,0
523.000,Minmatar Citizen 0254120,Porpoise,35440,70400,56541,586,-0.1214,0.8431,0.5239,0
523.000,Amarr Citizen 2674287,Orca,28725,53160,53943,64,,,,0
523.000,Amarr Citizen 5054432,Capsule,18375,9855,-112077,0,,,,0
523.000,Amarr Citizen 4520313,Capsule,16400,70385,51942,187,0.6944,0.6944,0.1889,0
523.000,Minmatar Citizen 9978241,Capsule,33620,50000,55621,187,0.0000,-0.7387,0.6740,0
523.000,Minmatar Citizen 7162778,Covetor,37640,69665,56027,294,0.6099,0.5030,0.6124,0
523.000,Minmatar Citizen 9678938,Venture,57175,35375,81949,397,0.9831,-0.0818,0.1641,0
523.000,Minmatar Citizen 2250648,Capsule,16115,47740,100026,0,,,,0
523.000,Gallente Citizen 1635012,Venture,26875,53875,52680,979,-0.8740,-0.3613,0.3248,0
524.000,Caldari Citizen 9942864,Capsule,228115,224720,219108,0,,,,0
524.000,Caldari Citizen 6206817,Skiff,23440,35465,51786,1059,0.9020,0.4129,0.1259,0
524.000,Minmatar Citizen 9745080,Capsule,32975,80260,60885,0,,,,0
524.000,Amarr Citizen 0220922,Capsule,13185,74400,29186,0,,,,0
524.000,Minmatar Citizen 4351238,Retriever,36415,70640,57341,466,-0.3409,-0.0536,0.9386,0
524.000,Caldari Citizen 3216932,Capsule,32600,50000,48644,0,,,,0
524.000,Minmatar Citizen 9076035,Capsule,16080,61620,63596,0,,,,0
524.000,Minmatar Citizen 6662812,Procurer,57245,36440,82729,270,0.9961,0.0334,-0.0815,0
524.000,Caldari Citizen 3891005,Orca,23300,32255,62392,1077,-0.6604,-0.1455,-0.7367,0
524.000,Caldari Citizen 8777524,Capsule,223280,219905,223635,0,,,,0
524.000,Minmatar Citizen 0254120,Porpoise,36415,71375,56423,523,-0.0387,0.8782,0.4768,0
524.000,Amarr Citizen 2674287,Orca,28725,53160,53943,70,,,,0
524.000,Amarr Citizen 5054432,Capsule,18375,9855,-112077,0,,,,0
524.000,Amarr Citizen 4520313,Capsule,16400,70385,51942,187,0.2759,0.8693,0.4102,0
524.000,Minmatar Citizen 9978241,Capsule,33620,50000,55621,187,0.0000,-0.7437,0.6685,0
524.000,Minmatar Citizen 7162778,Covetor,37640,69665,56027,287,0.3510,0.5442,0.7620,0
524.000,Minmatar Citizen 9678938,Venture,58240,35245,82552,409,0.3743,-0.4832,0.7915,0
524.000,Minmatar Citizen 2250648,Capsule,16115,47740,100026,0,,,,0
524.000,Gallente Citizen 1635012,Venture,25820,53875,53205,734,-0.7675,-0.3999,0.5010,0
525.000,Caldari Citizen 9942864,Capsule,228115,224720,219108,0,,,,0
525.000,Caldari Citizen 6206817,Skiff,24425,35465,51329,944,0.9072,0.4101,0.0938,0
525.000,Minmatar Citizen 9745080,Capsule,32975,80260,60885,0,,,,0
525.000,Amarr Citizen 0220922,Capsule,13185,74400,29186,0,,,,0
525.000,Minmatar Citizen 4351238,Retriever,36415,69895,58246,356,-0.1890,0.2919,0.9376,0
525.000,Caldari Citizen 3216932,Capsule,32600,50000,48644,0,,,,0
525.000,Minmatar Citizen 9076035,Capsule,16080,61620,63596,0,,,,0
525.000,Minmatar Citizen 6662812,Procurer,58240,36440,82032,278,0.9856,-0.1610,-0.0512,0
525.000,Caldari Citizen 3891005,Orca,22565,31520,61857,1060,-0.6557,-0.1707,-0.7355,0
525.000,Caldari Citizen 8777524,Capsule,223280,219905,223635,0,,,,0
525.000,Minmatar Citizen 0254120,Porpoise,35300,71375,57127,452,-0.0187,0.6947,0.7191,0
525.000,Amarr Citizen 2674287,Orca,28725,53160,53943,76,,,,0
525.000,Amarr Citizen 5054432,Capsule,18375,9855,-112077,0,,,,0
525.000,Amarr Citizen 4520313,Capsule,16400,70385,51942,187,-0.2848,0.7966,0.5333,0
525.000,Minmatar Citizen 9978241,Capsule,33620,50000,55621,187,0.0000,-0.7486,0.6630,0
525.000,Minmatar Citizen 7162778,Covetor,38615,70640,55883,281,-0.0978,0.4949,0.8634,0
525.000,Minmatar Citizen 9678938,Venture,58240,35245,82552,402,0.3397,-0.3279,0.8815,0
525.000,Minmatar Citizen 2250648,Capsule,16115,47740,100026,0,,,,0
525.000,Gallente Citizen 1635012,Venture,25820,53875,53205,464,-0.6557,-0.3507,0.6687,0
526.000,Caldari Citizen 9942864,Capsule,228115,224720,219108,0,,,,0
526.000,Caldari Citizen 6206817,Skiff,25100,36140,51845,855,0.9191,0.3911,0.0487,0
526.000,Minmatar Citizen 9745080,Capsule,32975,80260,60885,0,,,,0
526.000,Amarr Citizen 0220922,Capsule,13185,74400,29186,0,,,,0
526.000,Minmatar Citizen 4351238,Retriever,35300,69895,58929,279,0.1304,0.4637,0.8764,0
526.000,Caldari Citizen 3216932,Capsule,32600,50000,48644,0,,,,0
526.000,Minmatar Citizen 9076035,Capsule,16080,61620,63596,0,,,,0
526.000,Minmatar Citizen 6662812,Procurer,58240,35245,82552,284,0.8992,-0.4375,-0.0087,0
526.000,Caldari Citizen 3891005,Orca,21840,31740,60824,1039,-0.6257,-0.0400,-0.7790,0
526.000,Caldari Citizen 8777524,Capsule,223280,219905,223635,0,,,,0
526.000,Minmatar Citizen 0254120,Porpoise,35300,71375,57127,414,-0.0110,0.4953,0.8686,0
526.000,Amarr Citizen 2674287,Orca,28725,53160,53943,77,,,,0
526.000,Amarr Citizen 5054432,Capsule,18375,9855,-112077,0,,,,0
526.000,Amarr Citizen 4520313,Capsule,16400,70385,51942,187,-0.2848,0.7966,0.5333,0
526.000,Minmatar Citizen 9978241,Capsule,33620,50000,55621,187,0.0000,-0.7486,0.6630,0
526.000,Minmatar Citizen 7162778,Covetor,37520,70640,56624,278,-0.2663,0.7659,0.5852,0
526.000,Minmatar Citizen 9678938,Venture,58240,35245,82552,344,0.2584,-0.2231,0.9399,0
526.000,Minmatar Citizen 2250648,Capsule,16115,47740,100026,0,,,,0
526.000,Gallente Citizen 1635012,Venture,25820,53120,53959,291,-0.5326,-0.4556,0.7133,0
527.000,Caldari Citizen 9942864,Capsule,228115,224720,219108,0,,,,0
527.000,Caldari Citizen 6206817,Skiff,25100,36140,51845,694,0.9425,0.2829,0.1778,0
527.000,Minmatar Citizen 9745080,Capsule,32975,80260,60885,0,,,,0
527.000,Amarr Citizen 0220922,Capsule,13185,74400,29186,0,,,,0
527.000,Minmatar Citizen 4351238,Retriever,35300,69895,58929,215,0.0505,0.5542,0.8308,0
527.000,Caldari Citizen 3216932,Capsule,32600,50000,48644,0,,,,0
527.000,Minmatar Citizen 9076035,Capsule,16080,61620,63596,0,,,,0
527.000,Minmatar Citizen 6662812,Procurer,58240,35245,82552,289,0.6926,-0.6967,-0.1867,0
527.000,Caldari Citizen 3891005,Orca,21125,31960,59777,1011,-0.5951,0.0460,-0.8023,0
527.000,Caldari Citizen 8777524,Capsule,223280,219905,223635,0,,,,0
527.000,Minmatar Citizen 0254120,Porpoise,36285,72360,56995,406,-0.2822,0.1383,0.9493,0
527.000,Amarr Citizen 2674287,Orca,28725,53160,53943,79,,,,0
527.000,Amarr Citizen 5054432,Capsule,18375,9855,-112077,0,,,,0
527.000,Amarr Citizen 4520313,Capsule,16080,71280,52541,187,-0.2848,0.7966,0.5333,0
527.000,Minmatar Citizen 9978241,Capsule,33620,49175,56352,187,0.4000,-0.4000,0.8246,0
527.000,Minmatar Citizen 7162778,Covetor,37520,70640,56624,275,0.0621,0.9015,0.4284,0
527.000,Minmatar Citizen 9678938,Venture,57245,34040,83745,227,0.0702,0.4147,0.9072,0
527.000,Minmatar Citizen 2250648,Capsule,16115,47740,100026,0,,,,0
527.000,Gallente Citizen 1635012,Venture,25820,53120,53959,183,-0.1838,-0.6514,0.7361,0
528.000,Caldari Citizen 9942864,Capsule,228115,224720,219108,0,,,,0
528.000,Caldari Citizen 6206817,Skiff,26760,36825,51854,556,0.9240,0.1395,0.3561,0
528.000,Minmatar Citizen 9745080,Capsule,32975,80260,60885,0,,,,0
528.000,Amarr Citizen 0220922,Capsule,13185,74400,29186,0,,,,0
528.000,Minmatar Citizen 4351238,Retriever,36285,70880,58825,167,0.3887,0.8956,0.2162,0
528.000,Caldari Citizen 3216932,Capsule,32600,50000,48644,0,,,,0
528.000,Minmatar Citizen 9076035,Capsule,16080,61620,63596,0,,,,0
528.000,Minmatar Citizen 6662812,Procurer,58240,35245,82552,292,0.7697,-0.5603,-0.3059,0
528.000,Caldari Citizen 3891005,Orca,20420,31255,59213,980,-0.4456,0.1739,-0.8782,0
528.000,Caldari Citizen 8777524,Capsule,223280,219905,223635,0,,,,0
528.000,Minmatar Citizen 0254120,Porpoise,36285,71625,57916,423,-0.1525,-0.1437,0.9778,0
528.000,Amarr Citizen 2674287,Orca,28725,53160,53943,80,,,,0
528.000,Amarr Citizen 5054432,Capsule,18375,9855,-112077,0,,,,0
528.000,Amarr Citizen 4520313,Capsule,16080,71280,52541,187,-0.2848,0.7966,0.5333,0
528.000,Minmatar Citizen 9978241,Capsule,33620,49175,56352,187,0.6479,0.0000,0.7617,0
528.000,Minmatar Citizen 7162778,Covetor,37520,70640,56624,273,0.3046,0.9149,0.2650,0
528.000,Minmatar Citizen 9678938,Venture,58320,35115,83843,154,-0.3345,0.6164,0.7128,0
528.000,Minmatar Citizen 2250648,Capsule,16115,47740,100026,0,,,,0
528.000,Gallente Citizen 1635012,Venture,24755,53120,54456,171,,,,0
529.000,Caldari Citizen 9942864,Capsule,228115,224720,219108,0,,,,0
529.000,Caldari Citizen 6206817,Skiff,26760,36825,51854,452,0.9704,-0.1530,0.1869,0
529.000,Minmatar Citizen 9745080,Capsule,32975,80260,60885,0,,,,0
529.000,Amarr Citizen 0220922,Capsule,13185,74400,29186,0,,,,0
529.000,Minmatar Citizen 4351238,Retriever,36285,70880,58825,132,0.7052,0.7052,-0.0740,0
529.000,Caldari Citizen 3216932,Capsule,32600,50000,48644,0,,,,0
529.000,Minmatar Citizen 9076035,Capsule,16080,61620,63596,0,,,,0
529.000,Minmatar Citizen 6662812,Procurer,58240,35245,82552,295,0.8136,0.0000,-0.5814,0
529.000,Caldari Citizen 3891005,Orca,20420,32180,58715,947,-0.3803,0.1158,-0.9176,0
529.000,Caldari Citizen 8777524,Capsule,223280,219905,223635,0,,,,0
529.000,Minmatar Citizen 0254120,Porpoise,35160,71625,58606,454,-0.0643,-0.1159,0.9912,0
529.000,Amarr Citizen 2674287,Orca,28725,53160,53943,82,,,,0
529.000,Amarr Citizen 5054432,Capsule,18375,9855,-112077,0,,,,0
529.000,Amarr Citizen 4520313,Capsule,16080,71280,52541,187,,,,0
529.000,Minmatar Citizen 9978241,Capsule,33620,49175,56352,187,0.7480,0.3740,0.5482,0
529.000,Minmatar Citizen 7162778,Covetor,37520,70640,56624,233,0.7025,0.7025,-0.1136,0
529.000,Minmatar Citizen 9678938,Venture,58320,35115,83843,166,-0.6322,0.7656,0.1195,0
529.000,Minmatar Citizen 2250648,Capsule,16115,47740,100026,0,,,,0
529.000,Gallente Citizen 1635012,Venture,25820,53120,53959,212,,,,0
530.000,Caldari Citizen 9942864,Capsule,228115,224720,219108,0,,,,0
530.000,Caldari Citizen 6206817,Skiff,26760,35960,52457,366,0.9468,-0.3027,0.1092,0
530.000,Minmatar Citizen 9745080,Capsule,32975,80260,60885,0,,,,0
530.000,Amarr Citizen 0220922,Capsule,13185,74400,29186,0,,,,0
530.000,Minmatar Citizen 4351238,Retriever,36285,70880,58825,104,,,,0
530.000,Caldari Citizen 3216932,Capsule,32600,50000,48644,0,,,,0
530.000,Minmatar Citizen 9076035,Capsule,16080,61620,63596,0,,,,0
530.000,Minmatar Citizen 6662812,Procurer,59225,35245,81849,298,0.8136,0.0000,-0.5814,0
530.000,Caldari Citizen 3891005,Orca,19725,32400,57638,912,-0.2978,0.1757,-0.9383,0
530.000,Caldari Citizen 8777524,Capsule,223280,219905,223635,0,,,,0
530.000,Minmatar Citizen 0254120,Porpoise,35160,71625,58606,493,-0.0455,-0.2773,0.9597,0
530.000,Amarr Citizen 2674287,Orca,28725,53160,53943,84,,,,0
530.000,Amarr Citizen 5054432,Capsule,18375,9855,-112077,0,,,,0
530.000,Amarr Citizen 4520313,Capsule,16080,71280,52541,187,,,,0
530.000,Minmatar Citizen 9978241,Capsule,34445,50000,56591,187,0.7500,0.3705,0.5480,0
530.000,Minmatar Citizen 7162778,Covetor,38505,71625,56464,201,0.3946,0.8987,0.1913,0
530.000,Minmatar Citizen 9678938,Venture,58320,36320,83328,216,-0.0358,0.5973,-0.8013,0
530.000,Minmatar Citizen 2250648,Capsule,16115,47740,100026,0,,,,0
530.000,Gallente Citizen 1635012,Venture,25820,53120,53959,263,0.7583,-0.2352,0.6080,0
531.000,Caldari Citizen 9942864,Capsule,228115,224720,219108,0,,,,0
531.000,Caldari Citizen 6206817,Skiff,26760,35960,52457,299,0.9477,-0.2696,0.1708,0
531.000,Minmatar Citizen 9745080,Capsule,32975,80260,60885,0,,,,0
531.000,Amarr Citizen 0220922,Capsule,13185,74400,29186,0,,,,0
531.000,Minmatar Citizen 4351238,Retriever,36285,70880,58825,84,,,,0
531.000,Caldari Citizen 3216932,Capsule,32600,50000,48644,0,,,,0
531.000,Minmatar Citizen 9076035,Capsule,16080,61620,63596,0,,,,0
531.000,Minmatar Citizen 6662812,Procurer,59225,35245,81849,299,0.8110,0.0000,-0.5850,0
531.000,Caldari Citizen 3891005,Orca,20075,32620,56187,878,-0.1595,0.2306,-0.9599,0
531.000,Caldari Citizen 8777524,Capsule,223280,219905,223635,0,,,,0
531.000,Minmatar Citizen 0254120,Porpoise,35160,70880,59505,484,0.2202,-0.1931,0.9562,0
531.000,Amarr Citizen 2674287,Orca,28725,53160,53943,87,,,,0
531.000,Amarr Citizen 5054432,Capsule,18375,9855,-112077,0,,,,0
531.000,Amarr Citizen 4520313,Capsule,16080,71280,52541,187,0.6985,0.6985,0.1557,0
531.000,Minmatar Citizen 9978241,Capsule,34445,50000,56591,187,0.6493,-0.0079,0.7605,0
531.000,Minmatar Citizen 7162778,Covetor,38505,71625,56464,181,-0.1045,0.8575,0.5037,0
531.000,Minmatar Citizen 9678938,Venture,57245,35245,83245,264,-0.2196,-0.0633,-0.9735,0
531.000,Minmatar Citizen 2250648,Capsule,16115,47740,100026,0,,,,0
531.000,Gallente Citizen 1635012,Venture,25820,53120,53959,307,0.8464,-0.0662,0.5284,0
532.000,Caldari Citizen 9942864,Capsule,228115,224720,219108,0,,,,0
532.000,Caldari Citizen 6206817,Skiff,27725,35960,51954,247,0.9879,0.0938,0.1238,0
532.000,Minmatar Citizen 9745080,Capsule,32975,80260,60885,0,,,,0
532.000,Amarr Citizen 0220922,Capsule,13185,74400,29186,0,,,,0
532.000,Minmatar Citizen 4351238,Retriever,36285,70880,58825,69,,,,0
532.000,Caldari Citizen 3216932,Capsule,32600,50000,48644,0,,,,0
532.000,Minmatar Citizen 9076035,Capsule,16080,61620,63596,0,,,,0
532.000,Minmatar Citizen 6662812,Procurer,59225,35245,81849,301,0.8093,0.0000,-0.5874,0
532.000,Caldari Citizen 3891005,Orca,19400,31945,55607,847,-0.1033,0.1670,-0.9805,0
532.000,Caldari Citizen 8777524,Capsule,223280,219905,223635,0,,,,0
532.000,Minmatar Citizen 0254120,Porpoise,36155,71875,59387,442,0.5329,-0.2040,0.8212,0
532.000,Amarr Citizen 2674287,Orca,28725,53160,53943,91,0.8781,0.0000,-0.4785,0
532.000,Amarr Citizen 5054432,Capsule,18375,9855,-112077,0,,,,0
532.000,Amarr Citizen 4520313,Capsule,16080,71280,52541,187,0.2844,0.8800,0.3804,0
532.000,Minmatar Citizen 9978241,Capsule,34445,50000,56591,187,0.7981,-0.3706,0.4751,0
532.000,Minmatar Citizen 7162778,Covetor,38505,71625,56464,172,-0.5975,0.4804,0.6421,0
532.000,Minmatar Citizen 9678938,Venture,57245,35245,83245,302,0.0931,-0.2752,-0.9569,0
532.000,Minmatar Citizen 2250648,Capsule,16115,47740,100026,0,,,,0
532.000,Gallente Citizen 1635012,Venture,25820,52355,54702,342,0.8601,0.0258,0.5095,0
533.000,Caldari Citizen 9942864,Capsule,228115,224720,219108,0,,,,0
533.000,Caldari Citizen 6206817,Skiff,27725,35960,51954,206,0.9068,0.4204,0.0331,0
533.000,Minmatar Citizen 9745080,Capsule,32975,80260,60885,0,,,,0
533.000,Amarr Citizen 0220922,Capsule,13185,74400,29186,0,,,,0
533.000,Minmatar Citizen 4351238,Retriever,36285,70880,58825,58,,,,0
533.000,Caldari Citizen 3216932,Capsule,32600,50000,48644,0,,,,0
533.000,Minmatar Citizen 9076035,Capsule,16080,61620,63596,0,,,,0
533.000,Minmatar Citizen 6662812,Procurer,59225,35245,81849,302,0.7900,-0.4881,-0.3711,0
533.000,Caldari Citizen 3891005,Orca,19400,32840,55083,818,0.0376,0.1906,-0.9810,0
533.000,Caldari Citizen 8777524,Capsule,223280,219905,223635,0,,,,0
533.000,Minmatar Citizen 0254120,Porpoise,36155,71120,60289,398,0.5412,-0.1947,0.8181,0
533.000,Amarr Citizen 2674287,Orca,28725,53160,53943,94,0.8781,0.0000,-0.4785,0
533.000,Amarr Citizen 5054432,Capsule,18375,9855,-112077,0,,,,0
533.000,Amarr Citizen 4520313,Capsule,16985,72185,52743,187,-0.1104,0.8628,0.4934,0
533.000,Minmatar Citizen 9978241,Capsule,34445,49165,57318,187,0.6928,-0.6976,0.1828,0
533.000,Minmatar Citizen 7162778,Covetor,37400,71625,57202,171,-0.5957,0.4879,0.6380,0
533.000,Minmatar Citizen 9678938,Venture,58240,35245,82552,331,0.2745,-0.3106,-0.9101,0
533.000,Minmatar Citizen 2250648,Capsule,16115,47740,100026,0,,,,0
533.000,Gallente Citizen 1635012,Venture,26625,53160,55010,369,0.9556,0.0950,0.2788,0
534.000,Caldari Citizen 9942864,Capsule,228115,224720,219108,0,,,,0
534.000,Caldari Citizen 6206817,Skiff,28420,36655,52428,175,0.8500,0.5017,0.1607,0
534.000,Minmatar Citizen 9745080,Capsule,32975,80260,60885,0,,,,0
534.000,Amarr Citizen 0220922,Capsule,13185,74400,29186,0,,,,0
534.000,Minmatar Citizen 4351238,Retriever,36285,70880,58825,50,,,,0
534.000,Caldari Citizen 3216932,Capsule,32600,50000,48644,0,,,,0
534.000,Minmatar Citizen 9076035,Capsule,16080,61620,63596,0,,,,0
534.000,Minmatar Citizen 6662812,Procurer,60200,35245,81134,303,0.6824,-0.7028,-0.2009,0
534.000,Caldari Citizen 3891005,Orca,19760,33060,53596,793,0.0900,0.2266,-0.9698,0
534.000,Caldari Citizen 8777524,Capsule,223280,219905,223635,0,,,,0
534.000,Minmatar Citizen 0254120,Porpoise,36155,71120,60289,357,0.3700,-0.3824,0.8467,0
534.000,Amarr Citizen 2674287,Orca,29760,53160,53379,96,0.6170,-0.3926,-0.6821,0
534.000,Amarr Citizen 5054432,Capsule,18375,9855,-112077,0,,,,0
534.000,Amarr Citizen 4520313,Capsule,16985,72185,52743,187,-0.4510,0.7225,0.5240,0
534.000,Minmatar Citizen 9978241,Capsule,34445,49165,57318,187,0.8195,-0.5731,-0.0033,0
534.000,Minmatar Citizen 7162778,Covetor,37400,71625,57202,173,-0.0958,0.8662,0.4904,0
534.000,Minmatar Citizen 9678938,Venture,58240,35245,82552,354,0.4166,0.0592,-0.9072,0
534.000,Minmatar Citizen 2250648,Capsule,16115,47740,100026,0,,,,0
534.000,Gallente Citizen 1635012,Venture,26625,53160,55010,389,0.9846,0.1645,0.0600,0
535.000,Caldari Citizen 9942864,Capsule,228115,224720,219108,0,,,,0
535.000,Caldari Citizen 6206817,Skiff,28420,36655,52428,150,0.6368,0.6368,0.4346,0
535.000,Minmatar Citizen 9745080,Capsule,32975,80260,60885,0,,,,0
535.000,Amarr Citizen 0220922,Capsule,13185,74400,29186,0,,,,0
535.000,Minmatar Citizen 4351238,Retriever,36285,70880,58825,44,,,,0
535.000,Caldari Citizen 3216932,Capsule,32600,50000,48644,0,,,,0
535.000,Minmatar Citizen 9076035,Capsule,16080,61620,63596,0,,,,0
535.000,Minmatar Citizen 6662812,Procurer,60200,35245,81134,303,0.7102,-0.6608,-0.2428,0
535.000,Caldari Citizen 3891005,Orca,19760,33060,53596,772,0.2978,0.3288,-0.8962,0
535.000,Caldari Citizen 8777524,Capsule,223280,219905,223635,0,,,,0
535.000,Minmatar Citizen 0254120,Porpoise,36155,71120,60289,317,0.0000,-0.6478,0.7618,0
535.000,Amarr Citizen 2674287,Orca,29760,53160,53379,98,0.1946,-0.6810,-0.7059,0
535.000,Amarr Citizen 5054432,Capsule,18375,9855,-112077,0,,,,0
535.000,Amarr Citizen 4520313,Capsule,15760,72185,53122,187,-0.2808,0.8112,0.5130,0
535.000,Minmatar Citizen 9978241,Capsule,35440,49165,56708,187,0.8990,-0.3772,-0.2226,0
535.000,Minmatar Citizen 7162778,Covetor,37400,71625,57202,178,0.4000,0.8995,0.1757,0
535.000,Minmatar Citizen 9678938,Venture,58240,35245,82552,372,0.4116,0.0591,-0.9094,0
535.000,Minmatar Citizen 2250648,Capsule,16115,47740,100026,0,,,,0
535.000,Gallente Citizen 1635012,Venture,27680,53160,54487,405,0.9999,0.0103,0.0026,0
536.000,Caldari Citizen 9942864,Capsule,228115,224720,219108,0,,,,0
536.000,Caldari Citizen 6206817,Skiff,28420,36655,52428,130,,,,0
536.000,Minmatar Citizen 9745080,Capsule,32975,80260,60885,0,,,,0
536.000,Amarr Citizen 0220922,Capsule,13185,74400,29186,0,,,,0
536.000,Minmatar Citizen 4351238,Retriever,36285,70880,58825,39,,,,0
536.000,Caldari Citizen 3216932,Capsule,32600,50000,48644,0,,,,0
536.000,Minmatar Citizen 9076035,Capsule,16080,61620,63596,0,,,,0
536.000,Minmatar Citizen 6662812,Procurer,60200,34040,81647,304,0.7091,-0.6615,-0.2441,0
536.000,Caldari Citizen 3891005,Orca,20120,33280,52083,755,0.2941,0.2030,-0.9340,0
536.000,Caldari Citizen 8777524,Capsule,223280,219905,223635,0,,,,0
536.000,Minmatar Citizen 0254120,Porpoise,36155,71120,60289,268,0.0000,-0.6514,0.7587,0
536.000,Amarr Citizen 2674287,Orca,29760,53160,53379,101,-0.2825,-0.7910,-0.5428,0
536.000,Amarr Citizen 5054432,Capsule,18375,9855,-112077,0,,,,0
536.000,Amarr Citizen 4520313,Capsule,15760,72185,53122,187,-0.2763,0.8156,0.5084,0
536.000,Minmatar Citizen 9978241,Capsule,35440,49165,56708,187,0.8800,-0.4484,-0.1564,0
536.000,Minmatar Citizen 7162778,Covetor,38395,72620,57028,186,0.7017,0.7017,-0.1231,0
536.000,Minmatar Citizen 9678938,Venture,58160,35375,81253,388,0.3963,-0.2529,-0.8826,0
536.000,Minmatar Citizen 2250648,Capsule,16115,47740,100026,0,,,,0
536.000,Gallente Citizen 1635012,Venture,27680,53160,54487,417,0.9069,-0.4179,-0.0536,0
537.000,Caldari Citizen 9942864,Capsule,228115,224720,219108,0,,,,0
537.000,Caldari Citizen 6206817,Skiff,28420,36655,52428,115,,,,0
537.000,Minmatar Citizen 9745080,Capsule,32975,80260,60885,0,,,,0
537.000,Amarr Citizen 0220922,Capsule,13185,74400,29186,0,,,,0
537.000,Minmatar Citizen 4351238,Retriever,36285,70880,58825,36,,,,0
537.000,Caldari Citizen 3216932,Capsule,32600,50000,48644,0,,,,0
537.000,Minmatar Citizen 9076035,Capsule,16080,61620,63596,0,,,,0
537.000,Minmatar Citizen 6662812,Procurer,60200,34040,81647,304,0.6781,-0.7056,-0.2059,0
537.000,Caldari Citizen 3891005,Orca,20120,33280,52083,742,0.3541,0.2627,-0.8976,0
537.000,Caldari Citizen 8777524,Capsule,223280,219905,223635,0,,,,0
537.000,Minmatar Citizen 0254120,Porpoise,36155,70355,61180,199,0.0000,-0.6514,0.7587,0
537.000,Amarr Citizen 2674287,Orca,28955,52355,53109,103,-0.6880,-0.6880,-0.2311,0
537.000,Amarr Citizen 5054432,Capsule,18375,9855,-112077,0,,,,0
537.000,Amarr Citizen 4520313,Capsule,15760,72185,53122,187,0.2919,0.8830,0.3676,0
537.000,Minmatar Citizen 9978241,Capsule,35440,49165,56708,187,0.5457,-0.7723,0.3252,0
537.000,Minmatar Citizen 7162778,Covetor,38395,72620,57028,194,0.3017,0.9209,0.2466,0
537.000,Minmatar Citizen 9678938,Venture,58160,35375,81253,400,0.4879,-0.4767,-0.7312,0
537.000,Minmatar Citizen 2250648,Capsule,16115,47740,100026,0,,,,0
537.000,Gallente Citizen 1635012,Venture,27680,53160,54487,426,0.9757,-0.1986,0.0926,0
538.000,Caldari Citizen 9942864,Capsule,228115,224720,219108,0,,,,0
538.000,Caldari Citizen 6206817,Skiff,28420,36655,52428,103,,,,0
538.000,Minmatar Citizen 9745080,Capsule,32975,80260,60885,0,,,,0
538.000,Amarr Citizen 0220922,Capsule,13185,74400,29186,0,,,,0
538.000,Minmatar Citizen 4351238,Retriever,36285,70880,58825,34,,,,0
538.000,Caldari Citizen 3216932,Capsule,32600,50000,48644,0,,,,0
538.000,Minmatar Citizen 9076035,Capsule,16080,61620,63596,0,,,,0
538.000,Minmatar Citizen 6662812,Procurer,61165,34040,80927,305,0.7854,-0.4904,-0.3776,0
538.000,Caldari Citizen 3891005,Orca,21125,34145,51116,732,0.3833,0.2919,-0.8763,0
538.000,Caldari Citizen 8777524,Capsule,223280,219905,223635,0,,,,0
538.000,Minmatar Citizen 0254120,Porpoise,36155,70355,61180,113,0.0000,-0.6514,0.7587,0
538.000,Amarr Citizen 2674287,Orca,28955,52355,53109,105,-0.5315,-0.8385,0.1198,0
538.000,Amarr Citizen 5054432,Capsule,18375,9855,-112077,0,,,,0
538.000,Amarr Citizen 4520313,Capsule,16675,73100,53314,187,0.6995,0.6995,0.1464,0
538.000,Minmatar Citizen 9978241,Capsule,35440,49165,56708,187,0.4071,-0.4168,0.8127,0
538.000,Minmatar Citizen 7162778,Covetor,38395,72620,57028,202,-0.5124,0.5905,0.6235,0
538.000,Minmatar Citizen 9678938,Venture,59135,35375,80546,411,0.6522,-0.5200,-0.5516,0
538.000,Minmatar Citizen 2250648,Capsule,16115,47740,100026,0,,,,0
538.000,Gallente Citizen 1635012,Venture,27680,52385,55233,432,0.9969,-0.0426,0.0661,0
539.000,Caldari Citizen 9942864,Capsule,228115,224720,219108,0,,,,0
539.000,Caldari Citizen 6206817,Skiff,28420,36655,52428,93,,,,0
539.000,Minmatar Citizen 9745080,Capsule,32975,80260,60885,0,,,,0
539.000,Amarr Citizen 0220922,Capsule,13185,74400,29186,0,,,,0
539.000,Minmatar Citizen 4351238,Retriever,36285,70880,58825,32,,,,0
539.000,Caldari Citizen 3216932,Capsule,32600,50000,48644,0,,,,0
539.000,Minmatar Citizen 9076035,Capsule,16080,61620,63596,0,,,,0
539.000,Minmatar Citizen 6662812,Procurer,61165,34040,80927,305,0.7987,0.0000,-0.6018,0
539.000,Caldari Citizen 3891005,Orca,20480,33500,50540,727,0.5200,0.2881,-0.8041,0
539.000,Caldari Citizen 8777524,Capsule,223280,219905,223635,0,,,,0
539.000,Minmatar Citizen 0254120,Porpoise,36155,70355,61180,104,,,,0
539.000,Amarr Citizen 2674287,Orca,28955,52355,53109,107,-0.3283,-0.8550,0.4015,0
539.000,Amarr Citizen 5054432,Capsule,18375,9855,-112077,0,,,,0
539.000,Amarr Citizen 4520313,Capsule,16675,73100,53314,187,0.6995,0.6995,0.1464,0
539.000,Minmatar Citizen 9978241,Capsule,35440,48320,57430,187,0.6032,-0.1293,0.7871,0
539.000,Minmatar Citizen 7162778,Covetor,38395,72620,57028,210,-0.8349,0.0000,0.5504,0
539.000,Minmatar Citizen 9678938,Venture,59135,34180,81060,418,0.7630,-0.5640,-0.3156,0
539.000,Minmatar Citizen 2250648,Capsule,16115,47740,100026,0,,,,0
539.000,Gallente Citizen 1635012,Venture,28725,52385,54696,435,0.9971,0.0620,-0.0441,0
540.000,Caldari Citizen 9942864,Capsule,228115,224720,219108,0,,,,0
540.000,Caldari Citizen 6206817,Skiff,28420,36655,52428,86,,,,0
540.000,Minmatar Citizen 9745080,Capsule,32975,80260,60885,0,,,,0
540.000,Amarr Citizen 0220922,Capsule,13185,74400,29186,0,,,,0
540.000,Minmatar Citizen 4351238,Retriever,36285,70880,58825,31,,,,0
540.000,Caldari Citizen 3216932,Capsule,32600,50000,48644,0,,,,0
540.000,Minmatar Citizen 9076035,Capsule,16080,61620,63596,0,,,,0
540.000,Minmatar Citizen 6662812,Procurer,61165,34040,80927,305,0.7969,0.0000,-0.6041,0
540.000,Caldari Citizen 3891005,Orca,21475,34355,49543,723,0.5264,0.3466,-0.7764,0
540.000,Caldari Citizen 8777524,Capsule,223280,219905,223635,0,,,,0
540.000,Minmatar Citizen 0254120,Porpoise,36155,70355,61180,170,0.0627,0.1350,-0.9889,0
540.000,Amarr Citizen 2674287,Orca,28955,52355,53109,109,0.0000,-0.7172,0.6969,0
540.000,Amarr Citizen 5054432,Capsule,18375,9855,-112077,0,,,,0
540.000,Amarr Citizen 4520313,Capsule,16675,73100,53314,187,0.2916,0.8869,0.3583,0
540.000,Minmatar Citizen 9978241,Capsule,35440,48320,57430,187,0.7070,0.1108,0.6985,0
540.000,Minmatar Citizen 7162778,Covetor,37280,72620,57763,218,-0.6645,-0.2220,0.7135,0
540.000,Minmatar Citizen 9678938,Venture,59135,34180,81060,425,0.7755,-0.5317,-0.3405,0
540.000,Minmatar Citizen 2250648,Capsule,16115,47740,100026,0,,,,0
540.000,Gallente Citizen 1635012,Venture,29540,53200,54965,432,0.9789,0.1538,-0.1347,0
541.000,Caldari Citizen 9942864,Capsule,228115,224720,219108,0,,,,0
541.000,Caldari Citizen 6206817,Skiff,28420,36655,52428,80,,,,0
541.000,Minmatar Citizen 9745080,Capsule,32975,80260,60885,0,,,,0
541.000,Amarr Citizen 0220922,Capsule,13185,74400,29186,0,,,,0
541.000,Minmatar Citizen 4351238,Retriever,36285,70880,58825,30,-0.4361,-0.4390,0.7855,0
541.000,Caldari Citizen 3216932,Capsule,32600,50000,48644,0,,,,0
541.000,Minmatar Citizen 9076035,Capsule,16080,61620,63596,0,,,,0
541.000,Minmatar Citizen 6662812,Procurer,61165,34040,80927,305,0.7942,0.0000,-0.6077,0
541.000,Caldari Citizen 3891005,Orca,21475,34355,49543,720,0.5389,0.3953,-0.7439,0
541.000,Caldari Citizen 8777524,Capsule,223280,219905,223635,0,,,,0
541.000,Minmatar Citizen 0254120,Porpoise,36155,70355,61180,223,0.0792,-0.0469,-0.9958,0
541.000,Amarr Citizen 2674287,Orca,28955,51580,53862,110,0.0000,-0.7172,0.6969,0
541.000,Amarr Citizen 5054432,Capsule,18375,9855,-112077,0,,,,0
541.000,Amarr Citizen 4520313,Capsule,16675,73100,53314,187,-0.2766,0.8253,0.4924,0
541.000,Minmatar Citizen 9978241,Capsule,36275,49155,57653,187,0.6627,-0.0119,0.7488,0
541.000,Minmatar Citizen 7162778,Covetor,37280,72620,57763,224,-0.5226,-0.3492,0.7778,0
541.000,Minmatar Citizen 9678938,Venture,60100,34180,80347,430,0.8185,-0.3390,-0.4638,0
541.000,Minmatar Citizen 2250648,Capsule,16115,47740,100026,0,,,,0
541.000,Gallente Citizen 1635012,Venture,30575,53200,54396,408,0.9253,0.2865,-0.2483,0
542.000,Caldari Citizen 9942864,Capsule,228115,224720,219108,0,,,,0
542.000,Caldari Citizen 6206817,Skiff,28420,36655,52428,76,,,,0
542.000,Minmatar Citizen 9745080,Capsule,32975,80260,60885,0,,,,0
542.000,Amarr Citizen 0220922,Capsule,13185,74400,29186,0,,,,0
542.000,Minmatar Citizen 4351238,Retriever,36285,70880,58825,30,-0.1731,-0.5808,0.7954,0
542.000,Caldari Citizen 3216932,Capsule,32600,50000,48644,0,,,,0
542.000,Minmatar Citizen 9076035,Capsule,16080,61620,63596,0,,,,0
542.000,Minmatar Citizen 6662812,Procurer,62120,34040,80196,305,0.7772,-0.4944,-0.3892,0
542.000,Caldari Citizen 3891005,Orca,22460,34355,49105,713,0.6703,0.4330,-0.6026,0
542.000,Caldari Citizen 8777524,Capsule,223280,219905,223635,0,,,,0
542.000,Minmatar Citizen 0254120,Porpoise,36155,71120,60289,259,0.0878,-0.1554,-0.9839,0
542.000,Amarr Citizen 2674287,Orca,28955,51580,53862,112,0.0000,-0.7172,0.6969,0
542.000,Amarr Citizen 5054432,Capsule,18375,9855,-112077,0,,,,0
542.000,Amarr Citizen 4520313,Capsule,16675,73100,53314,187,-0.2766,0.8253,0.4924,0
542.000,Minmatar Citizen 9978241,Capsule,36275,49155,57653,187,0.6634,-0.0159,0.7481,0
542.000,Minmatar Citizen 7162778,Covetor,37280,72620,57763,230,-0.3502,-0.4679,0.8114,0
542.000,Minmatar Citizen 9678938,Venture,60100,34180,80347,435,0.8194,-0.3085,-0.4832,0
542.000,Minmatar Citizen 2250648,Capsule,16115,47740,100026,0,,,,0
542.000,Gallente Citizen 1635012,Venture,30575,53200,54396,360,0.8503,-0.0628,-0.5226,0
543.000,Caldari Citizen 9942864,Capsule,228115,224720,219108,0,,,,0
543.000,Caldari Citizen 6206817,Skiff,28420,36655,52428,72,,,,0
543.000,Minmatar Citizen 9745080,Capsule,32975,80260,60885,0,,,,0
543.000,Amarr Citizen 0220922,Capsule,13185,74400,29186,0,,,,0
543.000,Minmatar Citizen 4351238,Retriever,35160,70880,59505,29,0.0000,-0.6435,0.7654,0
543.000,Caldari Citizen 3216932,Capsule,32600,50000,48644,0,,,,0
543.000,Minmatar Citizen 9076035,Capsule,16080,61620,63596,0,,,,0
543.000,Minmatar Citizen 6662812,Procurer,62120,34040,80196,305,0.7393,-0.5902,-0.3243,0
543.000,Caldari Citizen 3891005,Orca,22460,35200,48503,653,0.7756,0.4630,-0.4291,0
543.000,Caldari Citizen 8777524,Capsule,223280,219905,223635,0,,,,0
543.000,Minmatar Citizen 0254120,Porpoise,36285,70125,59723,317,0.1070,-0.4666,-0.8780,0
543.000,Amarr Citizen 2674287,Orca,28955,51580,53862,113,,,,0
543.000,Amarr Citizen 5054432,Capsule,18375,9855,-112077,0,,,,0
543.000,Amarr Citizen 4520313,Capsule,16365,74025,53865,187,-0.2766,0.8253,0.4924,0
543.000,Minmatar Citizen 9978241,Capsule,36275,49155,57653,187,0.4066,-0.4260,0.8082,0
543.000,Minmatar Citizen 7162778,Covetor,37280,71875,58687,235,-0.3561,-0.4716,0.8067,0
543.000,Minmatar Citizen 9678938,Venture,60100,34180,80347,439,0.7676,-0.5362,-0.3511,0
543.000,Minmatar Citizen 2250648,Capsule,16115,47740,100026,0,,,,0
543.000,Gallente Citizen 1635012,Venture,30575,53200,54396,315,0.4779,-0.5126,-0.7134,0
544.000,Caldari Citizen 9942864,Capsule,228115,224720,219108,0,,,,0
544.000,Caldari Citizen 6206817,Skiff,28420,36655,52428,69,0.8747,0.0000,-0.4846,0
544.000,Minmatar Citizen 9745080,Capsule,32975,80260,60885,0,,,,0
544.000,Amarr Citizen 0220922,Capsule,13185,74400,29186,0,,,,0
544.000,Minmatar Citizen 4351238,Capsule,36285,70125,59723,0,0.1697,-0.6832,0.7102,0
544.000,Caldari Citizen 3216932,Capsule,32600,50000,48644,0,,,,0
544.000,Minmatar Citizen 9076035,Capsule,16080,61620,63596,0,,,,0
544.000,Minmatar Citizen 6662812,Procurer,62120,34040,80196,305,0.6962,-0.6687,-0.2609,0
544.000,Caldari Citizen 3891005,Orca,22460,35200,48503,598,0.7149,0.5916,-0.3727,0
544.000,Caldari Citizen 8777524,Capsule,223280,219905,223635,0,,,,0
544.000,Minmatar Citizen 0254120,Porpoise,36285,70125,59723,382,0.1139,-0.6661,-0.7371,0
544.000,Amarr Citizen 2674287,Orca,28955,51580,53862,115,,,,0
544.000,Amarr Citizen 5054432,Capsule,18375,9855,-112077,0,,,,0
544.000,Amarr Citizen 4520313,Capsule,16365,74025,53865,187,-0.2766,0.8253,0.4924,0
544.000,Minmatar Citizen 9978241,Capsule,36275,48300,58372,187,0.0000,-0.7657,0.6432,0
544.000,Minmatar Citizen 7162778,Covetor,37280,71875,58687,240,-0.5328,-0.3528,0.7692,0
544.000,Minmatar Citizen 9678938,Venture,61055,34180,79624,443,0.9137,-0.3135,-0.2586,0
544.000,Minmatar Citizen 2250648,Capsule,16115,47740,100026,0,,,,0
545.000,Caldari Citizen 9942864,Capsule,228115,224720,219108,0,,,,0
545.000,Caldari Citizen 6206817,Skiff,28420,36655,52428,65,0.8747,0.0000,-0.4846,0
545.000,Minmatar Citizen 9745080,Capsule,32975,80260,60885,0,,,,0
545.000,Amarr Citizen 0220922,Capsule,13185,74400,29186,0,,,,0
545.000,Minmatar Citizen 4351238,Capsule,36285,70125,59723,0,0.4170,-0.6996,0.5803,0
545.000,Caldari Citizen 3216932,Capsule,32600,50000,48644,0,,,,0
545.000,Minmatar Citizen 9076035,Capsule,16080,61620,63596,0,,,,0
545.000,Minmatar Citizen 6662812,Procurer,62120,32825,80701,297,0.6071,-0.7806,-0.1487,0
545.000,Caldari Citizen 3891005,Orca,23435,35200,48039,547,0.7206,0.6043,-0.3400,0
545.000,Caldari Citizen 8777524,Capsule,223280,219905,223635,0,,,,0
545.000,Minmatar Citizen 0254120,Porpoise,36285,70125,59723,432,-0.1356,-0.9134,-0.3838,0
545.000,Amarr Citizen 2674287,Orca,28955,51580,53862,116,,,,0
545.000,Amarr Citizen 5054432,Capsule,18375,9855,-112077,0,,,,0
545.000,Amarr Citizen 4520313,Capsule,16365,74025,53865,187,0.2999,0.8925,0.3370,0
545.000,Minmatar Citizen 9978241,Capsule,36275,48300,58372,187,0.0000,-0.7657,0.6432,0
545.000,Minmatar Citizen 7162778,Covetor,37280,71875,58687,244,-0.7345,-0.3938,0.5526,0
545.000,Minmatar Citizen 9678938,Venture,61055,32975,80131,446,0.9588,-0.1232,-0.2559,0
545.000,Minmatar Citizen 2250648,Capsule,16115,47740,100026,0,,,,0
545.000,Gallente Citizen 1635012,Venture,30785,52385,53564,284,-0.1366,-0.7799,-0.6108,0
546.000,Caldari Citizen 9942864,Capsule,228115,224720,219108,0,,,,0
546.000,Caldari Citizen 6206817,Skiff,29375,36655,51899,63,0.8747,0.0000,-0.4846,0
546.000,Minmatar Citizen 9745080,Capsule,32975,80260,60885,0,,,,0
546.000,Amarr Citizen 0220922,Capsule,13185,74400,29186,0,,,,0
546.000,Minmatar Citizen 4351238,Capsule,36285,70125,59723,0,,,,0
546.000,Caldari Citizen 3216932,Capsule,32600,50000,48644,0,,,,0
546.000,Minmatar Citizen 9076035,Capsule,16080,61620,63596,0,,,,0
546.000,Minmatar Citizen 6662812,Procurer,63065,32825,79965,271,0.6653,-0.7128,-0.2221,0
546.000,Caldari Citizen 3891005,Orca,24080,35845,48583,518,0.7953,0.5204,-0.3108,0
546.000,Caldari Citizen 8777524,Capsule,223280,219905,223635,0,,,,0
546.000,Minmatar Citizen 0254120,Porpoise,36415,69140,59141,415,-0.3427,-0.9025,-0.2610,0
546.000,Amarr Citizen 2674287,Orca,28955,51580,53862,116,,,,0
546.000,Amarr Citizen 5054432,Capsule,18375,9855,-112077,0,,,,0
546.000,Amarr Citizen 4520313,Capsule,16365,74025,53865,187,0.7325,0.4387,0.5206,0
546.000,Minmatar Citizen 9978241,Capsule,36275,48300,58372,187,,,,0
546.000,Minmatar Citizen 7162778,Covetor,36155,71875,59387,246,-0.8266,-0.4925,0.2722,0
546.000,Minmatar Citizen 9678938,Venture,61055,32975,80131,448,0.9705,0.0237,-0.2401,0
546.000,Minmatar Citizen 2250648,Capsule,16115,47740,100026,0,,,,0
546.000,Gallente Citizen 1635012,Venture,30785,52385,53564,288,-0.3589,-0.5327,-0.7665,0
547.000,Caldari Citizen 9942864,Capsule,228115,224720,219108,0,,,,0
547.000,Caldari Citizen 6206817,Skiff,29375,36655,51899,61,0.8747,0.0000,-0.4846,0
547.000,Minmatar Citizen 9745080,Capsule,32975,80260,60885,0,,,,0
547.000,Amarr Citizen 0220922,Capsule,13185,74400,29186,0,,,,0
547.000,Minmatar Citizen 4351238,Capsule,36285,70125,59723,0,,,,0
547.000,Caldari Citizen 3216932,Capsule,32600,50000,48644,0,,,,0
547.000,Minmatar Citizen 9076035,Capsule,16080,61620,63596,0,,,,0
547.000,Minmatar Citizen 6662812,Procurer,63065,32825,79965,249,0.9672,-0.0511,-0.2487,0
547.000,Caldari Citizen 3891005,Orca,24080,36680,47956,474,0.7712,0.5319,-0.3499,0
547.000,Caldari Citizen 8777524,Capsule,223280,219905,223635,0,,,,0
547.000,Minmatar Citizen 0254120,Porpoise,36415,69140,59141,389,-0.1594,-0.9113,-0.3796,0
547.000,Amarr Citizen 2674287,Orca,28955,51580,53862,117,,,,0
547.000,Amarr Citizen 5054432,Capsule,18375,9855,-112077,0,,,,0
547.000,Amarr Citizen 4520313,Capsule,16365,74025,53865,187,0.6983,0.3093,0.6456,0
547.000,Minmatar Citizen 9978241,Capsule,36275,48300,58372,187,,,,0
547.000,Minmatar Citizen 7162778,Covetor,36155,71875,59387,284,-0.7039,-0.7039,0.0953,0
547.000,Minmatar Citizen 9678938,Venture,63065,34040,79455,450,0.9754,-0.0571,-0.2130,0
547.000,Minmatar Citizen 2250648,Capsule,16115,47740,100026,0,,,,0
547.000,Gallente Citizen 1635012,Venture,30785,52385,53564,302,-0.6467,-0.0933,-0.7570,0
548.000,Caldari Citizen 9942864,Capsule,228115,224720,219108,0,,,,0
548.000,Caldari Citizen 6206817,Skiff,29375,36655,51899,49,,,,0
548.000,Minmatar Citizen 9745080,Capsule,32975,80260,60885,0,,,,0
548.000,Amarr Citizen 0220922,Capsule,13185,74400,29186,0,,,,0
548.000,Minmatar Citizen 4351238,Capsule,36285,70125,59723,0,,,,0
548.000,Caldari Citizen 3216932,Capsule,32600,50000,48644,0,,,,0
548.000,Minmatar Citizen 9076035,Capsule,16080,61620,63596,0,,,,0
548.000,Minmatar Citizen 6662812,Procurer,63065,32825,79965,243,0.8197,0.5367,-0.2002,0
548.000,Caldari Citizen 3891005,Orca,25045,36680,47459,434,0.7767,0.4481,-0.4427,0
548.000,Caldari Citizen 8777524,Capsule,223280,219905,223635,0,,,,0
548.000,Minmatar Citizen 0254120,Porpoise,35440,68165,59216,368,-0.2203,-0.9107,-0.3493,0
548.000,Amarr Citizen 2674287,Orca,28955,51580,53862,118,0.9040,-0.4154,-0.1010,0
548.000,Amarr Citizen 5054432,Capsule,18375,9855,-112077,0,,,,0
548.000,Amarr Citizen 4520313,Capsule,17300,74960,54016,187,0.2452,0.2433,0.9384,0
548.000,Minmatar Citizen 9978241,Capsule,36275,48300,58372,187,0.0000,-0.7751,0.6318,0
548.000,Minmatar Citizen 7162778,Covetor,35160,70880,59505,379,-0.5259,-0.8457,-0.0909,0
548.000,Minmatar Citizen 9678938,Venture,63065,34040,79455,451,0.9541,-0.0486,-0.2956,0
548.000,Minmatar Citizen 2250648,Capsule,16115,47740,100026,0,,,,0
548.000,Gallente Citizen 1635012,Venture,29980,51580,53298,319,-0.7272,-0.4929,-0.4778,0
549.000,Caldari Citizen 9942864,Capsule,228115,224720,219108,0,,,,0
549.000,Caldari Citizen 6206817,Skiff,29375,36655,51899,38,,,,0
549.000,Minmatar Citizen 9745080,Capsule,32975,80260,60885,0,,,,0
549.000,Amarr Citizen 0220922,Capsule,13185,74400,29186,0,,,,0
549.000,Minmatar Citizen 4351238,Capsule,36285,70125,59723,0,,,,0
549.000,Caldari Citizen 3216932,Capsule,32600,50000,48644,0,,,,0
549.000,Minmatar Citizen 9076035,Capsule,16080,61620,63596,0,,,,0
549.000,Minmatar Citizen 6662812,Procurer,63065,32825,79965,246,0.7069,0.7069,0.0268,0
549.000,Caldari Citizen 3891005,Orca,25045,36680,47459,397,0.7926,0.2068,-0.5736,0
549.000,Caldari Citizen 8777524,Capsule,223280,219905,223635,0,,,,0
549.000,Minmatar Citizen 0254120,Porpoise,35440,68165,59216,403,-0.2865,-0.9051,-0.3142,0
549.000,Amarr Citizen 2674287,Orca,28955,51580,53862,119,0.8419,-0.5373,0.0494,0
549.000,Amarr Citizen 5054432,Capsule,18375,9855,-112077,0,,,,0
549.000,Amarr Citizen 4520313,Capsule,17300,74335,54873,187,-0.1941,0.1158,0.9741,0
549.000,Minmatar Citizen 9978241,Capsule,36275,48300,58372,187,0.8074,-0.3905,0.4423,0
549.000,Minmatar Citizen 7162778,Covetor,36285,70880,58825,486,-0.2915,-0.9162,-0.2748,0
549.000,Minmatar Citizen 9678938,Venture,63065,34040,79455,451,0.9085,-0.3196,-0.2691,0
549.000,Minmatar Citizen 2250648,Capsule,16115,47740,100026,0,,,,0
549.000,Gallente Citizen 1635012,Venture,29980,52355,52537,334,-0.8293,-0.5410,-0.1403,0
550.000,Caldari Citizen 9942864,Capsule,228115,224720,219108,0,,,,0
550.000,Caldari Citizen 6206817,Skiff,29375,36655,51899,30,,,,0
550.000,Minmatar Citizen 9745080,Capsule,32975,80260,60885,0,,,,0
550.000,Amarr Citizen 0220922,Capsule,13185,74400,29186,0,,,,0
550.000,Minmatar Citizen 4351238,Capsule,36285,70125,59723,0,,,,0
550.000,Caldari Citizen 3216932,Capsule,32600,50000,48644,0,,,,0
550.000,Minmatar Citizen 9076035,Capsule,16080,61620,63596,0,,,,0
550.000,Minmatar Citizen 6662812,Procurer,64140,33900,80005,253,0.5351,0.8375,-0.1106,0
550.000,Caldari Citizen 3891005,Orca,25045,36680,47459,364,0.8828,0.0000,-0.4697,0
550.000,Caldari Citizen 8777524,Capsule,223280,219905,223635,0,,,,0
550.000,Minmatar Citizen 0254120,Porpoise,36545,68165,58541,451,-0.1294,-0.9002,-0.4158,0
550.000,Amarr Citizen 2674287,Orca,29980,51580,53298,120,0.7859,-0.6019,0.1418,0
550.000,Amarr Citizen 5054432,Capsule,18375,9855,-112077,0,,,,0
550.000,Amarr Citizen 4520313,Capsule,17300,74335,54873,187,-0.5543,-0.0380,0.8315,0
550.000,Minmatar Citizen 9978241,Capsule,36275,47435,59077,187,0.9674,-0.1020,0.2318,0
550.000,Minmatar Citizen 7162778,Covetor,36285,70880,58825,589,-0.2215,-0.9188,-0.3267,0
550.000,Minmatar Citizen 9678938,Venture,64000,32825,79218,451,0.9000,-0.4141,-0.1360,0
550.000,Minmatar Citizen 2250648,Capsule,16115,47740,100026,0,,,,0
550.000,Gallente Citizen 1635012,Venture,29980,52355,52537,347,-0.8378,-0.5417,0.0678,0
551.000,Caldari Citizen 9942864,Capsule,228115,224720,219108,0,,,,0
551.000,Caldari Citizen 6206817,Skiff,29375,36655,51899,23,,,,0
551.000,Minmatar Citizen 9745080,Capsule,32975,80260,60885,0,,,,0
551.000,Amarr Citizen 0220922,Capsule,13185,74400,29186,0,,,,0
551.000,Minmatar Citizen 4351238,Capsule,36285,70125,59723,0,,,,0
551.000,Caldari Citizen 3216932,Capsule,32600,50000,48644,0,,,,0
551.000,Minmatar Citizen 9076035,Capsule,16080,61620,63596,0,,,,0
551.000,Minmatar Citizen 6662812,Procurer,64140,33900,80005,262,0.4173,0.8890,-0.1883,0
551.000,Caldari Citizen 3891005,Orca,26000,36680,46942,333,0.8796,0.0000,-0.4756,0
551.000,Caldari Citizen 8777524,Capsule,223280,219905,223635,0,,,,0
551.000,Minmatar Citizen 0254120,Porpoise,35580,67200,58602,496,0.0355,-0.8633,-0.5035,0
551.000,Amarr Citizen 2674287,Orca,29980,50795,54047,121,0.7159,-0.6579,0.2337,0
551.000,Amarr Citizen 5054432,Capsule,18375,9855,-112077,0,,,,0
551.000,Amarr Citizen 4520313,Capsule,16055,74335,55250,187,-0.6538,0.1354,0.7444,0
551.000,Minmatar Citizen 9978241,Capsule,36275,47435,59077,187,0.9929,0.0674,0.0976,0
551.000,Minmatar Citizen 7162778,Covetor,35300,69895,58929,686,-0.3137,-0.9074,-0.2796,0
551.000,Minmatar Citizen 9678938,Venture,64000,32825,79218,423,0.9923,-0.0691,-0.1028,0
551.000,Minmatar Citizen 2250648,Capsule,16115,47740,100026,0,,,,0
551.000,Gallente Citizen 1635012,Venture,29185,50785,53011,356,-0.8039,-0.5223,0.2846,0
552.000,Caldari Citizen 9942864,Capsule,228115,224720,219108,0,,,,0
552.000,Caldari Citizen 6206817,Skiff,29375,36655,51899,18,,,,0
552.000,Minmatar Citizen 9745080,Capsule,32975,80260,60885,0,,,,0
552.000,Amarr Citizen 0220922,Capsule,13185,74400,29186,0,,,,0
552.000,Minmatar Citizen 4351238,Capsule,36285,70125,59723,0,,,,0
552.000,Caldari Citizen 3216932,Capsule,32600,50000,48644,0,,,,0
552.000,Minmatar Citizen 9076035,Capsule,16080,61620,63596,0,,,,0
552.000,Minmatar Citizen 6662812,Procurer,64140,33900,80005,270,0.2827,0.9217,-0.2658,0
552.000,Caldari Citizen 3891005,Orca,26000,36680,46942,305,0.8796,0.0000,-0.4756,0
552.000,Caldari Citizen 8777524,Capsule,223280,219905,223635,0,,,,0
552.000,Minmatar Citizen 0254120,Porpoise,35580,67200,58602,537,-0.2356,-0.9001,-0.3666,0
552.000,Amarr Citizen 2674287,Orca,29980,50795,54047,122,0.5703,-0.7279,0.3806,0
552.000,Amarr Citizen 5054432,Capsule,18375,9855,-112077,0,,,,0
552.000,Amarr Citizen 4520313,Capsule,16055,74335,55250,187,-0.2674,0.8423,0.4680,0
552.000,Minmatar Citizen 9978241,Capsule,38105,48280,58669,187,0.9751,0.2198,-0.0293,0
552.000,Minmatar Citizen 7162778,Covetor,35300,69895,58929,772,-0.3763,-0.9220,-0.0908,0
552.000,Minmatar Citizen 9678938,Venture,64000,32825,79218,372,0.9555,0.2896,-0.0557,0
552.000,Minmatar Citizen 2250648,Capsule,16115,47740,100026,0,,,,0
552.000,Gallente Citizen 1635012,Venture,28160,50785,53562,362,-0.7226,-0.5602,0.4051,0
553.000,Caldari Citizen 9942864,Capsule,228115,224720,219108,0,,,,0
553.000,Caldari Citizen 6206817,Skiff,29375,36655,51899,14,,,,0
553.000,Minmatar Citizen 9745080,Capsule,32975,80260,60885,0,,,,0
553.000,Amarr Citizen 0220922,Capsule,13185,74400,29186,0,,,,0
553.000,Minmatar Citizen 4351238,Capsule,36285,70125,59723,0,,,,0
553.000,Caldari Citizen 3216932,Capsule,32600,50000,48644,0,,,,0
553.000,Minmatar Citizen 9076035,Capsule,16080,61620,63596,0,,,,0
553.000,Minmatar Citizen 6662812,Procurer,64140,35115,79480,277,0.0000,0.9178,-0.3971,0
553.000,Caldari Citizen 3891005,Orca,26000,36680,46942,279,0.9263,0.3768,-0.0043,0
553.000,Caldari Citizen 8777524,Capsule,223280,219905,223635,0,,,,0
553.000,Minmatar Citizen 0254120,Porpoise,35720,66245,57971,575,-0.3478,-0.8876,-0.3022,0
553.000,Amarr Citizen 2674287,Orca,29980,50795,54047,122,,,,0
553.000,Amarr Citizen 5054432,Capsule,18375,9855,-112077,0,,,,0
553.000,Amarr Citizen 4520313,Capsule,16055,74335,55250,187,0.3061,0.8968,0.3194,0
553.000,Minmatar Citizen 9978241,Capsule,38105,48280,58669,187,0.9850,0.1722,0.0097,0
553.000,Minmatar Citizen 7162778,Covetor,35440,68920,58336,849,-0.3582,-0.9316,-0.0615,0
553.000,Minmatar Citizen 9678938,Venture,65075,33900,79247,330,0.7070,0.7070,0.0187,0
553.000,Minmatar Citizen 2250648,Capsule,16115,47740,100026,0,,,,0
553.000,Gallente Citizen 1635012,Venture,28160,50785,53562,364,-0.6194,-0.5827,0.5261,0
554.000,Caldari Citizen 9942864,Capsule,228115,224720,219108,0,,,,0
554.000,Caldari Citizen 6206817,Skiff,29375,36655,51899,11,,,,0
554.000,Minmatar Citizen 9745080,Capsule,32975,80260,60885,0,,,,0
554.000,Amarr Citizen 0220922,Capsule,13185,74400,29186,0,,,,0
554.000,Minmatar Citizen 4351238,Capsule,36285,70125,59723,0,,,,0
554.000,Caldari Citizen 3216932,Capsule,32600,50000,48644,0,,,,0
554.000,Minmatar Citizen 9076035,Capsule,16080,61620,63596,0,,,,0
554.000,Minmatar Citizen 6662812,Procurer,64140,35115,79480,282,0.0000,0.9178,-0.3971,0
554.000,Caldari Citizen 3891005,Orca,26000,36680,46942,256,0.6198,0.6198,0.4815,0
554.000,Caldari Citizen 8777524,Capsule,223280,219905,223635,0,,,,0
554.000,Minmatar Citizen 0254120,Porpoise,35720,66245,57971,610,-0.2492,-0.8927,-0.3755,0
554.000,Amarr Citizen 2674287,Orca,29980,50795,54047,123,,,,0
554.000,Amarr Citizen 5054432,Capsule,18375,9855,-112077,0,,,,0
554.000,Amarr Citizen 4520313,Capsule,17000,75280,55398,187,0.7028,0.7028,0.1101,0
554.000,Minmatar Citizen 9978241,Capsule,38105,48280,58669,187,0.8800,-0.2949,0.3724,0
554.000,Minmatar Citizen 7162778,Covetor,34475,67955,58392,917,-0.2129,-0.9699,-0.1180,0
554.000,Minmatar Citizen 9678938,Venture,65075,33900,79247,311,0.3997,0.8359,0.3761,0
554.000,Minmatar Citizen 2250648,Capsule,16115,47740,100026,0,,,,0
554.000,Gallente Citizen 1635012,Venture,28160,50785,53562,364,-0.4216,-0.5382,0.7298,0
555.000,Caldari Citizen 9942864,Capsule,228115,224720,219108,0,,,,0
555.000,Caldari Citizen 6206817,Skiff,29375,36655,51899,9,,,,0
555.000,Minmatar Citizen 9745080,Capsule,32975,80260,60885,0,,,,0
555.000,Amarr Citizen 0220922,Capsule,13185,74400,29186,0,,,,0
555.000,Minmatar Citizen 4351238,Capsule,36285,70125,59723,0,,,,0
555.000,Caldari Citizen 3216932,Capsule,32600,50000,48644,0,,,,0
555.000,Minmatar Citizen 9076035,Capsule,16080,61620,63596,0,,,,0
555.000,Minmatar Citizen 6662812,Procurer,64140,35115,79480,287,,,,0
555.000,Caldari Citizen 3891005,Orca,26000,36680,46942,237,0.8507,0.4942,0.1789,0
555.000,Caldari Citizen 8777524,Capsule,223280,219905,223635,0,,,,0
555.000,Minmatar Citizen 0254120,Porpoise,34775,65300,57988,638,-0.2049,-0.8890,-0.4094,0
555.000,Amarr Citizen 2674287,Orca,29980,50795,54047,123,,,,0
555.000,Amarr Citizen 5054432,Capsule,18375,9855,-112077,0,,,,0
555.000,Amarr Citizen 4520313,Capsule,17000,75280,55398,187,0.7028,0.7028,0.1101,0
555.000,Minmatar Citizen 9978241,Capsule,38105,48280,58669,187,0.0000,-0.7768,0.6297,0
555.000,Minmatar Citizen 7162778,Covetor,34625,66245,58632,972,-0.2368,-0.9640,-0.1208,0
555.000,Minmatar Citizen 9678938,Venture,65075,33900,79247,310,0.2319,0.8326,0.5030,0
555.000,Minmatar Citizen 2250648,Capsule,16115,47740,100026,0,,,,0
555.000,Gallente Citizen 1635012,Venture,28160,50785,53562,364,0.3798,-0.3703,0.8477,0
556.000,Caldari Citizen 9942864,Capsule,228115,224720,219108,0,,,,0
556.000,Caldari Citizen 6206817,Skiff,29375,36655,51899,7,,,,0
556.000,Minmatar Citizen 9745080,Capsule,32975,80260,60885,0,,,,0
556.000,Amarr Citizen 0220922,Capsule,13185,74400,29186,0,,,,0
556.000,Minmatar Citizen 4351238,Capsule,36285,70125,59723,0,,,,0
556.000,Caldari Citizen 3216932,Capsule,32600,50000,48644,0,,,,0
556.000,Minmatar Citizen 9076035,Capsule,16080,61620,63596,0,,,,0
556.000,Minmatar Citizen 6662812,Procurer,64140,35115,79480,291,,,,0
556.000,Caldari Citizen 3891005,Orca,26655,37335,47451,218,0.9100,0.4132,0.0354,0
556.000,Caldari Citizen 8777524,Capsule,223280,219905,223635,0,,,,0
556.000,Minmatar Citizen 0254120,Porpoise,34925,64365,57327,668,-0.1818,-0.8844,-0.4299,0
556.000,Amarr Citizen 2674287,Orca,29980,50795,54047,124,,,,0
556.000,Amarr Citizen 5054432,Capsule,18375,9855,-112077,0,,,,0
556.000,Amarr Citizen 4520313,Capsule,17000,75280,55398,187,0.3056,0.9002,0.3103,0
556.000,Minmatar Citizen 9978241,Capsule,38105,47405,59378,187,0.0000,-0.7768,0.6297,0
556.000,Minmatar Citizen 7162778,Covetor,33680,65300,58631,1028,-0.2127,-0.9605,-0.1792,0
556.000,Minmatar Citizen 9678938,Venture,65075,33900,79247,322,-0.0260,0.7617,0.6474,0
556.000,Minmatar Citizen 2250648,Capsule,16115,47740,100026,0,,,,0
556.000,Gallente Citizen 1635012,Venture,28160,50000,54296,363,0.4155,-0.3261,0.8491,0
557.000,Caldari Citizen 9942864,Capsule,228115,224720,219108,0,,,,0
557.000,Caldari Citizen 6206817,Skiff,29375,36655,51899,5,,,,0
557.000,Minmatar Citizen 9745080,Capsule,32975,80260,60885,0,,,,0
557.000,Amarr Citizen 0220922,Capsule,13185,74400,29186,0,,,,0
557.000,Minmatar Citizen 4351238,Capsule,36285,70125,59723,0,,,,0
557.000,Caldari Citizen 3216932,Capsule,32600,50000,48644,0,,,,0
557.000,Minmatar Citizen 9076035,Capsule,16080,61620,63596,0,,,,0
557.000,Minmatar Citizen 6662812,Procurer,64140,35115,79480,294,0.7071,0.7071,-0.0030,0
557.000,Caldari Citizen 3891005,Orca,26655,37335,47451,202,0.9364,0.3428,-0.0750,0
557.000,Caldari Citizen 8777524,Capsule,223280,219905,223635,0,,,,0
557.000,Minmatar Citizen 0254120,Porpoise,34925,64365,57327,693,-0.2050,-0.9442,-0.2576,0
557.000,Amarr Citizen 2674287,Orca,29980,50795,54047,124,,,,0
557.000,Amarr Citizen 5054432,Capsule,18375,9855,-112077,0,,,,0
557.000,Amarr Citizen 4520313,Capsule,17000,75280,55398,187,-0.2674,0.8511,0.4517,0
557.000,Minmatar Citizen 9978241,Capsule,38105,47405,59378,187,0.0000,-0.7768,0.6297,0
557.000,Minmatar Citizen 7162778,Covetor,34775,65300,57988,1076,-0.0784,-0.9682,-0.2374,0
557.000,Minmatar Citizen 9678938,Venture,64140,33900,80005,338,0.1120,0.8102,0.5754,0
557.000,Minmatar Citizen 2250648,Capsule,16115,47740,100026,0,,,,0
557.000,Gallente Citizen 1635012,Venture,28160,50000,54296,362,0.4422,-0.2901,0.8487,0
558.000,Caldari Citizen 9942864,Capsule,228115,224720,219108,0,,,,0
558.000,Caldari Citizen 6206817,Skiff,29375,36655,51899,4,,,,0
558.000,Minmatar Citizen 9745080,Capsule,32975,80260,60885,0,,,,0
558.000,Amarr Citizen 0220922,Capsule,13185,74400,29186,0,,,,0
558.000,Minmatar Citizen 4351238,Capsule,36285,70125,59723,0,,,,0
558.000,Caldari Citizen 3216932,Capsule,32600,50000,48644,0,,,,0
558.000,Minmatar Citizen 9076035,Capsule,16080,61620,63596,0,,,,0
558.000,Minmatar Citizen 6662812,Procurer,64140,35115,79480,296,0.7071,0.7071,-0.0030,0
558.000,Caldari Citizen 3891005,Orca,27600,37335,46908,187,0.9458,0.2434,-0.2148,0
558.000,Caldari Citizen 8777524,Capsule,223280,219905,223635,0,,,,0
558.000,Minmatar Citizen 0254120,Porpoise,35075,63440,56649,719,-0.0017,-0.9724,-0.2332,0
558.000,Amarr Citizen 2674287,Orca,29980,50795,54047,124,0.0000,-0.7337,0.6795,0
558.000,Amarr Citizen 5054432,Capsule,18375,9855,-112077,0,,,,0
558.000,Amarr Citizen 4520313,Capsule,17000,75280,55398,187,-0.2674,0.8511,0.4517,0
558.000,Minmatar Citizen 9978241,Capsule,38105,47405,59378,187,,,,0
558.000,Minmatar Citizen 7162778,Covetor,33840,64365,57974,1121,-0.1491,-0.9539,-0.2606,0
558.000,Minmatar Citizen 9678938,Venture,65225,34985,80017,355,0.2356,0.8357,0.4961,0
558.000,Minmatar Citizen 2250648,Capsule,16115,47740,100026,0,,,,0
558.000,Gallente Citizen 1635012,Venture,28955,50795,54603,362,0.4790,-0.2365,0.8453,0
559.000,Caldari Citizen 9942864,Capsule,228115,224720,219108,0,,,,0
559.000,Caldari Citizen 6206817,Skiff,29375,36655,51899,3,,,,0
559.000,Minmatar Citizen 9745080,Capsule,32975,80260,60885,0,,,,0
559.000,Amarr Citizen 0220922,Capsule,13185,74400,29186,0,,,,0
559.000,Minmatar Citizen 4351238,Capsule,36285,70125,59723,0,,,,0
559.000,Caldari Citizen 3216932,Capsule,32600,50000,48644,0,,,,0
559.000,Minmatar Citizen 9076035,Capsule,16080,61620,63596,0,,,,0
559.000,Minmatar Citizen 6662812,Procurer,65225,36200,79475,298,0.7071,0.7071,-0.0030,0
559.000,Caldari Citizen 3891005,Orca,27600,37335,46908,174,0.8669,0.0000,-0.4985,0
559.000,Caldari Citizen 8777524,Capsule,223280,219905,223635,0,,,,0
559.000,Minmatar Citizen 0254120,Porpoise,35075,63440,56649,668,-0.1206,-0.9860,-0.1156,0
559.000,Amarr Citizen 2674287,Orca,29980,50795,54047,125,0.0000,-0.7337,0.6795,0
559.000,Amarr Citizen 5054432,Capsule,18375,9855,-112077,0,,,,0
559.000,Amarr Citizen 4520313,Capsule,16700,76235,55905,187,-0.2674,0.8511,0.4517,0
559.000,Minmatar Citizen 9978241,Capsule,38105,47405,59378,187,,,,0
559.000,Minmatar Citizen 7162778,Covetor,34000,63440,57301,1161,-0.1210,-0.9556,-0.2687,0
559.000,Minmatar Citizen 9678938,Venture,65225,34985,80017,369,0.4055,0.8396,0.3614,0
559.000,Minmatar Citizen 2250648,Capsule,16115,47740,100026,0,,,,0
559.000,Gallente Citizen 1635012,Venture,28955,50000,55332,363,0.5547,-0.1109,0.8246,0
560.000,Caldari Citizen 9942864,Capsule,228115,224720,219108,0,,,,0
560.000,Caldari Citizen 6206817,Skiff,29375,36655,51899,2,,,,0
560.000,Minmatar Citizen 9745080,Capsule,32975,80260,60885,0,,,,0
560.000,Amarr Citizen 0220922,Capsule,13185,74400,29186,0,,,,0
560.000,Minmatar Citizen 4351238,Capsule,36285,70125,59723,0,,,,0
560.000,Caldari Citizen 3216932,Capsule,32600,50000,48644,0,,,,0
560.000,Minmatar Citizen 9076035,Capsule,16080,61620,63596,0,,,,0
560.000,Minmatar Citizen 6662812,Procurer,65225,36200,79475,300,0.7071,0.7071,-0.0030,0
560.000,Caldari Citizen 3891005,Orca,27600,37335,46908,162,,,,0
560.000,Caldari Citizen 8777524,Capsule,223280,219905,223635,0,,,,0
560.000,Minmatar Citizen 0254120,Porpoise,34160,61760,57444,614,-0.1791,-0.9804,-0.0823,0
560.000,Amarr Citizen 2674287,Orca,29980,50000,54783,125,0.0000,-0.7337,0.6795,0
560.000,Amarr Citizen 5054432,Capsule,18375,9855,-112077,0,,,,0
560.000,Amarr Citizen 4520313,Capsule,16700,76235,55905,187,-0.2674,0.8511,0.4517,0
560.000,Minmatar Citizen 9978241,Capsule,38105,47405,59378,187,0.4952,-0.3591,0.7911,0
560.000,Minmatar Citizen 7162778,Covetor,34160,61760,57444,1196,-0.1531,-0.9694,-0.1920,0
560.000,Minmatar Citizen 9678938,Venture,65225,34985,80017,380,0.0604,0.9930,0.1018,0
560.000,Minmatar Citizen 2250648,Capsule,16115,47740,100026,0,,,,0
560.000,Gallente Citizen 1635012,Venture,28955,50000,55332,363,0.5248,-0.1738,0.8333,0
561.000,Caldari Citizen 9942864,Capsule,228115,224720,219108,0,,,,0
561.000,Caldari Citizen 6206817,Skiff,29375,36655,51899,2,,,,0
561.000,Minmatar Citizen 9745080,Capsule,32975,80260,60885,0,,,,0
561.000,Amarr Citizen 0220922,Capsule,13185,74400,29186,0,,,,0
561.000,Minmatar Citizen 4351238,Capsule,36285,70125,59723,0,,,,0
561.000,Caldari Citizen 3216932,Capsule,32600,50000,48644,0,,,,0
561.000,Minmatar Citizen 9076035,Capsule,16080,61620,63596,0,,,,0
561.000,Minmatar Citizen 6662812,Procurer,65225,36200,79475,301,,,,0
561.000,Caldari Citizen 3891005,Orca,27600,37335,46908,152,,,,0
561.000,Caldari Citizen 8777524,Capsule,223280,219905,223635,0,,,,0
561.000,Minmatar Citizen 0254120,Porpoise,35225,61760,56797,567,-0.1845,-0.9721,-0.1448,0
561.000,Amarr Citizen 2674287,Orca,29980,50000,54783,125,-0.3251,-0.8669,0.3779,0
561.000,Amarr Citizen 5054432,Capsule,18375,9855,-112077,0,,,,0
561.000,Amarr Citizen 4520313,Capsule,16700,76235,55905,187,,,,0
561.000,Minmatar Citizen 9978241,Capsule,38105,47405,59378,187,0.6272,-0.1519,0.7639,0
561.000,Minmatar Citizen 7162778,Covetor,33255,60855,57365,1227,-0.2033,-0.9623,-0.1806,0
561.000,Minmatar Citizen 9678938,Venture,65225,34985,80017,387,-0.2921,0.9389,-0.1822,0
561.000,Minmatar Citizen 2250648,Capsule,16115,47740,100026,0,,,,0
561.000,Gallente Citizen 1635012,Venture,28955,50000,55332,363,0.7583,-0.2547,0.6001,0
562.000,Caldari Citizen 9942864,Capsule,228115,224720,219108,0,,,,0
562.000,Caldari Citizen 6206817,Skiff,29375,36655,51899,1,,,,0
562.000,Minmatar Citizen 9745080,Capsule,32975,80260,60885,0,,,,0
562.000,Amarr Citizen 0220922,Capsule,13185,74400,29186,0,,,,0
562.000,Minmatar Citizen 4351238,Capsule,36285,70125,59723,0,,,,0
562.000,Caldari Citizen 3216932,Capsule,32600,50000,48644,0,,,,0
562.000,Minmatar Citizen 9076035,Capsule,16080,61620,63596,0,,,,0
562.000,Minmatar Citizen 6662812,Procurer,65225,36200,79475,302,,,,0
562.000,Caldari Citizen 3891005,Orca,27600,37335,46908,144,,,,0
562.000,Caldari Citizen 8777524,Capsule,223280,219905,223635,0,,,,0
562.000,Minmatar Citizen 0254120,Porpoise,34320,60855,56735,525,-0.1294,-0.9431,-0.3064,0
562.000,Amarr Citizen 2674287,Orca,29980,50000,54783,126,-0.5277,-0.8444,0.0922,0
562.000,Amarr Citizen 5054432,Capsule,18375,9855,-112077,0,,,,0
562.000,Amarr Citizen 4520313,Capsule,16700,76235,55905,187,,,,0
562.000,Minmatar Citizen 9978241,Capsule,38105,46520,60074,187,0.6877,-0.0241,0.7256,0
562.000,Minmatar Citizen 7162778,Covetor,33425,59960,56644,1255,-0.2644,-0.9432,-0.2013,0
562.000,Minmatar Citizen 9678938,Venture,65225,34985,80017,391,-0.1218,0.9394,-0.3205,0
562.000,Minmatar Citizen 2250648,Capsule,16115,47740,100026,0,,,,0
562.000,Gallente Citizen 1635012,Venture,28955,50000,55332,360,0.9480,0.0000,0.3184,0
563.000,Caldari Citizen 9942864,Capsule,228115,224720,219108,0,,,,0
563.000,Caldari Citizen 6206817,Skiff,29375,36655,51899,1,,,,0
563.000,Minmatar Citizen 9745080,Capsule,32975,80260,60885,0,,,,0
563.000,Amarr Citizen 0220922,Capsule,13185,74400,29186,0,,,,0
563.000,Minmatar Citizen 4351238,Capsule,36285,70125,59723,0,,,,0
563.000,Caldari Citizen 3216932,Capsule,32600,50000,48644,0,,,,0
563.000,Minmatar Citizen 9076035,Capsule,16080,61620,63596,0,,,,0
563.000,Minmatar Citizen 6662812,Procurer,65225,36200,79475,303,0.3188,0.9034,-0.2867,0
563.000,Caldari Citizen 3891005,Orca,27600,37335,46908,137,,,,0
563.000,Caldari Citizen 8777524,Capsule,223280,219905,223635,0,,,,0
563.000,Minmatar Citizen 0254120,Porpoise,34320,60855,56735,488,-0.2065,-0.8569,-0.4722,0
563.000,Amarr Citizen 2674287,Orca,29980,50000,54783,126,-0.6828,-0.6828,-0.2601,0
563.000,Amarr Citizen 5054432,Capsule,18375,9855,-112077,0,,,,0
563.000,Amarr Citizen 4520313,Capsule,16700,76235,55905,187,0.7050,0.7050,0.0769,0
563.000,Minmatar Citizen 9978241,Capsule,38960,47375,60280,187,0.7324,0.1006,0.6734,0
563.000,Minmatar Citizen 7162778,Covetor,33595,58300,56714,1280,-0.2496,-0.9394,-0.2349,0
563.000,Minmatar Citizen 9678938,Venture,64280,36200,80241,392,0.0000,0.9111,-0.4122,0
563.000,Minmatar Citizen 2250648,Capsule,16115,47740,100026,0,,,,0
563.000,Gallente Citizen 1635012,Venture,29760,50000,56350,355,0.9692,0.0000,0.2463,0
564.000,Caldari Citizen 9942864,Capsule,228115,224720,219108,0,,,,0
564.000,Caldari Citizen 6206817,Skiff,29375,36655,51899,1,,,,0
564.000,Minmatar Citizen 9745080,Capsule,32975,80260,60885,0,,,,0
564.000,Amarr Citizen 0220922,Capsule,13185,74400,29186,0,,,,0
564.000,Minmatar Citizen 4351238,Capsule,36285,70125,59723,0,,,,0
564.000,Caldari Citizen 3216932,Capsule,32600,50000,48644,0,,,,0
564.000,Minmatar Citizen 9076035,Capsule,16080,61620,63596,0,,,,0
564.000,Minmatar Citizen 6662812,Procurer,65225,36200,79475,304,0.3829,0.8885,-0.2530,0
564.000,Caldari Citizen 3891005,Orca,27600,37335,46908,131,0.6284,0.6284,0.4585,0
564.000,Caldari Citizen 8777524,Capsule,223280,219905,223635,0,,,,0
564.000,Minmatar Citizen 0254120,Porpoise,34480,59960,56008,529,-0.2079,-0.8542,-0.4765,0
564.000,Amarr Citizen 2674287,Orca,29185,49205,54480,126,-0.6828,-0.6828,-0.2601,0
564.000,Amarr Citizen 5054432,Capsule,18375,9855,-112077,0,,,,0
564.000,Amarr Citizen 4520313,Capsule,16700,76235,55905,187,0.3128,0.9078,0.2793,0
564.000,Minmatar Citizen 9978241,Capsule,38960,47375,60280,187,0.7724,0.2927,0.5636,0
564.000,Minmatar Citizen 7162778,Covetor,31855,56560,56411,1301,-0.2407,-0.9431,-0.2295,0
564.000,Minmatar Citizen 9678938,Venture,65225,36200,79475,393,0.0692,0.8855,-0.4594,0
564.000,Minmatar Citizen 2250648,Capsule,16115,47740,100026,0,,,,0
564.000,Gallente Citizen 1635012,Venture,30785,50000,55797,345,0.9852,0.0000,0.1715,0
565.000,Caldari Citizen 9942864,Capsule,228115,224720,219108,0,-0.6982,0.0000,0.7159,0
565.000,Caldari Citizen 6206817,Skiff,29375,36655,51899,0,,,,0
565.000,Minmatar Citizen 9745080,Capsule,32975,80260,60885,0,,,,0
565.000,Amarr Citizen 0220922,Capsule,13185,74400,29186,0,,,,0
565.000,Minmatar Citizen 4351238,Capsule,36285,70125,59723,0,,,,0
565.000,Caldari Citizen 3216932,Capsule,32600,50000,48644,0,,,,0
565.000,Minmatar Citizen 9076035,Capsule,16080,61620,63596,0,,,,0
565.000,Minmatar Citizen 6662812,Procurer,65225,37405,78915,304,0.4180,0.8779,-0.2335,0
565.000,Caldari Citizen 3891005,Orca,27600,37335,46908,126,0.6284,0.6284,0.4585,0
565.000,Caldari Citizen 8777524,Capsule,223280,219905,223635,0,,,,0
565.000,Minmatar Citizen 0254120,Porpoise,34480,59960,56008,568,-0.1209,-0.9326,-0.3399,0
565.000,Amarr Citizen 2674287,Orca,29185,49205,54480,126,-0.1797,-0.7679,-0.6148,0
565.000,Amarr Citizen 5054432,Capsule,18375,9855,-112077,0,,,,0
565.000,Amarr Citizen 4520313,Capsule,17665,77200,56010,187,-0.0843,0.9120,0.4014,0
565.000,Minmatar Citizen 9978241,Capsule,38960,47375,60280,187,,,,0
565.000,Minmatar Citizen 7162778,Covetor,32045,55705,55633,1321,-0.2401,-0.9525,-0.1872,0
565.000,Minmatar Citizen 9678938,Venture,65225,36200,79475,393,0.1474,0.8483,-0.5085,0
565.000,Minmatar Citizen 2250648,Capsule,16115,47740,100026,0,,,,0
565.000,Gallente Citizen 1635012,Venture,30785,50000,55797,333,0.9910,0.0000,-0.1337,0
566.000,Caldari Citizen 9942864,Capsule,228115,224720,219108,0,-0.6982,0.0000,0.7159,0
566.000,Caldari Citizen 6206817,Skiff,29375,36655,51899,0,,,,0
566.000,Minmatar Citizen 9745080,Capsule,32975,80260,60885,0,,,,0
566.000,Amarr Citizen 0220922,Capsule,13185,74400,29186,0,,,,0
566.000,Minmatar Citizen 4351238,Capsule,36285,70125,59723,0,,,,0
566.000,Caldari Citizen 3216932,Capsule,32600,50000,48644,0,,,,0
566.000,Minmatar Citizen 9076035,Capsule,16080,61620,63596,0,,,,0
566.000,Minmatar Citizen 6662812,Procurer,66320,38500,78863,304,0.4518,0.8661,-0.2139,0
566.000,Caldari Citizen 3891005,Orca,28265,38000,47393,122,0.6284,0.6284,0.4585,0
566.000,Caldari Citizen 8777524,Capsule,223280,219905,223635,0,,,,0
566.000,Minmatar Citizen 0254120,Porpoise,33595,59075,55906,604,-0.1746,-0.9664,-0.1888,0
566.000,Amarr Citizen 2674287,Orca,29185,49205,54480,126,0.4713,-0.8409,-0.2659,0
566.000,Amarr Citizen 5054432,Capsule,18375,9855,-112077,0,,,,0
566.000,Amarr Citizen 4520313,Capsule,17665,77200,56010,187,-0.4432,0.7735,0.4531,0
566.000,Minmatar Citizen 9978241,Capsule,38960,47375,60280,187,0.0000,-0.7908,0.6121,0
566.000,Minmatar Citizen 7162778,Covetor,32235,54075,55613,1332,-0.2600,-0.9448,-0.1996,0
566.000,Minmatar Citizen 9678938,Venture,65225,37405,78915,394,0.2950,0.7524,-0.5889,0
566.000,Minmatar Citizen 2250648,Capsule,16115,47740,100026,0,,,,0
566.000,Gallente Citizen 1635012,Venture,30785,50000,55797,319,0.6050,0.0000,-0.7963,0
567.000,Caldari Citizen 9942864,Capsule,228115,224720,219108,131,-0.4722,-0.3554,0.8067,0
567.000,Caldari Citizen 6206817,Skiff,29375,36655,51899,0,,,,0
567.000,Minmatar Citizen 9745080,Capsule,32975,80260,60885,0,,,,0
567.000,Amarr Citizen 0220922,Capsule,13185,74400,29186,0,,,,0
567.000,Minmatar Citizen 4351238,Capsule,36285,70125,59723,0,,,,0
567.000,Caldari Citizen 3216932,Capsule,32600,50000,48644,0,,,,0
567.000,Minmatar Citizen 9076035,Capsule,16080,61620,63596,0,,,,0
567.000,Minmatar Citizen 6662812,Procurer,66320,38500,78863,305,0.5076,0.8427,-0.1797,0
567.000,Caldari Citizen 3891005,Orca,28265,38000,47393,120,0.6284,0.6284,0.4585,0
567.000,Caldari Citizen 8777524,Capsule,223280,219905,223635,0,,,,0
567.000,Minmatar Citizen 0254120,Porpoise,34640,59075,55265,636,-0.1669,-0.9752,-0.1452,0
567.000,Amarr Citizen 2674287,Orca,29185,49205,54480,127,0.8336,-0.5510,0.0386,0
567.000,Amarr Citizen 5054432,Capsule,18375,9855,-112077,0,,,,0
567.000,Amarr Citizen 4520313,Capsule,16400,77200,56393,187,-0.2627,0.8638,0.4300,0
567.000,Minmatar Citizen 9978241,Capsule,38960,47375,60280,187,0.4488,-0.8240,0.3459,0
567.000,Minmatar Citizen 7162778,Covetor,31400,53240,55394,1179,-0.1086,-0.9657,-0.2357,0
567.000,Minmatar Citizen 9678938,Venture,65225,37405,78915,395,0.3337,0.7168,-0.6123,0
567.000,Minmatar Citizen 2250648,Capsule,16115,47740,100026,0,,,,0
567.000,Gallente Citizen 1635012,Venture,30785,50000,55797,310,0.2366,0.0000,-0.9716,0
568.000,Caldari Citizen 9942864,Capsule,224720,224720,222589,187,-0.4627,-0.3666,0.8072,0
568.000,Caldari Citizen 6206817,Skiff,29375,36655,51899,0,,,,0
568.000,Minmatar Citizen 9745080,Capsule,32975,80260,60885,0,,,,0
568.000,Amarr Citizen 0220922,Capsule,13185,74400,29186,0,,,,0
568.000,Minmatar Citizen 4351238,Capsule,36285,70125,59723,0,,,,0
568.000,Caldari Citizen 3216932,Capsule,32600,50000,48644,0,,,,0
568.000,Minmatar Citizen 9076035,Capsule,16080,61620,63596,0,,,,0
568.000,Minmatar Citizen 6662812,Procurer,66320,38500,78863,305,,,,0
568.000,Caldari Citizen 3891005,Orca,28265,38000,47393,118,,,,0
568.000,Caldari Citizen 8777524,Capsule,223280,219905,223635,0,,,,0
568.000,Minmatar Citizen 0254120,Porpoise,33765,57425,55958,666,-0.2168,-0.9590,-0.1826,0
568.000,Amarr Citizen 2674287,Orca,30200,49205,53924,127,0.7770,-0.6163,0.1283,0
568.000,Amarr Citizen 5054432,Capsule,18375,9855,-112077,0,,,,0
568.000,Amarr Citizen 4520313,Capsule,16400,77200,56393,187,-0.2581,0.8678,0.4246,0
568.000,Minmatar Citizen 9978241,Capsule,38960,46480,60973,187,0.6660,-0.7337,0.1347,0
568.000,Minmatar Citizen 7162778,Covetor,31600,51620,55325,1046,-0.1694,-0.9533,-0.2499,0
568.000,Minmatar Citizen 9678938,Venture,65225,37405,78915,397,0.4139,0.6374,-0.6499,0
568.000,Minmatar Citizen 2250648,Capsule,16115,47740,100026,0,,,,0
568.000,Gallente Citizen 1635012,Venture,31800,50000,55225,305,0.1316,0.0000,-0.9913,0
569.000,Caldari Citizen 9942864,Capsule,224720,224720,222589,307,-0.4472,-0.3846,0.8075,0
569.000,Caldari Citizen 6206817,Skiff,29375,36655,51899,0,,,,0
569.000,Minmatar Citizen 9745080,Capsule,32975,80260,60885,0,,,,0
569.000,Amarr Citizen 0220922,Capsule,13185,74400,29186,0,,,,0
569.000,Minmatar Citizen 4351238,Capsule,36285,70125,59723,0,,,,0
569.000,Caldari Citizen 3216932,Capsule,32600,50000,48644,0,,,,0
569.000,Minmatar Citizen 9076035,Capsule,16080,61620,63596,0,,,,0
569.000,Minmatar Citizen 6662812,Procurer,66320,38500,78863,305,,,,0
569.000,Caldari Citizen 3891005,Orca,28265,38000,47393,116,,,,0
569.000,Caldari Citizen 8777524,Capsule,223280,219905,223635,0,,,,0
569.000,Minmatar Citizen 0254120,Porpoise,33765,57425,55958,693,-0.2179,-0.9731,-0.0752,0
569.000,Amarr Citizen 2674287,Orca,30200,48400,54648,127,0.7070,-0.6729,0.2176,0
569.000,Amarr Citizen 5054432,Capsule,18375,9855,-112077,0,,,,0
569.000,Amarr Citizen 4520313,Capsule,16400,77200,56393,187,0.3195,0.9094,0.2662,0
569.000,Minmatar Citizen 9978241,Capsule,38960,46480,60973,187,0.9758,-0.2172,0.0237,0
569.000,Minmatar Citizen 7162778,Covetor,30785,50805,55065,935,-0.2587,-0.9370,-0.2347,0
569.000,Minmatar Citizen 9678938,Venture,65225,37405,78915,399,0.5016,0.5342,-0.6804,0
569.000,Minmatar Citizen 2250648,Capsule,16115,47740,100026,0,,,,0
569.000,Gallente Citizen 1635012,Venture,30995,50000,54215,306,-0.2078,-0.2315,-0.9504,0
570.000,Caldari Citizen 9942864,Capsule,217900,214475,238881,,-0.4169,-0.4182,0.8070,0
570.000,Caldari Citizen 6206817,Skiff,29375,36655,51899,0,,,,0
570.000,Minmatar Citizen 9745080,Capsule,32975,80260,60885,0,,,,0
570.000,Amarr Citizen 0220922,Capsule,13185,74400,29186,0,,,,0
570.000,Minmatar Citizen 4351238,Capsule,36285,70125,59723,0,,,,0
570.000,Caldari Citizen 3216932,Capsule,32600,50000,48644,0,,,,0
570.000,Minmatar Citizen 9076035,Capsule,16080,61620,63596,0,,,,0
570.000,Minmatar Citizen 6662812,Procurer,66320,38500,78863,305,0.7061,0.7061,-0.0531,0
570.000,Caldari Citizen 3891005,Orca,28265,38000,47393,115,,,,0
570.000,Caldari Citizen 8777524,Capsule,223280,219905,223635,0,,,,0
570.000,Minmatar Citizen 0254120,Porpoise,33935,56560,55185,718,-0.2731,-0.9579,-0.0886,0
570.000,Amarr Citizen 2674287,Orca,30200,48400,54648,127,0.5628,-0.7439,0.3605,0
570.000,Amarr Citizen 5054432,Capsule,18375,9855,-112077,0,,,,0
570.000,Amarr Citizen 4520313,Capsule,17375,78175,56487,187,0.7055,0.7055,0.0678,0
570.000,Minmatar Citizen 9978241,Capsule,39935,46480,60339,187,0.9842,0.1586,-0.0789,0
570.000,Minmatar Citizen 7162778,Covetor,31800,50805,54485,839,-0.1390,-0.9530,-0.2691,0
570.000,Minmatar Citizen 9678938,Venture,66160,37405,78133,401,0.6055,0.3869,-0.6955,0
570.000,Minmatar Citizen 2250648,Capsule,16115,47740,100026,0,,,,0
570.000,Gallente Citizen 1635012,Venture,30995,50000,54215,310,-0.4770,-0.3827,-0.7912,0
571.000,Caldari Citizen 6206817,Skiff,29375,36655,51899,0,,,,0
571.000,Minmatar Citizen 9745080,Capsule,32975,80260,60885,0,,,,0
571.000,Amarr Citizen 0220922,Capsule,13185,74400,29186,0,,,,0
571.000,Minmatar Citizen 4351238,Capsule,36285,70125,59723,0,,,,0
571.000,Caldari Citizen 3216932,Capsule,32600,50000,48644,0,,,,0
571.000,Minmatar Citizen 9076035,Capsule,16080,61620,63596,0,,,,0
571.000,Minmatar Citizen 6662812,Procurer,66320,38500,78863,305,0.7061,0.7061,-0.0531,0
571.000,Caldari Citizen 3891005,Orca,28265,38000,47393,115,,,,0
571.000,Caldari Citizen 8777524,Capsule,223280,219905,223635,0,,,,0
571.000,Minmatar Citizen 0254120,Porpoise,33080,55705,55024,741,-0.2648,-0.9403,-0.2139,0
571.000,Amarr Citizen 2674287,Orca,30200,48400,54648,127,,,,0
571.000,Amarr Citizen 5054432,Capsule,18375,9855,-112077,0,,,,0
571.000,Amarr Citizen 4520313,Capsule,17375,78175,56487,187,0.7055,0.7055,0.0678,0
571.000,Minmatar Citizen 9978241,Capsule,39935,46480,60339,187,0.9711,0.2388,0.0013,0
571.000,Minmatar Citizen 7162778,Covetor,30995,50000,54215,757,-0.2073,-0.9273,-0.3117,0
571.000,Minmatar Citizen 9678938,Venture,66160,38600,77549,403,0.7752,0.4363,-0.4568,0
571.000,Minmatar Citizen 2250648,Capsule,16115,47740,100026,0,,,,0
571.000,Gallente Citizen 1635012,Venture,30995,50000,54215,316,-0.7289,-0.4839,-0.4843,0
572.000,Caldari Citizen 6206817,Skiff,29375,36655,51899,0,,,,0
572.000,Minmatar Citizen 9745080,Capsule,32975,80260,60885,0,,,,0
572.000,Amarr Citizen 0220922,Capsule,13185,74400,29186,0,,,,0
572.000,Minmatar Citizen 4351238,Capsule,36285,70125,59723,0,,,,0
572.000,Caldari Citizen 3216932,Capsule,32600,50000,48644,0,,,,0
572.000,Minmatar Citizen 9076035,Capsule,16080,61620,63596,0,,,,0
572.000,Minmatar Citizen 6662812,Procurer,66320,38500,78863,305,0.7061,0.7061,-0.0531,0
572.000,Caldari Citizen 3891005,Orca,28265,38000,47393,114,,,,0
572.000,Caldari Citizen 8777524,Capsule,223280,219905,223635,0,,,,0
572.000,Minmatar Citizen 0254120,Porpoise,33080,54920,55808,761,-0.3071,-0.9324,-0.1907,0
572.000,Amarr Citizen 2674287,Orca,30200,48400,54648,127,,,,0
572.000,Amarr Citizen 5054432,Capsule,18375,9855,-112077,0,,,,0
572.000,Amarr Citizen 4520313,Capsule,17375,78175,56487,187,0.3188,0.9123,0.2571,0
572.000,Minmatar Citizen 9978241,Capsule,40800,47345,60521,187,0.9468,0.0776,0.3122,0
572.000,Minmatar Citizen 7162778,Covetor,30200,48400,54648,686,-0.1946,-0.9369,-0.2904,0
572.000,Minmatar Citizen 9678938,Venture,66160,38600,77549,404,0.8668,0.4481,-0.2188,0
572.000,Minmatar Citizen 2250648,Capsule,16115,47740,100026,0,,,,0
572.000,Gallente Citizen 1635012,Venture,30200,49205,53924,323,-0.6845,-0.6845,-0.2507,0
573.000,Caldari Citizen 6206817,Skiff,29375,36655,51899,0,,,,0
573.000,Minmatar Citizen 9745080,Capsule,32975,80260,60885,0,,,,0
573.000,Amarr Citizen 0220922,Capsule,13185,74400,29186,0,,,,0
573.000,Minmatar Citizen 4351238,Capsule,36285,70125,59723,0,,,,0
573.000,Caldari Citizen 3216932,Capsule,32600,50000,48644,0,,,,0
573.000,Minmatar Citizen 9076035,Capsule,16080,61620,63596,0,,,,0
573.000,Minmatar Citizen 6662812,Procurer,67425,39605,78780,305,0.7061,0.7061,-0.0531,0
573.000,Caldari Citizen 3891005,Orca,28265,38000,47393,115,,,,0
573.000,Caldari Citizen 8777524,Capsule,223280,219905,223635,0,,,,0
573.000,Minmatar Citizen 0254120,Porpoise,33260,54075,55006,774,-0.2644,-0.9562,-0.1255,0
573.000,Amarr Citizen 2674287,Orca,30200,48400,54648,127,,,,0
573.000,Amarr Citizen 5054432,Capsule,18375,9855,-112077,0,,,,0
573.000,Amarr Citizen 4520313,Capsule,17375,78175,56487,187,-0.2579,0.8759,0.4078,0
573.000,Minmatar Citizen 9978241,Capsule,40800,47345,60521,187,0.6386,-0.1632,0.7521,0
573.000,Minmatar Citizen 7162778,Covetor,31205,48400,54080,646,-0.3455,-0.9294,-0.1297,0
573.000,Minmatar Citizen 9678938,Venture,66160,37405,78133,404,0.8947,0.4065,0.1850,0
573.000,Minmatar Citizen 2250648,Capsule,16115,47740,100026,0,,,,0
573.000,Gallente Citizen 1635012,Venture,30200,49205,53924,328,-0.6845,-0.6845,-0.2507,0
574.000,Caldari Citizen 6206817,Skiff,29375,36655,51899,0,,,,0
574.000,Minmatar Citizen 9745080,Capsule,32975,80260,60885,0,,,,0
574.000,Amarr Citizen 0220922,Capsule,13185,74400,29186,0,,,,0
574.000,Minmatar Citizen 4351238,Capsule,36285,70125,59723,0,,,,0
574.000,Caldari Citizen 3216932,Capsule,32600,50000,48644,0,,,,0
574.000,Minmatar Citizen 9076035,Capsule,16080,61620,63596,0,,,,0
574.000,Minmatar Citizen 6662812,Procurer,67425,39605,78780,306,0.5074,0.8366,-0.2068,0
574.000,Caldari Citizen 3891005,Orca,28265,38000,47393,115,0.5086,-0.1206,0.8525,0
574.000,Caldari Citizen 8777524,Capsule,223280,219905,223635,0,,,,0
574.000,Minmatar Citizen 0254120,Porpoise,32425,53240,54801,792,-0.2418,-0.9550,-0.1715,0
574.000,Amarr Citizen 2674287,Orca,30200,48400,54648,127,,,,0
574.000,Amarr Citizen 5054432,Capsule,18375,9855,-112077,0,,,,0
574.000,Amarr Citizen 4520313,Capsule,17375,78175,56487,187,-0.2579,0.8759,0.4078,0
574.000,Minmatar Citizen 9978241,Capsule,40800,46440,61218,187,0.4258,-0.4652,0.7761,0
574.000,Minmatar Citizen 7162778,Covetor,30420,47615,53772,592,-0.1645,-0.9703,-0.1771,0
574.000,Minmatar Citizen 9678938,Venture,67255,38500,78067,403,0.9100,0.3600,0.2056,0
574.000,Minmatar Citizen 2250648,Capsule,16115,47740,100026,0,,,,0
574.000,Gallente Citizen 1635012,Venture,30200,49205,53924,336,-0.6827,-0.6827,-0.2607,0
575.000,Caldari Citizen 6206817,Skiff,29375,36655,51899,0,,,,0
575.000,Minmatar Citizen 9745080,Capsule,32975,80260,60885,0,,,,0
575.000,Amarr Citizen 0220922,Capsule,13185,74400,29186,0,,,,0
575.000,Minmatar Citizen 4351238,Capsule,36285,70125,59723,0,,,,0
575.000,Caldari Citizen 3216932,Capsule,32600,50000,48644,0,,,,0
575.000,Minmatar Citizen 9076035,Capsule,16080,61620,63596,0,,,,0
575.000,Minmatar Citizen 6662812,Procurer,67425,39605,78780,306,0.3186,0.8929,-0.3182,0
575.000,Caldari Citizen 3891005,Orca,28265,38000,47393,115,0.5086,-0.1206,0.8525,0
575.000,Caldari Citizen 8777524,Capsule,223280,219905,223635,0,,,,0
575.000,Minmatar Citizen 0254120,Porpoise,32425,53240,54801,808,-0.1622,-0.9356,-0.3137,0
575.000,Amarr Citizen 2674287,Orca,30200,48400,54648,127,,,,0
575.000,Amarr Citizen 5054432,Capsule,18375,9855,-112077,0,,,,0
575.000,Amarr Citizen 4520313,Capsule,17085,79160,56946,187,-0.2514,0.5787,0.7758,0
575.000,Minmatar Citizen 9978241,Capsule,40800,46440,61218,187,0.0000,-0.7922,0.6103,0
575.000,Minmatar Citizen 7162778,Covetor,30420,47615,53772,545,-0.1722,-0.9421,-0.2878,0
575.000,Minmatar Citizen 9678938,Venture,67255,38500,78067,402,0.8271,0.5576,0.0705,0
575.000,Minmatar Citizen 2250648,Capsule,16115,47740,100026,0,,,,0
575.000,Gallente Citizen 1635012,Venture,30200,49205,53924,343,-0.5247,-0.8476,0.0786,0
575.000,Amarr Citizen 2281178,Venture,1360,95885,51819,3416,-0.0898,0.1071,0.9902,0
576.000,Caldari Citizen 6206817,Skiff,29375,36655,51899,0,,,,0
576.000,Minmatar Citizen 9745080,Capsule,32975,80260,60885,0,,,,0
576.000,Amarr Citizen 0220922,Capsule,13185,74400,29186,0,,,,0
576.000,Minmatar Citizen 4351238,Capsule,36285,70125,59723,0,,,,0
576.000,Caldari Citizen 3216932,Capsule,32600,50000,48644,0,,,,0
576.000,Minmatar Citizen 9076035,Capsule,16080,61620,63596,0,,,,0
576.000,Minmatar Citizen 6662812,Procurer,67425,39605,78780,306,0.2844,0.8940,-0.3463,0
576.000,Caldari Citizen 3891005,Orca,28940,37840,48524,116,0.5086,-0.1206,0.8525,0
576.000,Caldari Citizen 8777524,Capsule,223280,219905,223635,0,,,,0
576.000,Minmatar Citizen 0254120,Porpoise,32615,51620,54732,823,-0.1612,-0.9705,-0.1796,0
576.000,Amarr Citizen 2674287,Orca,30200,48400,54648,128,0.0000,-0.7535,0.6575,0
576.000,Amarr Citizen 5054432,Capsule,18375,9855,-112077,0,,,,0
576.000,Amarr Citizen 4520313,Capsule,17085,79160,56946,187,-0.2062,0.2488,0.9463,0
576.000,Minmatar Citizen 9978241,Capsule,40800,46440,61218,187,,,,0
576.000,Minmatar Citizen 7162778,Covetor,29645,46025,54147,505,-0.2880,-0.9316,-0.2218,0
576.000,Minmatar Citizen 9678938,Venture,67255,38500,78067,401,0.7060,0.7060,-0.0555,0
576.000,Minmatar Citizen 2250648,Capsule,16115,47740,100026,0,,,,0
576.000,Gallente Citizen 1635012,Venture,30200,49205,53924,350,-0.6386,-0.7193,0.2734,0
576.000,Amarr Citizen 2281178,Venture,600,96480,54884,3434,-0.0889,0.0981,0.9912,0
577.000,Caldari Citizen 6206817,Skiff,29375,36655,51899,0,,,,0
577.000,Minmatar Citizen 9745080,Capsule,32975,80260,60885,0,,,,0
577.000,Amarr Citizen 0220922,Capsule,13185,74400,29186,0,,,,0
577.000,Minmatar Citizen 4351238,Capsule,36285,70125,59723,0,,,,0
577.000,Caldari Citizen 3216932,Capsule,32600,50000,48644,0,,,,0
577.000,Minmatar Citizen 9076035,Capsule,16080,61620,63596,0,,,,0
577.000,Minmatar Citizen 6662812,Procurer,67425,40800,78168,306,0.3826,0.8746,-0.2978,0
577.000,Caldari Citizen 3891005,Orca,28940,37840,48524,116,0.5086,-0.1206,0.8525,0
577.000,Caldari Citizen 8777524,Capsule,223280,219905,223635,0,,,,0
577.000,Minmatar Citizen 0254120,Porpoise,31800,50805,54485,837,-0.0907,-0.9858,-0.1411,0
577.000,Amarr Citizen 2674287,Orca,30200,48400,54648,128,0.0000,-0.7535,0.6575,0
577.000,Amarr Citizen 5054432,Capsule,18375,9855,-112077,0,,,,0
577.000,Amarr Citizen 4520313,Capsule,17085,79160,56946,187,-0.1294,-0.1272,0.9834,0
577.000,Minmatar Citizen 9978241,Capsule,40800,46440,61218,187,,,,0
577.000,Minmatar Citizen 7162778,Covetor,30640,46025,53590,471,-0.1881,-0.9453,-0.2667,0
577.000,Minmatar Citizen 9678938,Venture,68360,39605,77970,398,0.5794,0.8060,0.1213,0
577.000,Minmatar Citizen 2250648,Capsule,16115,47740,100026,0,,,,0
577.000,Gallente Citizen 1635012,Venture,29415,48420,53612,356,-0.6190,-0.5986,0.5085,0
577.000,Amarr Citizen 2281178,Venture,-160,97025,57923,3448,-0.0549,0.1153,0.9918,0
578.000,Caldari Citizen 6206817,Skiff,29375,36655,51899,0,,,,0
578.000,Minmatar Citizen 9745080,Capsule,32975,80260,60885,0,,,,0
578.000,Amarr Citizen 0220922,Capsule,13185,74400,29186,0,,,,0
578.000,Minmatar Citizen 4351238,Capsule,36285,70125,59723,0,,,,0
578.000,Caldari Citizen 3216932,Capsule,32600,50000,48644,0,,,,0
578.000,Minmatar Citizen 9076035,Capsule,16080,61620,63596,0,,,,0
578.000,Minmatar Citizen 6662812,Procurer,67425,40800,78168,306,0.4510,0.8537,-0.2603,0
578.000,Caldari Citizen 3891005,Orca,28940,37840,48524,117,,,,0
578.000,Caldari Citizen 8777524,Capsule,223280,219905,223635,0,,,,0
578.000,Minmatar Citizen 0254120,Porpoise,32805,50805,53886,848,-0.0790,-0.9721,-0.2209,0
578.000,Amarr Citizen 2674287,Orca,30200,47585,55359,128,0.0000,-0.7535,0.6575,0
578.000,Amarr Citizen 5054432,Capsule,18375,9855,-112077,0,,,,0
578.000,Amarr Citizen 4520313,Capsule,17085,78525,57818,187,0.4788,-0.1323,0.8679,0
578.000,Minmatar Citizen 9978241,Capsule,40800,46440,61218,187,0.7111,-0.0325,0.7023,0
578.000,Minmatar Citizen 7162778,Covetor,29875,45260,53245,442,-0.3169,-0.8760,-0.3635,0
578.000,Minmatar Citizen 9678938,Venture,68360,39605,77970,395,0.4879,0.8429,0.2268,0
578.000,Minmatar Citizen 2250648,Capsule,16115,47740,100026,0,,,,0
578.000,Gallente Citizen 1635012,Venture,29415,47615,54328,362,-0.4482,-0.5354,0.7159,0
578.000,Amarr Citizen 2281178,Venture,605,96905,61920,3460,-0.0602,0.1198,0.9910,0
579.000,Caldari Citizen 6206817,Skiff,29375,36655,51899,0,,,,0
579.000,Minmatar Citizen 9745080,Capsule,32975,80260,60885,0,,,,0
579.000,Amarr Citizen 0220922,Capsule,13185,74400,29186,0,,,,0
579.000,Minmatar Citizen 4351238,Capsule,36285,70125,59723,0,,,,0
579.000,Caldari Citizen 3216932,Capsule,32600,50000,48644,0,,,,0
579.000,Minmatar Citizen 9076035,Capsule,16080,61620,63596,0,,,,0
579.000,Minmatar Citizen 6662812,Procurer,68540,41915,78035,306,0.5334,0.8193,-0.2102,0
579.000,Caldari Citizen 3891005,Orca,28940,37840,48524,118,,,,0
579.000,Caldari Citizen 8777524,Capsule,223280,219905,223635,0,,,,0
579.000,Minmatar Citizen 0254120,Porpoise,32000,49195,54368,787,-0.1825,-0.9333,-0.3092,0
579.000,Amarr Citizen 2674287,Orca,30200,47585,55359,128,0.0000,-0.7535,0.6575,0
579.000,Amarr Citizen 5054432,Capsule,18375,9855,-112077,0,,,,0
579.000,Amarr Citizen 4520313,Capsule,17085,78525,57818,187,0.1810,0.2910,0.9395,0
579.000,Minmatar Citizen 9978241,Capsule,40800,46440,61218,187,0.7111,-0.0325,0.7023,0
579.000,Minmatar Citizen 7162778,Covetor,29875,45260,53245,417,-0.1471,-0.8926,-0.4262,0
579.000,Minmatar Citizen 9678938,Venture,68360,39605,77970,392,0.3790,0.8629,0.3343,0
579.000,Minmatar Citizen 2250648,Capsule,16115,47740,100026,0,,,,0
579.000,Gallente Citizen 1635012,Venture,28400,47615,54866,367,-0.2813,-0.4326,0.8566,0
579.000,Amarr Citizen 2281178,Venture,-135,97320,64945,3468,-0.0599,0.0889,0.9942,0
580.000,Caldari Citizen 6206817,Skiff,29375,36655,51899,0,,,,0
580.000,Minmatar Citizen 9745080,Capsule,32975,80260,60885,0,,,,0
580.000,Amarr Citizen 0220922,Capsule,13185,74400,29186,0,,,,0
580.000,Minmatar Citizen 4351238,Capsule,36285,70125,59723,0,,,,0
580.000,Caldari Citizen 3216932,Capsule,32600,50000,48644,0,,,,0
580.000,Minmatar Citizen 9076035,Capsule,16080,61620,63596,0,,,,0
580.000,Minmatar Citizen 6662812,Procurer,68540,41915,78035,306,0.7046,0.7046,-0.0843,0
580.000,Caldari Citizen 3891005,Orca,28940,37840,48524,118,,,,0
580.000,Caldari Citizen 8777524,Capsule,223280,219905,223635,0,,,,0
580.000,Minmatar Citizen 0254120,Porpoise,32000,49195,54368,721,-0.1872,-0.9620,-0.1986,0
580.000,Amarr Citizen 2674287,Orca,30200,47585,55359,128,,,,0
580.000,Amarr Citizen 5054432,Capsule,18375,9855,-112077,0,,,,0
580.000,Amarr Citizen 4520313,Capsule,17085,78525,57818,187,-0.0713,0.6371,0.7675,0
580.000,Minmatar Citizen 9978241,Capsule,41675,46400,62082,187,0.7111,-0.0325,0.7023,0
580.000,Minmatar Citizen 7162778,Covetor,29875,45260,53245,395,-0.1667,-0.9605,-0.2230,0
580.000,Minmatar Citizen 9678938,Venture,68540,40720,78665,388,0.1358,0.8409,0.5238,0
580.000,Minmatar Citizen 2250648,Capsule,16115,47740,100026,0,,,,0
580.000,Gallente Citizen 1635012,Venture,29185,48400,55197,371,-0.0322,-0.2286,0.9730,0
580.000,Amarr Citizen 2281178,Venture,320,98195,68976,3475,-0.0487,0.0809,0.9955,0
581.000,Caldari Citizen 6206817,Skiff,29375,36655,51899,0,,,,0
581.000,Minmatar Citizen 9745080,Capsule,32975,80260,60885,0,,,,0
581.000,Amarr Citizen 0220922,Capsule,13185,74400,29186,0,,,,0
581.000,Minmatar Citizen 4351238,Capsule,36285,70125,59723,0,,,,0
581.000,Caldari Citizen 3216932,Capsule,32600,50000,48644,0,,,,0
581.000,Minmatar Citizen 9076035,Capsule,16080,61620,63596,0,,,,0
581.000,Minmatar Citizen 6662812,Procurer,68540,41915,78035,306,0.7046,0.7046,-0.0843,0
581.000,Caldari Citizen 3891005,Orca,28940,37840,48524,119,,,,0
581.000,Caldari Citizen 8777524,Capsule,223280,219905,223635,0,,,,0
581.000,Minmatar Citizen 0254120,Porpoise,32200,48400,53494,662,-0.3051,-0.9468,-0.1024,0
581.000,Amarr Citizen 2674287,Orca,30200,47585,55359,128,,,,0
581.000,Amarr Citizen 5054432,Capsule,18375,9855,-112077,0,,,,0
581.000,Amarr Citizen 4520313,Capsule,18080,79520,57876,187,-0.2572,0.8824,0.3940,0
581.000,Minmatar Citizen 9978241,Capsule,41675,46400,62082,187,0.7111,-0.0325,0.7023,0
581.000,Minmatar Citizen 7162778,Covetor,29120,44505,52880,377,0.1426,-0.9796,-0.1416,0
581.000,Minmatar Citizen 9678938,Venture,68540,40720,78665,385,0.1357,0.8436,0.5196,0
581.000,Minmatar Citizen 2250648,Capsule,16115,47740,100026,0,,,,0
581.000,Gallente Citizen 1635012,Venture,29185,47585,55901,373,0.0862,-0.3371,0.9375,0
581.000,Amarr Citizen 2281178,Venture,-400,98500,71983,3481,-0.0789,0.0795,0.9937,0
582.000,Caldari Citizen 6206817,Skiff,29375,36655,51899,0,,,,0
582.000,Minmatar Citizen 9745080,Capsule,32975,80260,60885,0,,,,0
582.000,Amarr Citizen 0220922,Capsule,13185,74400,29186,0,,,,0
582.000,Minmatar Citizen 4351238,Capsule,36285,70125,59723,0,,,,0
582.000,Caldari Citizen 3216932,Capsule,32600,50000,48644,0,,,,0
582.000,Minmatar Citizen 9076035,Capsule,16080,61620,63596,0,,,,0
582.000,Minmatar Citizen 6662812,Procurer,68540,41915,78035,306,,,,0
582.000,Caldari Citizen 3891005,Orca,28940,37840,48524,120,,,,0
582.000,Caldari Citizen 8777524,Capsule,223280,219905,223635,0,,,,0
582.000,Minmatar Citizen 0254120,Porpoise,31415,47615,53197,609,-0.1831,-0.9453,-0.2701,0
582.000,Amarr Citizen 2674287,Orca,30200,47585,55359,108,,,,0
582.000,Amarr Citizen 5054432,Capsule,18375,9855,-112077,0,,,,0
582.000,Amarr Citizen 4520313,Capsule,16795,79520,58262,187,-0.4378,0.7963,0.4173,0
582.000,Minmatar Citizen 9978241,Capsule,41675,46400,62082,187,,,,0
582.000,Minmatar Citizen 7162778,Covetor,30105,43680,53016,361,-0.0090,-0.9813,-0.1922,0
582.000,Minmatar Citizen 9678938,Venture,68540,40720,78665,382,0.1357,0.8454,0.5167,0
582.000,Minmatar Citizen 2250648,Capsule,16115,47740,100026,0,,,,0
582.000,Gallente Citizen 1635012,Venture,29185,47585,55901,375,0.2317,-0.5751,0.7845,0
582.000,Amarr Citizen 2281178,Venture,-1120,98000,75965,3485,-0.0789,0.0189,0.9967,0
583.000,Caldari Citizen 6206817,Skiff,29375,36655,51899,0,,,,0
583.000,Minmatar Citizen 9745080,Capsule,32975,80260,60885,0,,,,0
583.000,Amarr Citizen 0220922,Capsule,13185,74400,29186,0,,,,0
583.000,Minmatar Citizen 4351238,Capsule,36285,70125,59723,0,,,,0
583.000,Caldari Citizen 3216932,Capsule,32600,50000,48644,0,,,,0
583.000,Minmatar Citizen 9076035,Capsule,16080,61620,63596,0,,,,0
583.000,Minmatar Citizen 6662812,Procurer,68540,41915,78035,306,,,,0
583.000,Caldari Citizen 3891005,Orca,28940,37840,48524,121,,,,0
583.000,Caldari Citizen 8777524,Capsule,223280,219905,223635,0,,,,0
583.000,Minmatar Citizen 0254120,Porpoise,31415,46800,53915,562,-0.1889,-0.9585,-0.2136,0
583.000,Amarr Citizen 2674287,Orca,30200,47585,55359,104,,,,0
583.000,Amarr Citizen 5054432,Capsule,18375,9855,-112077,0,,,,0
583.000,Amarr Citizen 4520313,Capsule,16795,79520,58262,187,-0.6615,0.6204,0.4213,0
583.000,Minmatar Citizen 9978241,Capsule,41675,46400,62082,187,,,,0
583.000,Minmatar Citizen 7162778,Covetor,30105,43680,53016,348,0.0265,-0.9826,-0.1836,0
583.000,Minmatar Citizen 9678938,Venture,68540,40720,78665,380,0.1357,0.8480,0.5124,0
583.000,Minmatar Citizen 2250648,Capsule,16115,47740,100026,0,,,,0
583.000,Gallente Citizen 1635012,Venture,29185,47585,55901,376,0.0000,-0.7626,0.6469,0
583.000,Amarr Citizen 2281178,Venture,-575,98645,79986,3488,-0.0964,-0.0159,0.9952,0
584.000,Caldari Citizen 6206817,Skiff,29375,36655,51899,0,,,,0
584.000,Minmatar Citizen 9745080,Capsule,32975,80260,60885,0,,,,0
584.000,Amarr Citizen 0220922,Capsule,13185,74400,29186,0,,,,0
584.000,Minmatar Citizen 4351238,Capsule,36285,70125,59723,0,,,,0
584.000,Caldari Citizen 3216932,Capsule,32600,50000,48644,0,,,,0
584.000,Minmatar Citizen 9076035,Capsule,16080,61620,63596,0,,,,0
584.000,Minmatar Citizen 6662812,Procurer,68540,41915,78035,306,,,,0
584.000,Caldari Citizen 3891005,Orca,28940,37840,48524,121,,,,0
584.000,Caldari Citizen 8777524,Capsule,223280,219905,223635,0,,,,0
584.000,Minmatar Citizen 0254120,Porpoise,31415,46800,53915,521,-0.2022,-0.9784,-0.0422,0
584.000,Amarr Citizen 2674287,Orca,30200,47585,55359,102,,,,0
584.000,Amarr Citizen 5054432,Capsule,18375,9855,-112077,0,,,,0
584.000,Amarr Citizen 4520313,Capsule,16795,79520,58262,187,-0.9578,0.0000,0.2876,0
584.000,Minmatar Citizen 9978241,Capsule,41675,46400,62082,187,,,,0
584.000,Minmatar Citizen 7162778,Covetor,30105,43680,53016,336,0.1494,-0.9770,-0.1519,0
584.000,Minmatar Citizen 9678938,Venture,68720,41845,79345,379,0.1357,0.8480,0.5124,0
584.000,Minmatar Citizen 2250648,Capsule,16115,47740,100026,0,,,,0
584.000,Gallente Citizen 1635012,Venture,29185,46760,56593,374,0.0000,-0.7662,0.6426,0
584.000,Amarr Citizen 2281178,Venture,-1275,98760,82981,3491,-0.0743,-0.0342,0.9966,0
585.000,Caldari Citizen 6206817,Skiff,29375,36655,51899,0,,,,0
585.000,Minmatar Citizen 9745080,Capsule,32975,80260,60885,0,,,,0
585.000,Amarr Citizen 0220922,Capsule,13185,74400,29186,0,,,,0
585.000,Minmatar Citizen 4351238,Capsule,36285,70125,59723,187,,,,0
585.000,Caldari Citizen 3216932,Capsule,32600,50000,48644,0,,,,0
585.000,Minmatar Citizen 9076035,Capsule,16080,61620,63596,0,,,,0
585.000,Minmatar Citizen 6662812,Procurer,68540,41915,78035,303,,,,0
585.000,Caldari Citizen 3891005,Orca,28940,37840,48524,122,,,,0
585.000,Caldari Citizen 8777524,Capsule,223280,219905,223635,0,,,,0
585.000,Minmatar Citizen 0254120,Porpoise,31625,46025,53015,487,0.1301,-0.9851,-0.1129,0
585.000,Amarr Citizen 2674287,Orca,30200,47585,55359,101,,,,0
585.000,Amarr Citizen 5054432,Capsule,18375,9855,-112077,0,,,,0
585.000,Amarr Citizen 4520313,Capsule,16795,79520,58262,187,,,,0
585.000,Minmatar Citizen 9978241,Capsule,41675,46400,62082,187,,,,0
585.000,Minmatar Citizen 7162778,Covetor,29360,42935,52636,327,-0.6651,-0.6651,-0.3394,0
585.000,Minmatar Citizen 9678938,Venture,68720,41845,79345,377,0.1357,0.8480,0.5124,0
585.000,Minmatar Citizen 2250648,Capsule,16115,47740,100026,0,,,,0
585.000,Gallente Citizen 1635012,Venture,29185,46760,56593,371,0.0000,-0.7662,0.6426,0
585.000,Amarr Citizen 2281178,Venture,-1625,97520,85949,,-0.0670,-0.0401,0.9969,0
