t,pilot,ship_type,x_m,y_m,z_m,speed_mps,dir_x,dir_y,dir_z,residual_m,shield,armor,hull,eve_time
0.000,Caldari Citizen 9942864,Venture,72654,32005,62791,0,,,,200,1.000,1.000,1.000,2026-10-06T01:08:52.000Z
0.000,Caldari Citizen 6206817,Orca,72481,70687,74407,0,,,,534,1.000,1.000,1.000,2026-10-06T01:08:52.000Z
0.000,Minmatar Citizen 9745080,Skiff,67114,31075,66516,0,,,,389,1.000,1.000,1.000,2026-10-06T01:08:52.000Z
0.000,Amarr Citizen 0220922,Porpoise,65835,32241,65616,0,,,,311,1.000,1.000,1.000,2026-10-06T01:08:52.000Z
0.000,Minmatar Citizen 4351238,Venture,72676,73826,73663,0,,,,89,1.000,1.000,1.000,2026-10-06T01:08:52.000Z
0.000,Caldari Citizen 3216932,Retriever,68986,34268,67763,0,,,,494,1.000,1.000,1.000,2026-10-06T01:08:52.000Z
0.000,Minmatar Citizen 9076035,Porpoise,67960,34433,69478,0,,,,95,1.000,1.000,1.000,2026-10-06T01:08:52.000Z
0.000,Minmatar Citizen 6662812,Procurer,73091,71234,72367,0,,,,94,1.000,1.000,1.000,2026-10-06T01:08:52.000Z
0.000,Caldari Citizen 3891005,Porpoise,78331,75151,78847,0,,,,138,1.000,1.000,1.000,2026-10-06T01:08:52.000Z
0.000,Caldari Citizen 8777524,Prospect,66567,66749,66046,0,,,,85,1.000,1.000,1.000,2026-10-06T01:08:52.000Z
0.000,Minmatar Citizen 0254120,Procurer,64819,33431,64430,0,,,,260,1.000,1.000,1.000,2026-10-06T01:08:52.000Z
0.000,Amarr Citizen 2674287,Porpoise,68300,32131,67966,0,,,,472,1.000,1.000,1.000,2026-10-06T01:08:52.000Z
0.000,Amarr Citizen 5054432,Venture,69759,30938,67688,0,,,,15,1.000,1.000,1.000,2026-10-06T01:08:52.000Z
0.000,Amarr Citizen 4520313,Covetor,79069,76354,78603,0,,,,113,1.000,1.000,1.000,2026-10-06T01:08:52.000Z
0.000,Minmatar Citizen 9978241,Retriever,74932,72632,74331,1,,,,101,1.000,1.000,1.000,2026-10-06T01:08:52.000Z
0.000,Minmatar Citizen 7162778,Mackinaw,77676,21752,77241,0,,,,595,1.000,1.000,1.000,2026-10-06T01:08:52.000Z
0.000,Minmatar Citizen 9678938,Porpoise,73941,74048,73030,0,,,,496,1.000,1.000,1.000,2026-10-06T01:08:52.000Z
0.000,Minmatar Citizen 2250648,Porpoise,74027,74488,74238,0,,,,493,1.000,1.000,1.000,2026-10-06T01:08:52.000Z
0.000,Gallente Citizen 1635012,Venture,79089,20983,75603,0,,,,364,1.000,1.000,1.000,2026-10-06T01:08:52.000Z
0.000,Amarr Citizen 2281178,Procurer,73402,72766,73114,0,,,,493,1.000,1.000,1.000,2026-10-06T01:08:52.000Z
1.000,Caldari Citizen 9942864,Venture,72654,32005,62791,0,,,,200,1.000,1.000,1.000,2026-10-06T01:08:53.000Z
1.000,Caldari Citizen 6206817,Orca,72481,70687,74407,0,,,,534,1.000,1.000,1.000,2026-10-06T01:08:53.000Z
1.000,Minmatar Citizen 9745080,Skiff,67114,31075,66516,0,,,,389,1.000,1.000,1.000,2026-10-06T01:08:53.000Z
1.000,Amarr Citizen 0220922,Porpoise,65835,32241,65616,0,,,,311,1.000,1.000,1.000,2026-10-06T01:08:53.000Z
1.000,Minmatar Citizen 4351238,Venture,72676,73826,73663,0,,,,89,1.000,1.000,1.000,2026-10-06T01:08:53.000Z
1.000,Caldari Citizen 3216932,Retriever,68986,34268,67763,0,,,,494,1.000,1.000,1.000,2026-10-06T01:08:53.000Z
1.000,Minmatar Citizen 9076035,Porpoise,67960,34433,69478,0,,,,95,1.000,1.000,1.000,2026-10-06T01:08:53.000Z
1.000,Minmatar Citizen 6662812,Procurer,73091,71234,72367,0,,,,94,1.000,1.000,1.000,2026-10-06T01:08:53.000Z
1.000,Caldari Citizen 3891005,Porpoise,78331,75151,78847,0,,,,138,1.000,1.000,1.000,2026-10-06T01:08:53.000Z
1.000,Caldari Citizen 8777524,Prospect,66567,66749,66046,0,,,,85,1.000,1.000,1.000,2026-10-06T01:08:53.000Z
1.000,Minmatar Citizen 0254120,Procurer,64819,33431,64430,0,,,,260,1.000,1.000,1.000,2026-10-06T01:08:53.000Z
1.000,Amarr Citizen 2674287,Porpoise,68300,32131,67966,0,,,,472,1.000,1.000,1.000,2026-10-06T01:08:53.000Z
1.000,Amarr Citizen 5054432,Venture,69759,30938,67688,0,,,,15,1.000,1.000,1.000,2026-10-06T01:08:53.000Z
1.000,Amarr Citizen 4520313,Covetor,79069,76354,78603,0,,,,113,1.000,1.000,1.000,2026-10-06T01:08:53.000Z
1.000,Minmatar Citizen 9978241,Retriever,74932,72632,74331,1,,,,101,1.000,1.000,1.000,2026-10-06T01:08:53.000Z
1.000,Minmatar Citizen 7162778,Mackinaw,77676,21752,77241,0,,,,595,1.000,1.000,1.000,2026-10-06T01:08:53.000Z
1.000,Minmatar Citizen 9678938,Porpoise,73941,74048,73030,0,,,,496,1.000,1.000,1.000,2026-10-06T01:08:53.000Z
1.000,Minmatar Citizen 2250648,Porpoise,74027,74488,74238,0,,,,493,1.000,1.000,1.000,2026-10-06T01:08:53.000Z
1.000,Gallente Citizen 1635012,Venture,79089,20983,75603,0,,,,364,1.000,1.000,1.000,2026-10-06T01:08:53.000Z
1.000,Amarr Citizen 2281178,Procurer,73402,72766,73114,0,,,,493,1.000,1.000,1.000,2026-10-06T01:08:53.000Z
2.000,Caldari Citizen 9942864,Venture,72654,32005,62791,0,,,,200,1.000,1.000,1.000,2026-10-06T01:08:54.000Z
2.000,Caldari Citizen 6206817,Orca,72481,70687,74407,0,,,,534,1.000,1.000,1.000,2026-10-06T01:08:54.000Z
2.000,Minmatar Citizen 9745080,Skiff,67114,31075,66516,0,,,,389,1.000,1.000,1.000,2026-10-06T01:08:54.000Z
2.000,Amarr Citizen 0220922,Porpoise,65835,32241,65616,0,,,,311,1.000,1.000,1.000,2026-10-06T01:08:54.000Z
2.000,Minmatar Citizen 4351238,Venture,72676,73826,73663,0,,,,89,1.000,1.000,1.000,2026-10-06T01:08:54.000Z
2.000,Caldari Citizen 3216932,Retriever,68986,34268,67763,0,,,,494,1.000,1.000,1.000,2026-10-06T01:08:54.000Z
2.000,Minmatar Citizen 9076035,Porpoise,67960,34433,69478,0,,,,95,1.000,1.000,1.000,2026-10-06T01:08:54.000Z
2.000,Minmatar Citizen 6662812,Procurer,73091,71234,72367,0,,,,94,1.000,1.000,1.000,2026-10-06T01:08:54.000Z
2.000,Caldari Citizen 3891005,Porpoise,78331,75151,78847,0,,,,138,1.000,1.000,1.000,2026-10-06T01:08:54.000Z
2.000,Caldari Citizen 8777524,Prospect,66567,66749,66046,0,,,,85,1.000,1.000,1.000,2026-10-06T01:08:54.000Z
2.000,Minmatar Citizen 0254120,Procurer,64819,33431,64430,0,,,,260,1.000,1.000,1.000,2026-10-06T01:08:54.000Z
2.000,Amarr Citizen 2674287,Porpoise,68300,32131,67966,0,,,,472,1.000,1.000,1.000,2026-10-06T01:08:54.000Z
2.000,Amarr Citizen 5054432,Venture,69759,30938,67688,0,,,,15,1.000,1.000,1.000,2026-10-06T01:08:54.000Z
2.000,Amarr Citizen 4520313,Covetor,79069,76354,78603,0,,,,113,1.000,1.000,1.000,2026-10-06T01:08:54.000Z
2.000,Minmatar Citizen 9978241,Retriever,74932,72632,74331,0,,,,101,1.000,1.000,1.000,2026-10-06T01:08:54.000Z
2.000,Minmatar Citizen 7162778,Mackinaw,77676,21752,77241,0,,,,595,1.000,1.000,1.000,2026-10-06T01:08:54.000Z
2.000,Minmatar Citizen 9678938,Porpoise,73941,74048,73030,0,,,,496,1.000,1.000,1.000,2026-10-06T01:08:54.000Z
2.000,Minmatar Citizen 2250648,Porpoise,74027,74488,74238,0,,,,493,1.000,1.000,1.000,2026-10-06T01:08:54.000Z
2.000,Gallente Citizen 1635012,Venture,79089,20983,75603,0,,,,364,1.000,1.000,1.000,2026-10-06T01:08:54.000Z
2.000,Amarr Citizen 2281178,Procurer,73402,72766,73114,0,,,,493,1.000,1.000,1.000,2026-10-06T01:08:54.000Z
3.000,Caldari Citizen 9942864,Venture,72654,32005,62791,0,,,,200,1.000,1.000,1.000,2026-10-06T01:08:55.000Z
3.000,Caldari Citizen 6206817,Orca,72481,70687,74407,0,,,,534,1.000,1.000,1.000,2026-10-06T01:08:55.000Z
3.000,Minmatar Citizen 9745080,Skiff,67114,31075,66516,0,,,,389,1.000,1.000,1.000,2026-10-06T01:08:55.000Z
3.000,Amarr Citizen 0220922,Porpoise,65835,32241,65616,0,,,,311,1.000,1.000,1.000,2026-10-06T01:08:55.000Z
3.000,Minmatar Citizen 4351238,Venture,72676,73826,73663,0,,,,89,1.000,1.000,1.000,2026-10-06T01:08:55.000Z
3.000,Caldari Citizen 3216932,Retriever,68986,34268,67763,0,,,,494,1.000,1.000,1.000,2026-10-06T01:08:55.000Z
3.000,Minmatar Citizen 9076035,Porpoise,67960,34433,69478,0,,,,95,1.000,1.000,1.000,2026-10-06T01:08:55.000Z
3.000,Minmatar Citizen 6662812,Procurer,73091,71234,72367,0,,,,94,1.000,1.000,1.000,2026-10-06T01:08:55.000Z
3.000,Caldari Citizen 3891005,Porpoise,78331,75151,78847,0,,,,138,1.000,1.000,1.000,2026-10-06T01:08:55.000Z
3.000,Caldari Citizen 8777524,Prospect,66567,66749,66046,0,,,,85,1.000,1.000,1.000,2026-10-06T01:08:55.000Z
3.000,Minmatar Citizen 0254120,Procurer,64819,33431,64430,0,,,,260,1.000,1.000,1.000,2026-10-06T01:08:55.000Z
3.000,Amarr Citizen 2674287,Porpoise,68300,32131,67966,0,,,,472,1.000,1.000,1.000,2026-10-06T01:08:55.000Z
3.000,Amarr Citizen 5054432,Venture,69759,30938,67688,0,,,,15,1.000,1.000,1.000,2026-10-06T01:08:55.000Z
3.000,Amarr Citizen 4520313,Covetor,79069,76354,78603,0,,,,113,1.000,1.000,1.000,2026-10-06T01:08:55.000Z
3.000,Minmatar Citizen 9978241,Retriever,74932,72632,74331,0,,,,101,1.000,1.000,1.000,2026-10-06T01:08:55.000Z
3.000,Minmatar Citizen 7162778,Mackinaw,77676,21752,77241,0,,,,595,1.000,1.000,1.000,2026-10-06T01:08:55.000Z
3.000,Minmatar Citizen 9678938,Porpoise,73941,74048,73030,0,,,,496,1.000,1.000,1.000,2026-10-06T01:08:55.000Z
3.000,Minmatar Citizen 2250648,Porpoise,74027,74488,74238,0,,,,493,1.000,1.000,1.000,2026-10-06T01:08:55.000Z
3.000,Gallente Citizen 1635012,Venture,79089,20983,75603,0,,,,364,1.000,1.000,1.000,2026-10-06T01:08:55.000Z
3.000,Amarr Citizen 2281178,Procurer,73402,72766,73114,0,,,,493,1.000,1.000,1.000,2026-10-06T01:08:55.000Z
4.000,Caldari Citizen 9942864,Venture,72654,32005,62791,0,,,,200,1.000,1.000,1.000,2026-10-06T01:08:56.000Z
4.000,Caldari Citizen 6206817,Orca,72481,70687,74407,0,,,,534,1.000,1.000,1.000,2026-10-06T01:08:56.000Z
4.000,Minmatar Citizen 9745080,Skiff,67114,31075,66516,0,,,,389,1.000,1.000,1.000,2026-10-06T01:08:56.000Z
4.000,Amarr Citizen 0220922,Porpoise,65835,32241,65616,0,,,,311,1.000,1.000,1.000,2026-10-06T01:08:56.000Z
4.000,Minmatar Citizen 4351238,Venture,72676,73826,73663,0,,,,89,1.000,1.000,1.000,2026-10-06T01:08:56.000Z
4.000,Caldari Citizen 3216932,Retriever,68986,34268,67763,0,,,,494,1.000,1.000,1.000,2026-10-06T01:08:56.000Z
4.000,Minmatar Citizen 9076035,Porpoise,67960,34433,69478,0,,,,95,1.000,1.000,1.000,2026-10-06T01:08:56.000Z
4.000,Minmatar Citizen 6662812,Procurer,73091,71234,72367,0,,,,94,1.000,1.000,1.000,2026-10-06T01:08:56.000Z
4.000,Caldari Citizen 3891005,Porpoise,78331,75151,78847,0,,,,138,1.000,1.000,1.000,2026-10-06T01:08:56.000Z
4.000,Caldari Citizen 8777524,Prospect,66567,66749,66046,0,,,,85,1.000,1.000,1.000,2026-10-06T01:08:56.000Z
4.000,Minmatar Citizen 0254120,Procurer,64819,33431,64430,0,,,,260,1.000,1.000,1.000,2026-10-06T01:08:56.000Z
4.000,Amarr Citizen 2674287,Porpoise,68300,32131,67966,0,,,,472,1.000,1.000,1.000,2026-10-06T01:08:56.000Z
4.000,Amarr Citizen 5054432,Venture,69759,30938,67688,0,,,,15,1.000,1.000,1.000,2026-10-06T01:08:56.000Z
4.000,Amarr Citizen 4520313,Covetor,79069,76354,78603,0,,,,113,1.000,1.000,1.000,2026-10-06T01:08:56.000Z
4.000,Minmatar Citizen 9978241,Retriever,74932,72632,74331,0,,,,101,1.000,1.000,1.000,2026-10-06T01:08:56.000Z
4.000,Minmatar Citizen 7162778,Mackinaw,77676,21752,77241,0,,,,595,1.000,1.000,1.000,2026-10-06T01:08:56.000Z
4.000,Minmatar Citizen 9678938,Porpoise,73941,74048,73030,0,,,,496,1.000,1.000,1.000,2026-10-06T01:08:56.000Z
4.000,Minmatar Citizen 2250648,Porpoise,74027,74488,74238,0,,,,493,1.000,1.000,1.000,2026-10-06T01:08:56.000Z
4.000,Gallente Citizen 1635012,Venture,79089,20983,75603,0,,,,364,1.000,1.000,1.000,2026-10-06T01:08:56.000Z
4.000,Amarr Citizen 2281178,Procurer,73402,72766,73114,0,,,,493,1.000,1.000,1.000,2026-10-06T01:08:56.000Z
5.000,Caldari Citizen 9942864,Venture,72654,32005,62791,0,,,,200,1.000,1.000,1.000,2026-10-06T01:08:57.000Z
5.000,Caldari Citizen 6206817,Orca,72481,70687,74407,0,,,,534,1.000,1.000,1.000,2026-10-06T01:08:57.000Z
5.000,Minmatar Citizen 9745080,Skiff,67114,31075,66516,0,,,,389,1.000,1.000,1.000,2026-10-06T01:08:57.000Z
5.000,Amarr Citizen 0220922,Porpoise,65835,32241,65616,0,,,,311,1.000,1.000,1.000,2026-10-06T01:08:57.000Z
5.000,Minmatar Citizen 4351238,Venture,72676,73826,73663,0,,,,89,1.000,1.000,1.000,2026-10-06T01:08:57.000Z
5.000,Caldari Citizen 3216932,Retriever,68986,34268,67763,0,,,,494,1.000,1.000,1.000,2026-10-06T01:08:57.000Z
5.000,Minmatar Citizen 9076035,Porpoise,67960,34433,69478,0,,,,95,1.000,1.000,1.000,2026-10-06T01:08:57.000Z
5.000,Minmatar Citizen 6662812,Procurer,73091,71234,72367,0,,,,94,1.000,1.000,1.000,2026-10-06T01:08:57.000Z
5.000,Caldari Citizen 3891005,Porpoise,78331,75151,78847,0,,,,138,1.000,1.000,1.000,2026-10-06T01:08:57.000Z
5.000,Caldari Citizen 8777524,Prospect,66567,66749,66046,0,,,,85,1.000,1.000,1.000,2026-10-06T01:08:57.000Z
5.000,Minmatar Citizen 0254120,Procurer,64819,33431,64430,0,,,,260,1.000,1.000,1.000,2026-10-06T01:08:57.000Z
5.000,Amarr Citizen 2674287,Porpoise,68300,32131,67966,0,,,,472,1.000,1.000,1.000,2026-10-06T01:08:57.000Z
5.000,Amarr Citizen 5054432,Venture,69759,30938,67688,0,,,,15,1.000,1.000,1.000,2026-10-06T01:08:57.000Z
5.000,Amarr Citizen 4520313,Covetor,79069,76354,78603,0,,,,113,1.000,1.000,1.000,2026-10-06T01:08:57.000Z
5.000,Minmatar Citizen 9978241,Retriever,74932,72632,74331,0,,,,101,1.000,1.000,1.000,2026-10-06T01:08:57.000Z
5.000,Minmatar Citizen 7162778,Mackinaw,77676,21752,77241,0,,,,595,1.000,1.000,1.000,2026-10-06T01:08:57.000Z
5.000,Minmatar Citizen 9678938,Porpoise,73941,74048,73030,0,,,,496,1.000,1.000,1.000,2026-10-06T01:08:57.000Z
5.000,Minmatar Citizen 2250648,Porpoise,74027,74488,74238,0,,,,493,1.000,1.000,1.000,2026-10-06T01:08:57.000Z
5.000,Gallente Citizen 1635012,Venture,79089,20983,75603,0,,,,364,1.000,1.000,1.000,2026-10-06T01:08:57.000Z
5.000,Amarr Citizen 2281178,Procurer,73402,72766,73114,0,,,,493,1.000,1.000,1.000,2026-10-06T01:08:57.000Z
6.000,Caldari Citizen 9942864,Venture,72654,32005,62791,0,,,,200,1.000,1.000,1.000,2026-10-06T01:08:58.000Z
6.000,Caldari Citizen 6206817,Orca,72481,70687,74407,0,,,,534,1.000,1.000,1.000,2026-10-06T01:08:58.000Z
6.000,Minmatar Citizen 9745080,Skiff,67114,31075,66516,0,,,,389,1.000,1.000,1.000,2026-10-06T01:08:58.000Z
6.000,Amarr Citizen 0220922,Porpoise,65835,32241,65616,0,,,,311,1.000,1.000,1.000,2026-10-06T01:08:58.000Z
6.000,Minmatar Citizen 4351238,Venture,72676,73826,73663,0,,,,89,1.000,1.000,1.000,2026-10-06T01:08:58.000Z
6.000,Caldari Citizen 3216932,Retriever,68986,34268,67763,0,,,,494,1.000,1.000,1.000,2026-10-06T01:08:58.000Z
6.000,Minmatar Citizen 9076035,Porpoise,67960,34433,69478,0,,,,95,1.000,1.000,1.000,2026-10-06T01:08:58.000Z
6.000,Minmatar Citizen 6662812,Procurer,73091,71234,72367,0,,,,94,1.000,1.000,1.000,2026-10-06T01:08:58.000Z
6.000,Caldari Citizen 3891005,Porpoise,78331,75151,78847,0,,,,138,1.000,1.000,1.000,2026-10-06T01:08:58.000Z
6.000,Caldari Citizen 8777524,Prospect,66567,66749,66046,0,,,,85,1.000,1.000,1.000,2026-10-06T01:08:58.000Z
6.000,Minmatar Citizen 0254120,Procurer,64819,33431,64430,0,,,,260,1.000,1.000,1.000,2026-10-06T01:08:58.000Z
6.000,Amarr Citizen 2674287,Porpoise,68300,32131,67966,0,,,,472,1.000,1.000,1.000,2026-10-06T01:08:58.000Z
6.000,Amarr Citizen 5054432,Venture,69759,30938,67688,0,,,,15,1.000,1.000,1.000,2026-10-06T01:08:58.000Z
6.000,Amarr Citizen 4520313,Covetor,79069,76354,78603,0,,,,113,1.000,1.000,1.000,2026-10-06T01:08:58.000Z
6.000,Minmatar Citizen 9978241,Retriever,74932,72632,74331,0,,,,101,1.000,1.000,1.000,2026-10-06T01:08:58.000Z
6.000,Minmatar Citizen 7162778,Mackinaw,77676,21752,77241,0,,,,595,1.000,1.000,1.000,2026-10-06T01:08:58.000Z
6.000,Minmatar Citizen 9678938,Porpoise,73941,74048,73030,0,,,,496,1.000,1.000,1.000,2026-10-06T01:08:58.000Z
6.000,Minmatar Citizen 2250648,Porpoise,74027,74488,74238,0,,,,493,1.000,1.000,1.000,2026-10-06T01:08:58.000Z
6.000,Gallente Citizen 1635012,Venture,79089,20983,75603,0,,,,364,1.000,1.000,1.000,2026-10-06T01:08:58.000Z
6.000,Amarr Citizen 2281178,Procurer,73402,72766,73114,0,,,,493,1.000,1.000,1.000,2026-10-06T01:08:58.000Z
7.000,Caldari Citizen 9942864,Venture,72654,32005,62791,0,,,,200,1.000,1.000,1.000,2026-10-06T01:08:59.000Z
7.000,Caldari Citizen 6206817,Orca,72481,70687,74407,0,,,,534,1.000,1.000,1.000,2026-10-06T01:08:59.000Z
7.000,Minmatar Citizen 9745080,Skiff,67114,31075,66516,0,,,,389,1.000,1.000,1.000,2026-10-06T01:08:59.000Z
7.000,Amarr Citizen 0220922,Porpoise,65835,32241,65616,0,,,,311,1.000,1.000,1.000,2026-10-06T01:08:59.000Z
7.000,Minmatar Citizen 4351238,Venture,72676,73826,73663,0,,,,89,1.000,1.000,1.000,2026-10-06T01:08:59.000Z
7.000,Caldari Citizen 3216932,Retriever,68986,34268,67763,0,,,,494,1.000,1.000,1.000,2026-10-06T01:08:59.000Z
7.000,Minmatar Citizen 9076035,Porpoise,67960,34433,69478,0,,,,95,1.000,1.000,1.000,2026-10-06T01:08:59.000Z
7.000,Minmatar Citizen 6662812,Procurer,73091,71234,72367,0,,,,94,1.000,1.000,1.000,2026-10-06T01:08:59.000Z
7.000,Caldari Citizen 3891005,Porpoise,78331,75151,78847,0,,,,138,1.000,1.000,1.000,2026-10-06T01:08:59.000Z
7.000,Caldari Citizen 8777524,Prospect,66567,66749,66046,0,,,,85,1.000,1.000,1.000,2026-10-06T01:08:59.000Z
7.000,Minmatar Citizen 0254120,Procurer,64819,33431,64430,0,,,,260,1.000,1.000,1.000,2026-10-06T01:08:59.000Z
7.000,Amarr Citizen 2674287,Porpoise,68300,32131,67966,0,,,,472,1.000,1.000,1.000,2026-10-06T01:08:59.000Z
7.000,Amarr Citizen 5054432,Venture,69759,30938,67688,0,,,,15,1.000,1.000,1.000,2026-10-06T01:08:59.000Z
7.000,Amarr Citizen 4520313,Covetor,79069,76354,78603,0,,,,113,1.000,1.000,1.000,2026-10-06T01:08:59.000Z
7.000,Minmatar Citizen 9978241,Retriever,74932,72632,74331,0,,,,101,1.000,1.000,1.000,2026-10-06T01:08:59.000Z
7.000,Minmatar Citizen 7162778,Mackinaw,77676,21752,77241,0,,,,595,1.000,1.000,1.000,2026-10-06T01:08:59.000Z
7.000,Minmatar Citizen 9678938,Porpoise,73941,74048,73030,0,,,,496,1.000,1.000,1.000,2026-10-06T01:08:59.000Z
7.000,Minmatar Citizen 2250648,Porpoise,74027,74488,74238,0,,,,493,1.000,1.000,1.000,2026-10-06T01:08:59.000Z
7.000,Gallente Citizen 1635012,Venture,79089,20983,75603,0,,,,364,1.000,1.000,1.000,2026-10-06T01:08:59.000Z
7.000,Amarr Citizen 2281178,Procurer,73402,72766,73114,0,,,,493,1.000,1.000,1.000,2026-10-06T01:08:59.000Z
8.000,Caldari Citizen 9942864,Venture,72654,32005,62791,0,,,,200,1.000,1.000,1.000,2026-10-06T01:09:00.000Z
8.000,Caldari Citizen 6206817,Orca,72481,70687,74407,0,,,,534,1.000,1.000,1.000,2026-10-06T01:09:00.000Z
8.000,Minmatar Citizen 9745080,Skiff,67114,31075,66516,0,,,,389,1.000,1.000,1.000,2026-10-06T01:09:00.000Z
8.000,Amarr Citizen 0220922,Porpoise,65835,32241,65616,0,,,,311,1.000,1.000,1.000,2026-10-06T01:09:00.000Z
8.000,Minmatar Citizen 4351238,Venture,72676,73826,73663,0,,,,89,1.000,1.000,1.000,2026-10-06T01:09:00.000Z
8.000,Caldari Citizen 3216932,Retriever,68986,34268,67763,0,,,,494,1.000,1.000,1.000,2026-10-06T01:09:00.000Z
8.000,Minmatar Citizen 9076035,Porpoise,67960,34433,69478,0,,,,95,1.000,1.000,1.000,2026-10-06T01:09:00.000Z
8.000,Minmatar Citizen 6662812,Procurer,73091,71234,72367,0,,,,94,1.000,1.000,1.000,2026-10-06T01:09:00.000Z
8.000,Caldari Citizen 3891005,Porpoise,78331,75151,78847,0,,,,138,1.000,1.000,1.000,2026-10-06T01:09:00.000Z
8.000,Caldari Citizen 8777524,Prospect,66567,66749,66046,0,,,,85,1.000,1.000,1.000,2026-10-06T01:09:00.000Z
8.000,Minmatar Citizen 0254120,Procurer,64819,33431,64430,0,,,,260,1.000,1.000,1.000,2026-10-06T01:09:00.000Z
8.000,Amarr Citizen 2674287,Porpoise,68300,32131,67966,0,,,,472,1.000,1.000,1.000,2026-10-06T01:09:00.000Z
8.000,Amarr Citizen 5054432,Venture,69759,30938,67688,0,,,,15,1.000,1.000,1.000,2026-10-06T01:09:00.000Z
8.000,Amarr Citizen 4520313,Covetor,79069,76354,78603,0,,,,113,1.000,1.000,1.000,2026-10-06T01:09:00.000Z
8.000,Minmatar Citizen 9978241,Retriever,74932,72632,74331,0,,,,101,1.000,1.000,1.000,2026-10-06T01:09:00.000Z
8.000,Minmatar Citizen 7162778,Mackinaw,77676,21752,77241,0,,,,595,1.000,1.000,1.000,2026-10-06T01:09:00.000Z
8.000,Minmatar Citizen 9678938,Porpoise,73941,74048,73030,0,,,,496,1.000,1.000,1.000,2026-10-06T01:09:00.000Z
8.000,Minmatar Citizen 2250648,Porpoise,74027,74488,74238,0,,,,493,1.000,1.000,1.000,2026-10-06T01:09:00.000Z
8.000,Gallente Citizen 1635012,Venture,79089,20983,75603,0,,,,364,1.000,1.000,1.000,2026-10-06T01:09:00.000Z
8.000,Amarr Citizen 2281178,Procurer,73402,72766,73114,0,,,,493,1.000,1.000,1.000,2026-10-06T01:09:00.000Z
9.000,Caldari Citizen 9942864,Venture,72654,32005,62791,0,,,,200,1.000,1.000,1.000,2026-10-06T01:09:01.000Z
9.000,Caldari Citizen 6206817,Orca,72481,70687,74407,0,,,,534,1.000,1.000,1.000,2026-10-06T01:09:01.000Z
9.000,Minmatar Citizen 9745080,Skiff,67114,31075,66516,0,,,,389,1.000,1.000,1.000,2026-10-06T01:09:01.000Z
9.000,Amarr Citizen 0220922,Porpoise,65835,32241,65616,0,,,,311,1.000,1.000,1.000,2026-10-06T01:09:01.000Z
9.000,Minmatar Citizen 4351238,Venture,72676,73826,73663,0,,,,89,1.000,1.000,1.000,2026-10-06T01:09:01.000Z
9.000,Caldari Citizen 3216932,Retriever,68986,34268,67763,0,,,,494,1.000,1.000,1.000,2026-10-06T01:09:01.000Z
9.000,Minmatar Citizen 9076035,Porpoise,67960,34433,69478,0,,,,95,1.000,1.000,1.000,2026-10-06T01:09:01.000Z
9.000,Minmatar Citizen 6662812,Procurer,73091,71234,72367,0,,,,94,1.000,1.000,1.000,2026-10-06T01:09:01.000Z
9.000,Caldari Citizen 3891005,Porpoise,78331,75151,78847,0,,,,138,1.000,1.000,1.000,2026-10-06T01:09:01.000Z
9.000,Caldari Citizen 8777524,Prospect,66567,66749,66046,0,,,,85,1.000,1.000,1.000,2026-10-06T01:09:01.000Z
9.000,Minmatar Citizen 0254120,Procurer,64819,33431,64430,0,,,,260,1.000,1.000,1.000,2026-10-06T01:09:01.000Z
9.000,Amarr Citizen 2674287,Porpoise,68300,32131,67966,0,,,,472,1.000,1.000,1.000,2026-10-06T01:09:01.000Z
9.000,Amarr Citizen 5054432,Venture,69759,30938,67688,0,,,,15,1.000,1.000,1.000,2026-10-06T01:09:01.000Z
9.000,Amarr Citizen 4520313,Covetor,79069,76354,78603,0,,,,113,1.000,1.000,1.000,2026-10-06T01:09:01.000Z
9.000,Minmatar Citizen 9978241,Retriever,74932,72632,74331,0,,,,101,1.000,1.000,1.000,2026-10-06T01:09:01.000Z
9.000,Minmatar Citizen 7162778,Mackinaw,77676,21752,77241,0,,,,595,1.000,1.000,1.000,2026-10-06T01:09:01.000Z
9.000,Minmatar Citizen 9678938,Porpoise,73941,74048,73030,0,,,,496,1.000,1.000,1.000,2026-10-06T01:09:01.000Z
9.000,Minmatar Citizen 2250648,Porpoise,74027,74488,74238,0,,,,493,1.000,1.000,1.000,2026-10-06T01:09:01.000Z
9.000,Gallente Citizen 1635012,Venture,79089,20983,75603,0,,,,364,1.000,1.000,1.000,2026-10-06T01:09:01.000Z
9.000,Amarr Citizen 2281178,Procurer,73402,72766,73114,0,,,,493,1.000,1.000,1.000,2026-10-06T01:09:01.000Z
10.000,Caldari Citizen 9942864,Venture,72654,32005,62791,0,,,,200,1.000,1.000,1.000,2026-10-06T01:09:02.000Z
10.000,Caldari Citizen 6206817,Orca,72481,70687,74407,0,,,,534,1.000,1.000,1.000,2026-10-06T01:09:02.000Z
10.000,Minmatar Citizen 9745080,Skiff,67114,31075,66516,0,,,,389,1.000,1.000,1.000,2026-10-06T01:09:02.000Z
10.000,Amarr Citizen 0220922,Porpoise,65835,32241,65616,0,,,,311,1.000,1.000,1.000,2026-10-06T01:09:02.000Z
10.000,Minmatar Citizen 4351238,Venture,72676,73826,73663,0,,,,89,1.000,1.000,1.000,2026-10-06T01:09:02.000Z
10.000,Caldari Citizen 3216932,Retriever,68986,34268,67763,0,,,,494,1.000,1.000,1.000,2026-10-06T01:09:02.000Z
10.000,Minmatar Citizen 9076035,Porpoise,67960,34433,69478,0,,,,95,1.000,1.000,1.000,2026-10-06T01:09:02.000Z
10.000,Minmatar Citizen 6662812,Procurer,73091,71234,72367,0,,,,94,1.000,1.000,1.000,2026-10-06T01:09:02.000Z
10.000,Caldari Citizen 3891005,Porpoise,78331,75151,78847,0,,,,138,1.000,1.000,1.000,2026-10-06T01:09:02.000Z
10.000,Caldari Citizen 8777524,Prospect,66567,66749,66046,0,,,,85,1.000,1.000,1.000,2026-10-06T01:09:02.000Z
10.000,Minmatar Citizen 0254120,Procurer,64819,33431,64430,0,,,,260,1.000,1.000,1.000,2026-10-06T01:09:02.000Z
10.000,Amarr Citizen 2674287,Porpoise,68300,32131,67966,0,,,,472,1.000,1.000,1.000,2026-10-06T01:09:02.000Z
10.000,Amarr Citizen 5054432,Venture,69759,30938,67688,0,,,,15,1.000,1.000,1.000,2026-10-06T01:09:02.000Z
10.000,Amarr Citizen 4520313,Covetor,79069,76354,78603,0,,,,113,1.000,1.000,1.000,2026-10-06T01:09:02.000Z
10.000,Minmatar Citizen 9978241,Retriever,74932,72632,74331,0,,,,101,1.000,1.000,1.000,2026-10-06T01:09:02.000Z
10.000,Minmatar Citizen 7162778,Mackinaw,77676,21752,77241,0,,,,595,1.000,1.000,1.000,2026-10-06T01:09:02.000Z
10.000,Minmatar Citizen 9678938,Porpoise,73941,74048,73030,0,,,,496,1.000,1.000,1.000,2026-10-06T01:09:02.000Z
10.000,Minmatar Citizen 2250648,Porpoise,74027,74488,74238,0,,,,493,1.000,1.000,1.000,2026-10-06T01:09:02.000Z
10.000,Gallente Citizen 1635012,Venture,79089,20983,75603,0,,,,364,1.000,1.000,1.000,2026-10-06T01:09:02.000Z
10.000,Amarr Citizen 2281178,Procurer,73402,72766,73114,0,,,,493,1.000,1.000,1.000,2026-10-06T01:09:02.000Z
11.000,Caldari Citizen 9942864,Venture,72654,32005,62791,0,,,,200,1.000,1.000,1.000,2026-10-06T01:09:03.000Z
11.000,Caldari Citizen 6206817,Orca,72481,70687,74407,0,,,,534,1.000,1.000,1.000,2026-10-06T01:09:03.000Z
11.000,Minmatar Citizen 9745080,Skiff,67114,31075,66516,0,,,,389,1.000,1.000,1.000,2026-10-06T01:09:03.000Z
11.000,Amarr Citizen 0220922,Porpoise,65835,32241,65616,0,,,,311,1.000,1.000,1.000,2026-10-06T01:09:03.000Z
11.000,Minmatar Citizen 4351238,Venture,72676,73826,73663,0,,,,89,1.000,1.000,1.000,2026-10-06T01:09:03.000Z
11.000,Caldari Citizen 3216932,Retriever,68986,34268,67763,0,,,,494,1.000,1.000,1.000,2026-10-06T01:09:03.000Z
11.000,Minmatar Citizen 9076035,Porpoise,67960,34433,69478,0,,,,95,1.000,1.000,1.000,2026-10-06T01:09:03.000Z
11.000,Minmatar Citizen 6662812,Procurer,73091,71234,72367,0,,,,94,1.000,1.000,1.000,2026-10-06T01:09:03.000Z
11.000,Caldari Citizen 3891005,Porpoise,78331,75151,78847,0,,,,138,1.000,1.000,1.000,2026-10-06T01:09:03.000Z
11.000,Caldari Citizen 8777524,Prospect,66567,66749,66046,0,0.4305,-0.8182,0.3810,85,1.000,1.000,1.000,2026-10-06T01:09:03.000Z
11.000,Minmatar Citizen 0254120,Procurer,64819,33431,64430,0,,,,260,1.000,1.000,1.000,2026-10-06T01:09:03.000Z
11.000,Amarr Citizen 2674287,Porpoise,68300,32131,67966,0,,,,472,1.000,1.000,1.000,2026-10-06T01:09:03.000Z
11.000,Amarr Citizen 5054432,Venture,69759,30938,67688,0,,,,15,1.000,1.000,1.000,2026-10-06T01:09:03.000Z
11.000,Amarr Citizen 4520313,Covetor,79069,76354,78603,0,,,,113,1.000,1.000,1.000,2026-10-06T01:09:03.000Z
11.000,Minmatar Citizen 9978241,Retriever,74932,72632,74331,0,,,,101,1.000,1.000,1.000,2026-10-06T01:09:03.000Z
11.000,Minmatar Citizen 7162778,Mackinaw,77676,21752,77241,0,,,,595,1.000,1.000,1.000,2026-10-06T01:09:03.000Z
11.000,Minmatar Citizen 9678938,Porpoise,73941,74048,73030,0,,,,496,1.000,1.000,1.000,2026-10-06T01:09:03.000Z
11.000,Minmatar Citizen 2250648,Porpoise,74027,74488,74238,0,,,,493,1.000,1.000,1.000,2026-10-06T01:09:03.000Z
11.000,Gallente Citizen 1635012,Venture,79089,20983,75603,0,,,,364,1.000,1.000,1.000,2026-10-06T01:09:03.000Z
11.000,Amarr Citizen 2281178,Procurer,73402,72766,73114,0,,,,493,1.000,1.000,1.000,2026-10-06T01:09:03.000Z
12.000,Caldari Citizen 9942864,Venture,72654,32005,62791,0,,,,200,1.000,1.000,1.000,2026-10-06T01:09:04.000Z
12.000,Caldari Citizen 6206817,Orca,72481,70687,74407,0,,,,534,1.000,1.000,1.000,2026-10-06T01:09:04.000Z
12.000,Minmatar Citizen 9745080,Skiff,67114,31075,66516,0,,,,389,1.000,1.000,1.000,2026-10-06T01:09:04.000Z
12.000,Amarr Citizen 0220922,Porpoise,65835,32241,65616,0,,,,311,1.000,1.000,1.000,2026-10-06T01:09:04.000Z
12.000,Minmatar Citizen 4351238,Venture,72676,73826,73663,0,,,,89,1.000,1.000,1.000,2026-10-06T01:09:04.000Z
12.000,Caldari Citizen 3216932,Retriever,68986,34268,67763,0,,,,494,1.000,1.000,1.000,2026-10-06T01:09:04.000Z
12.000,Minmatar Citizen 9076035,Porpoise,67960,34433,69478,0,,,,95,1.000,1.000,1.000,2026-10-06T01:09:04.000Z
12.000,Minmatar Citizen 6662812,Procurer,73091,71234,72367,0,,,,94,1.000,1.000,1.000,2026-10-06T01:09:04.000Z
12.000,Caldari Citizen 3891005,Porpoise,78331,75151,78847,0,,,,138,1.000,1.000,1.000,2026-10-06T01:09:04.000Z
12.000,Caldari Citizen 8777524,Prospect,66567,66749,66046,0,0.4396,-0.8086,0.3909,85,1.000,1.000,1.000,2026-10-06T01:09:04.000Z
12.000,Minmatar Citizen 0254120,Procurer,64819,33431,64430,0,,,,260,1.000,1.000,1.000,2026-10-06T01:09:04.000Z
12.000,Amarr Citizen 2674287,Porpoise,68300,32131,67966,0,,,,472,1.000,1.000,1.000,2026-10-06T01:09:04.000Z
12.000,Amarr Citizen 5054432,Venture,69759,30938,67688,0,,,,15,1.000,1.000,1.000,2026-10-06T01:09:04.000Z
12.000,Amarr Citizen 4520313,Covetor,79069,76354,78603,0,,,,113,1.000,1.000,1.000,2026-10-06T01:09:04.000Z
12.000,Minmatar Citizen 9978241,Retriever,74932,72632,74331,0,,,,101,1.000,1.000,1.000,2026-10-06T01:09:04.000Z
12.000,Minmatar Citizen 7162778,Mackinaw,77676,21752,77241,0,,,,595,1.000,1.000,1.000,2026-10-06T01:09:04.000Z
12.000,Minmatar Citizen 9678938,Porpoise,73941,74048,73030,0,,,,496,1.000,1.000,1.000,2026-10-06T01:09:04.000Z
12.000,Minmatar Citizen 2250648,Porpoise,74027,74488,74238,0,,,,493,1.000,1.000,1.000,2026-10-06T01:09:04.000Z
12.000,Gallente Citizen 1635012,Venture,79089,20983,75603,0,,,,364,1.000,1.000,1.000,2026-10-06T01:09:04.000Z
12.000,Amarr Citizen 2281178,Procurer,73402,72766,73114,0,,,,493,1.000,1.000,1.000,2026-10-06T01:09:04.000Z
13.000,Caldari Citizen 9942864,Venture,72654,32005,62791,0,0.7668,0.2449,-0.5933,200,1.000,1.000,1.000,2026-10-06T01:09:05.000Z
13.000,Caldari Citizen 6206817,Orca,72481,70687,74407,0,,,,534,1.000,1.000,1.000,2026-10-06T01:09:05.000Z
13.000,Minmatar Citizen 9745080,Skiff,67147,31067,66498,80,0.6369,0.7574,0.1438,389,1.000,1.000,1.000,2026-10-06T01:09:05.000Z
13.000,Amarr Citizen 0220922,Porpoise,65835,32241,65616,0,,,,311,1.000,1.000,1.000,2026-10-06T01:09:05.000Z
13.000,Minmatar Citizen 4351238,Venture,72666,73785,73699,121,-0.4368,-0.8872,-0.1486,91,1.000,1.000,1.000,2026-10-06T01:09:05.000Z
13.000,Caldari Citizen 3216932,Retriever,68986,34268,67763,0,,,,494,1.000,1.000,1.000,2026-10-06T01:09:05.000Z
13.000,Minmatar Citizen 9076035,Porpoise,67960,34433,69478,0,,,,95,1.000,1.000,1.000,2026-10-06T01:09:05.000Z
13.000,Minmatar Citizen 6662812,Procurer,73091,71234,72367,0,0.5264,-0.7966,0.2972,94,1.000,1.000,1.000,2026-10-06T01:09:05.000Z
13.000,Caldari Citizen 3891005,Porpoise,78284,75120,78819,23,,,,147,1.000,1.000,1.000,2026-10-06T01:09:05.000Z
13.000,Caldari Citizen 8777524,Prospect,66748,66396,66204,201,0.4494,-0.7981,0.4014,253,1.000,1.000,1.000,2026-10-06T01:09:05.000Z
13.000,Minmatar Citizen 0254120,Procurer,64838,33455,64433,57,0.3879,0.8864,0.2526,261,1.000,1.000,1.000,2026-10-06T01:09:05.000Z
13.000,Amarr Citizen 2674287,Porpoise,68300,32131,67966,0,,,,472,1.000,1.000,1.000,2026-10-06T01:09:05.000Z
13.000,Amarr Citizen 5054432,Venture,69759,30938,67688,0,0.1783,0.9816,0.0684,15,1.000,1.000,1.000,2026-10-06T01:09:05.000Z
13.000,Amarr Citizen 4520313,Covetor,79069,76354,78603,0,-0.0893,0.9603,-0.2642,113,1.000,1.000,1.000,2026-10-06T01:09:05.000Z
13.000,Minmatar Citizen 9978241,Retriever,74932,72632,74331,0,,,,101,1.000,1.000,1.000,2026-10-06T01:09:05.000Z
13.000,Minmatar Citizen 7162778,Mackinaw,77676,21752,77241,0,,,,595,1.000,1.000,1.000,2026-10-06T01:09:05.000Z
13.000,Minmatar Citizen 9678938,Porpoise,73966,74065,73005,34,,,,496,1.000,1.000,1.000,2026-10-06T01:09:05.000Z
13.000,Minmatar Citizen 2250648,Porpoise,74027,74488,74238,0,,,,493,1.000,1.000,1.000,2026-10-06T01:09:05.000Z
13.000,Gallente Citizen 1635012,Venture,79089,20983,75603,0,,,,364,1.000,1.000,1.000,2026-10-06T01:09:05.000Z
13.000,Amarr Citizen 2281178,Procurer,73404,72774,73108,6,,,,493,1.000,1.000,1.000,2026-10-06T01:09:05.000Z
14.000,Caldari Citizen 9942864,Venture,72888,32066,62601,34,0.7886,0.3164,-0.5273,232,1.000,1.000,1.000,2026-10-06T01:09:06.000Z
14.000,Caldari Citizen 6206817,Orca,72389,70690,74477,18,-0.7590,-0.1866,0.6238,536,1.000,1.000,1.000,2026-10-06T01:09:06.000Z
14.000,Minmatar Citizen 9745080,Skiff,67306,31169,66509,606,0.5435,0.8261,0.1490,408,1.000,1.000,1.000,2026-10-06T01:09:06.000Z
14.000,Amarr Citizen 0220922,Porpoise,65840,32229,65603,44,,,,311,1.000,1.000,1.000,2026-10-06T01:09:06.000Z
14.000,Minmatar Citizen 4351238,Venture,72564,73508,73729,895,-0.4301,-0.8858,-0.1744,572,1.000,1.000,1.000,2026-10-06T01:09:06.000Z
14.000,Caldari Citizen 3216932,Retriever,69010,34286,67722,61,0.3880,0.8793,-0.2761,495,1.000,1.000,1.000,2026-10-06T01:09:06.000Z
14.000,Minmatar Citizen 9076035,Porpoise,67960,34433,69478,0,,,,95,1.000,1.000,1.000,2026-10-06T01:09:06.000Z
14.000,Minmatar Citizen 6662812,Procurer,73185,71089,72421,73,0.5269,-0.7960,0.2978,139,1.000,1.000,1.000,2026-10-06T01:09:06.000Z
14.000,Caldari Citizen 3891005,Porpoise,78186,75003,78776,179,-0.4226,-0.8964,-0.1333,596,1.000,1.000,1.000,2026-10-06T01:09:06.000Z
14.000,Caldari Citizen 8777524,Prospect,67324,65317,66716,1465,0.4554,-0.7912,0.4082,178,1.000,1.000,1.000,2026-10-06T01:09:06.000Z
14.000,Minmatar Citizen 0254120,Procurer,64955,33664,64505,427,0.3501,0.9080,0.2301,326,1.000,1.000,1.000,2026-10-06T01:09:06.000Z
14.000,Amarr Citizen 2674287,Porpoise,68306,32124,67947,39,,,,472,1.000,1.000,1.000,2026-10-06T01:09:06.000Z
14.000,Amarr Citizen 5054432,Venture,69793,31059,67696,144,0.1503,0.9868,0.0596,72,1.000,1.000,1.000,2026-10-06T01:09:06.000Z
14.000,Amarr Citizen 4520313,Covetor,79029,76463,78538,63,-0.0114,0.9842,-0.1768,136,1.000,1.000,1.000,2026-10-06T01:09:06.000Z
14.000,Minmatar Citizen 9978241,Retriever,74948,72653,74310,6,,,,103,1.000,1.000,1.000,2026-10-06T01:09:06.000Z
14.000,Minmatar Citizen 7162778,Mackinaw,77680,21702,77244,51,0.3108,-0.8923,0.3273,595,1.000,1.000,1.000,2026-10-06T01:09:06.000Z
14.000,Minmatar Citizen 9678938,Porpoise,74050,74019,72948,269,0.4606,-0.8719,-0.1663,497,1.000,1.000,1.000,2026-10-06T01:09:06.000Z
14.000,Minmatar Citizen 2250648,Porpoise,74082,74368,74314,33,0.1287,-0.9331,0.3359,501,1.000,1.000,1.000,2026-10-06T01:09:06.000Z
14.000,Gallente Citizen 1635012,Venture,79089,20983,75603,0,,,,364,1.000,1.000,1.000,2026-10-06T01:09:06.000Z
14.000,Amarr Citizen 2281178,Procurer,73411,72793,73093,47,,,,494,1.000,1.000,1.000,2026-10-06T01:09:06.000Z
15.000,Caldari Citizen 9942864,Venture,73401,32210,62192,212,0.8388,0.3926,-0.3771,690,1.000,1.000,1.000,2026-10-06T01:09:07.000Z
15.000,Caldari Citizen 6206817,Orca,72120,70660,74679,136,-0.7402,-0.2646,0.6181,546,1.000,1.000,1.000,2026-10-06T01:09:07.000Z
15.000,Minmatar Citizen 9745080,Skiff,67643,31565,66607,1046,0.4798,0.8662,0.1395,441,1.000,1.000,1.000,2026-10-06T01:09:07.000Z
15.000,Amarr Citizen 0220922,Porpoise,65846,32288,65559,311,0.0671,0.9807,-0.1836,312,1.000,1.000,1.000,2026-10-06T01:09:07.000Z
15.000,Minmatar Citizen 4351238,Venture,72179,72760,73553,1282,-0.3951,-0.9046,-0.1599,180,1.000,1.000,1.000,2026-10-06T01:09:07.000Z
15.000,Caldari Citizen 3216932,Retriever,69100,34453,67623,414,0.3673,0.9064,-0.2085,508,1.000,1.000,1.000,2026-10-06T01:09:07.000Z
15.000,Minmatar Citizen 9076035,Porpoise,67928,34450,69514,41,-0.2803,0.7928,0.5412,96,1.000,1.000,1.000,2026-10-06T01:09:07.000Z
15.000,Minmatar Citizen 6662812,Procurer,73454,70676,72575,507,0.5250,-0.7975,0.2973,215,1.000,1.000,1.000,2026-10-06T01:09:07.000Z
15.000,Caldari Citizen 3891005,Porpoise,78076,74766,78749,317,-0.3130,-0.9491,-0.0358,572,1.000,1.000,1.000,2026-10-06T01:09:07.000Z
15.000,Caldari Citizen 8777524,Prospect,68265,63659,67558,2443,0.4527,-0.7937,0.4062,185,1.000,1.000,1.000,2026-10-06T01:09:07.000Z
15.000,Minmatar Citizen 0254120,Procurer,65203,34203,64681,732,0.3310,0.9176,0.2201,261,1.000,1.000,1.000,2026-10-06T01:09:07.000Z
15.000,Amarr Citizen 2674287,Porpoise,68336,32190,67901,278,0.3247,0.9428,-0.0752,473,1.000,1.000,1.000,2026-10-06T01:09:07.000Z
15.000,Amarr Citizen 5054432,Venture,69905,31617,67738,967,0.1284,0.9907,0.0461,338,1.000,1.000,1.000,2026-10-06T01:09:07.000Z
15.000,Amarr Citizen 4520313,Covetor,78979,76830,78419,439,0.0456,0.9927,-0.1119,307,1.000,1.000,1.000,2026-10-06T01:09:07.000Z
15.000,Minmatar Citizen 9978241,Retriever,75004,72678,74259,74,,,,107,1.000,1.000,1.000,2026-10-06T01:09:07.000Z
15.000,Minmatar Citizen 7162778,Mackinaw,77744,21456,77310,359,0.3074,-0.8925,0.3301,625,1.000,1.000,1.000,2026-10-06T01:09:07.000Z
15.000,Minmatar Citizen 9678938,Porpoise,74205,73748,72880,476,0.4206,-0.8987,-0.1239,534,1.000,1.000,1.000,2026-10-06T01:09:07.000Z
15.000,Minmatar Citizen 2250648,Porpoise,74177,74075,74467,232,0.0629,-0.9578,0.2806,570,1.000,1.000,1.000,2026-10-06T01:09:07.000Z
15.000,Gallente Citizen 1635012,Venture,79089,20983,75603,0,,,,364,1.000,1.000,1.000,2026-10-06T01:09:07.000Z
15.000,Amarr Citizen 2281178,Procurer,73425,72805,73075,82,,,,494,1.000,1.000,1.000,2026-10-06T01:09:07.000Z
16.000,Caldari Citizen 9942864,Venture,73899,32430,61844,332,0.8967,0.4393,-0.0537,691,1.000,1.000,1.000,2026-10-06T01:09:08.000Z
16.000,Caldari Citizen 6206817,Orca,71703,70551,75025,260,-0.7169,-0.3221,0.6183,292,1.000,1.000,1.000,2026-10-06T01:09:08.000Z
16.000,Minmatar Citizen 9745080,Skiff,68143,32436,66783,1419,0.4238,0.8981,0.1177,485,1.000,1.000,1.000,2026-10-06T01:09:08.000Z
16.000,Amarr Citizen 0220922,Porpoise,65850,32566,65482,545,0.0723,0.9878,-0.1380,363,1.000,1.000,1.000,2026-10-06T01:09:08.000Z
16.000,Minmatar Citizen 4351238,Venture,71563,71633,73211,1451,-0.3410,-0.9321,-0.1225,381,1.000,1.000,1.000,2026-10-06T01:09:08.000Z
16.000,Caldari Citizen 3216932,Retriever,69283,34898,67507,708,0.3468,0.9223,-0.1704,187,1.000,1.000,1.000,2026-10-06T01:09:08.000Z
16.000,Minmatar Citizen 9076035,Porpoise,67857,34581,69635,276,-0.2251,0.8361,0.5003,139,1.000,1.000,1.000,2026-10-06T01:09:08.000Z
16.000,Minmatar Citizen 6662812,Procurer,73860,70078,72798,882,0.5187,-0.8032,0.2930,271,1.000,1.000,1.000,2026-10-06T01:09:08.000Z
16.000,Caldari Citizen 3891005,Porpoise,77891,74359,78674,442,-0.2116,-0.9762,0.0485,336,1.000,1.000,1.000,2026-10-06T01:09:08.000Z
16.000,Caldari Citizen 8777524,Prospect,69577,61481,68739,3202,0.4429,-0.8038,0.3972,392,1.000,1.000,1.000,2026-10-06T01:09:08.000Z
16.000,Minmatar Citizen 0254120,Procurer,65480,35040,64865,987,0.3215,0.9216,0.2175,529,1.000,1.000,1.000,2026-10-06T01:09:08.000Z
16.000,Amarr Citizen 2674287,Porpoise,68417,32464,67860,494,0.3414,0.9399,-0.0006,514,1.000,1.000,1.000,2026-10-06T01:09:08.000Z
16.000,Amarr Citizen 5054432,Venture,70084,32838,67819,1633,0.1118,0.9932,0.0313,180,1.000,1.000,1.000,2026-10-06T01:09:08.000Z
16.000,Amarr Citizen 4520313,Covetor,79004,77495,78335,773,0.0763,0.9943,-0.0745,509,1.000,1.000,1.000,2026-10-06T01:09:08.000Z
16.000,Minmatar Citizen 9978241,Retriever,75107,72619,74192,277,0.4010,-0.8743,-0.2734,104,1.000,1.000,1.000,2026-10-06T01:09:08.000Z
16.000,Minmatar Citizen 7162778,Mackinaw,77926,20967,77501,627,0.2822,-0.9072,0.3121,713,1.000,1.000,1.000,2026-10-06T01:09:08.000Z
16.000,Minmatar Citizen 9678938,Porpoise,74439,73167,72817,661,0.3979,-0.9131,-0.0886,174,1.000,1.000,1.000,2026-10-06T01:09:08.000Z
16.000,Minmatar Citizen 2250648,Porpoise,74194,73704,74579,412,0.0341,-0.9654,0.2586,516,1.000,1.000,1.000,2026-10-06T01:09:08.000Z
16.000,Gallente Citizen 1635012,Venture,79179,20796,75678,197,-0.6876,-0.2465,-0.6829,388,1.000,1.000,1.000,2026-10-06T01:09:08.000Z
16.000,Amarr Citizen 2281178,Procurer,73448,72757,73057,145,0.2467,-0.9688,0.0233,494,1.000,1.000,1.000,2026-10-06T01:09:08.000Z
17.000,Caldari Citizen 9942864,Venture,74181,32699,61879,412,0.7331,0.3219,0.5991,704,1.000,1.000,1.000,2026-10-06T01:09:09.000Z
17.000,Caldari Citizen 6206817,Orca,71160,70306,75516,359,-0.6850,-0.3632,0.6315,222,1.000,1.000,1.000,2026-10-06T01:09:09.000Z
17.000,Minmatar Citizen 9745080,Skiff,68744,33772,66981,1730,0.3760,0.9222,0.0904,517,1.000,1.000,1.000,2026-10-06T01:09:09.000Z
17.000,Amarr Citizen 0220922,Porpoise,65882,33137,65404,751,0.0792,0.9911,-0.1073,512,1.000,1.000,1.000,2026-10-06T01:09:09.000Z
17.000,Minmatar Citizen 4351238,Venture,70982,70278,72960,1692,-0.2736,-0.9594,-0.0686,546,1.000,1.000,1.000,2026-10-06T01:09:09.000Z
17.000,Caldari Citizen 3216932,Retriever,69570,35647,67396,951,0.3252,0.9336,-0.1505,217,1.000,1.000,1.000,2026-10-06T01:09:09.000Z
17.000,Minmatar Citizen 9076035,Porpoise,67764,34912,69845,485,-0.1795,0.8575,0.4821,463,1.000,1.000,1.000,2026-10-06T01:09:09.000Z
17.000,Minmatar Citizen 6662812,Procurer,74428,69214,73123,1203,0.5085,-0.8129,0.2838,350,1.000,1.000,1.000,2026-10-06T01:09:09.000Z
17.000,Caldari Citizen 3891005,Porpoise,77789,73878,78700,552,-0.1210,-0.9852,0.1214,214,1.000,1.000,1.000,2026-10-06T01:09:09.000Z
17.000,Caldari Citizen 8777524,Prospect,71174,58804,70179,3775,0.4267,-0.8198,0.3818,266,1.000,1.000,1.000,2026-10-06T01:09:09.000Z
17.000,Minmatar Citizen 0254120,Procurer,65796,36102,65069,1196,0.3186,0.9221,0.2195,350,1.000,1.000,1.000,2026-10-06T01:09:09.000Z
17.000,Amarr Citizen 2674287,Porpoise,68578,32975,67856,686,0.3510,0.9352,0.0472,432,1.000,1.000,1.000,2026-10-06T01:09:09.000Z
17.000,Amarr Citizen 5054432,Venture,70291,34686,67901,2167,0.1073,0.9940,0.0195,303,1.000,1.000,1.000,2026-10-06T01:09:09.000Z
17.000,Amarr Citizen 4520313,Covetor,79108,78485,78294,1066,0.0894,0.9944,-0.0566,118,0.960,1.000,1.000,2026-10-06T01:09:09.000Z
17.000,Minmatar Citizen 9978241,Retriever,75250,72333,74106,456,0.3364,-0.9145,-0.2246,223,1.000,1.000,1.000,2026-10-06T01:09:09.000Z
17.000,Minmatar Citizen 7162778,Mackinaw,78196,20336,77791,851,0.2429,-0.9283,0.2815,334,1.000,1.000,1.000,2026-10-06T01:09:09.000Z
17.000,Minmatar Citizen 9678938,Porpoise,74754,72421,72770,825,0.3888,-0.9192,-0.0630,266,1.000,1.000,1.000,2026-10-06T01:09:09.000Z
17.000,Minmatar Citizen 2250648,Porpoise,74139,73155,74653,572,0.0136,-0.9696,0.2442,236,1.000,1.000,1.000,2026-10-06T01:09:09.000Z
17.000,Gallente Citizen 1635012,Venture,79227,20400,75706,1140,-0.7255,-0.0235,-0.6878,814,1.000,1.000,1.000,2026-10-06T01:09:09.000Z
17.000,Amarr Citizen 2281178,Procurer,73482,72552,73045,345,0.2633,-0.9571,0.1210,515,1.000,1.000,1.000,2026-10-06T01:09:09.000Z
18.000,Caldari Citizen 9942864,Venture,74259,32806,62320,466,0.3384,0.1170,0.9337,733,1.000,1.000,1.000,2026-10-06T01:09:10.000Z
18.000,Caldari Citizen 6206817,Orca,70458,69869,76101,451,-0.6581,-0.3907,0.6436,421,1.000,1.000,1.000,2026-10-06T01:09:10.000Z
18.000,Minmatar Citizen 9745080,Skiff,69396,35393,67156,1993,0.3397,0.9384,0.0635,229,1.000,1.000,1.000,2026-10-06T01:09:10.000Z
18.000,Amarr Citizen 0220922,Porpoise,65964,33924,65350,930,0.0835,0.9925,-0.0887,164,1.000,1.000,1.000,2026-10-06T01:09:10.000Z
18.000,Minmatar Citizen 4351238,Venture,70506,68485,72861,2040,-0.2033,-0.9791,-0.0089,287,1.000,1.000,1.000,2026-10-06T01:09:10.000Z
18.000,Caldari Citizen 3216932,Retriever,69929,36660,67271,1151,0.3075,0.9409,-0.1416,592,1.000,1.000,1.000,2026-10-06T01:09:10.000Z
18.000,Minmatar Citizen 9076035,Porpoise,67640,35439,70118,670,-0.1421,0.8708,0.4707,503,1.000,1.000,1.000,2026-10-06T01:09:10.000Z
18.000,Minmatar Citizen 6662812,Procurer,75117,68145,73515,1476,0.4962,-0.8243,0.2727,275,1.000,1.000,1.000,2026-10-06T01:09:10.000Z
18.000,Caldari Citizen 3891005,Porpoise,77796,73272,78850,650,-0.0551,-0.9838,0.1708,476,1.000,1.000,1.000,2026-10-06T01:09:10.000Z
18.000,Caldari Citizen 8777524,Prospect,72870,55547,71699,4233,0.4042,-0.8409,0.3599,254,1.000,1.000,1.000,2026-10-06T01:09:10.000Z
18.000,Minmatar Citizen 0254120,Procurer,66191,37268,65340,1370,0.3286,0.9153,0.2329,190,1.000,1.000,1.000,2026-10-06T01:09:10.000Z
18.000,Amarr Citizen 2674287,Porpoise,68822,33615,67896,856,0.3591,0.9299,0.0797,208,1.000,1.000,1.000,2026-10-06T01:09:10.000Z
18.000,Amarr Citizen 5054432,Venture,70498,37041,67933,2594,0.1216,0.9925,0.0109,331,1.000,1.000,1.000,2026-10-06T01:09:10.000Z
18.000,Amarr Citizen 4520313,Covetor,79288,79716,78298,1321,0.0920,0.9945,-0.0505,159,0.000,0.960,1.000,2026-10-06T01:09:10.000Z
18.000,Minmatar Citizen 9978241,Retriever,75416,71739,73992,612,0.2924,-0.9355,-0.1982,544,1.000,1.000,1.000,2026-10-06T01:09:10.000Z
18.000,Minmatar Citizen 7162778,Mackinaw,78450,19447,78080,1025,0.1849,-0.9543,0.2346,332,1.000,1.000,1.000,2026-10-06T01:09:10.000Z
18.000,Minmatar Citizen 9678938,Porpoise,75097,71556,72696,971,0.3841,-0.9219,-0.0515,595,1.000,1.000,1.000,2026-10-06T01:09:10.000Z
18.000,Minmatar Citizen 2250648,Porpoise,74120,72456,74794,715,-0.0041,-0.9727,0.2319,534,1.000,1.000,1.000,2026-10-06T01:09:10.000Z
18.000,Gallente Citizen 1635012,Venture,78660,20407,75147,1872,-0.7386,0.0244,-0.6737,461,1.000,1.000,1.000,2026-10-06T01:09:10.000Z
18.000,Amarr Citizen 2281178,Procurer,73548,72157,73064,518,0.2700,-0.9475,0.1715,313,1.000,1.000,1.000,2026-10-06T01:09:10.000Z
19.000,Caldari Citizen 9942864,Venture,74331,32745,62911,718,0.1871,0.0700,0.9798,826,1.000,1.000,1.000,2026-10-06T01:09:11.000Z
19.000,Caldari Citizen 6206817,Orca,69682,69374,76845,537,-0.6404,-0.4062,0.6519,709,1.000,1.000,1.000,2026-10-06T01:09:11.000Z
19.000,Minmatar Citizen 9745080,Skiff,70009,37311,67226,2208,0.3172,0.9474,0.0422,96,1.000,1.000,1.000,2026-10-06T01:09:11.000Z
19.000,Amarr Citizen 0220922,Porpoise,66040,34921,65265,1086,0.0804,0.9931,-0.0851,194,1.000,1.000,1.000,2026-10-06T01:09:11.000Z
19.000,Minmatar Citizen 4351238,Venture,70176,66315,72945,2365,-0.1442,-0.9888,0.0396,375,1.000,1.000,1.000,2026-10-06T01:09:11.000Z
19.000,Caldari Citizen 3216932,Retriever,70322,37888,67105,1316,0.3026,0.9437,-0.1334,305,1.000,1.000,1.000,2026-10-06T01:09:11.000Z
19.000,Minmatar Citizen 9076035,Porpoise,67532,36196,70488,834,-0.1188,0.8816,0.4567,268,1.000,1.000,1.000,2026-10-06T01:09:11.000Z
19.000,Minmatar Citizen 6662812,Procurer,75887,66857,73944,1709,0.4804,-0.8380,0.2589,545,1.000,1.000,1.000,2026-10-06T01:09:11.000Z
19.000,Caldari Citizen 3891005,Porpoise,77777,72589,78984,732,-0.0155,-0.9805,0.1957,322,1.000,1.000,1.000,2026-10-06T01:09:11.000Z
19.000,Caldari Citizen 8777524,Prospect,74606,51798,73242,4596,0.3744,-0.8663,0.3307,657,1.000,1.000,1.000,2026-10-06T01:09:11.000Z
19.000,Minmatar Citizen 0254120,Procurer,66654,38554,65666,1515,0.3500,0.9007,0.2575,296,1.000,1.000,1.000,2026-10-06T01:09:11.000Z
19.000,Amarr Citizen 2674287,Porpoise,69179,34463,68013,1008,0.3676,0.9244,0.1021,164,1.000,1.000,1.000,2026-10-06T01:09:11.000Z
19.000,Amarr Citizen 5054432,Venture,70733,39897,67917,2936,0.1553,0.9879,0.0036,118,1.000,1.000,1.000,2026-10-06T01:09:11.000Z
19.000,Amarr Citizen 4520313,Covetor,79432,81162,78240,1545,0.0901,0.9947,-0.0498,361,0.000,0.900,1.000,2026-10-06T01:09:11.000Z
19.000,Minmatar Citizen 9978241,Retriever,75612,71016,73862,749,0.2701,-0.9456,-0.1812,353,1.000,1.000,1.000,2026-10-06T01:09:11.000Z
19.000,Minmatar Citizen 7162778,Mackinaw,78651,18360,78336,1188,0.1071,-0.9796,0.1698,431,0.657,1.000,1.000,2026-10-06T01:09:11.000Z
19.000,Minmatar Citizen 9678938,Porpoise,75530,70535,72665,1099,0.3801,-0.9236,-0.0499,351,1.000,1.000,1.000,2026-10-06T01:09:11.000Z
19.000,Minmatar Citizen 2250648,Porpoise,74169,71676,75033,842,-0.0220,-0.9756,0.2186,545,1.000,1.000,1.000,2026-10-06T01:09:11.000Z
19.000,Gallente Citizen 1635012,Venture,77370,20860,73928,2444,-0.7524,0.0284,-0.6580,801,1.000,1.000,1.000,2026-10-06T01:09:11.000Z
19.000,Amarr Citizen 2281178,Procurer,73709,71649,73177,669,0.2607,-0.9466,0.1896,124,1.000,1.000,1.000,2026-10-06T01:09:11.000Z
20.000,Caldari Citizen 9942864,Venture,74535,32632,63913,1437,0.1576,0.1106,0.9813,674,1.000,1.000,1.000,2026-10-06T01:09:12.000Z
20.000,Caldari Citizen 6206817,Orca,68887,68836,77783,598,-0.6324,-0.4092,0.6577,949,1.000,1.000,1.000,2026-10-06T01:09:12.000Z
20.000,Minmatar Citizen 9745080,Skiff,70643,39432,67255,2336,0.3069,0.9513,0.0282,153,1.000,1.000,1.000,2026-10-06T01:09:12.000Z
20.000,Amarr Citizen 0220922,Porpoise,66152,36021,65194,1191,0.0728,0.9932,-0.0904,479,1.000,1.000,1.000,2026-10-06T01:09:12.000Z
20.000,Minmatar Citizen 4351238,Venture,69968,63832,73177,2592,-0.1077,-0.9920,0.0660,334,1.000,1.000,1.000,2026-10-06T01:09:12.000Z
20.000,Caldari Citizen 3216932,Retriever,70717,39267,66880,1423,0.3133,0.9424,-0.1172,105,1.000,1.000,1.000,2026-10-06T01:09:12.000Z
20.000,Minmatar Citizen 9076035,Porpoise,67448,37037,70946,948,-0.0992,0.8886,0.4479,535,1.000,1.000,1.000,2026-10-06T01:09:12.000Z
20.000,Minmatar Citizen 6662812,Procurer,76688,65416,74363,1864,0.4637,-0.8517,0.2441,153,1.000,1.000,1.000,2026-10-06T01:09:12.000Z
20.000,Caldari Citizen 3891005,Porpoise,77809,71861,79171,782,-0.0126,-0.9827,0.1846,294,1.000,1.000,1.000,2026-10-06T01:09:12.000Z
20.000,Caldari Citizen 8777524,Prospect,76303,47723,74737,4819,0.3389,-0.8931,0.2957,897,1.000,1.000,1.000,2026-10-06T01:09:12.000Z
20.000,Minmatar Citizen 0254120,Procurer,67185,39959,66055,1609,0.3705,0.8850,0.2821,307,1.000,1.000,1.000,2026-10-06T01:09:12.000Z
20.000,Amarr Citizen 2674287,Porpoise,69562,35429,68123,1113,0.3665,0.9241,0.1079,485,1.000,1.000,1.000,2026-10-06T01:09:12.000Z
20.000,Amarr Citizen 5054432,Venture,71145,43056,67910,3151,0.2019,0.9794,-0.0033,335,1.000,1.000,1.000,2026-10-06T01:09:12.000Z
20.000,Amarr Citizen 4520313,Covetor,79522,82721,78107,1697,0.0901,0.9948,-0.0476,581,0.000,0.850,1.000,2026-10-06T01:09:12.000Z
20.000,Minmatar Citizen 9978241,Retriever,75829,70277,73714,843,0.2580,-0.9505,-0.1732,284,1.000,1.000,1.000,2026-10-06T01:09:12.000Z
20.000,Minmatar Citizen 7162778,Mackinaw,78767,17143,78530,1303,0.0182,-0.9953,0.0953,532,0.657,1.000,1.000,2026-10-06T01:09:12.000Z
20.000,Minmatar Citizen 9678938,Porpoise,76002,69475,72637,1186,0.3649,-0.9292,-0.0590,382,1.000,1.000,1.000,2026-10-06T01:09:12.000Z
20.000,Minmatar Citizen 2250648,Porpoise,74191,70789,75273,930,-0.0514,-0.9792,0.1961,230,1.000,1.000,1.000,2026-10-06T01:09:12.000Z
20.000,Gallente Citizen 1635012,Venture,75823,21047,72550,2796,-0.7691,0.0102,-0.6390,732,1.000,1.000,1.000,2026-10-06T01:09:12.000Z
20.000,Amarr Citizen 2281178,Procurer,73949,70998,73373,771,0.2449,-0.9502,0.1926,163,1.000,1.000,1.000,2026-10-06T01:09:12.000Z
21.000,Caldari Citizen 9942864,Venture,74791,32705,65613,2182,0.1682,0.1715,0.9707,711,1.000,1.000,1.000,2026-10-06T01:09:13.000Z
21.000,Caldari Citizen 6206817,Orca,67959,68236,78783,675,-0.6290,-0.4069,0.6624,581,1.000,1.000,1.000,2026-10-06T01:09:13.000Z
21.000,Minmatar Citizen 9745080,Skiff,71341,41707,67293,2491,0.2993,0.9540,0.0162,553,1.000,1.000,1.000,2026-10-06T01:09:13.000Z
21.000,Amarr Citizen 0220922,Porpoise,66255,37260,65094,1316,0.0658,0.9931,-0.0969,228,1.000,1.000,1.000,2026-10-06T01:09:13.000Z
21.000,Minmatar Citizen 4351238,Venture,69749,61164,73415,2854,-0.0850,-0.9931,0.0805,222,1.000,1.000,1.000,2026-10-06T01:09:13.000Z
21.000,Caldari Citizen 3216932,Retriever,71147,40750,66640,1542,0.3329,0.9381,-0.0954,627,1.000,1.000,1.000,2026-10-06T01:09:13.000Z
21.000,Minmatar Citizen 9076035,Porpoise,67364,37986,71453,1084,-0.0807,0.8940,0.4407,562,1.000,1.000,1.000,2026-10-06T01:09:13.000Z
21.000,Minmatar Citizen 6662812,Procurer,77548,63828,74811,2044,0.4479,-0.8637,0.2311,323,1.000,1.000,1.000,2026-10-06T01:09:13.000Z
21.000,Caldari Citizen 3891005,Porpoise,77810,71070,79329,846,-0.0241,-0.9872,0.1576,173,1.000,1.000,1.000,2026-10-06T01:09:13.000Z
21.000,Caldari Citizen 8777524,Prospect,77905,43400,76133,5055,0.3022,-0.9174,0.2590,746,1.000,1.000,1.000,2026-10-06T01:09:13.000Z
21.000,Minmatar Citizen 0254120,Procurer,67833,41394,66560,1715,0.3859,0.8714,0.3029,586,1.000,1.000,1.000,2026-10-06T01:09:13.000Z
21.000,Amarr Citizen 2674287,Porpoise,70000,36523,68257,1236,0.3538,0.9301,0.0982,219,1.000,1.000,1.000,2026-10-06T01:09:13.000Z
21.000,Amarr Citizen 5054432,Venture,71898,46310,67927,3387,0.2493,0.9684,-0.0114,350,1.000,1.000,1.000,2026-10-06T01:09:13.000Z
21.000,Amarr Citizen 4520313,Covetor,79636,84452,77981,1877,0.0913,0.9949,-0.0434,698,0.000,0.780,1.000,2026-10-06T01:09:13.000Z
21.000,Minmatar Citizen 9978241,Retriever,76054,69391,73539,954,0.2568,-0.9524,-0.1644,301,1.000,1.000,1.000,2026-10-06T01:09:13.000Z
21.000,Minmatar Citizen 7162778,Mackinaw,78747,15813,78619,1416,-0.0623,-0.9976,0.0303,334,0.535,1.000,1.000,2026-10-06T01:09:13.000Z
21.000,Minmatar Citizen 9678938,Porpoise,76453,68320,72559,1291,0.3444,-0.9363,-0.0696,394,1.000,1.000,1.000,2026-10-06T01:09:13.000Z
21.000,Minmatar Citizen 2250648,Porpoise,74141,69839,75468,1035,-0.0842,-0.9820,0.1690,642,1.000,1.000,1.000,2026-10-06T01:09:13.000Z
21.000,Gallente Citizen 1635012,Venture,74038,20924,71069,3172,-0.7899,-0.0232,-0.6128,727,1.000,1.000,1.000,2026-10-06T01:09:13.000Z
21.000,Amarr Citizen 2281178,Procurer,74165,70244,73551,891,0.2159,-0.9598,0.1793,352,1.000,1.000,1.000,2026-10-06T01:09:13.000Z
22.000,Caldari Citizen 9942864,Venture,75113,33125,67797,2419,0.1881,0.2020,0.9611,909,1.000,1.000,1.000,2026-10-06T01:09:14.000Z
22.000,Caldari Citizen 6206817,Orca,66926,67559,79853,747,-0.6324,-0.4093,0.6577,1218,1.000,1.000,1.000,2026-10-06T01:09:14.000Z
22.000,Minmatar Citizen 9745080,Skiff,72114,44075,67356,2604,0.2871,0.9579,0.0005,400,1.000,1.000,1.000,2026-10-06T01:09:14.000Z
22.000,Amarr Citizen 0220922,Porpoise,66308,38610,64927,1426,0.0686,0.9932,-0.0938,354,1.000,1.000,1.000,2026-10-06T01:09:14.000Z
22.000,Minmatar Citizen 4351238,Venture,69511,58328,73641,3069,-0.0682,-0.9936,0.0902,525,1.000,1.000,1.000,2026-10-06T01:09:14.000Z
22.000,Caldari Citizen 3216932,Retriever,71708,42288,66494,1641,0.3563,0.9313,-0.0761,423,1.000,1.000,1.000,2026-10-06T01:09:14.000Z
22.000,Minmatar Citizen 9076035,Porpoise,67235,39069,71950,1206,-0.0613,0.8984,0.4348,671,1.000,1.000,1.000,2026-10-06T01:09:14.000Z
22.000,Minmatar Citizen 6662812,Procurer,78431,62065,75257,2199,0.4334,-0.8738,0.2207,182,1.000,1.000,1.000,2026-10-06T01:09:14.000Z
22.000,Caldari Citizen 3891005,Porpoise,77770,70239,79437,906,-0.0225,-0.9900,0.1391,482,1.000,1.000,1.000,2026-10-06T01:09:14.000Z
22.000,Caldari Citizen 8777524,Prospect,79278,38887,77299,5111,0.2643,-0.9390,0.2202,957,1.000,1.000,1.000,2026-10-06T01:09:14.000Z
22.000,Minmatar Citizen 0254120,Procurer,68552,42867,67136,1804,0.3950,0.8618,0.3182,296,1.000,1.000,1.000,2026-10-06T01:09:14.000Z
22.000,Amarr Citizen 2674287,Porpoise,70499,37735,68427,1348,0.3348,0.9388,0.0807,522,1.000,1.000,1.000,2026-10-06T01:09:14.000Z
22.000,Amarr Citizen 5054432,Venture,72965,49602,67907,3577,0.2873,0.9577,-0.0195,388,1.000,1.000,1.000,2026-10-06T01:09:14.000Z
22.000,Amarr Citizen 4520313,Covetor,79825,86328,77917,2037,0.0992,0.9946,-0.0309,876,0.000,0.780,1.000,2026-10-06T01:09:14.000Z
22.000,Minmatar Citizen 9978241,Retriever,76332,68420,73389,1052,0.2607,-0.9538,-0.1495,356,1.000,1.000,1.000,2026-10-06T01:09:14.000Z
22.000,Minmatar Citizen 7162778,Mackinaw,78591,14344,78603,1518,-0.1253,-0.9920,-0.0169,302,0.000,0.980,1.000,2026-10-06T01:09:14.000Z
22.000,Minmatar Citizen 9678938,Porpoise,76908,67111,72466,1385,0.3209,-0.9439,-0.0779,431,1.000,1.000,1.000,2026-10-06T01:09:14.000Z
22.000,Minmatar Citizen 2250648,Porpoise,73997,68815,75592,1130,-0.1052,-0.9831,0.1498,381,1.000,1.000,1.000,2026-10-06T01:09:14.000Z
22.000,Gallente Citizen 1635012,Venture,72021,20670,69523,3467,-0.8158,-0.0328,-0.5774,1084,1.000,1.000,1.000,2026-10-06T01:09:14.000Z
22.000,Amarr Citizen 2281178,Procurer,74326,69355,73684,997,0.1778,-0.9716,0.1564,437,1.000,1.000,1.000,2026-10-06T01:09:14.000Z
23.000,Caldari Citizen 9942864,Venture,75539,33961,70283,2828,0.2107,0.1806,0.9607,479,1.000,1.000,1.000,2026-10-06T01:09:15.000Z
23.000,Caldari Citizen 6206817,Orca,65801,66862,80988,806,-0.6404,-0.4088,0.6502,952,1.000,1.000,1.000,2026-10-06T01:09:15.000Z
23.000,Minmatar Citizen 9745080,Skiff,72926,46477,67416,2699,0.2629,0.9645,-0.0254,653,1.000,1.000,1.000,2026-10-06T01:09:15.000Z
23.000,Amarr Citizen 0220922,Porpoise,66374,40056,64757,1511,0.0738,0.9934,-0.0883,144,1.000,1.000,1.000,2026-10-06T01:09:15.000Z
23.000,Minmatar Citizen 4351238,Venture,69249,55390,73840,3208,-0.0496,-0.9936,0.1016,362,1.000,1.000,1.000,2026-10-06T01:09:15.000Z
23.000,Caldari Citizen 3216932,Retriever,72409,43876,66461,1714,0.3789,0.9226,-0.0723,790,1.000,1.000,1.000,2026-10-06T01:09:15.000Z
23.000,Minmatar Citizen 9076035,Porpoise,67157,40253,72516,1302,-0.0396,0.9018,0.4304,677,1.000,1.000,1.000,2026-10-06T01:09:15.000Z
23.000,Minmatar Citizen 6662812,Procurer,79342,60178,75715,2316,0.4171,-0.8843,0.2100,82,1.000,1.000,1.000,2026-10-06T01:09:15.000Z
23.000,Caldari Citizen 3891005,Porpoise,77705,69396,79510,953,-0.0076,-0.9916,0.1295,171,1.000,1.000,1.000,2026-10-06T01:09:15.000Z
23.000,Caldari Citizen 8777524,Prospect,80380,34297,78200,5181,0.2246,-0.9580,0.1785,528,1.000,1.000,1.000,2026-10-06T01:09:15.000Z
23.000,Minmatar Citizen 0254120,Procurer,69274,44431,67720,1869,0.3976,0.8571,0.3275,362,1.000,1.000,1.000,2026-10-06T01:09:15.000Z
23.000,Amarr Citizen 2674287,Porpoise,70954,39043,68530,1436,0.3191,0.9453,0.0676,293,1.000,1.000,1.000,2026-10-06T01:09:15.000Z
23.000,Amarr Citizen 5054432,Venture,74196,52974,67817,3713,0.3066,0.9515,-0.0266,816,1.000,1.000,1.000,2026-10-06T01:09:15.000Z
23.000,Amarr Citizen 4520313,Covetor,80070,88312,77902,2160,0.1051,0.9943,-0.0183,617,0.000,0.710,1.000,2026-10-06T01:09:15.000Z
23.000,Minmatar Citizen 9978241,Retriever,76596,67340,73204,1129,0.2645,-0.9556,-0.1301,367,1.000,1.000,1.000,2026-10-06T01:09:15.000Z
23.000,Minmatar Citizen 7162778,Mackinaw,78285,12831,78473,1604,-0.1724,-0.9838,-0.0486,412,0.000,0.980,1.000,2026-10-06T01:09:15.000Z
23.000,Minmatar Citizen 9678938,Porpoise,77302,65777,72302,1459,0.3028,-0.9501,-0.0746,476,1.000,1.000,1.000,2026-10-06T01:09:15.000Z
23.000,Minmatar Citizen 2250648,Porpoise,73787,67738,75670,1205,-0.1077,-0.9832,0.1471,397,1.000,1.000,1.000,2026-10-06T01:09:15.000Z
23.000,Gallente Citizen 1635012,Venture,69801,20401,67977,3658,-0.8487,0.0176,-0.5285,1070,1.000,1.000,1.000,2026-10-06T01:09:15.000Z
23.000,Amarr Citizen 2281178,Procurer,74469,68454,73811,1078,0.1418,-0.9805,0.1358,310,1.000,1.000,1.000,2026-10-06T01:09:15.000Z
24.000,Caldari Citizen 9942864,Venture,76208,34835,73118,3199,0.2328,0.0972,0.9677,260,1.000,1.000,1.000,2026-10-06T01:09:16.000Z
24.000,Caldari Citizen 6206817,Orca,64624,66097,82207,868,-0.6469,-0.4039,0.6469,1430,1.000,1.000,1.000,2026-10-06T01:09:16.000Z
24.000,Minmatar Citizen 9745080,Skiff,73660,49087,67359,2797,0.2288,0.9716,-0.0600,354,1.000,1.000,1.000,2026-10-06T01:09:16.000Z
24.000,Amarr Citizen 0220922,Porpoise,66480,41568,64613,1595,0.0782,0.9934,-0.0840,352,1.000,1.000,1.000,2026-10-06T01:09:16.000Z
24.000,Minmatar Citizen 4351238,Venture,69116,52375,74155,3138,-0.0244,-0.9927,0.1184,225,1.000,1.000,1.000,2026-10-06T01:09:16.000Z
24.000,Caldari Citizen 3216932,Retriever,73116,45494,66423,1770,0.3943,0.9143,-0.0924,613,1.000,1.000,1.000,2026-10-06T01:09:16.000Z
24.000,Minmatar Citizen 9076035,Porpoise,67104,41549,73111,1399,-0.0191,0.9054,0.4241,444,1.000,1.000,1.000,2026-10-06T01:09:16.000Z
24.000,Minmatar Citizen 6662812,Procurer,80282,58193,76191,2430,0.3942,-0.8985,0.1931,66,1.000,1.000,1.000,2026-10-06T01:09:16.000Z
24.000,Caldari Citizen 3891005,Porpoise,77675,68484,79601,1001,0.0240,-0.9908,0.1334,534,1.000,1.000,1.000,2026-10-06T01:09:16.000Z
24.000,Caldari Citizen 8777524,Prospect,81197,30180,78827,3862,0.1844,-0.9736,0.1349,413,1.000,1.000,1.000,2026-10-06T01:09:16.000Z
24.000,Minmatar Citizen 0254120,Procurer,70043,46052,68361,1931,0.3889,0.8618,0.3257,319,1.000,1.000,1.000,2026-10-06T01:09:16.000Z
24.000,Amarr Citizen 2674287,Porpoise,71368,40419,68572,1526,0.3113,0.9482,0.0637,658,1.000,1.000,1.000,2026-10-06T01:09:16.000Z
24.000,Amarr Citizen 5054432,Venture,75418,56577,67642,3837,0.3093,0.9505,-0.0287,759,1.000,1.000,1.000,2026-10-06T01:09:16.000Z
24.000,Amarr Citizen 4520313,Covetor,80292,90427,77860,2283,0.0999,0.9949,-0.0163,494,0.000,0.710,1.000,2026-10-06T01:09:16.000Z
24.000,Minmatar Citizen 9978241,Retriever,76911,66212,73055,1205,0.2605,-0.9587,-0.1145,75,1.000,1.000,1.000,2026-10-06T01:09:16.000Z
24.000,Minmatar Citizen 7162778,Mackinaw,77948,11192,78355,1772,-0.2115,-0.9747,-0.0725,95,,,,2026-10-06T01:09:16.000Z
24.000,Minmatar Citizen 9678938,Porpoise,77723,64346,72165,1534,0.2925,-0.9543,-0.0616,352,1.000,1.000,1.000,2026-10-06T01:09:16.000Z
24.000,Minmatar Citizen 2250648,Porpoise,73653,66559,75844,1281,-0.0950,-0.9828,0.1580,265,1.000,1.000,1.000,2026-10-06T01:09:16.000Z
24.000,Gallente Citizen 1635012,Venture,67400,20322,66488,3521,-0.8875,0.1204,-0.4449,1670,1.000,1.000,1.000,2026-10-06T01:09:16.000Z
24.000,Amarr Citizen 2281178,Procurer,74577,67447,73917,1159,0.1158,-0.9853,0.1255,247,1.000,1.000,1.000,2026-10-06T01:09:16.000Z
25.000,Caldari Citizen 9942864,Venture,77074,35269,76206,3218,0.2419,-0.0555,0.9687,434,1.000,1.000,1.000,2026-10-06T01:09:17.000Z
25.000,Caldari Citizen 6206817,Orca,63352,65255,83449,884,-0.6514,-0.3923,0.6495,1767,1.000,1.000,1.000,2026-10-06T01:09:17.000Z
25.000,Minmatar Citizen 9745080,Skiff,74249,51909,67128,2885,0.1904,0.9769,-0.0973,690,1.000,1.000,1.000,2026-10-06T01:09:17.000Z
25.000,Amarr Citizen 0220922,Porpoise,66673,43188,64546,1668,0.0824,0.9934,-0.0794,507,1.000,1.000,1.000,2026-10-06T01:09:17.000Z
25.000,Minmatar Citizen 4351238,Venture,69092,49398,74556,3080,0.0081,-0.9900,0.1410,386,1.000,1.000,1.000,2026-10-06T01:09:17.000Z
25.000,Caldari Citizen 3216932,Retriever,73746,46926,66306,1259,0.3938,0.9078,-0.1445,814,1.000,1.000,1.000,2026-10-06T01:09:17.000Z
25.000,Minmatar Citizen 9076035,Porpoise,67116,42908,73760,1418,-0.0016,0.9109,0.4127,625,1.000,1.000,1.000,2026-10-06T01:09:17.000Z
25.000,Minmatar Citizen 6662812,Procurer,81221,56099,76664,2477,0.3583,-0.9191,0.1640,249,1.000,1.000,1.000,2026-10-06T01:09:17.000Z
25.000,Caldari Citizen 3891005,Porpoise,77722,67491,79748,1045,0.0614,-0.9882,0.1403,224,1.000,1.000,1.000,2026-10-06T01:09:17.000Z
25.000,Caldari Citizen 8777524,Prospect,81636,27025,79092,2877,0.1459,-0.9850,0.0919,165,1.000,1.000,1.000,2026-10-06T01:09:17.000Z
25.000,Minmatar Citizen 0254120,Procurer,70799,47727,69002,1973,0.3733,0.8720,0.3167,513,1.000,1.000,1.000,2026-10-06T01:09:17.000Z
25.000,Amarr Citizen 2674287,Porpoise,71806,41931,68622,1606,0.3082,0.9491,0.0651,704,1.000,1.000,1.000,2026-10-06T01:09:17.000Z
25.000,Amarr Citizen 5054432,Venture,76624,60352,67486,3934,0.3014,0.9532,-0.0238,891,1.000,1.000,1.000,2026-10-06T01:09:17.000Z
25.000,Amarr Citizen 4520313,Covetor,80567,92723,77873,2391,0.0870,0.9960,-0.0212,360,0.000,0.710,1.000,2026-10-06T01:09:17.000Z
25.000,Minmatar Citizen 9978241,Retriever,77274,65033,72944,1272,0.2460,-0.9635,-0.1051,532,1.000,1.000,1.000,2026-10-06T01:09:17.000Z
25.000,Minmatar Citizen 7162778,Mackinaw,77591,9388,78263,1969,-0.2472,-0.9645,-0.0931,501,,,,2026-10-06T01:09:17.000Z
25.000,Minmatar Citizen 9678938,Porpoise,78183,62793,72075,1600,0.2892,-0.9564,-0.0399,365,1.000,1.000,1.000,2026-10-06T01:09:17.000Z
25.000,Minmatar Citizen 2250648,Porpoise,73583,65261,76100,1348,-0.0800,-0.9822,0.1699,525,1.000,1.000,1.000,2026-10-06T01:09:17.000Z
25.000,Gallente Citizen 1635012,Venture,64992,20738,65265,3070,-0.9229,0.2551,-0.2884,1768,1.000,1.000,1.000,2026-10-06T01:09:17.000Z
25.000,Amarr Citizen 2281178,Procurer,74704,66330,74061,1229,0.1064,-0.9855,0.1321,416,1.000,1.000,1.000,2026-10-06T01:09:17.000Z
26.000,Caldari Citizen 9942864,Venture,77974,34919,79367,3084,0.2262,-0.2701,0.9359,284,1.000,1.000,1.000,2026-10-06T01:09:18.000Z
26.000,Caldari Citizen 6206817,Orca,62035,64486,84743,812,-0.6563,-0.3750,0.6547,2123,1.000,1.000,1.000,2026-10-06T01:09:18.000Z
26.000,Minmatar Citizen 9745080,Skiff,74703,54857,66735,2960,0.1539,0.9792,-0.1322,323,1.000,1.000,1.000,2026-10-06T01:09:18.000Z
26.000,Amarr Citizen 0220922,Porpoise,66838,44835,64442,1730,0.0830,0.9935,-0.0773,324,1.000,1.000,1.000,2026-10-06T01:09:18.000Z
26.000,Minmatar Citizen 4351238,Venture,69176,46410,75033,3037,0.0452,-0.9851,0.1660,395,1.000,1.000,1.000,2026-10-06T01:09:18.000Z
26.000,Caldari Citizen 3216932,Retriever,74214,47956,66039,920,0.3823,0.8962,-0.2251,262,1.000,1.000,1.000,2026-10-06T01:09:18.000Z
26.000,Minmatar Citizen 9076035,Porpoise,67161,44232,74416,1434,0.0080,0.9201,0.3916,638,1.000,1.000,1.000,2026-10-06T01:09:18.000Z
26.000,Minmatar Citizen 6662812,Procurer,82106,53873,77087,2493,0.3099,-0.9426,0.1247,315,1.000,1.000,1.000,2026-10-06T01:09:18.000Z
26.000,Caldari Citizen 3891005,Porpoise,77835,66439,79933,1086,0.0924,-0.9859,0.1397,123,1.000,1.000,1.000,2026-10-06T01:09:18.000Z
26.000,Caldari Citizen 8777524,Prospect,81830,24634,79132,2182,0.1050,-0.9934,0.0465,318,1.000,1.000,1.000,2026-10-06T01:09:18.000Z
26.000,Minmatar Citizen 0254120,Procurer,71536,49391,69642,1864,0.3566,0.8824,0.3068,505,1.000,1.000,1.000,2026-10-06T01:09:18.000Z
26.000,Amarr Citizen 2674287,Porpoise,72315,43507,68731,1678,0.3085,0.9487,0.0693,537,1.000,1.000,1.000,2026-10-06T01:09:18.000Z
26.000,Amarr Citizen 5054432,Venture,77748,64173,67377,3996,0.2927,0.9562,-0.0093,1070,1.000,1.000,1.000,2026-10-06T01:09:18.000Z
26.000,Amarr Citizen 4520313,Covetor,80790,95173,77841,2484,0.0750,0.9969,-0.0246,485,0.000,0.710,1.000,2026-10-06T01:09:18.000Z
26.000,Minmatar Citizen 9978241,Retriever,77644,63731,72835,1414,0.2333,-0.9681,-0.0910,330,1.000,1.000,1.000,2026-10-06T01:09:18.000Z
26.000,Minmatar Citizen 7162778,Mackinaw,77121,7461,78109,2142,-0.2848,-0.9516,-0.1155,327,,,,2026-10-06T01:09:18.000Z
26.000,Minmatar Citizen 9678938,Porpoise,78688,61186,72047,1650,0.2928,-0.9561,-0.0113,388,1.000,1.000,1.000,2026-10-06T01:09:18.000Z
26.000,Minmatar Citizen 2250648,Porpoise,73508,63913,76365,1408,-0.0755,-0.9823,0.1714,577,1.000,1.000,1.000,2026-10-06T01:09:18.000Z
26.000,Gallente Citizen 1635012,Venture,62910,21711,64675,2147,-0.9148,0.4039,-0.0087,2563,1.000,1.000,1.000,2026-10-06T01:09:18.000Z
26.000,Amarr Citizen 2281178,Procurer,74829,65094,74223,1289,0.1097,-0.9823,0.1520,259,1.000,1.000,1.000,2026-10-06T01:09:18.000Z
27.000,Caldari Citizen 9942864,Venture,78709,33717,82263,2964,0.1807,-0.5022,0.8457,411,1.000,1.000,1.000,2026-10-06T01:09:19.000Z
27.000,Caldari Citizen 6206817,Orca,60670,63724,86070,745,-0.6615,-0.3513,0.6626,2573,1.000,1.000,1.000,2026-10-06T01:09:19.000Z
27.000,Minmatar Citizen 9745080,Skiff,75086,57817,66252,3026,0.1236,0.9791,-0.1614,523,1.000,1.000,1.000,2026-10-06T01:09:19.000Z
27.000,Amarr Citizen 0220922,Porpoise,66939,46507,64267,1785,0.0784,0.9937,-0.0797,532,1.000,1.000,1.000,2026-10-06T01:09:19.000Z
27.000,Minmatar Citizen 4351238,Venture,69343,43427,75550,3006,0.0791,-0.9796,0.1850,375,1.000,1.000,1.000,2026-10-06T01:09:19.000Z
27.000,Caldari Citizen 3216932,Retriever,74580,48823,65693,919,0.3754,0.8708,-0.3174,752,1.000,1.000,1.000,2026-10-06T01:09:19.000Z
27.000,Minmatar Citizen 9076035,Porpoise,67175,45621,74998,1448,0.0156,0.9311,0.3644,455,1.000,1.000,1.000,2026-10-06T01:09:19.000Z
27.000,Minmatar Citizen 6662812,Procurer,82839,51579,77372,2529,0.2596,-0.9619,0.0853,287,1.000,1.000,1.000,2026-10-06T01:09:19.000Z
27.000,Caldari Citizen 3891005,Porpoise,77978,65338,80117,1123,0.1221,-0.9830,0.1370,481,1.000,1.000,1.000,2026-10-06T01:09:19.000Z
27.000,Caldari Citizen 8777524,Prospect,81941,22821,79117,1691,0.0506,-0.9987,-0.0077,143,1.000,1.000,1.000,2026-10-06T01:09:19.000Z
27.000,Minmatar Citizen 0254120,Procurer,72092,50921,70121,1465,0.3339,0.8959,0.2929,681,1.000,1.000,1.000,2026-10-06T01:09:19.000Z
27.000,Amarr Citizen 2674287,Porpoise,72924,45172,68929,1742,0.3095,0.9481,0.0733,352,1.000,1.000,1.000,2026-10-06T01:09:19.000Z
27.000,Amarr Citizen 5054432,Venture,78792,67611,67381,3191,0.2825,0.9591,0.0181,1039,1.000,1.000,1.000,2026-10-06T01:09:19.000Z
27.000,Amarr Citizen 4520313,Covetor,80896,97683,77703,2567,0.0672,0.9975,-0.0232,501,0.000,0.610,1.000,2026-10-06T01:09:19.000Z
27.000,Minmatar Citizen 9978241,Retriever,77959,62227,72675,1540,0.2261,-0.9715,-0.0709,481,1.000,1.000,1.000,2026-10-06T01:09:19.000Z
27.000,Minmatar Citizen 7162778,Mackinaw,76462,5432,77818,2282,-0.3327,-0.9318,-0.1454,181,,,,2026-10-06T01:09:19.000Z
27.000,Minmatar Citizen 9678938,Porpoise,79176,59555,72029,1698,0.3005,-0.9536,0.0192,366,1.000,1.000,1.000,2026-10-06T01:09:19.000Z
27.000,Minmatar Citizen 2250648,Porpoise,73432,62526,76643,1461,-0.0845,-0.9831,0.1626,340,1.000,1.000,1.000,2026-10-06T01:09:19.000Z
27.000,Gallente Citizen 1635012,Venture,61444,22868,65044,962,-0.7819,0.4916,0.3835,2209,1.000,1.000,1.000,2026-10-06T01:09:19.000Z
27.000,Amarr Citizen 2281178,Procurer,74924,63823,74379,1328,0.1151,-0.9778,0.1751,245,1.000,1.000,1.000,2026-10-06T01:09:19.000Z
28.000,Caldari Citizen 9942864,Venture,79130,31719,84637,2962,0.1145,-0.7052,0.6997,81,1.000,1.000,1.000,2026-10-06T01:09:20.000Z
28.000,Caldari Citizen 6206817,Orca,59323,63029,87473,683,-0.6639,-0.3231,0.6744,3303,1.000,1.000,1.000,2026-10-06T01:09:20.000Z
28.000,Minmatar Citizen 9745080,Skiff,75440,60831,65726,3067,0.1019,0.9780,-0.1822,323,1.000,1.000,1.000,2026-10-06T01:09:20.000Z
28.000,Amarr Citizen 0220922,Porpoise,67061,48266,64108,1834,0.0674,0.9938,-0.0880,473,1.000,1.000,1.000,2026-10-06T01:09:20.000Z
28.000,Minmatar Citizen 4351238,Venture,69655,40553,76159,2982,0.1083,-0.9746,0.1959,97,1.000,1.000,1.000,2026-10-06T01:09:20.000Z
28.000,Caldari Citizen 3216932,Retriever,74870,49639,65308,750,0.3832,0.8352,-0.3945,948,1.000,1.000,1.000,2026-10-06T01:09:20.000Z
28.000,Minmatar Citizen 9076035,Porpoise,67182,47079,75516,1461,0.0262,0.9420,0.3345,642,1.000,1.000,1.000,2026-10-06T01:09:20.000Z
28.000,Minmatar Citizen 6662812,Procurer,83347,49084,77450,2562,0.2130,-0.9757,0.0512,288,1.000,1.000,1.000,2026-10-06T01:09:20.000Z
28.000,Caldari Citizen 3891005,Porpoise,78124,64154,80267,1157,0.1572,-0.9779,0.1378,416,1.000,1.000,1.000,2026-10-06T01:09:20.000Z
28.000,Caldari Citizen 8777524,Prospect,82020,21422,79101,1347,-0.0220,-0.9975,-0.0675,169,1.000,1.000,1.000,2026-10-06T01:09:20.000Z
28.000,Minmatar Citizen 0254120,Procurer,72482,52157,70458,1163,0.3008,0.9137,0.2734,554,1.000,1.000,1.000,2026-10-06T01:09:20.000Z
28.000,Amarr Citizen 2674287,Porpoise,73497,46867,69085,1796,0.3148,0.9459,0.0780,561,1.000,1.000,1.000,2026-10-06T01:09:20.000Z
28.000,Amarr Citizen 5054432,Venture,79556,70301,67463,2517,0.2387,0.9686,0.0702,1014,1.000,1.000,1.000,2026-10-06T01:09:20.000Z
28.000,Amarr Citizen 4520313,Covetor,81014,100308,77592,2640,0.0619,0.9979,-0.0190,449,0.000,0.570,1.000,2026-10-06T01:09:20.000Z
28.000,Minmatar Citizen 9978241,Retriever,78253,60613,72502,1652,0.2278,-0.9727,-0.0446,582,1.000,1.000,1.000,2026-10-06T01:09:20.000Z
28.000,Minmatar Citizen 7162778,Mackinaw,75678,3334,77463,2408,-0.3936,-0.9008,-0.1832,296,,,,2026-10-06T01:09:20.000Z
28.000,Minmatar Citizen 9678938,Porpoise,79701,57881,72085,1743,0.3108,-0.9492,0.0494,348,1.000,1.000,1.000,2026-10-06T01:09:20.000Z
28.000,Minmatar Citizen 2250648,Porpoise,73294,61036,76868,1509,-0.0953,-0.9830,0.1571,542,1.000,1.000,1.000,2026-10-06T01:09:20.000Z
28.000,Gallente Citizen 1635012,Venture,60444,23716,66255,952,-0.5762,0.4161,0.7034,1970,1.000,1.000,1.000,2026-10-06T01:09:20.000Z
28.000,Amarr Citizen 2281178,Procurer,75091,62562,74633,1366,0.1104,-0.9757,0.1895,216,1.000,1.000,1.000,2026-10-06T01:09:20.000Z
29.000,Caldari Citizen 9942864,Venture,79310,29077,86498,3049,0.0356,-0.8605,0.5083,529,1.000,1.000,1.000,2026-10-06T01:09:21.000Z
29.000,Caldari Citizen 6206817,Orca,57931,62392,88872,628,-0.6643,-0.2989,0.6851,3371,1.000,1.000,1.000,2026-10-06T01:09:21.000Z
29.000,Minmatar Citizen 9745080,Skiff,75729,63845,65128,3109,0.0892,0.9770,-0.1936,493,1.000,1.000,1.000,2026-10-06T01:09:21.000Z
29.000,Amarr Citizen 0220922,Porpoise,67205,50129,63970,1877,0.0547,0.9937,-0.0974,496,1.000,1.000,1.000,2026-10-06T01:09:21.000Z
29.000,Minmatar Citizen 4351238,Venture,70069,37732,76810,2951,0.1265,-0.9732,0.1921,355,1.000,1.000,1.000,2026-10-06T01:09:21.000Z
29.000,Caldari Citizen 3216932,Retriever,75139,50272,64949,561,0.4200,0.7963,-0.4354,463,1.000,1.000,1.000,2026-10-06T01:09:21.000Z
29.000,Minmatar Citizen 9076035,Porpoise,67196,48517,75971,1472,0.0515,0.9493,0.3101,463,1.000,1.000,1.000,2026-10-06T01:09:21.000Z
29.000,Minmatar Citizen 6662812,Procurer,83757,46471,77456,2606,0.1699,-0.9852,0.0224,420,1.000,1.000,1.000,2026-10-06T01:09:21.000Z
29.000,Caldari Citizen 3891005,Porpoise,78262,62960,80366,1188,0.1922,-0.9719,0.1357,466,1.000,1.000,1.000,2026-10-06T01:09:21.000Z
29.000,Caldari Citizen 8777524,Prospect,81982,20239,79005,1164,-0.1097,-0.9853,-0.1307,425,1.000,1.000,1.000,2026-10-06T01:09:21.000Z
29.000,Minmatar Citizen 0254120,Procurer,72801,53113,70754,924,0.2479,0.9374,0.2446,543,1.000,1.000,1.000,2026-10-06T01:09:21.000Z
29.000,Amarr Citizen 2674287,Porpoise,74005,48557,69173,1846,0.3322,0.9388,0.0905,294,1.000,1.000,1.000,2026-10-06T01:09:21.000Z
29.000,Amarr Citizen 5054432,Venture,80073,71980,67674,1238,0.0357,0.9808,0.1918,730,1.000,1.000,1.000,2026-10-06T01:09:21.000Z
29.000,Amarr Citizen 4520313,Covetor,81202,102978,77572,2704,0.0627,0.9980,-0.0078,322,0.000,0.570,1.000,2026-10-06T01:09:21.000Z
29.000,Minmatar Citizen 9978241,Retriever,78633,58887,72429,1750,0.2309,-0.9728,-0.0181,262,1.000,1.000,1.000,2026-10-06T01:09:21.000Z
29.000,Minmatar Citizen 7162778,Mackinaw,74733,1211,77010,2493,-0.4661,-0.8553,-0.2264,345,,,,2026-10-06T01:09:21.000Z
29.000,Minmatar Citizen 9678938,Porpoise,80236,56197,72195,1762,0.3139,-0.9467,0.0718,656,1.000,1.000,1.000,2026-10-06T01:09:21.000Z
29.000,Minmatar Citizen 2250648,Porpoise,73093,59527,77040,1537,-0.1022,-0.9818,0.1600,626,1.000,1.000,1.000,2026-10-06T01:09:21.000Z
29.000,Gallente Citizen 1635012,Venture,59618,24493,68054,1595,-0.4200,0.2232,0.8796,2001,1.000,1.000,1.000,2026-10-06T01:09:21.000Z
29.000,Amarr Citizen 2281178,Procurer,75311,61295,74970,1401,0.0909,-0.9774,0.1907,318,1.000,1.000,1.000,2026-10-06T01:09:21.000Z
30.000,Caldari Citizen 9942864,Venture,79311,26193,87804,3173,-0.0465,-0.9560,0.2896,863,1.000,1.000,1.000,2026-10-06T01:09:22.000Z
30.000,Caldari Citizen 6206817,Orca,56545,61803,90299,578,-0.6669,-0.2753,0.6925,4455,1.000,1.000,1.000,2026-10-06T01:09:22.000Z
30.000,Minmatar Citizen 9745080,Skiff,75936,66926,64448,3139,0.0846,0.9767,-0.1971,316,1.000,1.000,1.000,2026-10-06T01:09:22.000Z
30.000,Amarr Citizen 0220922,Porpoise,67328,51996,63809,1914,0.0355,0.9930,-0.1127,352,1.000,1.000,1.000,2026-10-06T01:09:22.000Z
30.000,Minmatar Citizen 4351238,Venture,70495,34979,77399,2931,0.1321,-0.9763,0.1715,229,1.000,1.000,1.000,2026-10-06T01:09:22.000Z
30.000,Caldari Citizen 3216932,Retriever,75415,50695,64658,419,0.5037,0.7406,-0.4447,498,1.000,1.000,1.000,2026-10-06T01:09:22.000Z
30.000,Minmatar Citizen 9076035,Porpoise,67263,49938,76389,1482,0.0943,0.9514,0.2933,794,1.000,1.000,1.000,2026-10-06T01:09:22.000Z
30.000,Minmatar Citizen 6662812,Procurer,84187,43937,77516,2657,0.1304,-0.9915,-0.0009,416,1.000,1.000,1.000,2026-10-06T01:09:22.000Z
30.000,Caldari Citizen 3891005,Porpoise,78519,61797,80537,1216,0.2182,-0.9683,0.1217,246,1.000,1.000,1.000,2026-10-06T01:09:22.000Z
30.000,Caldari Citizen 8777524,Prospect,81758,18899,78765,1766,-0.1948,-0.9630,-0.1863,182,1.000,1.000,1.000,2026-10-06T01:09:22.000Z
30.000,Minmatar Citizen 0254120,Procurer,73005,53912,70967,736,0.1702,0.9628,0.2098,475,1.000,1.000,1.000,2026-10-06T01:09:22.000Z
30.000,Amarr Citizen 2674287,Porpoise,74525,50251,69275,1855,0.3671,0.9230,0.1155,539,1.000,1.000,1.000,2026-10-06T01:09:22.000Z
30.000,Amarr Citizen 5054432,Venture,80077,72449,67972,494,-0.6009,0.6476,0.4686,567,1.000,1.000,1.000,2026-10-06T01:09:22.000Z
30.000,Amarr Citizen 4520313,Covetor,81402,105735,77589,2761,0.0653,0.9978,0.0062,483,0.000,0.480,1.000,2026-10-06T01:09:22.000Z
30.000,Minmatar Citizen 9978241,Retriever,79109,57133,72472,1837,0.2328,-0.9725,0.0064,549,1.000,1.000,1.000,2026-10-06T01:09:22.000Z
30.000,Minmatar Citizen 7162778,Mackinaw,73647,-709,76483,2274,-0.5498,-0.7892,-0.2739,268,,,,2026-10-06T01:09:22.000Z
30.000,Minmatar Citizen 9678938,Porpoise,80791,54692,72378,1525,0.3077,-0.9475,0.0865,392,1.000,1.000,1.000,2026-10-06T01:09:22.000Z
30.000,Minmatar Citizen 2250648,Porpoise,72913,58094,77240,1370,-0.1125,-0.9794,0.1678,99,1.000,1.000,1.000,2026-10-06T01:09:22.000Z
30.000,Gallente Citizen 1635012,Venture,58917,25254,70423,2153,-0.3020,-0.0334,0.9527,1465,1.000,1.000,1.000,2026-10-06T01:09:22.000Z
30.000,Amarr Citizen 2281178,Procurer,75466,59922,75275,1433,0.0604,-0.9815,0.1818,248,1.000,1.000,1.000,2026-10-06T01:09:22.000Z
31.000,Caldari Citizen 9942864,Venture,79130,23240,88412,3279,-0.1233,-0.9904,0.0619,293,1.000,1.000,1.000,2026-10-06T01:09:23.000Z
31.000,Caldari Citizen 6206817,Orca,55185,61287,91754,541,-0.6726,-0.2650,0.6909,5053,1.000,1.000,1.000,2026-10-06T01:09:23.000Z
31.000,Minmatar Citizen 9745080,Skiff,76149,70025,63777,3102,0.0914,0.9775,-0.1900,380,1.000,1.000,1.000,2026-10-06T01:09:23.000Z
31.000,Amarr Citizen 0220922,Porpoise,67388,53898,63589,1942,0.0075,0.9906,-0.1369,208,1.000,1.000,1.000,2026-10-06T01:09:23.000Z
31.000,Minmatar Citizen 4351238,Venture,70934,32242,77920,2922,0.1222,-0.9838,0.1313,698,1.000,1.000,1.000,2026-10-06T01:09:23.000Z
31.000,Caldari Citizen 3216932,Retriever,75700,51025,64448,332,0.6355,0.6531,-0.4118,936,1.000,1.000,1.000,2026-10-06T01:09:23.000Z
31.000,Minmatar Citizen 9076035,Porpoise,67406,51266,76782,1488,0.1535,0.9477,0.2799,184,1.000,1.000,1.000,2026-10-06T01:09:23.000Z
31.000,Minmatar Citizen 6662812,Procurer,84560,41379,77560,2698,0.0926,-0.9955,-0.0208,484,1.000,1.000,1.000,2026-10-06T01:09:23.000Z
31.000,Caldari Citizen 3891005,Porpoise,78892,60670,80771,1237,0.2333,-0.9679,0.0932,363,1.000,1.000,1.000,2026-10-06T01:09:23.000Z
31.000,Caldari Citizen 8777524,Prospect,81350,17153,78389,2152,-0.2638,-0.9387,-0.2220,431,1.000,1.000,1.000,2026-10-06T01:09:23.000Z
31.000,Minmatar Citizen 0254120,Procurer,73061,54543,71068,618,0.0510,0.9847,0.1663,428,1.000,1.000,1.000,2026-10-06T01:09:23.000Z
31.000,Amarr Citizen 2674287,Porpoise,75119,51773,69453,1623,0.4271,0.8896,0.1618,414,1.000,1.000,1.000,2026-10-06T01:09:23.000Z
31.000,Amarr Citizen 5054432,Venture,79373,72565,68382,648,-0.8536,-0.1571,0.4967,477,1.000,1.000,1.000,2026-10-06T01:09:23.000Z
31.000,Amarr Citizen 4520313,Covetor,81583,108532,77617,2801,0.0644,0.9977,0.0191,463,0.000,0.480,1.000,2026-10-06T01:09:23.000Z
31.000,Minmatar Citizen 9978241,Retriever,79617,55407,72573,1900,0.2264,-0.9738,0.0229,689,1.000,1.000,1.000,2026-10-06T01:09:23.000Z
31.000,Minmatar Citizen 7162778,Mackinaw,72373,-2320,75841,2179,-0.6429,-0.6945,-0.3229,434,,,,2026-10-06T01:09:23.000Z
31.000,Minmatar Citizen 9678938,Porpoise,81293,53379,72572,1358,0.2858,-0.9541,0.0897,892,1.000,1.000,1.000,2026-10-06T01:09:23.000Z
31.000,Minmatar Citizen 2250648,Porpoise,72802,56816,77513,1247,-0.1224,-0.9737,0.1920,556,1.000,1.000,1.000,2026-10-06T01:09:23.000Z
31.000,Gallente Citizen 1635012,Venture,57995,25250,72966,2560,-0.1654,-0.3471,0.9231,1357,1.000,1.000,1.000,2026-10-06T01:09:23.000Z
31.000,Amarr Citizen 2281178,Procurer,75518,58529,75511,1456,0.0230,-0.9857,0.1672,128,1.000,1.000,1.000,2026-10-06T01:09:23.000Z
32.000,Caldari Citizen 9942864,Venture,78620,19921,88285,3393,-0.1811,-0.9721,-0.1491,711,1.000,1.000,1.000,2026-10-06T01:09:24.000Z
32.000,Caldari Citizen 6206817,Orca,53832,60768,93197,500,0.6876,-0.2408,-0.6850,5569,1.000,1.000,1.000,2026-10-06T01:09:24.000Z
32.000,Minmatar Citizen 9745080,Skiff,76424,73104,63180,3087,0.1134,0.9791,-0.1688,514,1.000,1.000,1.000,2026-10-06T01:09:24.000Z
32.000,Amarr Citizen 0220922,Porpoise,67391,55798,63314,1971,-0.0185,0.9872,-0.1587,184,1.000,1.000,1.000,2026-10-06T01:09:24.000Z
32.000,Minmatar Citizen 4351238,Venture,71256,29414,78231,2914,0.1019,-0.9918,0.0768,589,1.000,1.000,1.000,2026-10-06T01:09:24.000Z
32.000,Caldari Citizen 3216932,Retriever,75967,51221,64306,209,0.7712,0.5424,-0.3332,962,1.000,1.000,1.000,2026-10-06T01:09:24.000Z
32.000,Minmatar Citizen 9076035,Porpoise,67688,52562,77197,1428,0.2270,0.9373,0.2644,659,1.000,1.000,1.000,2026-10-06T01:09:24.000Z
32.000,Minmatar Citizen 6662812,Procurer,84758,38735,77477,2723,0.0507,-0.9978,-0.0423,220,1.000,1.000,1.000,2026-10-06T01:09:24.000Z
32.000,Caldari Citizen 3891005,Porpoise,79238,59490,80921,1244,0.2330,-0.9711,0.0525,231,1.000,1.000,1.000,2026-10-06T01:09:24.000Z
32.000,Caldari Citizen 8777524,Prospect,80774,15443,77897,1771,-0.3127,-0.9204,-0.2346,330,1.000,1.000,1.000,2026-10-06T01:09:24.000Z
32.000,Minmatar Citizen 0254120,Procurer,73021,55107,71115,504,-0.0628,0.9897,0.1288,169,1.000,1.000,1.000,2026-10-06T01:09:24.000Z
32.000,Amarr Citizen 2674287,Porpoise,75846,53059,69772,1402,0.5069,0.8319,0.2259,401,1.000,1.000,1.000,2026-10-06T01:09:24.000Z
32.000,Amarr Citizen 5054432,Venture,77636,72487,68952,1313,-0.7452,-0.5129,0.4261,671,1.000,1.000,1.000,2026-10-06T01:09:24.000Z
32.000,Amarr Citizen 4520313,Covetor,81786,111337,77701,2845,0.0576,0.9979,0.0291,617,0.000,0.480,1.000,2026-10-06T01:09:24.000Z
32.000,Minmatar Citizen 9978241,Retriever,80034,53512,72616,1968,0.2031,-0.9789,0.0230,498,1.000,1.000,1.000,2026-10-06T01:09:24.000Z
32.000,Minmatar Citizen 7162778,Mackinaw,70908,-3670,75083,2045,-0.7356,-0.5649,-0.3738,453,,,,2026-10-06T01:09:24.000Z
32.000,Minmatar Citizen 9678938,Porpoise,81622,52161,72665,1184,0.2417,-0.9668,0.0825,973,1.000,1.000,1.000,2026-10-06T01:09:24.000Z
32.000,Minmatar Citizen 2250648,Porpoise,72694,55627,77792,1113,-0.1432,-0.9605,0.2387,607,1.000,1.000,1.000,2026-10-06T01:09:24.000Z
32.000,Gallente Citizen 1635012,Venture,57473,23992,75275,2972,0.0262,-0.6769,0.7356,1369,1.000,1.000,1.000,2026-10-06T01:09:24.000Z
32.000,Amarr Citizen 2281178,Procurer,75462,57085,75676,1483,-0.0113,-0.9875,0.1572,191,1.000,1.000,1.000,2026-10-06T01:09:24.000Z
33.000,Caldari Citizen 9942864,Venture,77795,16481,87385,3494,-0.2101,-0.9214,-0.3269,312,1.000,1.000,1.000,2026-10-06T01:09:25.000Z
33.000,Caldari Citizen 6206817,Orca,52452,60318,94578,463,0.7040,-0.0969,-0.7035,6255,1.000,1.000,1.000,2026-10-06T01:09:25.000Z
33.000,Minmatar Citizen 9745080,Skiff,76755,76046,62654,2955,0.1513,0.9796,-0.1320,498,1.000,1.000,1.000,2026-10-06T01:09:25.000Z
33.000,Amarr Citizen 0220922,Porpoise,67284,57731,62936,1997,-0.0333,0.9851,-0.1689,161,1.000,1.000,1.000,2026-10-06T01:09:25.000Z
33.000,Minmatar Citizen 4351238,Venture,71516,26591,78380,2900,0.0759,-0.9970,0.0142,546,1.000,1.000,1.000,2026-10-06T01:09:25.000Z
33.000,Caldari Citizen 3216932,Retriever,76233,51298,64259,123,0.8702,0.4427,-0.2165,982,1.000,1.000,1.000,2026-10-06T01:09:25.000Z
33.000,Minmatar Citizen 9076035,Porpoise,68031,53804,77539,1383,0.3067,0.9215,0.2383,452,1.000,1.000,1.000,2026-10-06T01:09:25.000Z
33.000,Minmatar Citizen 6662812,Procurer,84802,36073,77297,2757,0.0024,-0.9976,-0.0685,371,1.000,1.000,1.000,2026-10-06T01:09:25.000Z
33.000,Caldari Citizen 3891005,Porpoise,79505,58205,80929,1246,0.2111,-0.9775,0.0013,482,1.000,1.000,1.000,2026-10-06T01:09:25.000Z
33.000,Caldari Citizen 8777524,Prospect,80197,14069,77462,1426,-0.3501,-0.9080,-0.2303,235,1.000,1.000,1.000,2026-10-06T01:09:25.000Z
33.000,Minmatar Citizen 0254120,Procurer,72897,55558,71121,415,-0.1023,0.9845,0.1426,333,1.000,1.000,1.000,2026-10-06T01:09:25.000Z
33.000,Amarr Citizen 2674287,Porpoise,76626,54149,70153,1309,0.5908,0.7519,0.2927,304,1.000,1.000,1.000,2026-10-06T01:09:25.000Z
33.000,Amarr Citizen 5054432,Venture,75337,71311,70026,1893,-0.6003,-0.7076,0.3729,711,1.000,1.000,1.000,2026-10-06T01:09:25.000Z
33.000,Amarr Citizen 4520313,Covetor,81941,114256,77776,2884,0.0453,0.9983,0.0374,703,0.000,0.480,1.000,2026-10-06T01:09:25.000Z
33.000,Minmatar Citizen 9978241,Retriever,80412,51549,72659,2028,0.1613,-0.9869,0.0060,873,1.000,1.000,1.000,2026-10-06T01:09:25.000Z
33.000,Minmatar Citizen 7162778,Mackinaw,69278,-4728,74241,2008,-0.8118,-0.4013,-0.4241,441,0.000,0.778,1.000,2026-10-06T01:09:25.000Z
33.000,Minmatar Citizen 9678938,Porpoise,81835,51087,72724,1036,0.1716,-0.9830,0.0648,798,1.000,1.000,1.000,2026-10-06T01:09:25.000Z
33.000,Minmatar Citizen 2250648,Porpoise,72506,54659,77990,806,-0.1964,-0.9314,0.3065,467,1.000,1.000,1.000,2026-10-06T01:09:25.000Z
33.000,Gallente Citizen 1635012,Venture,57698,21739,77170,3169,0.2260,-0.8903,0.3953,1113,1.000,1.000,1.000,2026-10-06T01:09:25.000Z
33.000,Amarr Citizen 2281178,Procurer,75395,55600,75873,1506,-0.0339,-0.9863,0.1617,414,1.000,1.000,1.000,2026-10-06T01:09:25.000Z
34.000,Caldari Citizen 9942864,Venture,76771,13289,85694,3546,-0.2158,-0.8534,-0.4745,730,1.000,1.000,1.000,2026-10-06T01:09:26.000Z
34.000,Caldari Citizen 6206817,Orca,51050,59702,95881,430,0.7068,-0.0683,-0.7041,7504,1.000,1.000,1.000,2026-10-06T01:09:26.000Z
34.000,Minmatar Citizen 9745080,Skiff,77236,78918,62302,2848,0.1911,0.9786,-0.0767,536,1.000,1.000,1.000,2026-10-06T01:09:26.000Z
34.000,Amarr Citizen 0220922,Porpoise,67122,59658,62513,2015,-0.0332,0.9858,-0.1647,292,1.000,1.000,1.000,2026-10-06T01:09:26.000Z
34.000,Minmatar Citizen 4351238,Venture,71674,23764,78315,2886,0.0467,-0.9975,-0.0521,683,1.000,1.000,1.000,2026-10-06T01:09:26.000Z
34.000,Caldari Citizen 3216932,Retriever,76449,51341,64271,85,,,,690,1.000,1.000,1.000,2026-10-06T01:09:26.000Z
34.000,Minmatar Citizen 9076035,Porpoise,68476,54982,77835,1355,0.3857,0.8999,0.2032,263,1.000,1.000,1.000,2026-10-06T01:09:26.000Z
34.000,Minmatar Citizen 6662812,Procurer,84726,33385,77059,2783,-0.0519,-0.9936,-0.1002,245,1.000,1.000,1.000,2026-10-06T01:09:26.000Z
34.000,Caldari Citizen 3891005,Porpoise,79743,56943,80837,1305,0.1698,-0.9840,-0.0535,290,1.000,1.000,1.000,2026-10-06T01:09:26.000Z
34.000,Caldari Citizen 8777524,Prospect,79687,12987,77180,1182,-0.3931,-0.8933,-0.2179,246,1.000,1.000,1.000,2026-10-06T01:09:26.000Z
34.000,Minmatar Citizen 0254120,Procurer,72711,55900,71138,348,-0.0324,0.9813,0.1898,391,1.000,1.000,1.000,2026-10-06T01:09:26.000Z
34.000,Amarr Citizen 2674287,Porpoise,77449,54991,70592,1230,0.6601,0.6672,0.3452,321,1.000,1.000,1.000,2026-10-06T01:09:26.000Z
34.000,Amarr Citizen 5054432,Venture,73768,68938,71246,2269,-0.4018,-0.8670,0.2947,852,1.000,1.000,1.000,2026-10-06T01:09:26.000Z
34.000,Amarr Citizen 4520313,Covetor,82092,117221,77921,2918,0.0306,0.9983,0.0500,261,0.000,0.480,1.000,2026-10-06T01:09:26.000Z
34.000,Minmatar Citizen 9978241,Retriever,80748,49559,72704,2064,0.1116,-0.9936,-0.0169,581,1.000,1.000,1.000,2026-10-06T01:09:26.000Z
34.000,Minmatar Citizen 7162778,Mackinaw,67565,-5399,73416,1967,-0.8586,-0.2115,-0.4669,304,,,,2026-10-06T01:09:26.000Z
34.000,Minmatar Citizen 9678938,Porpoise,81935,50186,72759,907,0.1007,-0.9937,0.0496,685,1.000,1.000,1.000,2026-10-06T01:09:26.000Z
34.000,Minmatar Citizen 2250648,Porpoise,72361,53995,78241,535,-0.2911,-0.8759,0.3848,645,1.000,1.000,1.000,2026-10-06T01:09:26.000Z
34.000,Gallente Citizen 1635012,Venture,58698,18612,78139,3338,0.3645,-0.9304,0.0387,1241,1.000,1.000,1.000,2026-10-06T01:09:26.000Z
34.000,Amarr Citizen 2281178,Procurer,75343,54150,76128,1526,-0.0572,-0.9830,0.1744,169,1.000,1.000,1.000,2026-10-06T01:09:26.000Z
35.000,Caldari Citizen 9942864,Venture,76031,10851,83785,2458,-0.2034,-0.7706,-0.6040,570,1.000,1.000,1.000,2026-10-06T01:09:27.000Z
35.000,Caldari Citizen 6206817,Orca,76312,59282,70455,400,0.7082,-0.0602,-0.7035,527,1.000,1.000,1.000,2026-10-06T01:09:27.000Z
35.000,Minmatar Citizen 9745080,Skiff,77879,81643,62140,2773,0.2147,0.9767,-0.0072,509,1.000,1.000,1.000,2026-10-06T01:09:27.000Z
35.000,Amarr Citizen 0220922,Porpoise,67045,61578,62184,1963,-0.0206,0.9885,-0.1495,301,1.000,1.000,1.000,2026-10-06T01:09:27.000Z
35.000,Minmatar Citizen 4351238,Venture,71771,20998,78065,2871,0.0181,-0.9928,-0.1184,494,1.000,1.000,1.000,2026-10-06T01:09:27.000Z
35.000,Caldari Citizen 3216932,Retriever,76547,51351,64287,92,,,,669,1.000,1.000,1.000,2026-10-06T01:09:27.000Z
35.000,Minmatar Citizen 9076035,Porpoise,69042,56133,78089,1340,0.4517,0.8778,0.1596,749,1.000,1.000,1.000,2026-10-06T01:09:27.000Z
35.000,Minmatar Citizen 6662812,Procurer,84566,30691,76807,2805,-0.1118,-0.9846,-0.1344,508,1.000,1.000,1.000,2026-10-06T01:09:27.000Z
35.000,Caldari Citizen 3891005,Porpoise,79963,55673,80726,1367,0.1214,-0.9874,-0.1012,383,1.000,1.000,1.000,2026-10-06T01:09:27.000Z
35.000,Caldari Citizen 8777524,Prospect,79278,12054,77018,1009,-0.4465,-0.8699,-0.2095,209,1.000,1.000,1.000,2026-10-06T01:09:27.000Z
35.000,Minmatar Citizen 0254120,Procurer,72748,56227,71243,296,0.1515,0.9693,0.1936,488,1.000,1.000,1.000,2026-10-06T01:09:27.000Z
35.000,Amarr Citizen 2674287,Porpoise,78284,55650,71061,1061,0.7090,0.5910,0.3848,377,1.000,1.000,1.000,2026-10-06T01:09:27.000Z
35.000,Amarr Citizen 5054432,Venture,73356,66295,71959,1893,-0.1305,-0.9792,0.1555,498,1.000,1.000,1.000,2026-10-06T01:09:27.000Z
35.000,Amarr Citizen 4520313,Covetor,82168,120178,78078,2947,0.0152,0.9972,0.0737,535,0.000,0.380,1.000,2026-10-06T01:09:27.000Z
35.000,Minmatar Citizen 9978241,Retriever,80945,47542,72660,2101,0.0683,-0.9972,-0.0316,990,1.000,1.000,1.000,2026-10-06T01:09:27.000Z
35.000,Minmatar Citizen 7162778,Mackinaw,65875,-5569,72503,1940,-0.8676,-0.0000,-0.4972,214,,,,2026-10-06T01:09:27.000Z
35.000,Minmatar Citizen 9678938,Porpoise,81927,49426,72789,796,0.0708,-0.9964,0.0467,722,1.000,1.000,1.000,2026-10-06T01:09:27.000Z
35.000,Minmatar Citizen 2250648,Porpoise,72150,53531,78562,435,-0.4071,-0.7914,0.4561,251,1.000,1.000,1.000,2026-10-06T01:09:27.000Z
35.000,Gallente Citizen 1635012,Venture,60444,15084,77815,3199,0.4164,-0.8761,-0.2431,1299,1.000,1.000,1.000,2026-10-06T01:09:27.000Z
35.000,Amarr Citizen 2281178,Procurer,75281,52680,76419,1540,-0.0955,-0.9772,0.1898,381,1.000,1.000,1.000,2026-10-06T01:09:27.000Z
36.000,Caldari Citizen 9942864,Venture,75781,9417,82086,1683,-0.1730,-0.6745,-0.7178,425,1.000,1.000,1.000,2026-10-06T01:09:28.000Z
36.000,Caldari Citizen 6206817,Orca,76228,58977,70786,373,0.7089,-0.0636,-0.7024,521,1.000,1.000,1.000,2026-10-06T01:09:28.000Z
36.000,Minmatar Citizen 9745080,Skiff,78689,84293,62186,2713,0.2109,0.9751,0.0689,818,1.000,1.000,1.000,2026-10-06T01:09:28.000Z
36.000,Amarr Citizen 0220922,Porpoise,67042,63492,61943,1905,0.0015,0.9919,-0.1269,155,1.000,1.000,1.000,2026-10-06T01:09:28.000Z
36.000,Minmatar Citizen 4351238,Venture,71789,18217,77648,2852,-0.0105,-0.9826,-0.1853,334,1.000,1.000,1.000,2026-10-06T01:09:28.000Z
36.000,Caldari Citizen 3216932,Retriever,76508,51363,64324,117,,,,665,1.000,1.000,1.000,2026-10-06T01:09:28.000Z
36.000,Minmatar Citizen 9076035,Porpoise,69684,57227,78238,1339,0.5077,0.8526,0.1242,527,1.000,1.000,1.000,2026-10-06T01:09:28.000Z
36.000,Minmatar Citizen 6662812,Procurer,84253,27981,76450,2768,-0.1828,-0.9678,-0.1732,532,1.000,1.000,1.000,2026-10-06T01:09:28.000Z
36.000,Caldari Citizen 3891005,Porpoise,80145,54365,80610,1416,0.0736,-0.9868,-0.1445,238,1.000,1.000,1.000,2026-10-06T01:09:28.000Z
36.000,Caldari Citizen 8777524,Prospect,78930,11262,76912,848,-0.5223,-0.8196,-0.2356,187,1.000,1.000,1.000,2026-10-06T01:09:28.000Z
36.000,Minmatar Citizen 0254120,Procurer,72893,56606,71434,256,0.3634,0.9211,0.1394,386,1.000,1.000,1.000,2026-10-06T01:09:28.000Z
36.000,Amarr Citizen 2674287,Porpoise,79056,56155,71484,909,0.7365,0.5126,0.4414,398,1.000,1.000,1.000,2026-10-06T01:09:28.000Z
36.000,Amarr Citizen 5054432,Venture,73796,64161,72017,1533,0.1729,-0.9831,-0.0605,571,1.000,1.000,1.000,2026-10-06T01:09:28.000Z
36.000,Amarr Citizen 4520313,Covetor,82141,123145,78225,2967,-0.0060,0.9940,0.1095,530,0.000,0.380,1.000,2026-10-06T01:09:28.000Z
36.000,Minmatar Citizen 9978241,Retriever,80965,45470,72496,2136,0.0285,-0.9993,-0.0234,774,1.000,1.000,1.000,2026-10-06T01:09:28.000Z
36.000,Minmatar Citizen 7162778,Mackinaw,64210,-5323,71488,1931,-0.8342,0.2117,-0.5092,502,,,,2026-10-06T01:09:28.000Z
36.000,Minmatar Citizen 9678938,Porpoise,81896,48639,72819,702,0.0984,-0.9943,0.0414,795,1.000,1.000,1.000,2026-10-06T01:09:28.000Z
36.000,Minmatar Citizen 2250648,Porpoise,71850,53199,78902,350,-0.5140,-0.7149,0.4741,567,1.000,1.000,1.000,2026-10-06T01:09:28.000Z
36.000,Gallente Citizen 1635012,Venture,62472,11779,76024,3241,0.4086,-0.7894,-0.4582,1231,1.000,1.000,1.000,2026-10-06T01:09:28.000Z
36.000,Amarr Citizen 2281178,Procurer,75199,51254,76740,1326,-0.1575,-0.9663,0.2037,386,1.000,1.000,1.000,2026-10-06T01:09:28.000Z
37.000,Caldari Citizen 9942864,Venture,75667,8613,80674,1265,-0.1253,-0.5601,-0.8189,337,1.000,1.000,1.000,2026-10-06T01:09:29.000Z
37.000,Caldari Citizen 6206817,Orca,76113,58595,71094,349,0.7086,-0.0927,-0.6995,662,1.000,1.000,1.000,2026-10-06T01:09:29.000Z
37.000,Minmatar Citizen 9745080,Skiff,79365,86820,62563,2665,0.1750,0.9741,0.1430,630,1.000,1.000,1.000,2026-10-06T01:09:29.000Z
37.000,Amarr Citizen 0220922,Porpoise,67103,65263,61784,1665,0.0271,0.9941,-0.1046,318,1.000,1.000,1.000,2026-10-06T01:09:29.000Z
37.000,Minmatar Citizen 4351238,Venture,71716,15493,77053,2785,-0.0371,-0.9670,-0.2519,406,1.000,1.000,1.000,2026-10-06T01:09:29.000Z
37.000,Caldari Citizen 3216932,Retriever,76440,51355,64417,141,,,,645,1.000,1.000,1.000,2026-10-06T01:09:29.000Z
37.000,Minmatar Citizen 9076035,Porpoise,70407,58272,78365,1344,0.5566,0.8236,0.1092,622,1.000,1.000,1.000,2026-10-06T01:09:29.000Z
37.000,Minmatar Citizen 6662812,Procurer,83669,25351,75889,2754,-0.2646,-0.9406,-0.2129,571,1.000,1.000,1.000,2026-10-06T01:09:29.000Z
37.000,Caldari Citizen 3891005,Porpoise,80204,52939,80394,1466,0.0282,-0.9812,-0.1908,445,1.000,1.000,1.000,2026-10-06T01:09:29.000Z
37.000,Caldari Citizen 8777524,Prospect,78494,10633,76759,736,-0.6245,-0.7179,-0.3076,310,1.000,1.000,1.000,2026-10-06T01:09:29.000Z
37.000,Minmatar Citizen 0254120,Procurer,73081,56828,71494,225,0.5027,0.8619,0.0669,186,1.000,1.000,1.000,2026-10-06T01:09:29.000Z
37.000,Amarr Citizen 2674287,Porpoise,79720,56581,71822,763,0.7296,0.4077,0.5490,444,1.000,1.000,1.000,2026-10-06T01:09:29.000Z
37.000,Amarr Citizen 5054432,Venture,74648,62643,71521,1263,0.4116,-0.8590,-0.3046,300,1.000,1.000,1.000,2026-10-06T01:09:29.000Z
37.000,Amarr Citizen 4520313,Covetor,82109,126022,78536,2819,-0.0416,0.9874,0.1526,668,0.000,0.380,1.000,2026-10-06T01:09:29.000Z
37.000,Minmatar Citizen 9978241,Retriever,80925,43353,72334,2169,-0.0221,-0.9997,0.0048,865,1.000,1.000,1.000,2026-10-06T01:09:29.000Z
37.000,Minmatar Citizen 7162778,Mackinaw,62659,-4710,70489,1985,-0.7703,0.3917,-0.5032,538,0.040,0.776,1.000,2026-10-06T01:09:29.000Z
37.000,Minmatar Citizen 9678938,Porpoise,81928,47909,72866,622,0.1757,-0.9843,0.0169,715,1.000,1.000,1.000,2026-10-06T01:09:29.000Z
37.000,Minmatar Citizen 2250648,Porpoise,71519,52900,79179,277,-0.6123,-0.6715,0.4173,866,1.000,1.000,1.000,2026-10-06T01:09:29.000Z
37.000,Gallente Citizen 1635012,Venture,64179,8981,73360,3314,0.3623,-0.6828,-0.6344,994,1.000,1.000,1.000,2026-10-06T01:09:29.000Z
37.000,Amarr Citizen 2281178,Procurer,74954,50029,76990,1148,-0.2385,-0.9447,0.2249,491,1.000,1.000,1.000,2026-10-06T01:09:29.000Z
38.000,Caldari Citizen 9942864,Venture,75532,8128,79597,923,-0.0742,-0.4171,-0.9058,155,1.000,1.000,1.000,2026-10-06T01:09:30.000Z
38.000,Caldari Citizen 6206817,Orca,75897,58229,71295,327,-0.4090,-0.7965,0.4454,239,1.000,1.000,1.000,2026-10-06T01:09:30.000Z
38.000,Minmatar Citizen 9745080,Skiff,79759,89420,63093,2626,0.1156,0.9711,0.2091,349,1.000,1.000,1.000,2026-10-06T01:09:30.000Z
38.000,Amarr Citizen 0220922,Porpoise,67177,66844,61649,1468,0.0479,0.9941,-0.0969,268,1.000,1.000,1.000,2026-10-06T01:09:30.000Z
38.000,Minmatar Citizen 4351238,Venture,71554,12892,76266,2755,-0.0652,-0.9435,-0.3248,455,1.000,1.000,1.000,2026-10-06T01:09:30.000Z
38.000,Caldari Citizen 3216932,Retriever,76385,51319,64538,161,-0.2155,-0.4893,0.8451,613,1.000,1.000,1.000,2026-10-06T01:09:30.000Z
38.000,Minmatar Citizen 9076035,Porpoise,71122,59368,78427,1354,0.5982,0.7942,0.1064,389,1.000,1.000,1.000,2026-10-06T01:09:30.000Z
38.000,Minmatar Citizen 6662812,Procurer,82852,22864,75231,2747,-0.3542,-0.9017,-0.2480,678,1.000,1.000,1.000,2026-10-06T01:09:30.000Z
38.000,Caldari Citizen 3891005,Porpoise,80174,51367,80073,1513,-0.0073,-0.9704,-0.2415,411,1.000,1.000,1.000,2026-10-06T01:09:30.000Z
38.000,Caldari Citizen 8777524,Prospect,77997,10195,76501,667,-0.7257,-0.5628,-0.3956,311,0.730,1.000,1.000,2026-10-06T01:09:30.000Z
38.000,Minmatar Citizen 0254120,Procurer,73305,57005,71364,202,0.5367,0.8437,0.0118,140,,,,2026-10-06T01:09:30.000Z
38.000,Amarr Citizen 2674287,Porpoise,80251,56888,72163,668,0.6594,0.2372,0.7134,603,1.000,1.000,1.000,2026-10-06T01:09:30.000Z
38.000,Amarr Citizen 5054432,Venture,75636,61466,70620,1045,0.5397,-0.6879,-0.4854,321,1.000,1.000,1.000,2026-10-06T01:09:30.000Z
38.000,Amarr Citizen 4520313,Covetor,82075,128750,79107,2768,-0.0961,0.9750,0.2003,505,0.000,0.360,1.000,2026-10-06T01:09:30.000Z
38.000,Minmatar Citizen 9978241,Retriever,80939,41091,72293,2197,-0.0905,-0.9951,0.0393,998,1.000,1.000,1.000,2026-10-06T01:09:30.000Z
38.000,Minmatar Citizen 7162778,Mackinaw,61189,-3708,69487,2078,-0.6996,0.5284,-0.4810,489,,,,2026-10-06T01:09:30.000Z
38.000,Minmatar Citizen 9678938,Porpoise,82101,47369,72899,550,0.2702,-0.9616,-0.0481,642,1.000,1.000,1.000,2026-10-06T01:09:30.000Z
38.000,Minmatar Citizen 2250648,Porpoise,71223,52594,79356,215,-0.6989,-0.6477,0.3034,885,1.000,1.000,1.000,2026-10-06T01:09:30.000Z
38.000,Gallente Citizen 1635012,Venture,65063,7066,70832,2234,0.2779,-0.5474,-0.7893,377,1.000,1.000,1.000,2026-10-06T01:09:30.000Z
38.000,Amarr Citizen 2281178,Procurer,74552,48961,77214,996,-0.3316,-0.9074,0.2583,296,1.000,1.000,1.000,2026-10-06T01:09:30.000Z
39.000,Caldari Citizen 9942864,Venture,75445,7809,78804,683,-0.0251,-0.2374,-0.9711,340,1.000,1.000,1.000,2026-10-06T01:09:31.000Z
39.000,Caldari Citizen 6206817,Orca,75689,57963,71388,304,-0.4540,-0.8117,0.3673,220,1.000,1.000,1.000,2026-10-06T01:09:31.000Z
39.000,Minmatar Citizen 9745080,Skiff,79919,92010,63729,2590,0.0478,0.9651,0.2574,335,1.000,1.000,1.000,2026-10-06T01:09:31.000Z
39.000,Amarr Citizen 0220922,Porpoise,67252,68279,61526,1451,0.0645,0.9922,-0.1064,212,1.000,1.000,1.000,2026-10-06T01:09:31.000Z
39.000,Minmatar Citizen 4351238,Venture,71343,10320,75304,2744,-0.0942,-0.9086,-0.4070,268,1.000,1.000,1.000,2026-10-06T01:09:31.000Z
39.000,Caldari Citizen 3216932,Retriever,76338,51236,64690,176,-0.1116,-0.5732,0.8118,570,1.000,1.000,1.000,2026-10-06T01:09:31.000Z
39.000,Minmatar Citizen 9076035,Porpoise,71933,60445,78551,1365,0.6311,0.7688,0.1029,271,1.000,1.000,1.000,2026-10-06T01:09:31.000Z
39.000,Minmatar Citizen 6662812,Procurer,81743,20475,74456,2750,-0.4481,-0.8513,-0.2729,478,1.000,1.000,1.000,2026-10-06T01:09:31.000Z
39.000,Caldari Citizen 3891005,Porpoise,80107,49835,79645,1559,-0.0279,-0.9563,-0.2912,525,1.000,1.000,1.000,2026-10-06T01:09:31.000Z
39.000,Caldari Citizen 8777524,Prospect,77451,9917,76136,627,-0.7971,-0.3912,-0.4600,188,0.515,1.000,1.000,2026-10-06T01:09:31.000Z
39.000,Minmatar Citizen 0254120,Procurer,73401,57182,71276,184,,,,211,,,,2026-10-06T01:09:31.000Z
39.000,Amarr Citizen 2674287,Porpoise,80556,56943,72614,590,0.4846,-0.0215,0.8745,456,1.000,1.000,1.000,2026-10-06T01:09:31.000Z
39.000,Amarr Citizen 5054432,Venture,76627,60651,69552,784,0.5902,-0.5635,-0.5780,575,1.000,1.000,1.000,2026-10-06T01:09:31.000Z
39.000,Amarr Citizen 4520313,Covetor,81810,131413,79784,2744,-0.1723,0.9532,0.2486,568,0.000,0.330,1.000,2026-10-06T01:09:31.000Z
39.000,Minmatar Citizen 9978241,Retriever,80858,38723,72577,2201,-0.1754,-0.9825,0.0624,843,1.000,1.000,1.000,2026-10-06T01:09:31.000Z
39.000,Minmatar Citizen 7162778,Mackinaw,59811,-2388,68504,2188,-0.6350,0.6279,-0.4499,249,,,,2026-10-06T01:09:31.000Z
39.000,Minmatar Citizen 9678938,Porpoise,82375,46901,72879,491,0.3236,-0.9340,-0.1513,940,1.000,1.000,1.000,2026-10-06T01:09:31.000Z
39.000,Minmatar Citizen 2250648,Porpoise,71008,52372,79317,164,-0.7668,-0.6285,0.1301,499,1.000,1.000,1.000,2026-10-06T01:09:31.000Z
39.000,Gallente Citizen 1635012,Venture,65363,6057,68773,1799,0.1722,-0.3682,-0.9137,82,1.000,1.000,1.000,2026-10-06T01:09:31.000Z
39.000,Amarr Citizen 2281178,Procurer,74078,47962,77484,871,-0.4209,-0.8547,0.3040,322,1.000,1.000,1.000,2026-10-06T01:09:31.000Z
40.000,Caldari Citizen 9942864,Venture,75445,7701,78082,538,0.0351,0.0145,-0.9993,143,1.000,1.000,1.000,2026-10-06T01:09:32.000Z
40.000,Caldari Citizen 6206817,Orca,75527,57697,71445,283,-0.4868,-0.8133,0.3189,631,1.000,1.000,1.000,2026-10-06T01:09:32.000Z
40.000,Minmatar Citizen 9745080,Skiff,79865,94491,64492,2563,-0.0119,0.9605,0.2781,323,1.000,1.000,1.000,2026-10-06T01:09:32.000Z
40.000,Amarr Citizen 0220922,Porpoise,67363,69626,61413,1298,0.0807,0.9883,-0.1296,173,1.000,1.000,1.000,2026-10-06T01:09:32.000Z
40.000,Minmatar Citizen 4351238,Venture,71087,7852,74154,2706,-0.1225,-0.8588,-0.4975,329,1.000,1.000,1.000,2026-10-06T01:09:32.000Z
40.000,Caldari Citizen 3216932,Retriever,76330,51059,64901,183,-0.0603,-0.6116,0.7888,521,1.000,1.000,1.000,2026-10-06T01:09:32.000Z
40.000,Minmatar Citizen 9076035,Porpoise,72908,61512,78806,1373,0.6487,0.7570,0.0790,476,1.000,1.000,1.000,2026-10-06T01:09:32.000Z
40.000,Minmatar Citizen 6662812,Procurer,80412,18216,73673,2707,-0.5395,-0.7930,-0.2830,455,1.000,1.000,1.000,2026-10-06T01:09:32.000Z
40.000,Caldari Citizen 3891005,Porpoise,80025,48325,79110,1602,-0.0325,-0.9425,-0.3326,344,1.000,1.000,1.000,2026-10-06T01:09:32.000Z
40.000,Caldari Citizen 8777524,Prospect,76895,9801,75777,602,-0.8407,-0.2503,-0.4802,271,0.283,1.000,1.000,2026-10-06T01:09:32.000Z
40.000,Minmatar Citizen 0254120,Procurer,73395,57285,71307,170,,,,271,,,,2026-10-06T01:09:32.000Z
40.000,Amarr Citizen 2674287,Porpoise,80696,56767,73214,572,0.2452,-0.2841,0.9269,671,1.000,1.000,1.000,2026-10-06T01:09:32.000Z
40.000,Amarr Citizen 5054432,Venture,77465,60052,68512,588,0.6139,-0.4980,-0.6125,563,1.000,1.000,1.000,2026-10-06T01:09:32.000Z
40.000,Amarr Citizen 4520313,Covetor,81251,134019,80531,2726,-0.2651,0.9194,0.2905,329,0.000,0.320,1.000,2026-10-06T01:09:32.000Z
40.000,Minmatar Citizen 9978241,Retriever,80362,36501,72925,2207,-0.2657,-0.9618,0.0660,603,1.000,1.000,1.000,2026-10-06T01:09:32.000Z
40.000,Minmatar Citizen 7162778,Mackinaw,58521,-890,67541,2282,-0.5812,0.7003,-0.4145,459,0.040,0.740,1.000,2026-10-06T01:09:32.000Z
40.000,Minmatar Citizen 9678938,Porpoise,82614,46435,72773,442,0.3267,-0.9049,-0.2729,536,1.000,1.000,1.000,2026-10-06T01:09:32.000Z
40.000,Minmatar Citizen 2250648,Porpoise,70880,52281,79257,124,,,,498,1.000,1.000,1.000,2026-10-06T01:09:32.000Z
40.000,Gallente Citizen 1635012,Venture,65516,5540,66702,1940,0.0891,-0.1503,-0.9846,249,1.000,1.000,1.000,2026-10-06T01:09:32.000Z
40.000,Amarr Citizen 2281178,Procurer,73596,47105,77868,766,-0.4818,-0.7955,0.3674,221,1.000,1.000,1.000,2026-10-06T01:09:32.000Z
41.000,Caldari Citizen 9942864,Venture,75537,7810,77409,457,0.0820,0.2798,-0.9565,279,1.000,1.000,1.000,2026-10-06T01:09:33.000Z
41.000,Caldari Citizen 6206817,Orca,75396,57376,71578,265,-0.4834,-0.8103,0.3314,730,1.000,1.000,1.000,2026-10-06T01:09:33.000Z
41.000,Minmatar Citizen 9745080,Skiff,79740,96896,65334,2536,-0.0605,0.9589,0.2772,324,1.000,1.000,1.000,2026-10-06T01:09:33.000Z
41.000,Amarr Citizen 0220922,Porpoise,67475,70886,61220,1324,0.1034,0.9802,-0.1690,343,1.000,1.000,1.000,2026-10-06T01:09:33.000Z
41.000,Minmatar Citizen 4351238,Venture,70700,5562,72692,2671,-0.1499,-0.7900,-0.5945,475,1.000,1.000,1.000,2026-10-06T01:09:33.000Z
41.000,Caldari Citizen 3216932,Retriever,76355,50811,65162,192,-0.0660,-0.6148,0.7859,774,1.000,1.000,1.000,2026-10-06T01:09:33.000Z
41.000,Minmatar Citizen 9076035,Porpoise,73878,62502,78981,1347,0.6449,0.7636,0.0313,187,1.000,1.000,1.000,2026-10-06T01:09:33.000Z
41.000,Minmatar Citizen 6662812,Procurer,78871,16173,72906,2687,-0.6247,-0.7291,-0.2795,749,1.000,1.000,1.000,2026-10-06T01:09:33.000Z
41.000,Caldari Citizen 3891005,Porpoise,79971,46829,78515,1644,-0.0300,-0.9304,-0.3654,531,1.000,1.000,1.000,2026-10-06T01:09:33.000Z
41.000,Caldari Citizen 8777524,Prospect,76411,9722,75491,589,-0.8757,-0.1524,-0.4581,361,0.210,1.000,1.000,2026-10-06T01:09:33.000Z
41.000,Minmatar Citizen 0254120,Procurer,73370,57329,71423,159,,,,572,,,,2026-10-06T01:09:33.000Z
41.000,Amarr Citizen 2674287,Porpoise,80747,56500,73794,604,0.0484,-0.4681,0.8824,221,1.000,1.000,1.000,2026-10-06T01:09:33.000Z
41.000,Amarr Citizen 5054432,Venture,78161,59615,67837,439,0.6403,-0.4582,-0.6165,667,1.000,1.000,1.000,2026-10-06T01:09:33.000Z
41.000,Amarr Citizen 4520313,Covetor,80358,136519,81339,2641,-0.3646,0.8726,0.3250,547,0.000,0.273,1.000,2026-10-06T01:09:33.000Z
41.000,Minmatar Citizen 9978241,Retriever,79489,34387,73110,2219,-0.3417,-0.9383,0.0536,528,1.000,1.000,1.000,2026-10-06T01:09:33.000Z
41.000,Minmatar Citizen 7162778,Mackinaw,57275,778,66624,2362,-0.5366,0.7563,-0.3743,156,0.000,0.724,1.000,2026-10-06T01:09:33.000Z
41.000,Minmatar Citizen 9678938,Porpoise,82766,46011,72554,401,0.2898,-0.8721,-0.3943,607,1.000,1.000,1.000,2026-10-06T01:09:33.000Z
41.000,Minmatar Citizen 2250648,Porpoise,70762,52275,79236,94,,,,516,1.000,1.000,1.000,2026-10-06T01:09:33.000Z
41.000,Gallente Citizen 1635012,Venture,65543,5397,64188,2343,0.0638,0.0491,-0.9967,99,1.000,1.000,1.000,2026-10-06T01:09:33.000Z
41.000,Amarr Citizen 2281178,Procurer,73076,46379,78280,677,-0.5162,-0.7336,0.4420,220,1.000,1.000,1.000,2026-10-06T01:09:33.000Z
42.000,Caldari Citizen 9942864,Venture,75692,8168,76886,462,0.0887,0.4545,-0.8863,351,1.000,1.000,1.000,2026-10-06T01:09:34.000Z
42.000,Caldari Citizen 6206817,Orca,75239,57123,71700,249,-0.4382,-0.8034,0.4032,723,1.000,1.000,1.000,2026-10-06T01:09:34.000Z
42.000,Minmatar Citizen 9745080,Skiff,79562,99280,66112,2516,-0.1017,0.9603,0.2598,407,1.000,1.000,1.000,2026-10-06T01:09:34.000Z
42.000,Amarr Citizen 0220922,Porpoise,67603,72217,60961,1320,0.1290,0.9635,-0.2345,207,1.000,1.000,1.000,2026-10-06T01:09:34.000Z
42.000,Minmatar Citizen 4351238,Venture,70240,3534,70963,2561,-0.1760,-0.6997,-0.6924,167,1.000,1.000,1.000,2026-10-06T01:09:34.000Z
42.000,Caldari Citizen 3216932,Retriever,76355,50642,65363,200,-0.1145,-0.5911,0.7984,697,1.000,1.000,1.000,2026-10-06T01:09:34.000Z
42.000,Minmatar Citizen 9076035,Porpoise,74777,63442,79005,1332,0.6050,0.7955,-0.0338,260,1.000,1.000,1.000,2026-10-06T01:09:34.000Z
42.000,Minmatar Citizen 6662812,Procurer,77054,14349,72129,2661,-0.7027,-0.6600,-0.2656,574,1.000,1.000,1.000,2026-10-06T01:09:34.000Z
42.000,Caldari Citizen 3891005,Porpoise,79936,45288,77872,1682,-0.0264,-0.9199,-0.3912,349,1.000,1.000,1.000,2026-10-06T01:09:34.000Z
42.000,Caldari Citizen 8777524,Prospect,75885,9645,75229,580,-0.9087,-0.1038,-0.4043,232,0.202,1.000,1.000,2026-10-06T01:09:34.000Z
42.000,Minmatar Citizen 0254120,Procurer,73372,57398,71492,151,,,,555,,,,2026-10-06T01:09:34.000Z
42.000,Amarr Citizen 2674287,Porpoise,80724,56138,74332,664,-0.0900,-0.5941,0.7994,461,1.000,1.000,1.000,2026-10-06T01:09:34.000Z
42.000,Amarr Citizen 5054432,Venture,78614,59233,67567,330,0.6691,-0.4218,-0.6118,563,1.000,1.000,1.000,2026-10-06T01:09:34.000Z
42.000,Amarr Citizen 4520313,Covetor,79165,138833,82256,2614,-0.4575,0.8146,0.3566,593,0.000,0.240,1.000,2026-10-06T01:09:34.000Z
42.000,Minmatar Citizen 9978241,Retriever,78427,32331,73078,2234,-0.3829,-0.9233,0.0298,801,1.000,1.000,1.000,2026-10-06T01:09:34.000Z
42.000,Minmatar Citizen 7162778,Mackinaw,56033,2594,65746,2447,-0.4964,0.8040,-0.3274,301,0.000,0.707,1.000,2026-10-06T01:09:34.000Z
42.000,Minmatar Citizen 9678938,Porpoise,82796,45511,72306,367,0.2555,-0.8402,-0.4783,849,1.000,1.000,1.000,2026-10-06T01:09:34.000Z
42.000,Minmatar Citizen 2250648,Porpoise,70731,52295,79192,77,,,,525,1.000,1.000,1.000,2026-10-06T01:09:34.000Z
42.000,Gallente Citizen 1635012,Venture,65607,5706,61256,2749,0.0699,0.2036,-0.9766,250,1.000,1.000,1.000,2026-10-06T01:09:34.000Z
42.000,Amarr Citizen 2281178,Procurer,72550,45738,78710,599,-0.5418,-0.6753,0.5005,424,1.000,1.000,1.000,2026-10-06T01:09:34.000Z
43.000,Caldari Citizen 9942864,Venture,75760,8682,76386,505,0.0658,0.5259,-0.8480,230,1.000,1.000,1.000,2026-10-06T01:09:35.000Z
43.000,Caldari Citizen 6206817,Orca,75086,56917,71784,234,-0.3612,-0.7944,0.4883,318,1.000,1.000,1.000,2026-10-06T01:09:35.000Z
43.000,Minmatar Citizen 9745080,Skiff,79268,101731,66709,2494,-0.1364,0.9624,0.2347,188,1.000,1.000,1.000,2026-10-06T01:09:35.000Z
43.000,Amarr Citizen 0220922,Porpoise,67787,73568,60672,1176,0.1581,0.9348,-0.3182,374,1.000,1.000,1.000,2026-10-06T01:09:35.000Z
43.000,Minmatar Citizen 4351238,Venture,69746,1861,69027,2460,-0.1986,-0.5930,-0.7803,262,1.000,1.000,1.000,2026-10-06T01:09:35.000Z
43.000,Caldari Citizen 3216932,Retriever,76317,50549,65513,199,-0.1813,-0.5562,0.8110,658,1.000,1.000,1.000,2026-10-06T01:09:35.000Z
43.000,Minmatar Citizen 9076035,Porpoise,75573,64500,78841,1319,0.5299,0.8439,-0.0842,126,1.000,1.000,1.000,2026-10-06T01:09:35.000Z
43.000,Minmatar Citizen 6662812,Procurer,75066,12728,71431,2655,-0.7706,-0.5861,-0.2503,247,1.000,1.000,1.000,2026-10-06T01:09:35.000Z
43.000,Caldari Citizen 3891005,Porpoise,79917,43752,77214,1663,-0.0229,-0.9098,-0.4143,607,1.000,1.000,1.000,2026-10-06T01:09:35.000Z
43.000,Caldari Citizen 8777524,Prospect,75370,9611,75036,578,-0.9335,-0.0990,-0.3445,244,0.000,1.000,1.000,2026-10-06T01:09:35.000Z
43.000,Minmatar Citizen 0254120,Procurer,73370,57584,71493,144,0.0148,0.9998,-0.0150,568,,,,2026-10-06T01:09:35.000Z
43.000,Amarr Citizen 2674287,Porpoise,80639,55726,74885,739,-0.2005,-0.6970,0.6885,341,1.000,1.000,1.000,2026-10-06T01:09:35.000Z
43.000,Amarr Citizen 5054432,Venture,78957,58955,67337,247,0.6805,-0.3711,-0.6318,503,1.000,1.000,1.000,2026-10-06T01:09:35.000Z
43.000,Amarr Citizen 4520313,Covetor,77785,140998,83313,2613,-0.5321,0.7521,0.3888,389,0.000,0.240,1.000,2026-10-06T01:09:35.000Z
43.000,Minmatar Citizen 9978241,Retriever,77411,30207,73035,2251,-0.3846,-0.9230,0.0075,430,1.000,1.000,1.000,2026-10-06T01:09:35.000Z
43.000,Minmatar Citizen 7162778,Mackinaw,54867,4583,64999,2535,-0.4595,0.8440,-0.2766,234,0.000,0.697,1.000,2026-10-06T01:09:35.000Z
43.000,Minmatar Citizen 9678938,Porpoise,82876,45175,72082,338,0.2737,-0.8154,-0.5101,809,1.000,1.000,1.000,2026-10-06T01:09:35.000Z
43.000,Minmatar Citizen 2250648,Porpoise,70765,52329,79176,70,,,,519,1.000,1.000,1.000,2026-10-06T01:09:35.000Z
43.000,Gallente Citizen 1635012,Venture,65859,6562,58051,3071,0.0786,0.3348,-0.9390,300,1.000,1.000,1.000,2026-10-06T01:09:35.000Z
43.000,Amarr Citizen 2281178,Procurer,72088,45218,79186,508,-0.5749,-0.6324,0.5192,153,1.000,1.000,1.000,2026-10-06T01:09:35.000Z
44.000,Caldari Citizen 9942864,Venture,75734,9079,75838,546,0.0149,0.5141,-0.8576,417,1.000,1.000,1.000,2026-10-06T01:09:36.000Z
44.000,Caldari Citizen 6206817,Orca,74975,56737,71919,223,-0.3245,-0.8007,0.5036,291,1.000,1.000,1.000,2026-10-06T01:09:36.000Z
44.000,Minmatar Citizen 9745080,Skiff,78852,104193,67172,2457,-0.1670,0.9617,0.2175,452,1.000,1.000,1.000,2026-10-06T01:09:36.000Z
44.000,Amarr Citizen 0220922,Porpoise,68025,74632,60269,1062,0.2065,0.8936,-0.3985,324,1.000,1.000,1.000,2026-10-06T01:09:36.000Z
44.000,Minmatar Citizen 4351238,Venture,69219,565,66910,2382,-0.2178,-0.4780,-0.8509,233,1.000,1.000,1.000,2026-10-06T01:09:36.000Z
44.000,Caldari Citizen 3216932,Retriever,76238,50494,65652,175,-0.2038,-0.5496,0.8102,632,0.660,1.000,1.000,2026-10-06T01:09:36.000Z
44.000,Minmatar Citizen 9076035,Porpoise,76207,65654,78562,1295,0.4390,0.8947,-0.0827,216,1.000,1.000,1.000,2026-10-06T01:09:36.000Z
44.000,Minmatar Citizen 6662812,Procurer,72946,11255,70837,2669,-0.8222,-0.5166,-0.2392,301,1.000,1.000,1.000,2026-10-06T01:09:36.000Z
44.000,Caldari Citizen 3891005,Porpoise,79876,42298,76554,1447,-0.0129,-0.8997,-0.4363,429,1.000,1.000,1.000,2026-10-06T01:09:36.000Z
44.000,Caldari Citizen 8777524,Prospect,74810,9595,74847,578,-0.9521,-0.0968,-0.2899,191,0.000,0.990,1.000,2026-10-06T01:09:36.000Z
44.000,Minmatar Citizen 0254120,Procurer,73316,57834,71480,139,0.1294,0.9724,-0.1941,458,,,,2026-10-06T01:09:36.000Z
44.000,Amarr Citizen 2674287,Porpoise,80469,55190,75402,765,-0.3018,-0.7724,0.5588,539,1.000,1.000,1.000,2026-10-06T01:09:36.000Z
44.000,Amarr Citizen 5054432,Venture,79323,58845,66996,185,0.6173,-0.3131,-0.7218,541,1.000,1.000,1.000,2026-10-06T01:09:36.000Z
44.000,Amarr Citizen 4520313,Covetor,76187,142929,84438,2629,-0.5868,0.6891,0.4252,383,0.000,0.235,1.000,2026-10-06T01:09:36.000Z
44.000,Minmatar Citizen 9978241,Retriever,76559,28046,73086,2268,-0.3677,-0.9298,-0.0135,409,1.000,1.000,1.000,2026-10-06T01:09:36.000Z
44.000,Minmatar Citizen 7162778,Mackinaw,53764,6760,64366,2616,-0.4274,0.8749,-0.2278,158,0.000,0.697,1.000,2026-10-06T01:09:36.000Z
44.000,Minmatar Citizen 9678938,Porpoise,83002,44929,71823,314,0.3233,-0.8002,-0.5051,851,1.000,1.000,1.000,2026-10-06T01:09:36.000Z
44.000,Minmatar Citizen 2250648,Porpoise,70815,52354,79182,75,,,,510,1.000,1.000,1.000,2026-10-06T01:09:36.000Z
44.000,Gallente Citizen 1635012,Venture,66299,7903,54868,3252,0.0866,0.4551,-0.8862,343,1.000,1.000,1.000,2026-10-06T01:09:36.000Z
44.000,Amarr Citizen 2281178,Procurer,71686,44791,79687,437,-0.6179,-0.5950,0.5140,474,1.000,1.000,1.000,2026-10-06T01:09:36.000Z
45.000,Caldari Citizen 9942864,Venture,75715,9348,75282,568,-0.0400,0.4419,-0.8962,125,1.000,1.000,1.000,2026-10-06T01:09:37.000Z
45.000,Caldari Citizen 6206817,Orca,74949,56534,72119,215,-0.3700,-0.8236,0.4298,332,0.990,1.000,1.000,2026-10-06T01:09:37.000Z
45.000,Minmatar Citizen 9745080,Skiff,78362,106498,67589,2438,-0.1929,0.9555,0.2232,535,1.000,1.000,1.000,2026-10-06T01:09:37.000Z
45.000,Amarr Citizen 0220922,Porpoise,68240,75505,59683,938,0.2849,0.8379,-0.4656,187,1.000,1.000,1.000,2026-10-06T01:09:37.000Z
45.000,Minmatar Citizen 4351238,Venture,68673,-420,64700,2376,-0.2385,-0.3553,-0.9038,596,1.000,1.000,1.000,2026-10-06T01:09:37.000Z
45.000,Caldari Citizen 3216932,Retriever,76167,50431,65786,161,-0.1447,-0.5767,0.8041,610,0.570,1.000,1.000,2026-10-06T01:09:37.000Z
45.000,Minmatar Citizen 9076035,Porpoise,76651,66856,78343,1285,0.3443,0.9386,-0.0210,225,1.000,1.000,1.000,2026-10-06T01:09:37.000Z
45.000,Minmatar Citizen 6662812,Procurer,70678,10007,70297,2689,-0.8570,-0.4574,-0.2375,486,1.000,1.000,1.000,2026-10-06T01:09:37.000Z
45.000,Caldari Citizen 3891005,Porpoise,79828,41012,75887,1305,0.0101,-0.8872,-0.4613,695,1.000,1.000,1.000,2026-10-06T01:09:37.000Z
45.000,Caldari Citizen 8777524,Prospect,74266,9528,74718,579,-0.9655,-0.0764,-0.2488,320,0.000,0.960,1.000,2026-10-06T01:09:37.000Z
45.000,Minmatar Citizen 0254120,Procurer,73348,58046,71417,136,0.2555,0.9338,-0.2506,440,,,,2026-10-06T01:09:37.000Z
45.000,Amarr Citizen 2674287,Porpoise,80185,54561,75759,667,-0.4186,-0.8059,0.4186,124,1.000,1.000,1.000,2026-10-06T01:09:37.000Z
45.000,Amarr Citizen 5054432,Venture,79568,58874,66665,149,0.5195,-0.2525,-0.8163,612,1.000,1.000,1.000,2026-10-06T01:09:37.000Z
45.000,Amarr Citizen 4520313,Covetor,74408,144696,85590,2642,-0.6273,0.6243,0.4656,598,0.000,0.232,1.000,2026-10-06T01:09:37.000Z
45.000,Minmatar Citizen 9978241,Retriever,75854,25900,73136,2281,-0.3536,-0.9345,-0.0407,464,1.000,1.000,1.000,2026-10-06T01:09:37.000Z
45.000,Minmatar Citizen 7162778,Mackinaw,52767,9090,63896,2671,-0.4010,0.8972,-0.1851,434,0.000,0.657,1.000,2026-10-06T01:09:37.000Z
45.000,Minmatar Citizen 9678938,Porpoise,83174,44585,71621,299,0.3415,-0.8050,-0.4850,476,1.000,1.000,1.000,2026-10-06T01:09:37.000Z
45.000,Minmatar Citizen 2250648,Porpoise,70866,52362,79174,84,,,,503,1.000,1.000,1.000,2026-10-06T01:09:37.000Z
45.000,Gallente Citizen 1635012,Venture,66660,9698,51829,3412,0.0885,0.5640,-0.8210,713,1.000,1.000,1.000,2026-10-06T01:09:37.000Z
45.000,Amarr Citizen 2281178,Procurer,71231,44345,80080,394,-0.6680,-0.5631,0.4865,513,1.000,1.000,1.000,2026-10-06T01:09:37.000Z
46.000,Caldari Citizen 9942864,Venture,75710,9548,74728,578,-0.0816,0.3587,-0.9299,221,1.000,1.000,1.000,2026-10-06T01:09:38.000Z
46.000,Caldari Citizen 6206817,Orca,74944,56254,72322,206,-0.4726,-0.8124,0.3415,471,0.980,1.000,1.000,2026-10-06T01:09:38.000Z
46.000,Minmatar Citizen 9745080,Skiff,77864,108726,68068,2423,-0.2143,0.9421,0.2578,834,1.000,1.000,1.000,2026-10-06T01:09:38.000Z
46.000,Amarr Citizen 0220922,Porpoise,68488,76241,59094,799,0.3813,0.7706,-0.5107,203,1.000,1.000,1.000,2026-10-06T01:09:38.000Z
46.000,Minmatar Citizen 4351238,Venture,68102,-1136,62456,2409,-0.2618,-0.2198,-0.9398,609,1.000,1.000,1.000,2026-10-06T01:09:38.000Z
46.000,Caldari Citizen 3216932,Retriever,76141,50275,65974,146,-0.0076,-0.5872,0.8094,592,0.202,1.000,1.000,2026-10-06T01:09:38.000Z
46.000,Minmatar Citizen 9076035,Porpoise,77049,68168,78352,1280,0.2494,0.9642,0.0901,511,1.000,1.000,1.000,2026-10-06T01:09:38.000Z
46.000,Minmatar Citizen 6662812,Procurer,68242,8906,69672,2722,-0.8789,-0.4074,-0.2481,139,1.000,1.000,1.000,2026-10-06T01:09:38.000Z
46.000,Caldari Citizen 3891005,Porpoise,79807,39876,75234,1140,0.0523,-0.8706,-0.4892,413,1.000,1.000,1.000,2026-10-06T01:09:38.000Z
46.000,Caldari Citizen 8777524,Prospect,73654,9413,74563,581,-0.9739,-0.0289,-0.2252,240,0.000,0.960,1.000,2026-10-06T01:09:38.000Z
46.000,Minmatar Citizen 0254120,Procurer,73452,58253,71292,133,,,,196,,,,2026-10-06T01:09:38.000Z
46.000,Amarr Citizen 2674287,Porpoise,79891,53975,75893,466,-0.5891,-0.7675,0.2530,631,1.000,1.000,1.000,2026-10-06T01:09:38.000Z
46.000,Amarr Citizen 5054432,Venture,79639,58850,66375,112,0.4995,-0.2646,-0.8249,698,1.000,1.000,1.000,2026-10-06T01:09:38.000Z
46.000,Amarr Citizen 4520313,Covetor,72662,146353,86870,2599,-0.6614,0.5523,0.5074,386,0.000,0.212,1.000,2026-10-06T01:09:38.000Z
46.000,Minmatar Citizen 9978241,Retriever,75141,23745,73067,2298,-0.3542,-0.9316,-0.0823,587,1.000,1.000,1.000,2026-10-06T01:09:38.000Z
46.000,Minmatar Citizen 7162778,Mackinaw,51751,11522,63481,2740,-0.3874,0.9085,-0.1567,307,0.000,0.657,1.000,2026-10-06T01:09:38.000Z
46.000,Minmatar Citizen 9678938,Porpoise,83390,44254,71476,279,0.2553,-0.8578,-0.4460,865,1.000,1.000,1.000,2026-10-06T01:09:38.000Z
46.000,Minmatar Citizen 2250648,Porpoise,70919,52364,79143,96,,,,496,1.000,1.000,1.000,2026-10-06T01:09:38.000Z
46.000,Gallente Citizen 1635012,Venture,66897,11984,48906,3589,0.0808,0.6572,-0.7494,571,1.000,1.000,1.000,2026-10-06T01:09:38.000Z
46.000,Amarr Citizen 2281178,Procurer,70699,43920,80329,349,-0.7227,-0.5492,0.4196,461,1.000,1.000,1.000,2026-10-06T01:09:38.000Z
47.000,Caldari Citizen 9942864,Venture,75629,9725,74115,582,-0.1093,0.3140,-0.9431,211,1.000,1.000,1.000,2026-10-06T01:09:39.000Z
47.000,Caldari Citizen 6206817,Orca,74770,55940,72400,197,-0.6039,-0.7500,0.2697,494,0.980,1.000,1.000,2026-10-06T01:09:39.000Z
47.000,Minmatar Citizen 9745080,Skiff,77366,110950,68700,2421,-0.2366,0.9204,0.3113,834,1.000,1.000,1.000,2026-10-06T01:09:39.000Z
47.000,Amarr Citizen 0220922,Porpoise,68887,76869,58641,693,0.4737,0.7137,-0.5159,310,1.000,1.000,1.000,2026-10-06T01:09:39.000Z
47.000,Minmatar Citizen 4351238,Venture,67452,-1603,60153,2452,-0.2873,-0.0597,-0.9560,468,1.000,1.000,1.000,2026-10-06T01:09:39.000Z
47.000,Caldari Citizen 3216932,Retriever,76156,50038,66223,135,0.1819,-0.5308,0.8277,810,0.000,0.990,1.000,2026-10-06T01:09:39.000Z
47.000,Minmatar Citizen 9076035,Porpoise,77345,69450,78576,1284,0.1534,0.9631,0.2211,423,1.000,1.000,1.000,2026-10-06T01:09:39.000Z
47.000,Minmatar Citizen 6662812,Procurer,65803,7888,68987,2758,-0.8944,-0.3568,-0.2697,218,1.000,1.000,1.000,2026-10-06T01:09:39.000Z
47.000,Caldari Citizen 3891005,Porpoise,79908,38867,74662,1000,0.1024,-0.8470,-0.5216,338,1.000,1.000,1.000,2026-10-06T01:09:39.000Z
47.000,Caldari Citizen 8777524,Prospect,73071,9376,74458,579,-0.9728,0.0656,-0.2223,223,0.000,0.990,1.000,2026-10-06T01:09:39.000Z
47.000,Minmatar Citizen 0254120,Procurer,73563,58399,71224,131,,,,175,,,,2026-10-06T01:09:39.000Z
47.000,Amarr Citizen 2674287,Porpoise,79606,53600,75884,349,-0.8151,-0.5736,0.0813,246,1.000,1.000,1.000,2026-10-06T01:09:39.000Z
47.000,Amarr Citizen 5054432,Venture,79620,58708,66112,84,0.5713,-0.3723,-0.7315,993,1.000,1.000,1.000,2026-10-06T01:09:39.000Z
47.000,Amarr Citizen 4520313,Covetor,70913,147775,88305,2578,-0.6915,0.4716,0.5472,139,0.000,0.212,1.000,2026-10-06T01:09:39.000Z
47.000,Minmatar Citizen 9978241,Retriever,74305,21586,72795,2314,-0.3662,-0.9215,-0.1290,191,1.000,1.000,1.000,2026-10-06T01:09:39.000Z
47.000,Minmatar Citizen 7162778,Mackinaw,50734,13991,63122,2805,-0.3901,0.9094,-0.1445,187,0.000,0.707,1.000,2026-10-06T01:09:39.000Z
47.000,Minmatar Citizen 9678938,Porpoise,83509,43981,71326,264,0.0723,-0.9118,-0.4042,870,1.000,1.000,1.000,2026-10-06T01:09:39.000Z
47.000,Minmatar Citizen 2250648,Porpoise,70970,52369,79091,110,,,,491,1.000,1.000,1.000,2026-10-06T01:09:39.000Z
47.000,Gallente Citizen 1635012,Venture,67180,14686,46219,3756,0.0663,0.7288,-0.6816,198,1.000,1.000,1.000,2026-10-06T01:09:39.000Z
47.000,Amarr Citizen 2281178,Procurer,70244,43691,80522,314,-0.7769,-0.5437,0.3177,472,1.000,1.000,1.000,2026-10-06T01:09:39.000Z
48.000,Caldari Citizen 9942864,Venture,75554,9896,73538,587,-0.1410,0.3016,-0.9429,218,1.000,1.000,1.000,2026-10-06T01:09:40.000Z
48.000,Caldari Citizen 6206817,Orca,74415,55608,72369,187,-0.7408,-0.6292,0.2352,464,0.980,1.000,1.000,2026-10-06T01:09:40.000Z
48.000,Minmatar Citizen 9745080,Skiff,76824,113102,69502,2392,-0.2622,0.8897,0.3737,490,1.000,1.000,1.000,2026-10-06T01:09:40.000Z
48.000,Amarr Citizen 0220922,Porpoise,69403,77384,58314,607,0.5568,0.6624,-0.5012,279,1.000,1.000,1.000,2026-10-06T01:09:40.000Z
48.000,Minmatar Citizen 4351238,Venture,66749,-1626,57923,2196,-0.3111,0.1331,-0.9410,306,1.000,1.000,1.000,2026-10-06T01:09:40.000Z
48.000,Caldari Citizen 3216932,Retriever,76205,49901,66393,127,0.3575,-0.4105,0.8389,758,0.000,0.990,1.000,2026-10-06T01:09:40.000Z
48.000,Minmatar Citizen 9076035,Porpoise,77483,70663,78998,1292,0.0561,0.9407,0.3347,352,1.000,1.000,1.000,2026-10-06T01:09:40.000Z
48.000,Minmatar Citizen 6662812,Procurer,63383,6929,68213,2779,-0.9089,-0.2915,-0.2981,691,1.000,1.000,1.000,2026-10-06T01:09:40.000Z
48.000,Caldari Citizen 3891005,Porpoise,80094,37970,74095,881,0.1462,-0.8217,-0.5509,316,1.000,1.000,1.000,2026-10-06T01:09:40.000Z
48.000,Caldari Citizen 8777524,Prospect,72452,9439,74330,575,-0.9485,0.2136,-0.2340,173,0.000,0.990,1.000,2026-10-06T01:09:40.000Z
48.000,Minmatar Citizen 0254120,Procurer,73666,58425,71275,129,,,,133,1.000,1.000,1.000,2026-10-06T01:09:40.000Z
48.000,Amarr Citizen 2674287,Porpoise,79271,53467,75837,273,-0.9792,-0.2017,-0.0225,257,1.000,1.000,1.000,2026-10-06T01:09:40.000Z
48.000,Amarr Citizen 5054432,Venture,79796,58556,65873,63,0.6575,-0.4426,-0.6098,1029,1.000,1.000,1.000,2026-10-06T01:09:40.000Z
48.000,Amarr Citizen 4520313,Covetor,69123,148898,89843,2442,-0.7188,0.3841,0.5794,543,0.000,0.182,1.000,2026-10-06T01:09:40.000Z
48.000,Minmatar Citizen 9978241,Retriever,73397,19497,72373,2330,-0.3857,-0.9070,-0.1688,115,1.000,1.000,1.000,2026-10-06T01:09:40.000Z
48.000,Minmatar Citizen 7162778,Mackinaw,49712,16540,62793,2866,-0.4080,0.9011,-0.1468,275,0.000,0.707,1.000,2026-10-06T01:09:40.000Z
48.000,Minmatar Citizen 9678938,Porpoise,83449,43693,71215,251,-0.2307,-0.9014,-0.3663,1129,1.000,1.000,1.000,2026-10-06T01:09:40.000Z
48.000,Minmatar Citizen 2250648,Porpoise,71000,52365,78998,122,,,,489,1.000,1.000,1.000,2026-10-06T01:09:40.000Z
48.000,Gallente Citizen 1635012,Venture,67472,17709,43796,3901,0.0507,0.7786,-0.6255,550,1.000,1.000,1.000,2026-10-06T01:09:40.000Z
48.000,Amarr Citizen 2281178,Procurer,69958,43548,80627,226,-0.8285,-0.5255,0.1936,538,1.000,1.000,1.000,2026-10-06T01:09:40.000Z
49.000,Caldari Citizen 9942864,Venture,75438,10082,72942,596,-0.1699,0.3053,-0.9370,250,1.000,1.000,1.000,2026-10-06T01:09:41.000Z
49.000,Caldari Citizen 6206817,Orca,74112,55449,72407,179,-0.8450,-0.4657,0.2630,402,0.980,1.000,1.000,2026-10-06T01:09:41.000Z
49.000,Minmatar Citizen 9745080,Skiff,76227,115088,70471,2362,-0.2939,0.8503,0.4365,473,1.000,1.000,1.000,2026-10-06T01:09:41.000Z
49.000,Amarr Citizen 0220922,Porpoise,69864,77768,58022,542,0.6067,0.6108,-0.5088,416,1.000,1.000,1.000,2026-10-06T01:09:41.000Z
49.000,Minmatar Citizen 4351238,Venture,66065,-1100,55944,2113,-0.3261,0.3472,-0.8793,537,1.000,1.000,1.000,2026-10-06T01:09:41.000Z
49.000,Caldari Citizen 3216932,Retriever,76327,49879,66522,121,0.4998,-0.2206,0.8376,741,0.000,0.899,1.000,2026-10-06T01:09:41.000Z
49.000,Minmatar Citizen 9076035,Porpoise,77485,71871,79554,1298,-0.0469,0.9124,0.4066,296,1.000,1.000,1.000,2026-10-06T01:09:41.000Z
49.000,Minmatar Citizen 6662812,Procurer,61106,6140,67419,2533,-0.9257,-0.1882,-0.3281,218,1.000,1.000,1.000,2026-10-06T01:09:41.000Z
49.000,Caldari Citizen 3891005,Porpoise,80353,37222,73569,788,0.1644,-0.8049,-0.5702,659,1.000,1.000,1.000,2026-10-06T01:09:41.000Z
49.000,Caldari Citizen 8777524,Prospect,71905,9605,74211,566,-0.8875,0.3896,-0.2462,237,0.000,0.980,1.000,2026-10-06T01:09:41.000Z
49.000,Minmatar Citizen 0254120,Procurer,73691,58358,71361,127,,,,76,1.000,1.000,1.000,2026-10-06T01:09:41.000Z
49.000,Amarr Citizen 2674287,Porpoise,78811,53524,75764,299,-0.9854,0.1696,-0.0149,583,1.000,1.000,1.000,2026-10-06T01:09:41.000Z
49.000,Amarr Citizen 5054432,Venture,80198,58370,65672,48,0.7223,-0.4390,-0.5344,1066,1.000,1.000,1.000,2026-10-06T01:09:41.000Z
49.000,Amarr Citizen 4520313,Covetor,67317,149638,91341,2234,-0.7462,0.2957,0.5964,267,0.000,0.141,1.000,2026-10-06T01:09:41.000Z
49.000,Minmatar Citizen 9978241,Retriever,72461,17424,71865,2342,-0.4134,-0.8883,-0.1999,415,1.000,1.000,1.000,2026-10-06T01:09:41.000Z
49.000,Minmatar Citizen 7162778,Mackinaw,48591,19068,62401,2916,-0.4295,0.8904,-0.1505,347,0.000,0.707,1.000,2026-10-06T01:09:41.000Z
49.000,Minmatar Citizen 9678938,Porpoise,83283,43454,71157,240,-0.5973,-0.7581,-0.2617,757,1.000,1.000,1.000,2026-10-06T01:09:41.000Z
49.000,Minmatar Citizen 2250648,Porpoise,70960,52307,78821,132,-0.5386,-0.4810,-0.6917,516,1.000,1.000,1.000,2026-10-06T01:09:41.000Z
49.000,Gallente Citizen 1635012,Venture,67682,20949,41547,4012,0.0338,0.8117,-0.5830,293,1.000,1.000,1.000,2026-10-06T01:09:41.000Z
49.000,Amarr Citizen 2281178,Procurer,69743,43358,80633,161,-0.8747,-0.4778,0.0809,189,1.000,1.000,1.000,2026-10-06T01:09:41.000Z
50.000,Caldari Citizen 9942864,Venture,75342,10281,72367,610,-0.1990,0.3089,-0.9300,255,1.000,1.000,1.000,2026-10-06T01:09:42.000Z
50.000,Caldari Citizen 6206817,Orca,73907,55438,72516,171,-0.8779,-0.3186,0.3576,397,0.970,1.000,1.000,2026-10-06T01:09:42.000Z
50.000,Minmatar Citizen 9745080,Skiff,75489,116973,71524,2345,-0.3278,0.8020,0.4994,335,1.000,1.000,1.000,2026-10-06T01:09:42.000Z
50.000,Amarr Citizen 0220922,Porpoise,70219,78139,57736,482,0.5985,0.5752,-0.5576,206,1.000,1.000,1.000,2026-10-06T01:09:42.000Z
50.000,Minmatar Citizen 4351238,Venture,65371,-73,54172,2128,-0.3311,0.5485,-0.7678,343,1.000,1.000,1.000,2026-10-06T01:09:42.000Z
50.000,Caldari Citizen 3216932,Retriever,76478,49911,66699,116,,,,428,0.000,0.800,1.000,2026-10-06T01:09:42.000Z
50.000,Minmatar Citizen 9076035,Porpoise,77353,73078,80203,1309,-0.1462,0.8907,0.4303,258,1.000,1.000,1.000,2026-10-06T01:09:42.000Z
50.000,Minmatar Citizen 6662812,Procurer,58975,5727,66618,2367,-0.9340,-0.0311,-0.3559,156,1.000,1.000,1.000,2026-10-06T01:09:42.000Z
50.000,Caldari Citizen 3891005,Porpoise,80508,36535,72983,700,0.1293,-0.8078,-0.5751,597,1.000,1.000,1.000,2026-10-06T01:09:42.000Z
50.000,Caldari Citizen 8777524,Prospect,71384,9899,74029,556,-0.8077,0.5324,-0.2534,193,0.000,0.980,1.000,2026-10-06T01:09:42.000Z
50.000,Minmatar Citizen 0254120,Procurer,73674,58300,71435,125,,,,36,1.000,1.000,1.000,2026-10-06T01:09:42.000Z
50.000,Amarr Citizen 2674287,Porpoise,78306,53740,75745,395,-0.9140,0.4048,0.0279,437,1.000,1.000,1.000,2026-10-06T01:09:42.000Z
50.000,Amarr Citizen 5054432,Venture,80612,58132,65571,36,0.7501,-0.4527,-0.4821,1325,1.000,1.000,1.000,2026-10-06T01:09:42.000Z
50.000,Amarr Citizen 4520313,Covetor,65567,150057,92690,2048,-0.7760,0.2116,0.5942,167,0.000,0.141,1.000,2026-10-06T01:09:42.000Z
50.000,Minmatar Citizen 9978241,Retriever,71533,15311,71392,2354,-0.4510,-0.8645,-0.2218,190,1.000,1.000,1.000,2026-10-06T01:09:42.000Z
50.000,Minmatar Citizen 7162778,Mackinaw,47294,21592,61912,2954,-0.4495,0.8808,-0.1491,322,0.000,0.707,1.000,2026-10-06T01:09:42.000Z
50.000,Minmatar Citizen 9678938,Porpoise,83109,43352,71103,231,-0.8306,-0.5460,-0.1095,743,1.000,1.000,1.000,2026-10-06T01:09:42.000Z
50.000,Minmatar Citizen 2250648,Porpoise,70838,52159,78553,142,-0.7826,-0.5172,-0.3466,837,1.000,1.000,1.000,2026-10-06T01:09:42.000Z
50.000,Gallente Citizen 1635012,Venture,67771,24269,39320,4113,0.0148,0.8348,-0.5504,166,1.000,1.000,1.000,2026-10-06T01:09:42.000Z
50.000,Amarr Citizen 2281178,Procurer,69572,43228,80591,107,-0.9157,-0.3938,0.0805,246,1.000,1.000,1.000,2026-10-06T01:09:42.000Z
51.000,Caldari Citizen 9942864,Venture,75203,10497,71755,626,-0.2206,0.3029,-0.9271,276,1.000,1.000,1.000,2026-10-06T01:09:43.000Z
51.000,Caldari Citizen 6206817,Orca,73761,55460,72653,164,-0.8649,-0.2683,0.4242,394,0.970,1.000,1.000,2026-10-06T01:09:43.000Z
51.000,Minmatar Citizen 9745080,Skiff,74693,118736,72724,2340,-0.3625,0.7453,0.5595,454,1.000,1.000,1.000,2026-10-06T01:09:43.000Z
51.000,Amarr Citizen 0220922,Porpoise,70525,78419,57406,437,0.5526,0.5512,-0.6251,80,1.000,1.000,1.000,2026-10-06T01:09:43.000Z
51.000,Minmatar Citizen 4351238,Venture,64668,1393,52608,2194,-0.3295,0.7035,-0.6296,230,1.000,1.000,1.000,2026-10-06T01:09:43.000Z
51.000,Caldari Citizen 3216932,Retriever,76567,49943,66805,98,,,,375,0.000,0.790,1.000,2026-10-06T01:09:43.000Z
51.000,Minmatar Citizen 9076035,Porpoise,77088,74301,80883,1319,-0.2301,0.8798,0.4159,247,1.000,1.000,1.000,2026-10-06T01:09:43.000Z
51.000,Minmatar Citizen 6662812,Procurer,56921,5812,65803,2156,-0.9113,0.1732,-0.3736,216,1.000,1.000,1.000,2026-10-06T01:09:43.000Z
51.000,Caldari Citizen 3891005,Porpoise,80614,35907,72469,633,0.0295,-0.8346,-0.5501,287,1.000,1.000,1.000,2026-10-06T01:09:43.000Z
51.000,Caldari Citizen 8777524,Prospect,70954,10302,73870,556,-0.7406,0.6249,-0.2471,254,0.000,0.980,1.000,2026-10-06T01:09:43.000Z
51.000,Minmatar Citizen 0254120,Procurer,73648,58343,71526,124,,,,75,1.000,1.000,1.000,2026-10-06T01:09:43.000Z
51.000,Amarr Citizen 2674287,Porpoise,77853,53991,75814,509,-0.8435,0.5352,0.0462,363,1.000,1.000,1.000,2026-10-06T01:09:43.000Z
51.000,Amarr Citizen 5054432,Venture,80828,58051,65399,28,0.6824,-0.5761,-0.4499,1351,1.000,1.000,1.000,2026-10-06T01:09:43.000Z
51.000,Amarr Citizen 4520313,Covetor,63963,150354,93895,1900,-0.8077,0.1264,0.5758,328,0.000,0.141,1.000,2026-10-06T01:09:43.000Z
51.000,Minmatar Citizen 9978241,Retriever,70562,13366,70924,2154,-0.5049,-0.8294,-0.2392,281,1.000,1.000,1.000,2026-10-06T01:09:43.000Z
51.000,Minmatar Citizen 7162778,Mackinaw,45845,24115,61365,2975,-0.4674,0.8728,-0.1407,229,0.000,0.697,1.000,2026-10-06T01:09:43.000Z
51.000,Minmatar Citizen 9678938,Porpoise,82914,43319,71096,225,-0.9101,-0.4140,-0.0158,747,1.000,1.000,1.000,2026-10-06T01:09:43.000Z
51.000,Minmatar Citizen 2250648,Porpoise,70613,51988,78420,152,-0.8723,-0.4887,-0.0154,496,1.000,1.000,1.000,2026-10-06T01:09:43.000Z
51.000,Gallente Citizen 1635012,Venture,67747,27645,37102,4196,-0.0030,0.8555,-0.5179,108,1.000,1.000,1.000,2026-10-06T01:09:43.000Z
51.000,Amarr Citizen 2281178,Procurer,69412,43182,80509,76,-0.9380,-0.2570,0.2326,536,1.000,1.000,1.000,2026-10-06T01:09:43.000Z
52.000,Caldari Citizen 9942864,Venture,75062,10707,71162,640,-0.2117,0.2939,-0.9321,350,1.000,1.000,1.000,2026-10-06T01:09:44.000Z
52.000,Caldari Citizen 6206817,Orca,73634,55445,72774,159,-0.8698,-0.3523,0.3454,393,0.970,1.000,1.000,2026-10-06T01:09:44.000Z
52.000,Minmatar Citizen 9745080,Skiff,73825,120374,74018,2279,-0.3970,0.6829,0.6132,268,1.000,1.000,1.000,2026-10-06T01:09:44.000Z
52.000,Amarr Citizen 0220922,Porpoise,70822,78680,57009,557,0.5041,0.5146,-0.6936,233,1.000,1.000,1.000,2026-10-06T01:09:44.000Z
52.000,Minmatar Citizen 4351238,Venture,63972,3211,51361,2198,-0.3231,0.8089,-0.4913,371,1.000,1.000,1.000,2026-10-06T01:09:44.000Z
52.000,Caldari Citizen 3216932,Retriever,76593,49974,66854,84,,,,361,0.000,0.680,1.000,2026-10-06T01:09:44.000Z
52.000,Minmatar Citizen 9076035,Porpoise,76676,75559,81506,1330,-0.2905,0.8767,0.3833,321,1.000,1.000,1.000,2026-10-06T01:09:44.000Z
52.000,Minmatar Citizen 6662812,Procurer,54995,6495,65011,2062,-0.8441,0.3858,-0.3724,433,1.000,1.000,1.000,2026-10-06T01:09:44.000Z
52.000,Caldari Citizen 3891005,Porpoise,80638,35277,72073,713,-0.1277,-0.8595,-0.4950,720,1.000,1.000,1.000,2026-10-06T01:09:44.000Z
52.000,Caldari Citizen 8777524,Prospect,70558,10777,73707,561,-0.7126,0.6652,-0.2229,479,0.000,1.000,1.000,2026-10-06T01:09:44.000Z
52.000,Minmatar Citizen 0254120,Procurer,73614,58515,71615,123,0.3166,0.8631,-0.3934,472,1.000,1.000,1.000,2026-10-06T01:09:44.000Z
52.000,Amarr Citizen 2674287,Porpoise,77407,54307,75911,620,-0.7922,0.6090,0.0395,418,1.000,1.000,1.000,2026-10-06T01:09:44.000Z
52.000,Amarr Citizen 5054432,Venture,80953,57976,65182,134,0.3670,-0.8556,-0.3650,1397,1.000,1.000,1.000,2026-10-06T01:09:44.000Z
52.000,Amarr Citizen 4520313,Covetor,62465,150592,94994,1788,-0.8323,0.0435,0.5526,266,0.000,0.141,1.000,2026-10-06T01:09:44.000Z
52.000,Minmatar Citizen 9978241,Retriever,69439,11674,70376,2015,-0.5814,-0.7711,-0.2594,330,1.000,1.000,1.000,2026-10-06T01:09:44.000Z
52.000,Minmatar Citizen 7162778,Mackinaw,44431,26691,60955,3000,-0.4838,0.8662,-0.1251,43,0.000,0.697,1.000,2026-10-06T01:09:44.000Z
52.000,Minmatar Citizen 9678938,Porpoise,82715,43303,71148,220,-0.9223,-0.3847,0.0380,750,1.000,1.000,1.000,2026-10-06T01:09:44.000Z
52.000,Minmatar Citizen 2250648,Porpoise,70302,51875,78572,159,-0.8710,-0.4387,0.2210,492,1.000,1.000,1.000,2026-10-06T01:09:44.000Z
52.000,Gallente Citizen 1635012,Venture,67669,31129,34949,4261,-0.0144,0.8816,-0.4717,171,1.000,1.000,1.000,2026-10-06T01:09:44.000Z
52.000,Amarr Citizen 2281178,Procurer,69177,43162,80554,76,-0.9143,-0.1251,0.3852,545,1.000,1.000,1.000,2026-10-06T01:09:44.000Z
53.000,Caldari Citizen 9942864,Venture,74839,10902,70506,647,-0.1790,0.2865,-0.9412,294,1.000,1.000,1.000,2026-10-06T01:09:45.000Z
53.000,Caldari Citizen 6206817,Orca,73456,55337,72843,149,-0.8715,-0.4695,0.1412,411,0.970,1.000,1.000,2026-10-06T01:09:45.000Z
53.000,Minmatar Citizen 9745080,Skiff,72963,121800,75472,2223,-0.4329,0.6189,0.6554,334,1.000,1.000,1.000,2026-10-06T01:09:45.000Z
53.000,Amarr Citizen 0220922,Porpoise,71133,79068,56537,680,0.4856,0.4625,-0.7418,327,1.000,1.000,1.000,2026-10-06T01:09:45.000Z
53.000,Minmatar Citizen 4351238,Venture,63199,5225,50404,2271,-0.3091,0.8774,-0.3671,71,1.000,1.000,1.000,2026-10-06T01:09:45.000Z
53.000,Caldari Citizen 3216932,Retriever,76561,49992,66903,75,,,,355,0.000,0.680,1.000,2026-10-06T01:09:45.000Z
53.000,Minmatar Citizen 9076035,Porpoise,76130,76862,82009,1343,-0.3244,0.8830,0.3392,690,1.000,1.000,1.000,2026-10-06T01:09:45.000Z
53.000,Minmatar Citizen 6662812,Procurer,53323,7639,64243,2054,-0.7490,0.5601,-0.3540,342,1.000,1.000,1.000,2026-10-06T01:09:45.000Z
53.000,Caldari Citizen 3891005,Porpoise,80489,34665,71795,721,-0.3201,-0.8488,-0.4209,656,1.000,1.000,1.000,2026-10-06T01:09:45.000Z
53.000,Caldari Citizen 8777524,Prospect,70185,11196,73586,567,-0.7116,0.6803,-0.1754,338,0.000,1.000,1.000,2026-10-06T01:09:45.000Z
53.000,Minmatar Citizen 0254120,Procurer,73641,58783,71507,123,0.4522,0.6232,-0.6381,468,1.000,1.000,1.000,2026-10-06T01:09:45.000Z
53.000,Amarr Citizen 2674287,Porpoise,76826,54807,75951,725,-0.7646,0.6443,0.0172,173,1.000,1.000,1.000,2026-10-06T01:09:45.000Z
53.000,Amarr Citizen 5054432,Venture,81052,57744,65112,229,-0.1980,-0.9774,-0.0746,996,1.000,1.000,1.000,2026-10-06T01:09:45.000Z
53.000,Amarr Citizen 4520313,Covetor,60910,150650,95936,1701,-0.8474,-0.0299,0.5300,255,0.000,0.111,1.000,2026-10-06T01:09:45.000Z
53.000,Minmatar Citizen 9978241,Retriever,68220,10221,69839,1918,-0.6786,-0.6769,-0.2851,111,1.000,1.000,1.000,2026-10-06T01:09:45.000Z
53.000,Minmatar Citizen 7162778,Mackinaw,43045,29302,60671,2992,-0.5002,0.8598,-0.1027,104,0.000,0.758,1.000,2026-10-06T01:09:45.000Z
53.000,Minmatar Citizen 9678938,Porpoise,82447,43184,71171,216,-0.9055,-0.4167,0.0797,788,1.000,1.000,1.000,2026-10-06T01:09:45.000Z
53.000,Minmatar Citizen 2250648,Porpoise,69995,51773,78820,164,-0.8370,-0.3638,0.4088,518,1.000,1.000,1.000,2026-10-06T01:09:45.000Z
53.000,Gallente Citizen 1635012,Venture,67581,34782,32980,4290,-0.0150,0.9166,-0.3996,132,1.000,1.000,1.000,2026-10-06T01:09:45.000Z
53.000,Amarr Citizen 2281178,Procurer,68867,43144,80789,94,-0.8886,-0.0470,0.4564,589,1.000,1.000,1.000,2026-10-06T01:09:45.000Z
54.000,Caldari Citizen 9942864,Venture,74679,11083,69820,644,-0.1250,0.2910,-0.9485,505,1.000,1.000,1.000,2026-10-06T01:09:46.000Z
54.000,Caldari Citizen 6206817,Orca,73216,55145,72840,140,-0.8522,-0.5198,-0.0600,87,0.970,1.000,1.000,2026-10-06T01:09:46.000Z
54.000,Minmatar Citizen 9745080,Skiff,71999,123027,76999,2200,-0.4756,0.5602,0.6782,151,1.000,1.000,1.000,2026-10-06T01:09:46.000Z
54.000,Amarr Citizen 0220922,Porpoise,71513,79486,55975,788,0.4994,0.4243,-0.7553,285,1.000,1.000,1.000,2026-10-06T01:09:46.000Z
54.000,Minmatar Citizen 4351238,Venture,62416,7388,49733,2358,-0.2868,0.9197,-0.2682,159,1.000,1.000,1.000,2026-10-06T01:09:46.000Z
54.000,Caldari Citizen 3216932,Retriever,76500,49999,66929,68,,,,355,0.000,0.566,1.000,2026-10-06T01:09:46.000Z
54.000,Minmatar Citizen 9076035,Porpoise,75557,78190,82448,1342,-0.3306,0.9007,0.2819,307,1.000,1.000,1.000,2026-10-06T01:09:46.000Z
54.000,Minmatar Citizen 6662812,Procurer,51905,9093,63489,2100,-0.6541,0.6838,-0.3235,306,1.000,1.000,1.000,2026-10-06T01:09:46.000Z
54.000,Caldari Citizen 3891005,Porpoise,80175,34019,71577,750,-0.5196,-0.7778,-0.3535,614,1.000,1.000,1.000,2026-10-06T01:09:46.000Z
54.000,Caldari Citizen 8777524,Prospect,69757,11560,73480,572,-0.7131,0.6895,-0.1269,126,0.000,1.000,1.000,2026-10-06T01:09:46.000Z
54.000,Minmatar Citizen 0254120,Procurer,73834,59174,71211,122,0.5240,0.4152,-0.7436,350,1.000,1.000,1.000,2026-10-06T01:09:46.000Z
54.000,Amarr Citizen 2674287,Porpoise,76161,55426,75916,819,-0.7500,0.6613,-0.0119,24,1.000,1.000,1.000,2026-10-06T01:09:46.000Z
54.000,Amarr Citizen 5054432,Venture,80957,57467,65159,475,-0.4303,-0.8885,0.1595,948,1.000,1.000,1.000,2026-10-06T01:09:46.000Z
54.000,Amarr Citizen 4520313,Covetor,59323,150409,96782,1637,-0.8573,-0.0975,0.5056,281,0.000,0.101,1.000,2026-10-06T01:09:46.000Z
54.000,Minmatar Citizen 9978241,Retriever,66917,9076,69321,1739,-0.7797,-0.5455,-0.3074,318,1.000,1.000,1.000,2026-10-06T01:09:46.000Z
54.000,Minmatar Citizen 7162778,Mackinaw,41697,31670,60454,2517,-0.5233,0.8489,-0.0746,163,0.000,0.758,1.000,2026-10-06T01:09:46.000Z
54.000,Minmatar Citizen 9678938,Porpoise,82060,42944,71155,213,-0.8752,-0.4752,0.0908,674,1.000,1.000,1.000,2026-10-06T01:09:46.000Z
54.000,Minmatar Citizen 2250648,Porpoise,69781,51672,78957,136,,,,550,1.000,1.000,1.000,2026-10-06T01:09:46.000Z
54.000,Gallente Citizen 1635012,Venture,67460,38556,31377,4070,-0.0041,0.9537,-0.3007,236,1.000,1.000,1.000,2026-10-06T01:09:46.000Z
54.000,Amarr Citizen 2281178,Procurer,68533,43126,81066,120,-0.8689,0.0486,0.4926,643,1.000,1.000,1.000,2026-10-06T01:09:46.000Z
55.000,Caldari Citizen 9942864,Venture,74644,11294,69085,631,-0.0863,0.3193,-0.9437,409,1.000,1.000,1.000,2026-10-06T01:09:47.000Z
55.000,Caldari Citizen 6206817,Orca,73029,55019,72781,133,-0.8506,-0.4955,-0.1761,97,0.960,1.000,1.000,2026-10-06T01:09:47.000Z
55.000,Minmatar Citizen 9745080,Skiff,70946,124107,78547,2195,-0.5277,0.5064,0.6820,292,1.000,1.000,1.000,2026-10-06T01:09:47.000Z
55.000,Amarr Citizen 0220922,Porpoise,71911,79831,55203,883,0.5393,0.3963,-0.7430,300,1.000,1.000,1.000,2026-10-06T01:09:47.000Z
55.000,Minmatar Citizen 4351238,Venture,61709,9710,49276,2444,-0.2598,0.9431,-0.2073,438,1.000,1.000,1.000,2026-10-06T01:09:47.000Z
55.000,Caldari Citizen 3216932,Retriever,76440,50006,66939,63,,,,360,0.000,0.560,1.000,2026-10-06T01:09:47.000Z
55.000,Minmatar Citizen 9076035,Porpoise,75068,79478,82870,1347,-0.3013,0.9308,0.2068,338,1.000,1.000,1.000,2026-10-06T01:09:47.000Z
55.000,Minmatar Citizen 6662812,Procurer,50675,10758,62813,2217,-0.5816,0.7614,-0.2863,565,1.000,1.000,1.000,2026-10-06T01:09:47.000Z
55.000,Caldari Citizen 3891005,Porpoise,79747,33461,71361,793,-0.6879,-0.6610,-0.2997,311,1.000,1.000,1.000,2026-10-06T01:09:47.000Z
55.000,Caldari Citizen 8777524,Prospect,69300,11884,73437,576,-0.7010,0.7064,-0.0978,424,0.000,1.000,1.000,2026-10-06T01:09:47.000Z
55.000,Minmatar Citizen 0254120,Procurer,74236,59399,70710,122,0.5825,0.2520,-0.7728,333,1.000,1.000,1.000,2026-10-06T01:09:47.000Z
55.000,Amarr Citizen 2674287,Porpoise,75494,56040,75858,904,-0.7408,0.6708,-0.0352,679,1.000,1.000,1.000,2026-10-06T01:09:47.000Z
55.000,Amarr Citizen 5054432,Venture,80657,57132,65281,576,-0.4569,-0.8549,0.2458,946,1.000,1.000,1.000,2026-10-06T01:09:47.000Z
55.000,Amarr Citizen 4520313,Covetor,57887,150069,97634,1548,-0.8631,-0.1622,0.4782,293,0.000,0.100,1.000,2026-10-06T01:09:47.000Z
55.000,Minmatar Citizen 9978241,Retriever,65474,8245,68769,1622,-0.8675,-0.3816,-0.3192,249,1.000,1.000,1.000,2026-10-06T01:09:47.000Z
55.000,Minmatar Citizen 7162778,Mackinaw,40415,33613,60284,2123,-0.5603,0.8272,-0.0421,213,0.000,0.758,1.000,2026-10-06T01:09:47.000Z
55.000,Minmatar Citizen 9678938,Porpoise,81782,42788,71195,211,-0.8406,-0.5378,0.0645,624,1.000,1.000,1.000,2026-10-06T01:09:47.000Z
55.000,Minmatar Citizen 2250648,Porpoise,69755,51638,78955,118,,,,559,1.000,1.000,1.000,2026-10-06T01:09:47.000Z
55.000,Gallente Citizen 1635012,Venture,67397,42456,30340,3942,0.0143,0.9822,-0.1871,165,1.000,1.000,1.000,2026-10-06T01:09:47.000Z
55.000,Amarr Citizen 2281178,Procurer,68245,43113,81222,142,-0.8076,0.3220,0.4941,697,1.000,1.000,1.000,2026-10-06T01:09:47.000Z
56.000,Caldari Citizen 9942864,Venture,74642,11545,68286,614,-0.0842,0.3900,-0.9170,526,1.000,1.000,1.000,2026-10-06T01:09:48.000Z
56.000,Caldari Citizen 6206817,Orca,72881,54942,72677,128,-0.8975,-0.4027,-0.1797,419,0.960,1.000,1.000,2026-10-06T01:09:48.000Z
56.000,Minmatar Citizen 9745080,Skiff,69762,125135,80020,2156,-0.5923,0.4500,0.6683,181,1.000,1.000,1.000,2026-10-06T01:09:48.000Z
56.000,Amarr Citizen 0220922,Porpoise,72448,80152,54380,969,0.5820,0.3701,-0.7241,166,1.000,1.000,1.000,2026-10-06T01:09:48.000Z
56.000,Minmatar Citizen 4351238,Venture,61131,12099,48941,2522,-0.2299,0.9552,-0.1863,242,1.000,1.000,1.000,2026-10-06T01:09:48.000Z
56.000,Caldari Citizen 3216932,Retriever,76391,50017,66955,60,,,,364,0.000,0.535,1.000,2026-10-06T01:09:48.000Z
56.000,Minmatar Citizen 9076035,Porpoise,74669,80735,83168,1357,-0.2349,0.9663,0.1057,603,1.000,1.000,1.000,2026-10-06T01:09:48.000Z
56.000,Minmatar Citizen 6662812,Procurer,49485,12543,62179,2330,-0.5393,0.8068,-0.2413,337,1.000,1.000,1.000,2026-10-06T01:09:48.000Z
56.000,Caldari Citizen 3891005,Porpoise,79132,32994,71115,842,-0.8162,-0.5220,-0.2476,650,1.000,1.000,1.000,2026-10-06T01:09:48.000Z
56.000,Caldari Citizen 8777524,Prospect,68880,12287,73438,579,-0.6622,0.7400,-0.1182,500,0.000,1.000,1.000,2026-10-06T01:09:48.000Z
56.000,Minmatar Citizen 0254120,Procurer,74755,59507,69931,122,0.6336,0.1282,-0.7629,370,1.000,1.000,1.000,2026-10-06T01:09:48.000Z
56.000,Amarr Citizen 2674287,Porpoise,74787,56642,75837,976,-0.7323,0.6791,-0.0507,619,1.000,1.000,1.000,2026-10-06T01:09:48.000Z
56.000,Amarr Citizen 5054432,Venture,80277,56707,65489,551,-0.4064,-0.8831,0.2344,851,1.000,1.000,1.000,2026-10-06T01:09:48.000Z
56.000,Amarr Citizen 4520313,Covetor,56559,149810,98425,1474,-0.8650,-0.2138,0.4540,68,0.000,0.090,1.000,2026-10-06T01:09:48.000Z
56.000,Minmatar Citizen 9978241,Retriever,63912,7768,68201,1559,-0.9247,-0.2009,-0.3235,202,1.000,1.000,1.000,2026-10-06T01:09:48.000Z
56.000,Minmatar Citizen 7162778,Mackinaw,39248,35219,60217,1797,-0.6068,0.7949,0.0007,249,0.000,0.747,1.000,2026-10-06T01:09:48.000Z
56.000,Minmatar Citizen 9678938,Porpoise,81618,42692,71251,210,-0.8225,-0.5683,0.0239,610,1.000,1.000,1.000,2026-10-06T01:09:48.000Z
56.000,Minmatar Citizen 2250648,Porpoise,69832,51699,78923,110,,,,541,1.000,1.000,1.000,2026-10-06T01:09:48.000Z
56.000,Gallente Citizen 1635012,Venture,67509,46480,29949,3947,0.0392,0.9965,-0.0741,171,1.000,1.000,1.000,2026-10-06T01:09:48.000Z
56.000,Amarr Citizen 2281178,Procurer,68130,43156,81195,161,,,,730,1.000,1.000,1.000,2026-10-06T01:09:48.000Z
57.000,Caldari Citizen 9942864,Venture,74684,11818,67595,602,-0.1519,0.5191,-0.8411,543,1.000,1.000,1.000,2026-10-06T01:09:49.000Z
57.000,Caldari Citizen 6206817,Orca,72751,54892,72622,124,,,,386,0.960,1.000,1.000,2026-10-06T01:09:49.000Z
57.000,Minmatar Citizen 9745080,Skiff,68479,126094,81378,2063,-0.6602,0.3835,0.6458,177,1.000,1.000,1.000,2026-10-06T01:09:49.000Z
57.000,Amarr Citizen 0220922,Porpoise,73133,80541,53627,1044,0.6132,0.3566,-0.7049,224,1.000,1.000,1.000,2026-10-06T01:09:49.000Z
57.000,Minmatar Citizen 4351238,Venture,60635,14569,48590,2587,-0.2059,0.9564,-0.2071,244,1.000,1.000,1.000,2026-10-06T01:09:49.000Z
57.000,Caldari Citizen 3216932,Retriever,76359,50010,66990,58,,,,358,0.000,0.531,1.000,2026-10-06T01:09:49.000Z
57.000,Minmatar Citizen 9076035,Porpoise,74379,81968,83241,1368,-0.1347,0.9907,-0.0202,508,1.000,1.000,1.000,2026-10-06T01:09:49.000Z
57.000,Minmatar Citizen 6662812,Procurer,48315,14499,61659,2427,-0.5234,0.8306,-0.1903,195,1.000,1.000,1.000,2026-10-06T01:09:49.000Z
57.000,Caldari Citizen 3891005,Porpoise,78360,32584,70868,873,-0.9146,-0.3579,-0.1879,640,1.000,1.000,1.000,2026-10-06T01:09:49.000Z
57.000,Caldari Citizen 8777524,Prospect,68497,12809,73410,581,-0.5828,0.7922,-0.1810,302,0.000,1.000,1.000,2026-10-06T01:09:49.000Z
57.000,Minmatar Citizen 0254120,Procurer,75350,59585,69138,122,0.6723,0.0289,-0.7397,456,1.000,1.000,1.000,2026-10-06T01:09:49.000Z
57.000,Amarr Citizen 2674287,Porpoise,74042,57316,75799,1015,-0.7263,0.6846,-0.0617,466,1.000,1.000,1.000,2026-10-06T01:09:49.000Z
57.000,Amarr Citizen 5054432,Venture,80036,56262,65648,470,-0.2506,-0.9561,0.1517,935,1.000,1.000,1.000,2026-10-06T01:09:49.000Z
57.000,Amarr Citizen 4520313,Covetor,55260,149516,99091,1414,-0.8658,-0.2566,0.4295,236,0.000,0.090,1.000,2026-10-06T01:09:49.000Z
57.000,Minmatar Citizen 9978241,Retriever,62306,7635,67664,1547,-0.9464,-0.0216,-0.3222,235,1.000,1.000,1.000,2026-10-06T01:09:49.000Z
57.000,Minmatar Citizen 7162778,Mackinaw,38149,36507,60272,1529,-0.6479,0.7599,0.0527,117,0.000,0.747,1.000,2026-10-06T01:09:49.000Z
57.000,Minmatar Citizen 9678938,Porpoise,81447,42545,71270,209,-0.8249,-0.5648,-0.0248,625,1.000,1.000,1.000,2026-10-06T01:09:49.000Z
57.000,Minmatar Citizen 2250648,Porpoise,69898,51782,78907,110,,,,531,1.000,1.000,1.000,2026-10-06T01:09:49.000Z
57.000,Gallente Citizen 1635012,Venture,67763,50533,30064,4000,0.0691,0.9974,0.0220,351,1.000,1.000,1.000,2026-10-06T01:09:49.000Z
57.000,Amarr Citizen 2281178,Procurer,68219,43313,81127,177,0.0262,0.9867,-0.1601,729,1.000,1.000,1.000,2026-10-06T01:09:49.000Z
58.000,Caldari Citizen 9942864,Venture,74575,12174,67019,600,-0.2748,0.6818,-0.6780,251,1.000,1.000,1.000,2026-10-06T01:09:50.000Z
58.000,Caldari Citizen 6206817,Orca,72614,54876,72644,122,,,,380,0.950,1.000,1.000,2026-10-06T01:09:50.000Z
58.000,Minmatar Citizen 9745080,Skiff,67075,126870,82625,2026,-0.7204,0.3128,0.6191,270,1.000,1.000,1.000,2026-10-06T01:09:50.000Z
58.000,Amarr Citizen 0220922,Porpoise,73935,80972,52926,1109,0.6325,0.3654,-0.6830,195,1.000,1.000,1.000,2026-10-06T01:09:50.000Z
58.000,Minmatar Citizen 4351238,Venture,60131,17115,48063,2643,-0.1862,0.9480,-0.2582,298,1.000,1.000,1.000,2026-10-06T01:09:50.000Z
58.000,Caldari Citizen 3216932,Retriever,76368,49942,67063,56,,,,334,0.000,0.400,1.000,2026-10-06T01:09:50.000Z
58.000,Minmatar Citizen 9076035,Porpoise,74275,83245,83097,1381,-0.0232,0.9867,-0.1610,747,1.000,1.000,1.000,2026-10-06T01:09:50.000Z
58.000,Minmatar Citizen 6662812,Procurer,47083,16556,61235,2512,-0.5248,0.8396,-0.1405,216,1.000,1.000,1.000,2026-10-06T01:09:50.000Z
58.000,Caldari Citizen 3891005,Porpoise,77525,32317,70719,809,-0.9765,-0.1792,-0.1196,466,1.000,1.000,1.000,2026-10-06T01:09:50.000Z
58.000,Caldari Citizen 8777524,Prospect,68163,13302,73306,581,-0.4800,0.8306,-0.2824,370,0.000,1.000,1.000,2026-10-06T01:09:50.000Z
58.000,Minmatar Citizen 0254120,Procurer,75971,59515,68574,122,0.7046,-0.0351,-0.7088,494,1.000,1.000,1.000,2026-10-06T01:09:50.000Z
58.000,Amarr Citizen 2674287,Porpoise,73357,57993,75736,897,-0.7298,0.6796,-0.0751,321,1.000,1.000,1.000,2026-10-06T01:09:50.000Z
58.000,Amarr Citizen 5054432,Venture,80020,55778,65704,385,-0.0002,-1.0000,0.0043,1227,1.000,1.000,1.000,2026-10-06T01:09:50.000Z
58.000,Amarr Citizen 4520313,Covetor,53980,149072,99642,1366,-0.8647,-0.3015,0.4018,217,0.000,0.040,1.000,2026-10-06T01:09:50.000Z
58.000,Minmatar Citizen 9978241,Retriever,60721,7824,67174,1557,-0.9398,0.1453,-0.3092,288,1.000,1.000,1.000,2026-10-06T01:09:50.000Z
58.000,Minmatar Citizen 7162778,Mackinaw,37087,37571,60441,1333,-0.6759,0.7314,0.0909,217,0.000,0.758,1.000,2026-10-06T01:09:50.000Z
58.000,Minmatar Citizen 9678938,Porpoise,81186,42314,71229,208,-0.8471,-0.5264,-0.0737,312,1.000,1.000,1.000,2026-10-06T01:09:50.000Z
58.000,Minmatar Citizen 2250648,Porpoise,69949,51810,78839,115,,,,528,1.000,1.000,1.000,2026-10-06T01:09:50.000Z
58.000,Gallente Citizen 1635012,Venture,68062,54493,30417,4070,0.0993,0.9907,0.0927,202,1.000,1.000,1.000,2026-10-06T01:09:50.000Z
58.000,Amarr Citizen 2281178,Procurer,68390,43579,81114,190,0.1361,0.9490,-0.2845,1078,1.000,1.000,1.000,2026-10-06T01:09:50.000Z
59.000,Caldari Citizen 9942864,Venture,74325,12641,66661,609,-0.3879,0.8165,-0.4276,654,1.000,1.000,1.000,2026-10-06T01:09:51.000Z
59.000,Caldari Citizen 6206817,Orca,72444,54882,72725,120,,,,382,0.950,1.000,1.000,2026-10-06T01:09:51.000Z
59.000,Minmatar Citizen 9745080,Skiff,65499,127365,83830,2036,-0.7641,0.2515,0.5940,67,1.000,1.000,1.000,2026-10-06T01:09:51.000Z
59.000,Amarr Citizen 0220922,Porpoise,74711,81401,52129,1166,0.6371,0.3890,-0.6654,221,1.000,1.000,1.000,2026-10-06T01:09:51.000Z
59.000,Minmatar Citizen 4351238,Venture,59652,19675,47346,2677,-0.1647,0.9316,-0.3241,248,1.000,1.000,1.000,2026-10-06T01:09:51.000Z
59.000,Caldari Citizen 3216932,Retriever,76443,49760,67198,54,0.4020,-0.7687,0.4975,318,0.000,0.364,1.000,2026-10-06T01:09:51.000Z
59.000,Minmatar Citizen 9076035,Porpoise,74333,84515,82749,1394,0.0850,0.9547,-0.2851,526,1.000,1.000,1.000,2026-10-06T01:09:51.000Z
59.000,Minmatar Citizen 6662812,Procurer,45797,18660,60973,2589,-0.5307,0.8422,-0.0953,383,1.000,1.000,1.000,2026-10-06T01:09:51.000Z
59.000,Caldari Citizen 3891005,Porpoise,76683,32233,70700,785,-0.9979,-0.0182,-0.0629,353,1.000,1.000,1.000,2026-10-06T01:09:51.000Z
59.000,Caldari Citizen 8777524,Prospect,67864,13806,73059,582,-0.3864,0.8316,-0.3989,403,0.000,1.000,1.000,2026-10-06T01:09:51.000Z
59.000,Minmatar Citizen 0254120,Procurer,76369,59409,68341,122,0.7445,-0.0836,-0.6623,497,1.000,1.000,1.000,2026-10-06T01:09:51.000Z
59.000,Amarr Citizen 2674287,Porpoise,72757,58626,75646,791,-0.7487,0.6558,-0.0973,178,1.000,1.000,1.000,2026-10-06T01:09:51.000Z
59.000,Amarr Citizen 5054432,Venture,80137,55361,65635,311,0.2490,-0.9584,-0.1395,816,1.000,1.000,1.000,2026-10-06T01:09:51.000Z
59.000,Amarr Citizen 4520313,Covetor,52748,148612,100156,1327,-0.8581,-0.3510,0.3747,164,0.000,0.030,0.808,2026-10-06T01:09:51.000Z
59.000,Minmatar Citizen 9978241,Retriever,59231,8180,66680,1529,-0.9132,0.2960,-0.2801,315,1.000,1.000,1.000,2026-10-06T01:09:51.000Z
59.000,Minmatar Citizen 7162778,Mackinaw,36097,38522,60695,1267,-0.6910,0.7163,0.0971,320,0.000,0.800,1.000,2026-10-06T01:09:51.000Z
59.000,Minmatar Citizen 9678938,Porpoise,80911,42143,71161,207,-0.8835,-0.4621,-0.0763,554,1.000,1.000,1.000,2026-10-06T01:09:51.000Z
59.000,Minmatar Citizen 2250648,Porpoise,69963,51689,78687,123,-0.0714,-0.9146,-0.3981,538,1.000,1.000,1.000,2026-10-06T01:09:51.000Z
59.000,Gallente Citizen 1635012,Venture,68512,58465,30962,4141,0.1246,0.9819,0.1427,344,1.000,1.000,1.000,2026-10-06T01:09:51.000Z
59.000,Amarr Citizen 2281178,Procurer,68432,43852,81057,201,0.1023,0.9268,-0.3613,1081,1.000,1.000,1.000,2026-10-06T01:09:51.000Z
60.000,Caldari Citizen 9942864,Venture,73958,13245,66561,624,-0.4488,0.8734,-0.1891,452,1.000,1.000,1.000,2026-10-06T01:09:52.000Z
60.000,Caldari Citizen 6206817,Orca,72296,54897,72853,119,-0.8643,-0.2749,0.4212,384,0.950,1.000,1.000,2026-10-06T01:09:52.000Z
60.000,Minmatar Citizen 9745080,Skiff,63833,127650,85026,2099,-0.7935,0.2113,0.5707,310,1.000,1.000,1.000,2026-10-06T01:09:52.000Z
60.000,Amarr Citizen 0220922,Porpoise,75451,81829,51267,1200,0.6345,0.4175,-0.6505,436,1.000,1.000,1.000,2026-10-06T01:09:52.000Z
60.000,Minmatar Citizen 4351238,Venture,59155,22145,46317,2663,-0.1364,0.9094,-0.3930,188,1.000,1.000,1.000,2026-10-06T01:09:52.000Z
60.000,Caldari Citizen 3216932,Retriever,76564,49506,67371,53,0.5252,-0.7605,0.3820,572,0.000,0.300,1.000,2026-10-06T01:09:52.000Z
60.000,Minmatar Citizen 9076035,Porpoise,74574,85792,82312,1408,0.1795,0.9111,-0.3709,664,1.000,1.000,1.000,2026-10-06T01:09:52.000Z
60.000,Minmatar Citizen 6662812,Procurer,44385,20852,60824,2658,-0.5344,0.8430,-0.0607,241,1.000,1.000,1.000,2026-10-06T01:09:52.000Z
60.000,Caldari Citizen 3891005,Porpoise,75824,32352,70725,789,-0.9954,0.0919,-0.0289,705,1.000,1.000,1.000,2026-10-06T01:09:52.000Z
60.000,Caldari Citizen 8777524,Prospect,67711,14348,72769,583,-0.3131,0.8028,-0.5074,518,0.000,1.000,1.000,2026-10-06T01:09:52.000Z
60.000,Minmatar Citizen 0254120,Procurer,76538,59360,68256,122,0.7796,-0.1128,-0.6161,501,1.000,1.000,1.000,2026-10-06T01:09:52.000Z
60.000,Amarr Citizen 2674287,Porpoise,72209,59146,75560,671,-0.7850,0.6095,-0.1108,160,1.000,1.000,1.000,2026-10-06T01:09:52.000Z
60.000,Amarr Citizen 5054432,Venture,80381,55107,65462,249,0.3943,-0.8975,-0.1975,799,1.000,1.000,1.000,2026-10-06T01:09:52.000Z
60.000,Amarr Citizen 4520313,Covetor,51604,148069,100651,1295,-0.8482,-0.3968,0.3509,260,0.000,0.020,0.545,2026-10-06T01:09:52.000Z
60.000,Minmatar Citizen 9978241,Retriever,57772,8773,66164,1544,-0.8728,0.4289,-0.2329,194,1.000,1.000,1.000,2026-10-06T01:09:52.000Z
60.000,Minmatar Citizen 7162778,Mackinaw,35191,39466,60926,1209,-0.6904,0.7199,0.0715,282,0.000,0.800,1.000,2026-10-06T01:09:52.000Z
60.000,Minmatar Citizen 9678938,Porpoise,80714,42082,71122,207,-0.9146,-0.4025,-0.0391,536,1.000,1.000,1.000,2026-10-06T01:09:52.000Z
60.000,Minmatar Citizen 2250648,Porpoise,69928,51339,78492,132,-0.1683,-0.9675,-0.1886,874,1.000,1.000,1.000,2026-10-06T01:09:52.000Z
60.000,Gallente Citizen 1635012,Venture,69114,62456,31627,4207,0.1414,0.9730,0.1824,602,1.000,1.000,1.000,2026-10-06T01:09:52.000Z
60.000,Amarr Citizen 2281178,Procurer,68366,44144,80935,210,0.0465,0.8651,-0.4994,783,1.000,1.000,1.000,2026-10-06T01:09:52.000Z
61.000,Caldari Citizen 9942864,Venture,73626,13841,66613,637,-0.4652,0.8844,-0.0387,455,1.000,1.000,1.000,2026-10-06T01:09:53.000Z
61.000,Caldari Citizen 6206817,Orca,72192,54871,72980,118,-0.8691,-0.4060,0.2826,384,0.950,1.000,1.000,2026-10-06T01:09:53.000Z
61.000,Minmatar Citizen 9745080,Skiff,62145,127976,86207,2147,-0.8099,0.1979,0.5522,224,1.000,1.000,1.000,2026-10-06T01:09:53.000Z
61.000,Amarr Citizen 0220922,Porpoise,76174,82350,50444,1177,0.6292,0.4612,-0.6256,145,1.000,1.000,1.000,2026-10-06T01:09:53.000Z
61.000,Minmatar Citizen 4351238,Venture,58780,24592,45098,2672,-0.1007,0.8834,-0.4577,58,1.000,1.000,1.000,2026-10-06T01:09:53.000Z
61.000,Caldari Citizen 3216932,Retriever,76670,49369,67427,52,,,,525,0.000,0.290,1.000,2026-10-06T01:09:53.000Z
61.000,Minmatar Citizen 9076035,Porpoise,74870,86998,81690,1419,0.2485,0.8691,-0.4276,468,1.000,1.000,1.000,2026-10-06T01:09:53.000Z
61.000,Minmatar Citizen 6662812,Procurer,42871,23099,60720,2710,-0.5302,0.8469,-0.0399,286,1.000,1.000,1.000,2026-10-06T01:09:53.000Z
61.000,Caldari Citizen 3891005,Porpoise,74998,32627,70756,798,-0.9880,0.1527,-0.0216,433,1.000,1.000,1.000,2026-10-06T01:09:53.000Z
61.000,Caldari Citizen 8777524,Prospect,67603,14828,72419,584,-0.2465,0.7794,-0.5760,160,0.000,1.000,1.000,2026-10-06T01:09:53.000Z
61.000,Minmatar Citizen 0254120,Procurer,76650,59359,68126,122,0.8064,-0.0093,-0.5913,516,1.000,1.000,1.000,2026-10-06T01:09:53.000Z
61.000,Amarr Citizen 2674287,Porpoise,71657,59506,75478,584,-0.8276,0.5526,-0.0985,224,1.000,1.000,1.000,2026-10-06T01:09:53.000Z
61.000,Amarr Citizen 5054432,Venture,80553,54915,65318,206,0.4379,-0.8791,-0.1884,816,1.000,1.000,1.000,2026-10-06T01:09:53.000Z
61.000,Amarr Citizen 4520313,Covetor,50497,147510,101154,1273,-0.8477,-0.4249,0.3175,436,0.000,0.000,0.545,2026-10-06T01:09:53.000Z
61.000,Minmatar Citizen 9978241,Retriever,56362,9595,65772,1579,-0.8277,0.5319,-0.1792,188,1.000,1.000,1.000,2026-10-06T01:09:53.000Z
61.000,Minmatar Citizen 7162778,Mackinaw,34274,40422,60952,1163,-0.6751,0.7374,0.0217,332,0.000,0.798,1.000,2026-10-06T01:09:53.000Z
61.000,Minmatar Citizen 9678938,Porpoise,80523,42061,71139,207,-0.9191,-0.3940,0.0040,538,1.000,1.000,1.000,2026-10-06T01:09:53.000Z
61.000,Minmatar Citizen 2250648,Porpoise,69851,50880,78436,140,-0.1727,-0.9845,0.0301,750,1.000,1.000,1.000,2026-10-06T01:09:53.000Z
61.000,Gallente Citizen 1635012,Venture,69812,66428,32407,4257,0.1427,0.9650,0.2198,528,1.000,1.000,1.000,2026-10-06T01:09:53.000Z
61.000,Amarr Citizen 2281178,Procurer,68313,44336,80801,216,0.0745,0.7147,-0.6955,791,1.000,1.000,1.000,2026-10-06T01:09:53.000Z
62.000,Caldari Citizen 9942864,Venture,73368,14438,66685,648,-0.4817,0.8762,0.0127,366,1.000,1.000,1.000,2026-10-06T01:09:54.000Z
62.000,Caldari Citizen 6206817,Orca,72009,54736,73042,118,-0.8704,-0.4718,0.1407,415,0.950,1.000,1.000,2026-10-06T01:09:54.000Z
62.000,Minmatar Citizen 9745080,Skiff,60422,128440,87383,2196,-0.8162,0.2085,0.5388,269,1.000,1.000,1.000,2026-10-06T01:09:54.000Z
62.000,Amarr Citizen 0220922,Porpoise,76937,82948,49721,1173,0.6256,0.5166,-0.5846,305,1.000,1.000,1.000,2026-10-06T01:09:54.000Z
62.000,Minmatar Citizen 4351238,Venture,58578,27013,43753,2696,-0.0615,0.8563,-0.5127,70,1.000,1.000,1.000,2026-10-06T01:09:54.000Z
62.000,Caldari Citizen 3216932,Retriever,76782,49321,67382,52,,,,520,0.000,0.290,1.000,2026-10-06T01:09:54.000Z
62.000,Minmatar Citizen 9076035,Porpoise,75273,88120,81003,1432,0.2947,0.8350,-0.4646,415,1.000,1.000,1.000,2026-10-06T01:09:54.000Z
62.000,Minmatar Citizen 6662812,Procurer,41394,25404,60676,2765,-0.5181,0.8546,-0.0345,241,1.000,1.000,1.000,2026-10-06T01:09:54.000Z
62.000,Caldari Citizen 3891005,Porpoise,74183,32812,70698,700,-0.9817,0.1887,-0.0263,538,1.000,1.000,1.000,2026-10-06T01:09:54.000Z
62.000,Caldari Citizen 8777524,Prospect,67474,15226,72055,584,-0.1920,0.7667,-0.6127,300,0.000,1.000,1.000,2026-10-06T01:09:54.000Z
62.000,Minmatar Citizen 0254120,Procurer,76761,59365,67989,122,0.7954,0.3052,-0.5236,533,1.000,1.000,1.000,2026-10-06T01:09:54.000Z
62.000,Amarr Citizen 2674287,Porpoise,71096,59757,75374,496,-0.8601,0.5073,-0.0528,417,1.000,1.000,1.000,2026-10-06T01:09:54.000Z
62.000,Amarr Citizen 5054432,Venture,80613,54742,65340,165,0.3962,-0.9060,-0.1488,810,1.000,1.000,1.000,2026-10-06T01:09:54.000Z
62.000,Amarr Citizen 4520313,Covetor,49374,146919,101583,1250,-0.8603,-0.4350,0.2657,390,0.000,0.000,0.253,2026-10-06T01:09:54.000Z
62.000,Minmatar Citizen 9978241,Retriever,55028,10629,65557,1636,-0.7843,0.6069,-0.1289,277,1.000,1.000,1.000,2026-10-06T01:09:54.000Z
62.000,Minmatar Citizen 7162778,Mackinaw,33446,41325,60869,1115,-0.6515,0.7574,-0.0438,270,0.000,0.798,1.000,2026-10-06T01:09:54.000Z
62.000,Minmatar Citizen 9678938,Porpoise,80340,42019,71197,206,-0.9023,-0.4279,0.0516,542,1.000,1.000,1.000,2026-10-06T01:09:54.000Z
62.000,Minmatar Citizen 2250648,Porpoise,69727,50621,78554,148,-0.0489,-0.9494,0.3102,711,1.000,1.000,1.000,2026-10-06T01:09:54.000Z
62.000,Gallente Citizen 1635012,Venture,70515,70434,33392,4306,0.1234,0.9572,0.2619,299,1.000,1.000,1.000,2026-10-06T01:09:54.000Z
62.000,Amarr Citizen 2281178,Procurer,68311,44420,80640,223,0.2423,0.4990,-0.8320,802,1.000,1.000,1.000,2026-10-06T01:09:54.000Z
63.000,Caldari Citizen 9942864,Venture,73114,14983,66736,654,-0.5067,0.8621,-0.0081,220,1.000,1.000,1.000,2026-10-06T01:09:55.000Z
63.000,Caldari Citizen 6206817,Orca,71687,54497,73028,118,-0.8793,-0.4739,0.0474,55,0.940,1.000,1.000,2026-10-06T01:09:55.000Z
63.000,Minmatar Citizen 9745080,Skiff,58605,128951,88509,2236,-0.8179,0.2259,0.5291,123,1.000,1.000,1.000,2026-10-06T01:09:55.000Z
63.000,Amarr Citizen 0220922,Porpoise,77702,83552,49088,1184,0.6232,0.5648,-0.5410,237,1.000,1.000,1.000,2026-10-06T01:09:55.000Z
63.000,Minmatar Citizen 4351238,Venture,58508,29357,42261,2731,-0.0246,0.8314,-0.5551,147,1.000,1.000,1.000,2026-10-06T01:09:55.000Z
63.000,Caldari Citizen 3216932,Retriever,76889,49279,67341,52,,,,519,0.000,0.200,1.000,2026-10-06T01:09:55.000Z
63.000,Minmatar Citizen 9076035,Porpoise,75780,89285,80351,1444,0.3162,0.8093,-0.4950,655,1.000,1.000,1.000,2026-10-06T01:09:55.000Z
63.000,Minmatar Citizen 6662812,Procurer,39985,27782,60628,2812,-0.5002,0.8651,-0.0383,175,1.000,1.000,1.000,2026-10-06T01:09:55.000Z
63.000,Caldari Citizen 3891005,Porpoise,73438,32834,70640,643.5,-0.9728,0.2286,-0.0374,254,1.000,1.000,1.000,2026-10-06T01:09:55.000Z
63.000,Caldari Citizen 8777524,Prospect,67302,15647,71637,585,-0.1521,0.7608,-0.6309,326,0.000,1.000,1.000,2026-10-06T01:09:55.000Z
63.000,Minmatar Citizen 0254120,Procurer,76890,59389,67893,122,0.6870,0.5790,-0.4391,544,1.000,1.000,1.000,2026-10-06T01:09:55.000Z
63.000,Amarr Citizen 2674287,Porpoise,70609,59967,75347,421,-0.8735,0.4860,0.0297,366,1.000,1.000,1.000,2026-10-06T01:09:55.000Z
63.000,Amarr Citizen 5054432,Venture,80604,54591,65444,133,0.2400,-0.9606,-0.1405,1129,1.000,1.000,1.000,2026-10-06T01:09:55.000Z
63.000,Amarr Citizen 4520313,Covetor,48282,146266,101931,1220,-0.8789,-0.4290,0.2085,310,0.000,0.020,0.253,2026-10-06T01:09:55.000Z
63.000,Minmatar Citizen 9978241,Retriever,53774,11822,65500,1700,-0.7424,0.6643,-0.0871,336,1.000,1.000,1.000,2026-10-06T01:09:55.000Z
63.000,Minmatar Citizen 7162778,Mackinaw,32764,42151,60773,1077,-0.6243,0.7735,-0.1093,283,0.000,0.806,1.000,2026-10-06T01:09:55.000Z
63.000,Minmatar Citizen 9678938,Porpoise,80089,41867,71211,206,-0.8833,-0.4589,0.0960,596,1.000,1.000,1.000,2026-10-06T01:09:55.000Z
63.000,Minmatar Citizen 2250648,Porpoise,69674,50493,78723,156,0.2520,-0.7309,0.6342,701,1.000,1.000,1.000,2026-10-06T01:09:55.000Z
63.000,Gallente Citizen 1635012,Venture,71105,74492,34579,4346,0.0873,0.9425,0.3226,265,1.000,1.000,1.000,2026-10-06T01:09:55.000Z
63.000,Amarr Citizen 2281178,Procurer,68411,44444,80459,228,,,,791,1.000,1.000,1.000,2026-10-06T01:09:55.000Z
64.000,Caldari Citizen 9942864,Venture,72799,15501,66698,657,-0.5324,0.8432,-0.0739,424,1.000,1.000,1.000,2026-10-06T01:09:56.000Z
64.000,Caldari Citizen 6206817,Orca,71416,54347,72964,116,-0.9079,-0.4175,0.0385,415,0.940,1.000,1.000,2026-10-06T01:09:56.000Z
64.000,Minmatar Citizen 9745080,Skiff,56795,129463,89638,2270,-0.8198,0.2355,0.5219,300,1.000,1.000,1.000,2026-10-06T01:09:56.000Z
64.000,Amarr Citizen 0220922,Porpoise,78461,84307,48493,1204,0.6314,0.5904,-0.5028,71,1.000,1.000,1.000,2026-10-06T01:09:56.000Z
64.000,Minmatar Citizen 4351238,Venture,58514,31605,40617,2761,0.0012,0.8100,-0.5865,221,1.000,1.000,1.000,2026-10-06T01:09:56.000Z
64.000,Caldari Citizen 3216932,Retriever,76940,49248,67331,52,,,,517,0.000,0.190,1.000,2026-10-06T01:09:56.000Z
64.000,Minmatar Citizen 9076035,Porpoise,76276,90474,79629,1455,0.3146,0.7951,-0.5185,563,1.000,1.000,1.000,2026-10-06T01:09:56.000Z
64.000,Minmatar Citizen 6662812,Procurer,38626,30247,60511,2834,-0.4798,0.8763,-0.0435,64,1.000,1.000,1.000,2026-10-06T01:09:56.000Z
64.000,Caldari Citizen 3891005,Porpoise,72709,32927,70604,699,-0.9542,0.2936,-0.0571,342,1.000,1.000,1.000,2026-10-06T01:09:56.000Z
64.000,Caldari Citizen 8777524,Prospect,67233,16156,71259,586,-0.1073,0.7693,-0.6298,435,0.000,1.000,1.000,2026-10-06T01:09:56.000Z
64.000,Minmatar Citizen 0254120,Procurer,77065,59509,67851,122,0.6149,0.6788,-0.4013,562,1.000,1.000,1.000,2026-10-06T01:09:56.000Z
64.000,Amarr Citizen 2674287,Porpoise,70201,60206,75407,359,-0.8655,0.4763,0.1552,452,1.000,1.000,1.000,2026-10-06T01:09:56.000Z
64.000,Amarr Citizen 5054432,Venture,80629,54409,65443,164,0.1164,-0.9623,-0.2460,1314,1.000,1.000,1.000,2026-10-06T01:09:56.000Z
64.000,Amarr Citizen 4520313,Covetor,47060,145685,102133,1202,-0.8945,-0.4183,0.1576,34,,,,2026-10-06T01:09:56.000Z
64.000,Minmatar Citizen 9978241,Retriever,52471,13005,65391,1767,-0.7031,0.7082,-0.0642,154,1.000,1.000,1.000,2026-10-06T01:09:56.000Z
64.000,Minmatar Citizen 7162778,Mackinaw,32191,42940,60655,1029,-0.5940,0.7883,-0.1606,224,0.000,0.838,1.000,2026-10-06T01:09:56.000Z
64.000,Minmatar Citizen 9678938,Porpoise,79719,41603,71180,206,-0.8721,-0.4710,0.1324,511,1.000,1.000,1.000,2026-10-06T01:09:56.000Z
64.000,Minmatar Citizen 2250648,Porpoise,69784,50427,78869,163,,,,686,1.000,1.000,1.000,2026-10-06T01:09:56.000Z
64.000,Gallente Citizen 1635012,Venture,71405,78592,35946,4379,0.0432,0.9106,0.4110,286,1.000,1.000,1.000,2026-10-06T01:09:56.000Z
64.000,Amarr Citizen 2281178,Procurer,68563,44444,80297,233,0.3912,0.3352,-0.8571,766,1.000,1.000,1.000,2026-10-06T01:09:56.000Z
65.000,Caldari Citizen 9942864,Venture,72360,16048,66606,659,-0.5460,0.8238,-0.1523,484,1.000,1.000,1.000,2026-10-06T01:09:57.000Z
65.000,Caldari Citizen 6206817,Orca,71253,54319,72950,116,-0.9402,-0.3088,0.1437,388,0.940,1.000,1.000,2026-10-06T01:09:57.000Z
65.000,Minmatar Citizen 9745080,Skiff,54978,130018,90809,2298,-0.8248,0.2277,0.5175,123,1.000,1.000,1.000,2026-10-06T01:09:57.000Z
65.000,Amarr Citizen 0220922,Porpoise,79179,85115,47905,1173,0.6541,0.5927,-0.4700,160,1.000,1.000,1.000,2026-10-06T01:09:57.000Z
65.000,Minmatar Citizen 4351238,Venture,58588,33801,38907,2788,0.0129,0.7944,-0.6073,133,1.000,1.000,1.000,2026-10-06T01:09:57.000Z
65.000,Caldari Citizen 3216932,Retriever,76900,49228,67329,52,,,,518,0.000,0.190,1.000,2026-10-06T01:09:57.000Z
65.000,Minmatar Citizen 9076035,Porpoise,76775,91621,78869,1466,0.2874,0.7869,-0.5461,324,1.000,1.000,1.000,2026-10-06T01:09:57.000Z
65.000,Minmatar Citizen 6662812,Procurer,37337,32709,60330,2746,-0.4604,0.8865,-0.0465,114,1.000,1.000,1.000,2026-10-06T01:09:57.000Z
65.000,Caldari Citizen 3891005,Porpoise,71985,33183,70624,779,-0.9170,0.3922,-0.0735,285,1.000,1.000,1.000,2026-10-06T01:09:57.000Z
65.000,Caldari Citizen 8777524,Prospect,67203,16640,70880,586,-0.0529,0.7840,-0.6185,132,0.000,0.990,1.000,2026-10-06T01:09:57.000Z
65.000,Minmatar Citizen 0254120,Procurer,77253,59804,67823,122,0.5932,0.6970,-0.4029,397,1.000,1.000,1.000,2026-10-06T01:09:57.000Z
65.000,Amarr Citizen 2674287,Porpoise,69891,60452,75512,305,-0.8452,0.4387,0.3054,320,1.000,1.000,1.000,2026-10-06T01:09:57.000Z
65.000,Amarr Citizen 5054432,Venture,80724,54175,65317,224,0.0272,-0.8955,-0.4442,1317,1.000,1.000,1.000,2026-10-06T01:09:57.000Z
65.000,Amarr Citizen 4520313,Covetor,45787,145191,102222,1234,-0.9092,-0.4009,0.1126,506,,,,2026-10-06T01:09:57.000Z
65.000,Minmatar Citizen 9978241,Retriever,51176,14251,65238,1817,-0.6671,0.7428,-0.0571,326,1.000,1.000,1.000,2026-10-06T01:09:57.000Z
65.000,Minmatar Citizen 7162778,Mackinaw,31660,43698,60468,899,-0.5693,0.7966,-0.2036,140,0.000,0.838,1.000,2026-10-06T01:09:57.000Z
65.000,Minmatar Citizen 9678938,Porpoise,79439,41447,71229,206,-0.8707,-0.4704,0.1432,451,1.000,1.000,1.000,2026-10-06T01:09:57.000Z
65.000,Minmatar Citizen 2250648,Porpoise,70017,50470,78979,169,0.8224,-0.2394,0.5161,400,1.000,1.000,1.000,2026-10-06T01:09:57.000Z
65.000,Gallente Citizen 1635012,Venture,71395,82582,37638,4282,-0.0014,0.8488,0.5287,493,1.000,1.000,1.000,2026-10-06T01:09:57.000Z
65.000,Amarr Citizen 2281178,Procurer,68700,44507,80112,235,0.2946,0.3969,-0.8693,755,1.000,1.000,1.000,2026-10-06T01:09:57.000Z
66.000,Caldari Citizen 9942864,Venture,71969,16564,66513,660,-0.5352,0.8107,-0.2375,476,1.000,1.000,1.000,2026-10-06T01:09:58.000Z
66.000,Caldari Citizen 6206817,Orca,71078,54295,73009,116,-0.9197,-0.1575,0.3598,384,0.930,1.000,1.000,2026-10-06T01:09:58.000Z
66.000,Minmatar Citizen 9745080,Skiff,53153,130551,91989,2316,-0.8307,0.1958,0.5212,344,1.000,1.000,1.000,2026-10-06T01:09:58.000Z
66.000,Amarr Citizen 0220922,Porpoise,79819,85767,47397,939,0.6964,0.5734,-0.4316,321,1.000,1.000,1.000,2026-10-06T01:09:58.000Z
66.000,Minmatar Citizen 4351238,Venture,58667,35959,37146,2804,0.0115,0.7829,-0.6220,274,1.000,1.000,1.000,2026-10-06T01:09:58.000Z
66.000,Caldari Citizen 3216932,Retriever,76769,49200,67255,52,,,,550,0.000,0.160,1.000,2026-10-06T01:09:58.000Z
66.000,Minmatar Citizen 9076035,Porpoise,77193,92731,78040,1473,0.2583,0.7769,-0.5742,489,1.000,1.000,1.000,2026-10-06T01:09:58.000Z
66.000,Minmatar Citizen 6662812,Procurer,36118,35105,60153,2691,-0.4454,0.8942,-0.0459,352,1.000,1.000,1.000,2026-10-06T01:09:58.000Z
66.000,Caldari Citizen 3891005,Porpoise,71214,33614,70571,831,-0.8697,0.4848,-0.0926,183,1.000,1.000,1.000,2026-10-06T01:09:58.000Z
66.000,Caldari Citizen 8777524,Prospect,67208,17079,70537,586,-0.0147,0.7872,-0.6165,175,0.000,0.990,1.000,2026-10-06T01:09:58.000Z
66.000,Minmatar Citizen 0254120,Procurer,77399,60164,67632,122,0.5748,0.7006,-0.4228,78,1.000,1.000,1.000,2026-10-06T01:09:58.000Z
66.000,Amarr Citizen 2674287,Porpoise,69589,60645,75666,264,-0.8469,0.3391,0.4097,299,1.000,1.000,1.000,2026-10-06T01:09:58.000Z
66.000,Amarr Citizen 5054432,Venture,80708,53925,65167,263,-0.1266,-0.8057,-0.5786,949,1.000,1.000,1.000,2026-10-06T01:09:58.000Z
66.000,Amarr Citizen 4520313,Capsule,45086,144936,102229,0,-0.9250,-0.3733,0.0710,6,,,,2026-10-06T01:09:58.000Z
66.000,Minmatar Citizen 9978241,Retriever,50014,15675,65159,1808,-0.6270,0.7773,-0.0509,224,1.000,1.000,1.000,2026-10-06T01:09:58.000Z
66.000,Minmatar Citizen 7162778,Mackinaw,31179,44392,60239,818,-0.5662,0.7867,-0.2460,44,0.000,0.828,1.000,2026-10-06T01:09:58.000Z
66.000,Minmatar Citizen 9678938,Porpoise,79257,41390,71328,206,-0.8728,-0.4723,0.1228,435,1.000,1.000,1.000,2026-10-06T01:09:58.000Z
66.000,Minmatar Citizen 2250648,Porpoise,70203,50503,79043,173,0.8847,-0.3046,0.3528,321,1.000,1.000,1.000,2026-10-06T01:09:58.000Z
66.000,Gallente Citizen 1635012,Venture,71197,86059,39983,3846,-0.0341,0.7449,0.6663,383,1.000,1.000,1.000,2026-10-06T01:09:58.000Z
67.000,Caldari Citizen 9942864,Venture,71628,17110,66329,665,-0.4950,0.8066,-0.3231,172,1.000,1.000,1.000,2026-10-06T01:09:59.000Z
67.000,Caldari Citizen 6206817,Orca,70890,54274,73116,116,-0.8214,-0.0475,0.5684,390,0.930,1.000,1.000,2026-10-06T01:09:59.000Z
67.000,Minmatar Citizen 9745080,Skiff,51297,131069,93131,2230,-0.8354,0.1300,0.5341,167,1.000,1.000,1.000,2026-10-06T01:09:59.000Z
67.000,Amarr Citizen 0220922,Porpoise,80418,86174,47087,570,0.7673,0.5139,-0.3835,67,1.000,1.000,1.000,2026-10-06T01:09:59.000Z
67.000,Minmatar Citizen 4351238,Venture,58725,38182,35390,2829,0.0033,0.7730,-0.6344,468,1.000,1.000,1.000,2026-10-06T01:09:59.000Z
67.000,Caldari Citizen 3216932,Retriever,76596,49146,67116,52,,,,890,0.000,0.110,1.000,2026-10-06T01:09:59.000Z
67.000,Minmatar Citizen 9076035,Porpoise,77509,93886,77155,1485,0.2463,0.7652,-0.5948,395,1.000,1.000,1.000,2026-10-06T01:09:59.000Z
67.000,Minmatar Citizen 6662812,Procurer,34968,37462,60053,2604,-0.4357,0.8991,-0.0417,193,1.000,1.000,1.000,2026-10-06T01:09:59.000Z
67.000,Caldari Citizen 3891005,Porpoise,70414,34144,70424,918,-0.8375,0.5344,-0.1142,161,1.000,1.000,1.000,2026-10-06T01:09:59.000Z
67.000,Caldari Citizen 8777524,Prospect,67217,17538,70183,586,-0.0080,0.7833,-0.6216,330,0.000,1.000,1.000,2026-10-06T01:09:59.000Z
67.000,Minmatar Citizen 0254120,Procurer,77643,60387,67383,169,0.5407,0.7107,-0.4501,586,1.000,1.000,1.000,2026-10-06T01:09:59.000Z
67.000,Amarr Citizen 2674287,Porpoise,69282,60745,75877,200,-0.8958,0.1569,0.4159,326,1.000,1.000,1.000,2026-10-06T01:09:59.000Z
67.000,Amarr Citizen 5054432,Venture,80674,53744,65002,318,-0.3999,-0.7134,-0.5755,962,1.000,1.000,1.000,2026-10-06T01:09:59.000Z
67.000,Amarr Citizen 4520313,Capsule,45086,144936,102229,0,-0.9352,-0.3520,0.0384,6,,,,2026-10-06T01:09:59.000Z
67.000,Minmatar Citizen 9978241,Retriever,48924,17150,65060,1791,-0.5776,0.8156,-0.0334,289,1.000,1.000,1.000,2026-10-06T01:09:59.000Z
67.000,Minmatar Citizen 7162778,Mackinaw,30775,44999,60019,691,-0.5957,0.7498,-0.2880,161,0.000,0.828,1.000,2026-10-06T01:09:59.000Z
67.000,Minmatar Citizen 9678938,Porpoise,79079,41334,71408,206,-0.8741,-0.4750,0.1017,432,1.000,1.000,1.000,2026-10-06T01:09:59.000Z
67.000,Minmatar Citizen 2250648,Porpoise,70378,50416,79113,180,0.8684,-0.4372,0.2341,295,1.000,1.000,1.000,2026-10-06T01:09:59.000Z
67.000,Gallente Citizen 1635012,Venture,70939,88710,42969,3459,-0.0444,0.5988,0.7997,394,1.000,1.000,1.000,2026-10-06T01:09:59.000Z
67.000,Amarr Citizen 2281178,Procurer,68870,44936,79404,426,-0.0139,0.4721,-0.8814,426,1.000,1.000,1.000,2026-10-06T01:09:59.000Z
68.000,Caldari Citizen 9942864,Venture,71293,17710,66085,667,-0.4361,0.8074,-0.3973,334,1.000,1.000,1.000,2026-10-06T01:10:00.000Z
68.000,Caldari Citizen 6206817,Orca,70742,54274,73260,116,-0.7486,-0.0101,0.6629,394,0.930,1.000,1.000,2026-10-06T01:10:00.000Z
68.000,Minmatar Citizen 9745080,Skiff,49534,131352,94169,1915,-0.8313,0.0148,0.5557,200,1.000,1.000,1.000,2026-10-06T01:10:00.000Z
68.000,Amarr Citizen 0220922,Porpoise,80906,86361,46943,422,0.8670,0.3852,-0.3162,196,1.000,1.000,1.000,2026-10-06T01:10:00.000Z
68.000,Minmatar Citizen 4351238,Venture,58719,40411,33641,2839,-0.0030,0.7631,-0.6462,191,1.000,1.000,1.000,2026-10-06T01:10:00.000Z
68.000,Caldari Citizen 3216932,Retriever,76524,49120,67019,52,,,,893,0.000,0.110,1.000,2026-10-06T01:10:00.000Z
68.000,Minmatar Citizen 9076035,Porpoise,77750,95073,76188,1491,0.2531,0.7539,-0.6063,419,1.000,1.000,1.000,2026-10-06T01:10:00.000Z
68.000,Minmatar Citizen 6662812,Procurer,33904,39801,60001,2566,-0.4302,0.9020,-0.0358,248,1.000,1.000,1.000,2026-10-06T01:10:00.000Z
68.000,Caldari Citizen 3891005,Porpoise,69637,34729,70287,958,-0.8288,0.5441,-0.1304,130,1.000,1.000,1.000,2026-10-06T01:10:00.000Z
68.000,Caldari Citizen 8777524,Prospect,67246,18003,69838,587,-0.0069,0.7925,-0.6099,288,0.000,1.000,1.000,2026-10-06T01:10:00.000Z
68.000,Minmatar Citizen 0254120,Procurer,77901,60542,67211,187.5,0.4912,0.7348,-0.4677,572,1.000,1.000,1.000,2026-10-06T01:10:00.000Z
68.000,Amarr Citizen 2674287,Porpoise,69042,60724,76070,174,-0.9412,-0.0599,0.3325,348,1.000,1.000,1.000,2026-10-06T01:10:00.000Z
68.000,Amarr Citizen 5054432,Venture,80596,53607,64803,337,-0.6857,-0.5654,-0.4585,1024,1.000,1.000,1.000,2026-10-06T01:10:00.000Z
68.000,Amarr Citizen 4520313,Capsule,45086,144936,102229,0,,,,6,,,,2026-10-06T01:10:00.000Z
68.000,Minmatar Citizen 9978241,Retriever,47927,18605,64973,1784,-0.5281,0.8491,-0.0109,349,1.000,1.000,1.000,2026-10-06T01:10:00.000Z
68.000,Minmatar Citizen 7162778,Mackinaw,30423,45500,59834,637,-0.6560,0.6835,-0.3202,202,0.000,0.828,1.000,2026-10-06T01:10:00.000Z
68.000,Minmatar Citizen 9678938,Porpoise,78820,41177,71402,206,-0.8736,-0.4795,0.0825,498,0.700,1.000,1.000,2026-10-06T01:10:00.000Z
68.000,Minmatar Citizen 2250648,Porpoise,70599,50216,79165,183,0.8124,-0.5726,0.1102,574,1.000,1.000,1.000,2026-10-06T01:10:00.000Z
68.000,Gallente Citizen 1635012,Venture,70640,90395,46339,3430,-0.0312,0.4352,0.8998,432,1.000,1.000,1.000,2026-10-06T01:10:00.000Z
68.000,Amarr Citizen 2281178,Procurer,68859,45195,78880,535,-0.1453,0.4523,-0.8800,543,1.000,1.000,1.000,2026-10-06T01:10:00.000Z
69.000,Caldari Citizen 9942864,Venture,71015,18227,65751,671,-0.3978,0.8071,-0.4364,404,1.000,1.000,1.000,2026-10-06T01:10:01.000Z
69.000,Caldari Citizen 6206817,Orca,70661,54287,73399,117,,,,395,0.930,1.000,1.000,2026-10-06T01:10:01.000Z
69.000,Minmatar Citizen 9745080,Skiff,48051,131259,95144,1584,-0.8051,-0.1567,0.5721,183,1.000,1.000,1.000,2026-10-06T01:10:01.000Z
69.000,Amarr Citizen 0220922,Porpoise,81282,86460,46909,283,0.9588,0.1526,-0.2397,256,1.000,1.000,1.000,2026-10-06T01:10:01.000Z
69.000,Minmatar Citizen 4351238,Venture,58629,42554,31774,2852,0.0044,0.7541,-0.6568,383,1.000,1.000,1.000,2026-10-06T01:10:01.000Z
69.000,Caldari Citizen 3216932,Retriever,76521,49115,66959,52,,,,900,0.000,0.061,1.000,2026-10-06T01:10:01.000Z
69.000,Minmatar Citizen 9076035,Porpoise,78136,96241,75252,1498,0.2778,0.7421,-0.6100,199,1.000,1.000,1.000,2026-10-06T01:10:01.000Z
69.000,Minmatar Citizen 6662812,Procurer,32912,41934,59926,2221,-0.4247,0.9049,-0.0265,299,1.000,1.000,1.000,2026-10-06T01:10:01.000Z
69.000,Caldari Citizen 3891005,Porpoise,68847,35304,70156,1012,-0.8405,0.5249,-0.1344,380,1.000,1.000,1.000,2026-10-06T01:10:01.000Z
69.000,Caldari Citizen 8777524,Prospect,67208,18443,69429,587,-0.0111,0.8033,-0.5955,352,0.000,1.000,1.000,2026-10-06T01:10:01.000Z
69.000,Minmatar Citizen 0254120,Procurer,78032,60735,67121,216,,,,581,1.000,1.000,1.000,2026-10-06T01:10:01.000Z
69.000,Amarr Citizen 2674287,Porpoise,68803,60638,76130,153,-0.9483,-0.2481,0.1981,396,1.000,1.000,1.000,2026-10-06T01:10:01.000Z
69.000,Amarr Citizen 5054432,Venture,80360,53468,64682,348,-0.8633,-0.3733,-0.3396,1116,1.000,1.000,1.000,2026-10-06T01:10:01.000Z
69.000,Amarr Citizen 4520313,Capsule,45086,144936,102229,0,,,,6,,,,2026-10-06T01:10:01.000Z
69.000,Minmatar Citizen 9978241,Retriever,47164,20003,64994,1481,-0.4861,0.8739,0.0116,343,1.000,1.000,1.000,2026-10-06T01:10:01.000Z
69.000,Minmatar Citizen 7162778,Mackinaw,29987,45917,59623,569,-0.7506,0.5669,-0.3396,146,0.000,0.827,1.000,2026-10-06T01:10:01.000Z
69.000,Minmatar Citizen 9678938,Porpoise,78449,40911,71336,206,-0.8801,-0.4659,0.0918,448,0.327,1.000,1.000,2026-10-06T01:10:01.000Z
69.000,Minmatar Citizen 2250648,Porpoise,70753,50053,79175,187,0.7833,-0.6214,-0.0154,507,1.000,1.000,1.000,2026-10-06T01:10:01.000Z
69.000,Gallente Citizen 1635012,Venture,70536,91463,49921,3499,-0.0026,0.2938,0.9559,278,1.000,1.000,1.000,2026-10-06T01:10:01.000Z
69.000,Amarr Citizen 2281178,Procurer,68674,45542,78234,683,-0.2874,0.4012,-0.8697,515,1.000,1.000,1.000,2026-10-06T01:10:01.000Z
70.000,Caldari Citizen 9942864,Venture,70822,18715,65388,672,-0.4078,0.8058,-0.4295,113,1.000,1.000,1.000,2026-10-06T01:10:02.000Z
70.000,Caldari Citizen 6206817,Orca,70591,54298,73502,117,,,,398,0.930,1.000,1.000,2026-10-06T01:10:02.000Z
70.000,Minmatar Citizen 9745080,Skiff,46894,130815,96076,1408,-0.7406,-0.3771,0.5562,309,1.000,1.000,1.000,2026-10-06T01:10:02.000Z
70.000,Amarr Citizen 0220922,Porpoise,81572,86479,46871,269,0.9635,-0.1895,-0.1890,179,1.000,1.000,1.000,2026-10-06T01:10:02.000Z
70.000,Minmatar Citizen 4351238,Venture,58557,44608,29862,2863,0.0281,0.7421,-0.6697,434,1.000,1.000,1.000,2026-10-06T01:10:02.000Z
70.000,Caldari Citizen 3216932,Retriever,76498,49120,66932,52,,,,904,0.000,0.050,0.667,2026-10-06T01:10:02.000Z
70.000,Minmatar Citizen 9076035,Porpoise,78637,97348,74314,1505,0.3066,0.7222,-0.6200,434,1.000,1.000,1.000,2026-10-06T01:10:02.000Z
70.000,Minmatar Citizen 6662812,Procurer,32041,43730,59848,1898,-0.4279,0.9036,-0.0182,202,1.000,1.000,1.000,2026-10-06T01:10:02.000Z
70.000,Caldari Citizen 3891005,Porpoise,67969,35836,70008,1060,-0.8587,0.4953,-0.1314,254,1.000,1.000,1.000,2026-10-06T01:10:02.000Z
70.000,Caldari Citizen 8777524,Prospect,67173,18935,69056,587,-0.0179,0.8094,-0.5870,173,0.000,0.970,1.000,2026-10-06T01:10:02.000Z
70.000,Minmatar Citizen 0254120,Procurer,77978,60865,67128,232,,,,599,1.000,1.000,1.000,2026-10-06T01:10:02.000Z
70.000,Amarr Citizen 2674287,Porpoise,68503,60512,76070,135,-0.9265,-0.3720,0.0562,758,1.000,1.000,1.000,2026-10-06T01:10:02.000Z
70.000,Amarr Citizen 5054432,Venture,79977,53323,64646,349,-0.9530,-0.1782,-0.2449,925,1.000,1.000,1.000,2026-10-06T01:10:02.000Z
70.000,Amarr Citizen 4520313,Capsule,45086,144936,102229,0,,,,6,,,,2026-10-06T01:10:02.000Z
70.000,Minmatar Citizen 9978241,Retriever,46647,21177,65085,1215,-0.4519,0.8914,0.0341,266,1.000,1.000,1.000,2026-10-06T01:10:02.000Z
70.000,Minmatar Citizen 7162778,Mackinaw,29492,46211,59388,514,-0.8552,0.3981,-0.3318,376,0.061,0.827,1.000,2026-10-06T01:10:02.000Z
70.000,Minmatar Citizen 9678938,Porpoise,78169,40750,71358,206,-0.8958,-0.4266,0.1248,379,0.000,1.000,1.000,2026-10-06T01:10:02.000Z
70.000,Minmatar Citizen 2250648,Porpoise,70862,49945,79156,190,0.7897,-0.6023,-0.1168,476,1.000,1.000,1.000,2026-10-06T01:10:02.000Z
70.000,Gallente Citizen 1635012,Venture,70613,92121,53544,3629,0.0352,0.1974,0.9797,329,1.000,1.000,1.000,2026-10-06T01:10:02.000Z
70.000,Amarr Citizen 2281178,Procurer,68459,45905,77531,813,-0.3281,0.3816,-0.8641,320,1.000,1.000,1.000,2026-10-06T01:10:02.000Z
71.000,Caldari Citizen 9942864,Venture,70639,19220,65099,669,-0.4660,0.8013,-0.3751,316,1.000,1.000,1.000,2026-10-06T01:10:03.000Z
71.000,Caldari Citizen 6206817,Orca,70470,54296,73576,118,,,,403,0.930,1.000,1.000,2026-10-06T01:10:03.000Z
71.000,Minmatar Citizen 9745080,Skiff,46017,130032,96916,1363,-0.6430,-0.5973,0.4794,542,1.000,1.000,1.000,2026-10-06T01:10:03.000Z
71.000,Amarr Citizen 0220922,Porpoise,81882,86394,46798,360,0.8270,-0.5431,-0.1453,122,1.000,1.000,1.000,2026-10-06T01:10:03.000Z
71.000,Minmatar Citizen 4351238,Venture,58615,46640,27979,2872,0.0671,0.7246,-0.6859,454,1.000,1.000,1.000,2026-10-06T01:10:03.000Z
71.000,Caldari Citizen 3216932,Retriever,76472,49126,66952,52,,,,901,0.000,0.050,0.657,2026-10-06T01:10:03.000Z
71.000,Minmatar Citizen 9076035,Porpoise,79189,98442,73396,1510,0.3273,0.6904,-0.6451,133,1.000,1.000,1.000,2026-10-06T01:10:03.000Z
71.000,Minmatar Citizen 6662812,Procurer,31300,45264,59790,1628,-0.4504,0.8928,-0.0098,369,1.000,1.000,1.000,2026-10-06T01:10:03.000Z
71.000,Caldari Citizen 3891005,Porpoise,67045,36322,69889,1100,-0.8733,0.4710,-0.1247,438,1.000,1.000,1.000,2026-10-06T01:10:03.000Z
71.000,Caldari Citizen 8777524,Prospect,67191,19477,68751,587,-0.0305,0.8077,-0.5888,297,0.000,0.960,1.000,2026-10-06T01:10:03.000Z
71.000,Minmatar Citizen 0254120,Procurer,77844,60877,67192,147,,,,596,1.000,1.000,1.000,2026-10-06T01:10:03.000Z
71.000,Amarr Citizen 2674287,Porpoise,68274,60417,76041,123,-0.9071,-0.4201,-0.0279,782,1.000,1.000,1.000,2026-10-06T01:10:03.000Z
71.000,Amarr Citizen 5054432,Venture,79622,53272,64639,347,-0.9825,-0.0065,-0.1864,937,1.000,1.000,1.000,2026-10-06T01:10:03.000Z
71.000,Amarr Citizen 4520313,Capsule,45086,144936,102229,0,,,,6,,,,2026-10-06T01:10:03.000Z
71.000,Minmatar Citizen 9978241,Retriever,46183,22213,65149,1246,-0.4348,0.8995,0.0428,154,1.000,1.000,1.000,2026-10-06T01:10:03.000Z
71.000,Minmatar Citizen 7162778,Mackinaw,29062,46332,59223,473,-0.9347,0.2109,-0.2859,239,,,,2026-10-06T01:10:03.000Z
71.000,Minmatar Citizen 9678938,Porpoise,77978,40699,71459,195,-0.9109,-0.3829,0.1539,366,0.000,0.970,1.000,2026-10-06T01:10:03.000Z
71.000,Minmatar Citizen 2250648,Porpoise,70992,49879,79092,193,0.8032,-0.5788,-0.1407,456,1.000,1.000,1.000,2026-10-06T01:10:03.000Z
71.000,Gallente Citizen 1635012,Venture,70843,92609,57266,3768,0.0781,0.1479,0.9859,166,1.000,1.000,1.000,2026-10-06T01:10:03.000Z
71.000,Amarr Citizen 2281178,Procurer,68154,46189,76795,925,-0.3973,0.3477,-0.8493,667,1.000,1.000,1.000,2026-10-06T01:10:03.000Z
72.000,Caldari Citizen 9942864,Venture,70352,19757,64897,670,-0.5624,0.7829,-0.2659,311,1.000,1.000,1.000,2026-10-06T01:10:04.000Z
72.000,Caldari Citizen 6206817,Orca,70267,54247,73583,119,-0.9119,-0.4085,-0.0401,428,0.930,1.000,1.000,2026-10-06T01:10:04.000Z
72.000,Minmatar Citizen 9745080,Skiff,45290,129035,97542,1312,-0.5383,-0.7721,0.3377,103,1.000,1.000,1.000,2026-10-06T01:10:04.000Z
72.000,Amarr Citizen 0220922,Porpoise,82182,86148,46724,345,0.5734,-0.8187,-0.0290,133,1.000,1.000,1.000,2026-10-06T01:10:04.000Z
72.000,Minmatar Citizen 4351238,Venture,58911,48642,26171,2879,0.1190,0.7014,-0.7027,326,1.000,1.000,1.000,2026-10-06T01:10:04.000Z
72.000,Caldari Citizen 3216932,Retriever,76441,49091,66987,52,,,,896,0.000,0.060,0.429,2026-10-06T01:10:04.000Z
72.000,Minmatar Citizen 9076035,Porpoise,79707,99434,72542,1287,0.3224,0.6391,-0.6983,239,1.000,1.000,1.000,2026-10-06T01:10:04.000Z
72.000,Minmatar Citizen 6662812,Procurer,30732,46603,59853,1395,-0.5058,0.8626,-0.0022,402,1.000,1.000,1.000,2026-10-06T01:10:04.000Z
72.000,Caldari Citizen 3891005,Porpoise,66078,36752,69751,1136,-0.8840,0.4549,-0.1076,279,1.000,1.000,1.000,2026-10-06T01:10:04.000Z
72.000,Caldari Citizen 8777524,Prospect,67187,19984,68410,587,-0.0315,0.8018,-0.5967,159,0.000,0.950,1.000,2026-10-06T01:10:04.000Z
72.000,Minmatar Citizen 0254120,Procurer,77769,60816,67238,99,,,,583,1.000,1.000,1.000,2026-10-06T01:10:04.000Z
72.000,Amarr Citizen 2674287,Porpoise,68128,60329,76040,118,-0.8979,-0.4379,-0.0447,411,1.000,1.000,1.000,2026-10-06T01:10:04.000Z
72.000,Amarr Citizen 5054432,Venture,79271,53321,64539,348,-0.9703,0.1652,-0.1766,1030,1.000,1.000,1.000,2026-10-06T01:10:04.000Z
72.000,Amarr Citizen 4520313,Capsule,45086,144936,102229,0,,,,6,,,,2026-10-06T01:10:04.000Z
72.000,Minmatar Citizen 9978241,Retriever,45689,23271,65220,1300,-0.4437,0.8958,0.0257,287,1.000,1.000,1.000,2026-10-06T01:10:04.000Z
72.000,Minmatar Citizen 7162778,Mackinaw,28615,46299,59102,441,-0.9791,0.0308,-0.2012,338,0.061,0.888,1.000,2026-10-06T01:10:04.000Z
72.000,Minmatar Citizen 9678938,Porpoise,77805,40684,71559,190,-0.9077,-0.3894,0.1564,362,0.000,0.960,1.000,2026-10-06T01:10:04.000Z
72.000,Minmatar Citizen 2250648,Porpoise,71130,49822,79032,156,0.7920,-0.6033,-0.0939,441,1.000,1.000,1.000,2026-10-06T01:10:04.000Z
72.000,Gallente Citizen 1635012,Venture,71181,93030,61060,3899,0.1205,0.1326,0.9838,92,1.000,1.000,1.000,2026-10-06T01:10:04.000Z
72.000,Amarr Citizen 2281178,Procurer,67743,46490,75976,1023,-0.4552,0.3072,-0.8358,281,1.000,1.000,1.000,2026-10-06T01:10:04.000Z
73.000,Caldari Citizen 9942864,Venture,69944,20227,64773,671,-0.6673,0.7329,-0.1321,426,1.000,1.000,1.000,2026-10-06T01:10:05.000Z
73.000,Caldari Citizen 6206817,Orca,70008,54129,73513,120,-0.8302,-0.5127,-0.2187,806,0.920,1.000,1.000,2026-10-06T01:10:05.000Z
73.000,Minmatar Citizen 9745080,Skiff,44679,127866,97896,1349,-0.4319,-0.8886,0.1541,207,1.000,1.000,1.000,2026-10-06T01:10:05.000Z
73.000,Amarr Citizen 0220922,Porpoise,82398,85742,46675,319,0.2559,-0.9444,0.2065,322,1.000,1.000,1.000,2026-10-06T01:10:05.000Z
73.000,Minmatar Citizen 4351238,Venture,59330,50577,24267,2884,0.1759,0.6723,-0.7191,268,1.000,1.000,1.000,2026-10-06T01:10:05.000Z
73.000,Caldari Citizen 3216932,Retriever,76364,48969,66990,52,,,,900,0.000,0.100,0.283,2026-10-06T01:10:05.000Z
73.000,Minmatar Citizen 9076035,Porpoise,80083,100211,71650,1096,0.2889,0.5625,-0.7747,208,1.000,1.000,1.000,2026-10-06T01:10:05.000Z
73.000,Minmatar Citizen 6662812,Procurer,30067,47767,59876,1268,-0.6043,0.7967,0.0045,236,1.000,1.000,1.000,2026-10-06T01:10:05.000Z
73.000,Caldari Citizen 3891005,Porpoise,65056,37262,69595,1169,-0.8956,0.4378,-0.0794,310,1.000,1.000,1.000,2026-10-06T01:10:05.000Z
73.000,Caldari Citizen 8777524,Prospect,67161,20425,68059,587,-0.0276,0.7823,-0.6223,190,0.000,0.950,1.000,2026-10-06T01:10:05.000Z
73.000,Minmatar Citizen 0254120,Procurer,77733,60767,67289,107,,,,569,1.000,1.000,1.000,2026-10-06T01:10:05.000Z
73.000,Amarr Citizen 2674287,Porpoise,67993,60249,76053,118,,,,392,1.000,1.000,1.000,2026-10-06T01:10:05.000Z
73.000,Amarr Citizen 5054432,Venture,78849,53448,64433,351,-0.9266,0.3364,-0.1680,1002,1.000,1.000,1.000,2026-10-06T01:10:05.000Z
73.000,Amarr Citizen 4520313,Capsule,45086,144936,102229,0,,,,6,,,,2026-10-06T01:10:05.000Z
73.000,Minmatar Citizen 9978241,Retriever,45159,24318,65266,1348,-0.4598,0.8880,-0.0101,250,1.000,1.000,1.000,2026-10-06T01:10:05.000Z
73.000,Minmatar Citizen 7162778,Mackinaw,28160,46249,59039,417,-0.9873,-0.1194,-0.1048,265,0.000,0.888,1.000,2026-10-06T01:10:05.000Z
73.000,Minmatar Citizen 9678938,Porpoise,77575,40620,71588,188,-0.8845,-0.4518,0.1163,396,0.000,0.899,1.000,2026-10-06T01:10:05.000Z
73.000,Minmatar Citizen 2250648,Porpoise,71312,49694,79027,128,0.6993,-0.7141,-0.0336,441,1.000,1.000,1.000,2026-10-06T01:10:05.000Z
73.000,Gallente Citizen 1635012,Venture,71706,93466,64930,3946,0.1616,0.1429,0.9765,448,1.000,1.000,1.000,2026-10-06T01:10:05.000Z
73.000,Amarr Citizen 2281178,Procurer,67226,46835,75075,1110,-0.4820,0.2887,-0.8273,262,1.000,1.000,1.000,2026-10-06T01:10:05.000Z
74.000,Caldari Citizen 9942864,Venture,69477,20649,64738,657,-0.7477,0.6640,-0.0087,108,1.000,1.000,1.000,2026-10-06T01:10:06.000Z
74.000,Caldari Citizen 6206817,Orca,69847,53994,73455,121,-0.6997,-0.5682,-0.4331,809,0.920,1.000,1.000,2026-10-06T01:10:06.000Z
74.000,Minmatar Citizen 9745080,Skiff,44118,126592,97957,1438,-0.3084,-0.9502,-0.0453,232,1.000,1.000,1.000,2026-10-06T01:10:06.000Z
74.000,Amarr Citizen 0220922,Porpoise,82402,85345,46718,299,-0.0357,-0.8867,0.4609,300,1.000,1.000,1.000,2026-10-06T01:10:06.000Z
74.000,Minmatar Citizen 4351238,Venture,59858,52334,22254,2889,0.2227,0.6407,-0.7348,327,1.000,1.000,1.000,2026-10-06T01:10:06.000Z
74.000,Caldari Citizen 3216932,Retriever,76244,48779,66953,53,,,,516,0.000,0.131,0.283,2026-10-06T01:10:06.000Z
74.000,Minmatar Citizen 9076035,Porpoise,80367,100744,70759,954,0.2289,0.4536,-0.8613,208,1.000,1.000,1.000,2026-10-06T01:10:06.000Z
74.000,Minmatar Citizen 6662812,Procurer,29301,48703,59882,1123,-0.7391,0.6735,0.0119,297,1.000,1.000,1.000,2026-10-06T01:10:06.000Z
74.000,Caldari Citizen 3891005,Porpoise,64008,37858,69491,1198,-0.9126,0.4054,-0.0525,319,1.000,1.000,1.000,2026-10-06T01:10:06.000Z
74.000,Caldari Citizen 8777524,Prospect,67102,20858,67667,587,-0.0233,0.7492,-0.6619,408,0.000,0.929,1.000,2026-10-06T01:10:06.000Z
74.000,Minmatar Citizen 0254120,Procurer,77685,60746,67364,138,,,,554,1.000,1.000,1.000,2026-10-06T01:10:06.000Z
74.000,Amarr Citizen 2674287,Porpoise,67859,60189,76074,123,,,,398,1.000,1.000,1.000,2026-10-06T01:10:06.000Z
74.000,Amarr Citizen 5054432,Venture,78536,53600,64379,357,-0.8774,0.4666,-0.1115,1018,1.000,1.000,1.000,2026-10-06T01:10:06.000Z
74.000,Amarr Citizen 4520313,Capsule,45086,144936,102229,0,,,,6,,,,2026-10-06T01:10:06.000Z
74.000,Minmatar Citizen 9978241,Retriever,44556,25430,65241,1392,-0.4712,0.8802,-0.0578,171,1.000,1.000,1.000,2026-10-06T01:10:06.000Z
74.000,Minmatar Citizen 7162778,Mackinaw,27791,46183,59052,400,-0.9752,-0.2154,-0.0505,49,0.000,0.879,1.000,2026-10-06T01:10:06.000Z
74.000,Minmatar Citizen 9678938,Porpoise,77243,40434,71552,188,-0.8688,-0.4894,0.0750,702,0.000,0.899,1.000,2026-10-06T01:10:06.000Z
74.000,Minmatar Citizen 2250648,Porpoise,71540,49485,79059,110,0.4618,-0.8864,-0.0333,674,1.000,1.000,1.000,2026-10-06T01:10:06.000Z
74.000,Gallente Citizen 1635012,Venture,72444,94006,68818,4010,0.2022,0.1698,0.9645,160,1.000,1.000,1.000,2026-10-06T01:10:06.000Z
74.000,Amarr Citizen 2281178,Procurer,66608,47161,74119,1185,-0.5048,0.2771,-0.8175,442,1.000,1.000,1.000,2026-10-06T01:10:06.000Z
75.000,Caldari Citizen 9942864,Venture,68990,20992,64802,635,-0.7918,0.6004,0.1119,238,1.000,1.000,1.000,2026-10-06T01:10:07.000Z
75.000,Caldari Citizen 6206817,Orca,69756,53849,73383,121,,,,443,0.920,1.000,1.000,2026-10-06T01:10:07.000Z
75.000,Minmatar Citizen 9745080,Skiff,43668,125216,97754,1543,-0.1651,-0.9610,-0.2218,490,1.000,1.000,1.000,2026-10-06T01:10:07.000Z
75.000,Amarr Citizen 0220922,Porpoise,82227,85046,46967,283,-0.2244,-0.7242,0.6521,211,1.000,1.000,1.000,2026-10-06T01:10:07.000Z
75.000,Minmatar Citizen 4351238,Venture,60552,53945,20197,2893,0.2515,0.6160,-0.7465,635,1.000,1.000,1.000,2026-10-06T01:10:07.000Z
75.000,Caldari Citizen 3216932,Retriever,76176,48676,66933,52,,,,502,,,,2026-10-06T01:10:07.000Z
75.000,Minmatar Citizen 9076035,Porpoise,80534,101018,69868,794,0.1619,0.3127,-0.9360,151,1.000,1.000,1.000,2026-10-06T01:10:07.000Z
75.000,Minmatar Citizen 6662812,Procurer,28397,49301,59846,988,-0.8671,0.4975,0.0252,409,1.000,1.000,1.000,2026-10-06T01:10:07.000Z
75.000,Caldari Citizen 3891005,Porpoise,62935,38384,69477,1225,-0.9299,0.3668,-0.0281,356,1.000,1.000,1.000,2026-10-06T01:10:07.000Z
75.000,Caldari Citizen 8777524,Prospect,67091,21291,67276,587,-0.0062,0.7060,-0.7082,304,0.000,0.929,1.000,2026-10-06T01:10:07.000Z
75.000,Minmatar Citizen 0254120,Procurer,77589,60729,67442,168,-0.7698,-0.6067,0.1983,544,1.000,1.000,1.000,2026-10-06T01:10:07.000Z
75.000,Amarr Citizen 2674287,Porpoise,67790,60160,76046,131,-0.0114,-0.5712,-0.8207,412,1.000,1.000,1.000,2026-10-06T01:10:07.000Z
75.000,Amarr Citizen 5054432,Venture,78306,53782,64333,366,-0.8332,0.5529,-0.0110,1056,1.000,1.000,1.000,2026-10-06T01:10:07.000Z
75.000,Amarr Citizen 4520313,Capsule,45086,144936,102229,0,,,,6,,,,2026-10-06T01:10:07.000Z
75.000,Minmatar Citizen 9978241,Retriever,43894,26572,65140,1431,-0.4710,0.8752,-0.1105,485,1.000,1.000,1.000,2026-10-06T01:10:07.000Z
75.000,Minmatar Citizen 7162778,Mackinaw,27449,46088,59092,387,-0.9612,-0.2724,-0.0432,199,0.000,0.879,1.000,2026-10-06T01:10:07.000Z
75.000,Minmatar Citizen 9678938,Porpoise,76985,40198,71545,188,-0.9034,-0.4270,0.0385,373,0.000,0.818,1.000,2026-10-06T01:10:07.000Z
75.000,Minmatar Citizen 2250648,Porpoise,71641,49319,79090,102,0.1353,-0.9837,-0.1181,636,1.000,1.000,1.000,2026-10-06T01:10:07.000Z
75.000,Gallente Citizen 1635012,Venture,73382,94713,72730,4085,0.2394,0.2088,0.9482,293,1.000,1.000,1.000,2026-10-06T01:10:07.000Z
75.000,Amarr Citizen 2281178,Procurer,65895,47405,73146,1252,-0.5852,0.2146,-0.7820,250,1.000,1.000,1.000,2026-10-06T01:10:07.000Z
76.000,Caldari Citizen 9942864,Venture,68492,21324,64902,617,-0.7963,0.5518,0.2477,490,1.000,1.000,1.000,2026-10-06T01:10:08.000Z
76.000,Caldari Citizen 6206817,Orca,69734,53772,73286,122,-0.1288,-0.0684,-0.9893,415,0.920,1.000,1.000,2026-10-06T01:10:08.000Z
76.000,Minmatar Citizen 9745080,Skiff,43490,123810,97291,1627,-0.0172,-0.9367,-0.3496,589,1.000,1.000,1.000,2026-10-06T01:10:08.000Z
76.000,Amarr Citizen 0220922,Porpoise,82034,84821,47377,272,-0.3145,-0.5430,0.7786,506,1.000,1.000,1.000,2026-10-06T01:10:08.000Z
76.000,Minmatar Citizen 4351238,Venture,61401,55518,18162,2895,0.2567,0.6092,-0.7504,692,1.000,1.000,1.000,2026-10-06T01:10:08.000Z
76.000,Caldari Citizen 3216932,Capsule,76129,48645,66956,80,,,,498,,,,2026-10-06T01:10:08.000Z
76.000,Minmatar Citizen 9076035,Porpoise,80580,101150,69057,696,0.1159,0.1394,-0.9834,467,1.000,1.000,1.000,2026-10-06T01:10:08.000Z
76.000,Minmatar Citizen 6662812,Procurer,27502,49502,59853,857,-0.9466,0.3181,0.0532,383,1.000,1.000,1.000,2026-10-06T01:10:08.000Z
76.000,Caldari Citizen 3891005,Porpoise,61799,38784,69519,1246,-0.9426,0.3333,-0.0191,323,1.000,1.000,1.000,2026-10-06T01:10:08.000Z
76.000,Caldari Citizen 8777524,Prospect,67118,21701,66892,587,0.0115,0.6374,-0.7705,306,0.000,0.910,1.000,2026-10-06T01:10:08.000Z
76.000,Minmatar Citizen 0254120,Procurer,77415,60642,67481,192,-0.6353,-0.7717,-0.0294,558,1.000,1.000,1.000,2026-10-06T01:10:08.000Z
76.000,Amarr Citizen 2674287,Porpoise,67832,60131,75900,262,0.2430,-0.5584,-0.7932,423,1.000,1.000,1.000,2026-10-06T01:10:08.000Z
76.000,Amarr Citizen 5054432,Venture,78055,53995,64351,376,-0.7877,0.6130,0.0609,1101,1.000,1.000,1.000,2026-10-06T01:10:08.000Z
76.000,Amarr Citizen 4520313,Capsule,45086,144936,102229,0,,,,6,,,,2026-10-06T01:10:08.000Z
76.000,Minmatar Citizen 9978241,Retriever,43289,27714,64967,1462,-0.4650,0.8700,-0.1641,238,1.000,1.000,1.000,2026-10-06T01:10:08.000Z
76.000,Minmatar Citizen 7162778,Mackinaw,27065,45956,59091,380,-0.9469,-0.3073,-0.0947,417,0.000,0.888,1.000,2026-10-06T01:10:08.000Z
76.000,Minmatar Citizen 9678938,Porpoise,76819,40044,71592,189,-0.9727,-0.2316,-0.0158,322,0.000,0.818,1.000,2026-10-06T01:10:08.000Z
76.000,Minmatar Citizen 2250648,Porpoise,71578,49118,79087,103,-0.1996,-0.9418,-0.2706,649,1.000,1.000,1.000,2026-10-06T01:10:08.000Z
76.000,Gallente Citizen 1635012,Venture,74451,95654,76603,4148,0.2701,0.2622,0.9265,277,1.000,1.000,1.000,2026-10-06T01:10:08.000Z
77.000,Caldari Citizen 9942864,Venture,67966,21679,65037,576,-0.7598,0.5047,0.4097,454,1.000,1.000,1.000,2026-10-06T01:10:09.000Z
77.000,Caldari Citizen 6206817,Orca,69763,53776,73108,123,0.0658,0.2386,-0.9689,408,0.910,1.000,1.000,2026-10-06T01:10:09.000Z
77.000,Minmatar Citizen 9745080,Skiff,43625,122292,96554,1728,0.1264,-0.8972,-0.4232,463,1.000,1.000,1.000,2026-10-06T01:10:09.000Z
77.000,Amarr Citizen 0220922,Porpoise,81923,84672,47740,261,-0.3269,-0.4266,0.8433,244,1.000,1.000,1.000,2026-10-06T01:10:09.000Z
77.000,Minmatar Citizen 4351238,Venture,62189,57162,16062,2898,0.2340,0.6240,-0.7456,339,1.000,1.000,1.000,2026-10-06T01:10:09.000Z
77.000,Caldari Citizen 3216932,Capsule,76023,48613,67043,187,,,,486,,,,2026-10-06T01:10:09.000Z
77.000,Minmatar Citizen 9076035,Porpoise,80569,101213,68367,636,0.0905,-0.0746,-0.9931,231,1.000,1.000,1.000,2026-10-06T01:10:09.000Z
77.000,Minmatar Citizen 6662812,Procurer,26695,49485,59919,730,-0.9784,0.1919,0.0773,241,1.000,1.000,1.000,2026-10-06T01:10:09.000Z
77.000,Caldari Citizen 3891005,Porpoise,60542,39063,69505,1268,-0.9475,0.3169,-0.0428,258,1.000,1.000,1.000,2026-10-06T01:10:09.000Z
77.000,Caldari Citizen 8777524,Prospect,67137,22033,66500,449,0.0284,0.5337,-0.8452,93,0.000,0.900,1.000,2026-10-06T01:10:09.000Z
77.000,Minmatar Citizen 0254120,Procurer,77161,60424,67471,216,-0.3765,-0.8944,-0.2414,194,1.000,1.000,1.000,2026-10-06T01:10:09.000Z
77.000,Amarr Citizen 2674287,Porpoise,67953,59983,75581,407,0.3210,-0.5866,-0.7436,478,1.000,1.000,1.000,2026-10-06T01:10:09.000Z
77.000,Amarr Citizen 5054432,Venture,77752,54233,64434,388,-0.7629,0.6408,0.0862,792,1.000,1.000,1.000,2026-10-06T01:10:09.000Z
77.000,Amarr Citizen 4520313,Capsule,45086,144936,102229,0,,,,6,,,,2026-10-06T01:10:09.000Z
77.000,Minmatar Citizen 9978241,Retriever,42655,28866,64678,1494,-0.4612,0.8614,-0.2130,424,1.000,1.000,1.000,2026-10-06T01:10:09.000Z
77.000,Minmatar Citizen 7162778,Mackinaw,26653,45803,59022,374,-0.9316,-0.3054,-0.1972,258,0.000,0.960,1.000,2026-10-06T01:10:09.000Z
77.000,Minmatar Citizen 9678938,Porpoise,76581,39998,71645,189,-0.9983,0.0242,-0.0533,321,0.000,0.818,1.000,2026-10-06T01:10:09.000Z
77.000,Minmatar Citizen 2250648,Porpoise,71449,48812,78972,108,-0.4561,-0.7470,-0.4837,262,1.000,1.000,1.000,2026-10-06T01:10:09.000Z
77.000,Gallente Citizen 1635012,Venture,75683,96810,80458,4170,0.2918,0.3309,0.8974,275,1.000,1.000,1.000,2026-10-06T01:10:09.000Z
78.000,Caldari Citizen 9942864,Venture,67531,21952,65298,470,-0.6857,0.4438,0.5769,402,1.000,1.000,1.000,2026-10-06T01:10:10.000Z
78.000,Caldari Citizen 6206817,Orca,69787,53887,72798,123,0.1506,0.3902,-0.9083,445,0.910,1.000,1.000,2026-10-06T01:10:10.000Z
78.000,Minmatar Citizen 9745080,Skiff,43978,120731,95671,1825,0.2508,-0.8586,-0.4470,714,1.000,1.000,1.000,2026-10-06T01:10:10.000Z
78.000,Amarr Citizen 0220922,Porpoise,81871,84612,47977,254,-0.3260,-0.4161,0.8489,141,1.000,1.000,1.000,2026-10-06T01:10:10.000Z
78.000,Minmatar Citizen 4351238,Venture,62896,58882,13990,2900,0.1846,0.6512,-0.7361,440,1.000,1.000,1.000,2026-10-06T01:10:10.000Z
78.000,Caldari Citizen 3216932,Capsule,75885,48601,67171,187,,,,472,,,,2026-10-06T01:10:10.000Z
78.000,Minmatar Citizen 9076035,Porpoise,80623,101162,67720,630,0.0884,-0.2875,-0.9537,195,1.000,1.000,1.000,2026-10-06T01:10:10.000Z
78.000,Minmatar Citizen 6662812,Procurer,26048,49512,60053,622,-0.9828,0.1615,0.0892,322,1.000,1.000,1.000,2026-10-06T01:10:10.000Z
78.000,Caldari Citizen 3891005,Porpoise,59302,39393,69484,1288,-0.9396,0.3306,-0.0883,347,1.000,1.000,1.000,2026-10-06T01:10:10.000Z
78.000,Caldari Citizen 8777524,Prospect,67166,22227,66101,446,0.0329,0.3748,-0.9265,141,0.000,0.900,1.000,2026-10-06T01:10:10.000Z
78.000,Minmatar Citizen 0254120,Procurer,77021,60119,67391,235,-0.0417,-0.9402,-0.3382,473,1.000,1.000,1.000,2026-10-06T01:10:10.000Z
78.000,Amarr Citizen 2674287,Porpoise,68145,59604,75087,538,0.3356,-0.6413,-0.6900,370,1.000,1.000,1.000,2026-10-06T01:10:10.000Z
78.000,Amarr Citizen 5054432,Venture,77471,54451,64512,393,-0.7556,0.6498,0.0826,800,1.000,1.000,1.000,2026-10-06T01:10:10.000Z
78.000,Amarr Citizen 4520313,Capsule,45086,144936,102229,0,,,,6,,,,2026-10-06T01:10:10.000Z
78.000,Minmatar Citizen 9978241,Retriever,42072,30084,64364,1521,-0.4689,0.8484,-0.2456,500,1.000,1.000,1.000,2026-10-06T01:10:10.000Z
78.000,Minmatar Citizen 7162778,Mackinaw,26347,45677,58942,336,-0.9091,-0.2783,-0.3100,193,0.000,0.960,1.000,2026-10-06T01:10:10.000Z
78.000,Minmatar Citizen 9678938,Porpoise,76213,40096,71610,190,-0.9746,0.2182,-0.0497,419,0.000,0.808,1.000,2026-10-06T01:10:10.000Z
78.000,Minmatar Citizen 2250648,Porpoise,71288,48624,78831,117,-0.5227,-0.4691,-0.7118,623,1.000,1.000,1.000,2026-10-06T01:10:10.000Z
78.000,Gallente Citizen 1635012,Venture,76951,98180,84116,4031,0.3034,0.4107,0.8598,269,1.000,1.000,1.000,2026-10-06T01:10:10.000Z
78.000,Amarr Citizen 2281178,Procurer,63894,47950,70775,1552,-0.5401,0.2708,-0.7968,751,1.000,1.000,1.000,2026-10-06T01:10:10.000Z
79.000,Caldari Citizen 9942864,Venture,67272,22117,65662,355,-0.5820,0.3498,0.7342,400,1.000,1.000,1.000,2026-10-06T01:10:11.000Z
79.000,Caldari Citizen 6206817,Orca,69836,54113,72427,124,0.1813,0.4307,-0.8841,313,0.910,1.000,1.000,2026-10-06T01:10:11.000Z
79.000,Minmatar Citizen 9745080,Skiff,44538,119214,94769,1914,0.3375,-0.8350,-0.4346,307,1.000,1.000,1.000,2026-10-06T01:10:11.000Z
79.000,Amarr Citizen 0220922,Porpoise,81805,84544,48176,248,-0.3744,-0.4975,0.7825,131,1.000,1.000,1.000,2026-10-06T01:10:11.000Z
79.000,Minmatar Citizen 4351238,Venture,63370,60832,11825,2902,0.1189,0.6779,-0.7255,404,1.000,1.000,1.000,2026-10-06T01:10:11.000Z
79.000,Caldari Citizen 3216932,Capsule,75757,48621,67300,187,-0.7137,0.0472,0.6989,457,,,,2026-10-06T01:10:11.000Z
79.000,Minmatar Citizen 9076035,Porpoise,80738,100875,67069,660,0.0975,-0.4736,-0.8753,276,1.000,1.000,1.000,2026-10-06T01:10:11.000Z
79.000,Minmatar Citizen 6662812,Procurer,25411,49650,60153,530,-0.9693,0.2357,0.0707,246,1.000,1.000,1.000,2026-10-06T01:10:11.000Z
79.000,Caldari Citizen 3891005,Porpoise,58079,39871,69369,1306,-0.9208,0.3648,-0.1382,377,1.000,1.000,1.000,2026-10-06T01:10:11.000Z
79.000,Caldari Citizen 8777524,Prospect,67159,22355,65627,471,0.0161,0.1591,-0.9871,433,0.000,0.900,1.000,2026-10-06T01:10:11.000Z
79.000,Minmatar Citizen 0254120,Procurer,77095,59801,67205,250,0.2644,-0.9177,-0.2966,736,1.000,1.000,1.000,2026-10-06T01:10:11.000Z
79.000,Amarr Citizen 2674287,Porpoise,68436,59117,74620,658,0.3329,-0.7160,-0.6136,516,1.000,1.000,1.000,2026-10-06T01:10:11.000Z
79.000,Amarr Citizen 5054432,Venture,77217,54696,64506,383,-0.7512,0.6580,0.0531,860,1.000,1.000,1.000,2026-10-06T01:10:11.000Z
79.000,Amarr Citizen 4520313,Capsule,45086,144936,102229,0,,,,6,,,,2026-10-06T01:10:11.000Z
79.000,Minmatar Citizen 9978241,Retriever,41426,31304,63957,1547,-0.4965,0.8296,-0.2556,411,1.000,1.000,1.000,2026-10-06T01:10:11.000Z
79.000,Minmatar Citizen 7162778,Mackinaw,26089,45612,58805,303,-0.8830,-0.2448,-0.4005,261,0.000,0.949,1.000,2026-10-06T01:10:11.000Z
79.000,Minmatar Citizen 9678938,Porpoise,75771,40287,71474,191,-0.9526,0.3044,0.0029,479,0.000,0.768,1.000,2026-10-06T01:10:11.000Z
79.000,Minmatar Citizen 2250648,Porpoise,71158,48618,78696,236,-0.4254,-0.1973,-0.8832,605,1.000,1.000,1.000,2026-10-06T01:10:11.000Z
79.000,Gallente Citizen 1635012,Venture,78253,100002,87555,3991,0.3081,0.4943,0.8129,152,1.000,1.000,1.000,2026-10-06T01:10:11.000Z
79.000,Amarr Citizen 2281178,Procurer,63086,48437,69493,1659,-0.4674,0.3219,-0.8234,421,1.000,1.000,1.000,2026-10-06T01:10:11.000Z
80.000,Caldari Citizen 9942864,Venture,67182,22188,66060,268,-0.4876,0.2312,0.8419,152,1.000,1.000,1.000,2026-10-06T01:10:12.000Z
80.000,Caldari Citizen 6206817,Orca,69915,54282,72215,125,0.1769,0.3782,-0.9087,257,0.900,1.000,1.000,2026-10-06T01:10:12.000Z
80.000,Minmatar Citizen 9745080,Skiff,45344,117648,93897,1993,0.3874,-0.8313,-0.3985,199,1.000,1.000,1.000,2026-10-06T01:10:12.000Z
80.000,Amarr Citizen 0220922,Porpoise,81709,84406,48368,243,-0.4463,-0.6328,0.6327,221,1.000,1.000,1.000,2026-10-06T01:10:12.000Z
80.000,Minmatar Citizen 4351238,Venture,63616,62979,9682,2903,0.0531,0.6982,-0.7140,104,1.000,1.000,1.000,2026-10-06T01:10:12.000Z
80.000,Caldari Citizen 3216932,Capsule,75631,48648,67425,187,-0.6883,0.0065,0.7254,445,,,,2026-10-06T01:10:12.000Z
80.000,Minmatar Citizen 9076035,Porpoise,80828,100332,66365,715,0.0976,-0.6332,-0.7678,356,1.000,1.000,1.000,2026-10-06T01:10:12.000Z
80.000,Minmatar Citizen 6662812,Procurer,24829,49829,60159,452,-0.9262,0.3768,0.0161,270,1.000,1.000,1.000,2026-10-06T01:10:12.000Z
80.000,Caldari Citizen 3891005,Porpoise,56787,40440,69064,1321,-0.9006,0.3921,-0.1875,179,1.000,1.000,1.000,2026-10-06T01:10:12.000Z
80.000,Caldari Citizen 8777524,Prospect,67171,22429,65142,483,-0.0018,-0.0414,-0.9991,173,0.000,0.889,1.000,2026-10-06T01:10:12.000Z
80.000,Minmatar Citizen 0254120,Procurer,77308,59551,67016,263,0.4509,-0.8814,-0.1410,719,1.000,1.000,1.000,2026-10-06T01:10:12.000Z
80.000,Amarr Citizen 2674287,Porpoise,68670,58600,74178,720,0.3260,-0.7911,-0.5175,191,1.000,1.000,1.000,2026-10-06T01:10:12.000Z
80.000,Amarr Citizen 5054432,Venture,76937,54954,64494,349,-0.7530,0.6565,0.0442,581,1.000,1.000,1.000,2026-10-06T01:10:12.000Z
80.000,Amarr Citizen 4520313,Capsule,45086,144936,102229,0,,,,6,,,,2026-10-06T01:10:12.000Z
80.000,Minmatar Citizen 9978241,Retriever,40660,32591,63485,1568,-0.5381,0.8060,-0.2467,95,1.000,1.000,1.000,2026-10-06T01:10:12.000Z
80.000,Minmatar Citizen 7162778,Mackinaw,25842,45579,58637,281,-0.8477,-0.2172,-0.4839,312,0.000,0.939,1.000,2026-10-06T01:10:12.000Z
80.000,Minmatar Citizen 9678938,Porpoise,75469,40425,71445,192,-0.9486,0.2973,0.1083,424,0.000,0.768,1.000,2026-10-06T01:10:12.000Z
80.000,Minmatar Citizen 2250648,Porpoise,71065,48654,78459,356,-0.2795,-0.0434,-0.9592,617,1.000,1.000,1.000,2026-10-06T01:10:12.000Z
80.000,Gallente Citizen 1635012,Venture,79538,102309,90800,4018,0.3083,0.5762,0.7569,378,1.000,1.000,1.000,2026-10-06T01:10:12.000Z
80.000,Amarr Citizen 2281178,Procurer,62344,49035,68130,1752,-0.4759,0.3096,-0.8232,705,1.000,1.000,1.000,2026-10-06T01:10:12.000Z
81.000,Caldari Citizen 9942864,Venture,67137,22185,66310,152,-0.5436,0.1555,0.8248,54,1.000,1.000,1.000,2026-10-06T01:10:13.000Z
81.000,Caldari Citizen 6206817,Orca,69981,54353,72096,125,0.1774,0.2426,-0.9538,245,0.900,1.000,1.000,2026-10-06T01:10:13.000Z
81.000,Minmatar Citizen 9745080,Skiff,46323,115983,93132,2060,0.4037,-0.8466,-0.3468,273,1.000,1.000,1.000,2026-10-06T01:10:13.000Z
81.000,Amarr Citizen 0220922,Porpoise,81556,84182,48577,239,-0.4649,-0.7499,0.4707,229,1.000,1.000,1.000,2026-10-06T01:10:13.000Z
81.000,Minmatar Citizen 4351238,Venture,63609,65131,7612,2903,-0.0131,0.7128,-0.7013,500,1.000,1.000,1.000,2026-10-06T01:10:13.000Z
81.000,Caldari Citizen 3216932,Capsule,75504,48673,67550,187,-0.6258,-0.2157,0.7495,433,,,,2026-10-06T01:10:13.000Z
81.000,Minmatar Citizen 9076035,Porpoise,80900,99766,65757,779,0.0711,-0.7542,-0.6528,239,1.000,1.000,1.000,2026-10-06T01:10:13.000Z
81.000,Minmatar Citizen 6662812,Procurer,24463,50038,60121,386,-0.8531,0.5185,-0.0584,36,1.000,1.000,1.000,2026-10-06T01:10:13.000Z
81.000,Caldari Citizen 3891005,Porpoise,55574,41065,68743,1335,-0.8892,0.3954,-0.2300,290,1.000,1.000,1.000,2026-10-06T01:10:13.000Z
81.000,Caldari Citizen 8777524,Prospect,67193,22347,64658,414,-0.0061,-0.2121,-0.9772,258,0.000,0.870,1.000,2026-10-06T01:10:13.000Z
81.000,Minmatar Citizen 0254120,Procurer,77578,59320,66997,272,0.4588,-0.8854,0.0747,680,1.000,1.000,1.000,2026-10-06T01:10:13.000Z
81.000,Amarr Citizen 2674287,Porpoise,68883,58005,73787,790,0.3055,-0.8548,-0.4196,375,1.000,1.000,1.000,2026-10-06T01:10:13.000Z
81.000,Amarr Citizen 5054432,Venture,76715,55151,64489,306,-0.7652,0.6321,0.1225,606,1.000,1.000,1.000,2026-10-06T01:10:13.000Z
81.000,Amarr Citizen 4520313,Capsule,45086,144936,102229,0,,,,6,,,,2026-10-06T01:10:13.000Z
81.000,Minmatar Citizen 9978241,Retriever,39778,33867,63081,1587,-0.5901,0.7741,-0.2291,244,1.000,1.000,1.000,2026-10-06T01:10:13.000Z
81.000,Minmatar Citizen 7162778,Mackinaw,25544,45512,58475,270,-0.7978,-0.2438,-0.5514,318,0.000,0.930,1.000,2026-10-06T01:10:13.000Z
81.000,Minmatar Citizen 9678938,Porpoise,75267,40494,71553,194,-0.9604,0.1555,0.2313,415,0.000,0.768,1.000,2026-10-06T01:10:13.000Z
81.000,Minmatar Citizen 2250648,Porpoise,70952,48681,78064,464,-0.1655,-0.0286,-0.9858,705,1.000,1.000,1.000,2026-10-06T01:10:13.000Z
81.000,Gallente Citizen 1635012,Venture,80747,104932,93811,4075,0.3100,0.6485,0.6952,204,1.000,1.000,1.000,2026-10-06T01:10:13.000Z
81.000,Amarr Citizen 2281178,Procurer,61547,49621,66665,1832,-0.4822,0.3077,-0.8203,428,1.000,1.000,1.000,2026-10-06T01:10:13.000Z
82.000,Caldari Citizen 9942864,Venture,67055,22174,66457,187,-0.7934,0.1378,0.5929,46,1.000,1.000,1.000,2026-10-06T01:10:14.000Z
82.000,Caldari Citizen 6206817,Orca,70014,54367,71873,126,0.1933,0.0471,-0.9800,270,0.900,1.000,1.000,2026-10-06T01:10:14.000Z
82.000,Minmatar Citizen 9745080,Skiff,47238,114195,92435,2119,0.3897,-0.8762,-0.2836,209,1.000,1.000,1.000,2026-10-06T01:10:14.000Z
82.000,Amarr Citizen 0220922,Porpoise,81380,83950,48681,235,-0.4368,-0.8239,0.3612,225,1.000,1.000,1.000,2026-10-06T01:10:14.000Z
82.000,Minmatar Citizen 4351238,Venture,63386,66920,5882,1764,-0.0971,0.7249,-0.6820,274,1.000,1.000,1.000,2026-10-06T01:10:14.000Z
82.000,Caldari Citizen 3216932,Capsule,75385,48668,67683,187,-0.4810,-0.5446,0.6871,418,,,,2026-10-06T01:10:14.000Z
82.000,Minmatar Citizen 9076035,Porpoise,80956,99161,65278,847,0.0220,-0.8368,-0.5470,314,1.000,1.000,1.000,2026-10-06T01:10:14.000Z
82.000,Minmatar Citizen 6662812,Procurer,24213,50288,60061,330,-0.7551,0.6447,-0.1192,196,1.000,1.000,1.000,2026-10-06T01:10:14.000Z
82.000,Caldari Citizen 3891005,Porpoise,54421,41668,68436,1344,-0.8854,0.3882,-0.2556,352,1.000,1.000,1.000,2026-10-06T01:10:14.000Z
82.000,Caldari Citizen 8777524,Prospect,67150,22122,64104,410,0.0095,-0.3706,-0.9287,375,0.000,0.850,1.000,2026-10-06T01:10:14.000Z
82.000,Minmatar Citizen 0254120,Procurer,77757,59081,67118,279,0.3131,-0.9031,0.2939,659,1.000,1.000,1.000,2026-10-06T01:10:14.000Z
82.000,Amarr Citizen 2674287,Porpoise,69174,57188,73461,865,0.2653,-0.9005,-0.3444,108,1.000,1.000,1.000,2026-10-06T01:10:14.000Z
82.000,Amarr Citizen 5054432,Venture,76548,55298,64488,275,-0.7716,0.5423,0.3324,645,1.000,1.000,1.000,2026-10-06T01:10:14.000Z
82.000,Amarr Citizen 4520313,Capsule,45086,144936,102229,0,,,,6,,,,2026-10-06T01:10:14.000Z
82.000,Minmatar Citizen 9978241,Retriever,38760,35104,62764,1604,-0.6374,0.7435,-0.2022,276,1.000,1.000,1.000,2026-10-06T01:10:14.000Z
82.000,Minmatar Citizen 7162778,Mackinaw,25318,45446,58353,268,-0.7240,-0.3800,-0.5757,284,0.000,0.919,1.000,2026-10-06T01:10:14.000Z
82.000,Minmatar Citizen 9678938,Porpoise,75087,40516,71718,195,-0.9701,-0.0742,0.2312,408,0.000,0.768,1.000,2026-10-06T01:10:14.000Z
82.000,Minmatar Citizen 2250648,Porpoise,70843,48666,77446,560,-0.1072,-0.0685,-0.9919,417,1.000,1.000,1.000,2026-10-06T01:10:14.000Z
82.000,Gallente Citizen 1635012,Venture,82017,107803,96619,4140,0.3217,0.7059,0.6311,412,1.000,1.000,1.000,2026-10-06T01:10:14.000Z
82.000,Amarr Citizen 2281178,Procurer,60656,50119,65129,1901,-0.4854,0.3093,-0.8177,464,1.000,1.000,1.000,2026-10-06T01:10:14.000Z
83.000,Caldari Citizen 9942864,Venture,66851,22209,66599,277,-0.9572,0.1084,0.2683,62,1.000,1.000,1.000,2026-10-06T01:10:15.000Z
83.000,Caldari Citizen 6206817,Orca,70000,54311,71589,126,0.2305,-0.0969,-0.9682,643,0.900,1.000,1.000,2026-10-06T01:10:15.000Z
83.000,Minmatar Citizen 9745080,Skiff,48046,112296,91860,2170,0.3495,-0.9116,-0.2166,98,1.000,1.000,1.000,2026-10-06T01:10:15.000Z
83.000,Amarr Citizen 0220922,Porpoise,81240,83683,48688,231,-0.3882,-0.8662,0.3147,226,1.000,1.000,1.000,2026-10-06T01:10:15.000Z
83.000,Minmatar Citizen 4351238,Venture,63122,67986,4856,844,-0.2726,0.7340,-0.6221,232,1.000,1.000,1.000,2026-10-06T01:10:15.000Z
83.000,Caldari Citizen 3216932,Capsule,75285,48563,67836,187,-0.3450,-0.7289,0.5913,397,,,,2026-10-06T01:10:15.000Z
83.000,Minmatar Citizen 9076035,Porpoise,81003,98311,64848,914,-0.0310,-0.8973,-0.4404,78,1.000,1.000,1.000,2026-10-06T01:10:15.000Z
83.000,Minmatar Citizen 6662812,Procurer,23983,50568,59998,282,-0.6678,0.7292,-0.1493,198,1.000,1.000,1.000,2026-10-06T01:10:15.000Z
83.000,Caldari Citizen 3891005,Porpoise,53141,42150,68020,1353,-0.8847,0.3781,-0.2727,191,1.000,1.000,1.000,2026-10-06T01:10:15.000Z
83.000,Caldari Citizen 8777524,Prospect,67129,21917,63621,438,0.0351,-0.5176,-0.8549,207,0.000,0.850,1.000,2026-10-06T01:10:15.000Z
83.000,Minmatar Citizen 0254120,Procurer,77781,58790,67325,285,0.1009,-0.8912,0.4421,842,0.900,1.000,1.000,2026-10-06T01:10:15.000Z
83.000,Amarr Citizen 2674287,Porpoise,69470,56255,73209,936,0.2347,-0.9296,-0.2842,556,1.000,1.000,1.000,2026-10-06T01:10:15.000Z
83.000,Amarr Citizen 5054432,Venture,76388,55389,64582,261,-0.7217,0.3118,0.6181,655,1.000,1.000,1.000,2026-10-06T01:10:15.000Z
83.000,Amarr Citizen 4520313,Capsule,45086,144936,102229,0,,,,6,,,,2026-10-06T01:10:15.000Z
83.000,Minmatar Citizen 9978241,Retriever,37680,36249,62492,1618,-0.6767,0.7147,-0.1768,374,1.000,1.000,1.000,2026-10-06T01:10:15.000Z
83.000,Minmatar Citizen 7162778,Mackinaw,25140,45380,58166,271,-0.5984,-0.5853,-0.5471,192,0.000,0.909,1.000,2026-10-06T01:10:15.000Z
83.000,Minmatar Citizen 9678938,Porpoise,74899,40464,71844,197,-0.9819,-0.1661,0.0910,403,0.000,0.747,1.000,2026-10-06T01:10:15.000Z
83.000,Minmatar Citizen 2250648,Porpoise,70848,48613,76788,647,-0.1001,-0.0966,-0.9903,340,1.000,1.000,1.000,2026-10-06T01:10:15.000Z
83.000,Gallente Citizen 1635012,Venture,83341,110929,99169,4203,0.3556,0.7494,0.5585,284,1.000,1.000,1.000,2026-10-06T01:10:15.000Z
83.000,Amarr Citizen 2281178,Procurer,59627,50652,63508,1963,-0.4875,0.3082,-0.8169,555,1.000,1.000,1.000,2026-10-06T01:10:15.000Z
84.000,Caldari Citizen 9942864,Venture,66447,22298,66676,354,-0.9973,0.0497,0.0547,224,1.000,1.000,1.000,2026-10-06T01:10:16.000Z
84.000,Caldari Citizen 6206817,Orca,70031,54256,71391,127,0.3121,-0.1693,-0.9348,629,0.900,1.000,1.000,2026-10-06T01:10:16.000Z
84.000,Minmatar Citizen 9745080,Skiff,48758,110239,91439,2213,0.2908,-0.9436,-0.1582,190,1.000,1.000,1.000,2026-10-06T01:10:16.000Z
84.000,Amarr Citizen 0220922,Porpoise,81167,83418,48737,229,-0.3071,-0.8934,0.3280,205,1.000,1.000,1.000,2026-10-06T01:10:16.000Z
84.000,Minmatar Citizen 4351238,Venture,62848,68470,4484,171,-0.6742,0.6533,-0.3445,451,1.000,1.000,1.000,2026-10-06T01:10:16.000Z
84.000,Caldari Citizen 3216932,Capsule,75209,48264,68012,187,-0.2770,-0.7960,0.5382,432,,,,2026-10-06T01:10:16.000Z
84.000,Minmatar Citizen 9076035,Porpoise,80961,97348,64444,977,-0.0789,-0.9360,-0.3430,327,1.000,1.000,1.000,2026-10-06T01:10:16.000Z
84.000,Minmatar Citizen 6662812,Procurer,23834,50796,59958,240,-0.6576,0.7281,-0.1936,108,1.000,1.000,1.000,2026-10-06T01:10:16.000Z
84.000,Caldari Citizen 3891005,Porpoise,51858,42589,67612,1361,-0.8838,0.3652,-0.2924,264,1.000,1.000,1.000,2026-10-06T01:10:16.000Z
84.000,Caldari Citizen 8777524,Prospect,67165,21625,63197,472,0.0958,-0.6501,-0.7538,292,0.000,0.830,1.000,2026-10-06T01:10:16.000Z
84.000,Minmatar Citizen 0254120,Procurer,77692,58483,67486,290,-0.0659,-0.8541,0.5159,403,0.879,1.000,1.000,2026-10-06T01:10:16.000Z
84.000,Amarr Citizen 2674287,Porpoise,69673,55306,72990,996,0.2179,-0.9464,-0.2384,422,1.000,1.000,1.000,2026-10-06T01:10:16.000Z
84.000,Amarr Citizen 5054432,Venture,76269,55432,64765,260,-0.5820,-0.0049,0.8132,626,1.000,1.000,1.000,2026-10-06T01:10:16.000Z
84.000,Amarr Citizen 4520313,Capsule,45086,144936,102229,0,,,,6,,,,2026-10-06T01:10:16.000Z
84.000,Minmatar Citizen 9978241,Retriever,36527,37331,62213,1630,-0.7076,0.6870,-0.1655,203,1.000,1.000,1.000,2026-10-06T01:10:16.000Z
84.000,Minmatar Citizen 7162778,Mackinaw,25024,45225,57991,278,-0.4071,-0.7703,-0.4909,202,0.000,0.899,1.000,2026-10-06T01:10:16.000Z
84.000,Minmatar Citizen 9678938,Porpoise,74590,40325,71834,198,-0.9900,-0.1385,-0.0282,467,0.000,0.737,1.000,2026-10-06T01:10:16.000Z
84.000,Minmatar Citizen 2250648,Porpoise,70843,48498,76113,725,-0.1244,-0.1115,-0.9860,681,1.000,1.000,1.000,2026-10-06T01:10:16.000Z
84.000,Gallente Citizen 1635012,Venture,84755,114212,101389,4146,0.4301,0.7761,0.4611,245,1.000,1.000,1.000,2026-10-06T01:10:16.000Z
84.000,Amarr Citizen 2281178,Procurer,58601,51320,61880,2005,-0.4802,0.3011,-0.8239,378,1.000,1.000,1.000,2026-10-06T01:10:16.000Z
85.000,Caldari Citizen 9942864,Venture,65864,22382,66644,410,-0.9977,-0.0139,-0.0663,263,1.000,1.000,1.000,2026-10-06T01:10:17.000Z
85.000,Caldari Citizen 6206817,Orca,70123,54235,71264,127,,,,627,0.890,1.000,1.000,2026-10-06T01:10:17.000Z
85.000,Minmatar Citizen 9745080,Skiff,49398,108048,91221,2239,0.2246,-0.9672,-0.1188,246,1.000,1.000,1.000,2026-10-06T01:10:17.000Z
85.000,Amarr Citizen 0220922,Porpoise,81102,83164,48860,226,-0.2179,-0.8920,0.3960,258,1.000,1.000,1.000,2026-10-06T01:10:17.000Z
85.000,Minmatar Citizen 4351238,Venture,62382,68621,4540,515,-0.9414,0.2155,0.2593,378,1.000,1.000,1.000,2026-10-06T01:10:17.000Z
85.000,Caldari Citizen 3216932,Capsule,75144,47818,68196,187,-0.2764,-0.7976,0.5361,349,,,,2026-10-06T01:10:17.000Z
85.000,Minmatar Citizen 9076035,Porpoise,80797,96393,64106,1035,-0.1199,-0.9556,-0.2692,244,1.000,1.000,1.000,2026-10-06T01:10:17.000Z
85.000,Minmatar Citizen 6662812,Procurer,23735,50962,59933,195,-0.7364,0.6326,-0.2400,136,1.000,1.000,1.000,2026-10-06T01:10:17.000Z
85.000,Caldari Citizen 3891005,Porpoise,50645,43132,67250,1369,-0.8817,0.3552,-0.3105,290,1.000,1.000,1.000,2026-10-06T01:10:17.000Z
85.000,Caldari Citizen 8777524,Prospect,67230,21253,62807,501,0.1909,-0.7770,-0.5999,335,0.000,0.830,1.000,2026-10-06T01:10:17.000Z
85.000,Minmatar Citizen 0254120,Procurer,77623,58232,67582,293,-0.1235,-0.8156,0.5652,330,0.848,1.000,1.000,2026-10-06T01:10:17.000Z
85.000,Amarr Citizen 2674287,Porpoise,69801,54327,72710,1054,0.2097,-0.9558,-0.2060,314,1.000,1.000,1.000,2026-10-06T01:10:17.000Z
85.000,Amarr Citizen 5054432,Venture,76178,55418,64981,270,-0.4314,-0.2878,0.8550,997,1.000,1.000,1.000,2026-10-06T01:10:17.000Z
85.000,Amarr Citizen 4520313,Capsule,45086,144936,102229,0,,,,6,,,,2026-10-06T01:10:17.000Z
85.000,Minmatar Citizen 9978241,Retriever,35388,38424,61990,1640,-0.7303,0.6621,-0.1684,142,1.000,1.000,1.000,2026-10-06T01:10:17.000Z
85.000,Minmatar Citizen 7162778,Mackinaw,24941,44933,57885,283,-0.2455,-0.8694,-0.4289,261,0.000,0.869,1.000,2026-10-06T01:10:17.000Z
85.000,Minmatar Citizen 9678938,Porpoise,74111,40182,71682,199,-0.9959,-0.0648,-0.0623,500,0.000,0.727,1.000,2026-10-06T01:10:17.000Z
85.000,Minmatar Citizen 2250648,Porpoise,70767,48378,75375,793,-0.1676,-0.1071,-0.9800,410,1.000,1.000,1.000,2026-10-06T01:10:17.000Z
85.000,Gallente Citizen 1635012,Venture,86174,116974,102763,2497,0.5745,0.7597,0.3046,113,1.000,1.000,1.000,2026-10-06T01:10:17.000Z
85.000,Amarr Citizen 2281178,Procurer,57645,52034,60265,1979,-0.4601,0.2826,-0.8417,254,1.000,1.000,1.000,2026-10-06T01:10:17.000Z
86.000,Caldari Citizen 9942864,Venture,65337,22343,66575,450,-0.9861,-0.1050,-0.1288,227,1.000,1.000,1.000,2026-10-06T01:10:18.000Z
86.000,Caldari Citizen 6206817,Orca,70234,54222,71169,127,,,,626,0.890,1.000,1.000,2026-10-06T01:10:18.000Z
86.000,Minmatar Citizen 9745080,Skiff,49892,105725,91099,2211,0.1570,-0.9815,-0.1091,259,1.000,1.000,1.000,2026-10-06T01:10:18.000Z
86.000,Amarr Citizen 0220922,Porpoise,81065,82992,48986,237,-0.1762,-0.8772,0.4466,145,1.000,1.000,1.000,2026-10-06T01:10:18.000Z
86.000,Minmatar Citizen 4351238,Venture,61436,68692,4944,976,-0.8256,-0.1254,0.5501,384,1.000,1.000,1.000,2026-10-06T01:10:18.000Z
86.000,Caldari Citizen 3216932,Capsule,75075,47546,68350,187,-0.3471,-0.7334,0.5845,211,,,,2026-10-06T01:10:18.000Z
86.000,Minmatar Citizen 9076035,Porpoise,80623,95336,63891,1088,-0.1592,-0.9631,-0.2172,243,1.000,1.000,1.000,2026-10-06T01:10:18.000Z
86.000,Minmatar Citizen 6662812,Procurer,23553,51105,59896,159,-0.8609,0.4597,-0.2179,246,1.000,1.000,1.000,2026-10-06T01:10:18.000Z
86.000,Caldari Citizen 3891005,Porpoise,49391,43686,66777,1376,-0.8789,0.3551,-0.3184,285,1.000,1.000,1.000,2026-10-06T01:10:18.000Z
86.000,Caldari Citizen 8777524,Prospect,67314,20777,62472,524,0.2498,-0.8671,-0.4310,274,0.000,0.808,1.000,2026-10-06T01:10:18.000Z
86.000,Minmatar Citizen 0254120,Procurer,77579,58004,67729,296,-0.0675,-0.7938,0.6044,319,0.724,1.000,1.000,2026-10-06T01:10:18.000Z
86.000,Amarr Citizen 2674287,Porpoise,70011,53285,72487,1108,0.2071,-0.9602,-0.1876,38,1.000,1.000,1.000,2026-10-06T01:10:18.000Z
86.000,Amarr Citizen 5054432,Venture,76050,55309,65220,281,-0.3147,-0.4789,0.8195,508,1.000,1.000,1.000,2026-10-06T01:10:18.000Z
86.000,Amarr Citizen 4520313,Capsule,45086,144936,102229,0,,,,6,,,,2026-10-06T01:10:18.000Z
86.000,Minmatar Citizen 9978241,Retriever,34210,39501,61752,1647,-0.7480,0.6401,-0.1754,205,1.000,1.000,1.000,2026-10-06T01:10:18.000Z
86.000,Minmatar Citizen 7162778,Mackinaw,24918,44646,57848,271,-0.1063,-0.9178,-0.3825,241,0.000,0.860,1.000,2026-10-06T01:10:18.000Z
86.000,Minmatar Citizen 9678938,Porpoise,73671,40234,71574,200,-0.9997,0.0246,-0.0056,238,0.000,0.727,1.000,2026-10-06T01:10:18.000Z
86.000,Minmatar Citizen 2250648,Porpoise,70562,48308,74500,855,-0.2142,-0.0950,-0.9722,482,1.000,1.000,1.000,2026-10-06T01:10:18.000Z
86.000,Gallente Citizen 1635012,Venture,87625,118733,103058,1606,0.7961,0.6044,0.0313,508,1.000,1.000,1.000,2026-10-06T01:10:18.000Z
86.000,Amarr Citizen 2281178,Procurer,56759,52636,58611,1959,-0.4273,0.2393,-0.8719,260,1.000,1.000,1.000,2026-10-06T01:10:18.000Z
87.000,Caldari Citizen 9942864,Venture,64817,22204,66424,469,-0.9626,-0.2380,-0.1299,392,1.000,1.000,1.000,2026-10-06T01:10:19.000Z
87.000,Caldari Citizen 6206817,Orca,70327,54186,71077,128,,,,625,0.890,1.000,1.000,2026-10-06T01:10:19.000Z
87.000,Minmatar Citizen 9745080,Skiff,50132,103482,90957,2169,0.0952,-0.9864,-0.1340,284,1.000,1.000,1.000,2026-10-06T01:10:19.000Z
87.000,Amarr Citizen 0220922,Porpoise,81061,82808,49118,349,-0.1750,-0.8820,0.4375,87,1.000,1.000,1.000,2026-10-06T01:10:19.000Z
87.000,Minmatar Citizen 4351238,Venture,60172,68566,5797,1234,-0.6996,-0.3034,0.6469,249,1.000,1.000,1.000,2026-10-06T01:10:19.000Z
87.000,Caldari Citizen 3216932,Capsule,74983,47440,68492,187,-0.4946,-0.5492,0.6736,169,,,,2026-10-06T01:10:19.000Z
87.000,Minmatar Citizen 9076035,Porpoise,80455,94233,63733,1120,-0.2045,-0.9611,-0.1856,407,1.000,1.000,1.000,2026-10-06T01:10:19.000Z
87.000,Minmatar Citizen 6662812,Procurer,23260,51272,59745,139,-0.9579,0.2576,-0.1265,305,1.000,1.000,1.000,2026-10-06T01:10:19.000Z
87.000,Caldari Citizen 3891005,Porpoise,48179,44178,66274,1380,-0.8820,0.3465,-0.3193,181,1.000,1.000,1.000,2026-10-06T01:10:19.000Z
87.000,Caldari Citizen 8777524,Prospect,67524,20242,62280,536,0.2495,-0.9165,-0.3128,159,0.000,0.800,1.000,2026-10-06T01:10:19.000Z
87.000,Minmatar Citizen 0254120,Procurer,77560,57766,67988,297,0.0344,-0.7869,0.6162,552,0.687,1.000,1.000,2026-10-06T01:10:19.000Z
87.000,Amarr Citizen 2674287,Porpoise,70296,52214,72326,1142,0.2082,-0.9610,-0.1821,530,1.000,1.000,1.000,2026-10-06T01:10:19.000Z
87.000,Amarr Citizen 5054432,Venture,75952,55123,65495,287,-0.2348,-0.6020,0.7632,433,1.000,1.000,1.000,2026-10-06T01:10:19.000Z
87.000,Amarr Citizen 4520313,Capsule,45086,144936,102229,0,,,,6,,,,2026-10-06T01:10:19.000Z
87.000,Minmatar Citizen 9978241,Retriever,32981,40495,61445,1650,-0.7676,0.6134,-0.1860,364,1.000,1.000,1.000,2026-10-06T01:10:19.000Z
87.000,Minmatar Citizen 7162778,Mackinaw,24926,44395,57758,263,0.0523,-0.9318,-0.3592,310,,,,2026-10-06T01:10:19.000Z
87.000,Minmatar Citizen 9678938,Porpoise,73382,40344,71615,200,-0.9875,0.0967,0.1244,172,0.000,0.727,1.000,2026-10-06T01:10:19.000Z
87.000,Minmatar Citizen 2250648,Porpoise,70294,48216,73583,891,-0.2472,-0.0829,-0.9654,480,1.000,1.000,1.000,2026-10-06T01:10:19.000Z
87.000,Gallente Citizen 1635012,Venture,89331,119574,102547,1435,0.9263,0.1821,-0.3298,593,1.000,1.000,1.000,2026-10-06T01:10:19.000Z
87.000,Amarr Citizen 2281178,Procurer,55935,53044,56870,1908,-0.3834,0.1701,-0.9078,577,1.000,1.000,1.000,2026-10-06T01:10:19.000Z
88.000,Caldari Citizen 9942864,Venture,64307,22100,66310,495,-0.9150,-0.3952,-0.0811,109,1.000,1.000,1.000,2026-10-06T01:10:20.000Z
88.000,Caldari Citizen 6206817,Orca,70369,54098,70929,128,0.1152,-0.0403,-0.9925,634,0.890,1.000,1.000,2026-10-06T01:10:20.000Z
88.000,Minmatar Citizen 9745080,Skiff,50173,101315,90661,2138,0.0510,-0.9800,-0.1922,241,1.000,1.000,1.000,2026-10-06T01:10:20.000Z
88.000,Amarr Citizen 0220922,Porpoise,80995,82471,49290,505,-0.1699,-0.9024,0.3960,279,1.000,1.000,1.000,2026-10-06T01:10:20.000Z
88.000,Minmatar Citizen 4351238,Venture,59075,68004,6961,1569,-0.5787,-0.4358,0.6894,416,1.000,1.000,1.000,2026-10-06T01:10:20.000Z
88.000,Caldari Citizen 3216932,Capsule,74849,47398,68650,187,-0.6488,-0.2248,0.7270,149,,,,2026-10-06T01:10:20.000Z
88.000,Minmatar Citizen 9076035,Porpoise,80252,93127,63551,1167,-0.2612,-0.9497,-0.1726,228,1.000,1.000,1.000,2026-10-06T01:10:20.000Z
88.000,Minmatar Citizen 6662812,Procurer,22946,51299,59650,100,-0.9979,0.0647,0.0082,184,1.000,1.000,1.000,2026-10-06T01:10:20.000Z
88.000,Caldari Citizen 3891005,Porpoise,46953,44624,65794,1387,-0.8970,0.3137,-0.3114,258,1.000,1.000,1.000,2026-10-06T01:10:20.000Z
88.000,Caldari Citizen 8777524,Prospect,67790,19638,62241,550,0.2054,-0.9438,-0.2588,344,0.000,0.800,1.000,2026-10-06T01:10:20.000Z
88.000,Minmatar Citizen 0254120,Procurer,77586,57568,68226,299,0.0969,-0.8211,0.5624,448,0.657,1.000,1.000,2026-10-06T01:10:20.000Z
88.000,Amarr Citizen 2674287,Porpoise,70588,51093,72178,1192,0.2038,-0.9605,-0.1895,316,1.000,1.000,1.000,2026-10-06T01:10:20.000Z
88.000,Amarr Citizen 5054432,Venture,75892,54835,65748,299,-0.2088,-0.6762,0.7065,714,1.000,1.000,1.000,2026-10-06T01:10:20.000Z
88.000,Amarr Citizen 4520313,Capsule,45086,144936,102229,0,,,,6,,,,2026-10-06T01:10:20.000Z
88.000,Minmatar Citizen 9978241,Retriever,31707,41483,61089,1652,-0.7957,0.5704,-0.2039,221,1.000,1.000,1.000,2026-10-06T01:10:20.000Z
88.000,Minmatar Citizen 7162778,Mackinaw,24877,44106,57592,253,0.2055,-0.9159,-0.3447,226,,,,2026-10-06T01:10:20.000Z
88.000,Minmatar Citizen 9678938,Porpoise,73175,40416,71755,201,-0.9607,0.0955,0.2608,164,0.000,0.727,1.000,2026-10-06T01:10:20.000Z
88.000,Minmatar Citizen 2250648,Porpoise,70035,48181,72687,944,-0.2635,-0.0831,-0.9611,671,1.000,1.000,1.000,2026-10-06T01:10:20.000Z
88.000,Gallente Citizen 1635012,Venture,91292,119343,101353,1624,0.8128,-0.2689,-0.5167,280,1.000,1.000,1.000,2026-10-06T01:10:20.000Z
88.000,Amarr Citizen 2281178,Procurer,55233,53305,55097,1843,-0.3291,0.0912,-0.9399,523,1.000,1.000,1.000,2026-10-06T01:10:20.000Z
89.000,Caldari Citizen 9942864,Venture,63820,21888,66289,519,-0.8346,-0.5506,-0.0165,428,1.000,1.000,1.000,2026-10-06T01:10:21.000Z
89.000,Caldari Citizen 6206817,Orca,70340,54011,70703,128,0.0091,0.1367,-0.9906,279,0.890,1.000,1.000,2026-10-06T01:10:21.000Z
89.000,Minmatar Citizen 9745080,Skiff,50147,99208,90180,2141,0.0450,-0.9617,-0.2702,299,1.000,1.000,1.000,2026-10-06T01:10:21.000Z
89.000,Amarr Citizen 0220922,Porpoise,80863,81915,49515,639,-0.1471,-0.9210,0.3607,188,1.000,1.000,1.000,2026-10-06T01:10:21.000Z
89.000,Minmatar Citizen 4351238,Venture,58216,67075,8223,1833,-0.4461,-0.5539,0.7029,138,1.000,1.000,1.000,2026-10-06T01:10:21.000Z
89.000,Caldari Citizen 3216932,Capsule,74701,47410,68791,187,-0.7081,0.0049,0.7061,139,,,,2026-10-06T01:10:21.000Z
89.000,Minmatar Citizen 9076035,Porpoise,79967,92029,63354,1209,-0.3321,-0.9281,-0.1681,378,1.000,1.000,1.000,2026-10-06T01:10:21.000Z
89.000,Minmatar Citizen 6662812,Procurer,22716,51207,59756,81,-0.9706,-0.1307,0.2023,102,1.000,1.000,1.000,2026-10-06T01:10:21.000Z
89.000,Caldari Citizen 3891005,Porpoise,45695,45107,65377,1391,-0.9195,0.2699,-0.2857,372,1.000,1.000,1.000,2026-10-06T01:10:21.000Z
89.000,Caldari Citizen 8777524,Prospect,67939,18980,62148,561,0.1377,-0.9566,-0.2568,65,0.000,0.798,1.000,2026-10-06T01:10:21.000Z
89.000,Minmatar Citizen 0254120,Procurer,77684,57330,68390,301,0.1248,-0.8957,0.4268,404,0.616,1.000,1.000,2026-10-06T01:10:21.000Z
89.000,Amarr Citizen 2674287,Porpoise,70822,49909,71952,1221,0.1958,-0.9590,-0.2049,452,1.000,1.000,1.000,2026-10-06T01:10:21.000Z
89.000,Amarr Citizen 5054432,Venture,75872,54602,65950,311,-0.2514,-0.7209,0.6458,612,1.000,1.000,1.000,2026-10-06T01:10:21.000Z
89.000,Amarr Citizen 4520313,Capsule,45086,144936,102229,0,,,,6,,,,2026-10-06T01:10:21.000Z
89.000,Minmatar Citizen 9978241,Retriever,30431,42431,60781,1650,-0.8296,0.5114,-0.2241,423,1.000,1.000,1.000,2026-10-06T01:10:21.000Z
89.000,Minmatar Citizen 7162778,Mackinaw,24949,43772,57419,245,0.3293,-0.8937,-0.3049,266,,,,2026-10-06T01:10:21.000Z
89.000,Minmatar Citizen 9678938,Porpoise,72983,40426,71901,201,-0.9515,0.0171,0.3070,165,0.000,0.727,1.000,2026-10-06T01:10:21.000Z
89.000,Minmatar Citizen 2250648,Porpoise,69801,48104,71758,989,-0.2681,-0.1024,-0.9579,324,1.000,1.000,1.000,2026-10-06T01:10:21.000Z
89.000,Gallente Citizen 1635012,Venture,92999,118083,99858,2093,0.6586,-0.5413,-0.5227,385,1.000,1.000,1.000,2026-10-06T01:10:21.000Z
89.000,Amarr Citizen 2281178,Procurer,54662,53349,53287,1790,-0.2705,0.0280,-0.9623,132,1.000,1.000,1.000,2026-10-06T01:10:21.000Z
90.000,Caldari Citizen 9942864,Venture,63300,21508,66347,540,-0.7310,-0.6801,0.0552,178,1.000,1.000,1.000,2026-10-06T01:10:22.000Z
90.000,Caldari Citizen 6206817,Orca,70302,54090,70412,129,-0.0357,0.2450,-0.9689,306,0.880,1.000,1.000,2026-10-06T01:10:22.000Z
90.000,Minmatar Citizen 9745080,Skiff,50134,97211,89509,2159,0.0852,-0.9329,-0.3500,479,1.000,1.000,1.000,2026-10-06T01:10:22.000Z
90.000,Amarr Citizen 0220922,Porpoise,80724,81273,49761,756,-0.1251,-0.9360,0.3290,280,1.000,1.000,1.000,2026-10-06T01:10:22.000Z
90.000,Minmatar Citizen 4351238,Venture,57513,65870,9587,2041,-0.3188,-0.6462,0.6934,456,1.000,1.000,1.000,2026-10-06T01:10:22.000Z
90.000,Caldari Citizen 3216932,Capsule,74558,47451,68906,187,-0.7200,0.0476,0.6923,137,,,,2026-10-06T01:10:22.000Z
90.000,Minmatar Citizen 9076035,Porpoise,79505,90964,63122,1230,-0.4082,-0.8990,-0.1589,252,1.000,1.000,1.000,2026-10-06T01:10:22.000Z
90.000,Minmatar Citizen 6662812,Procurer,22623,51131,59882,65,,,,67,1.000,1.000,1.000,2026-10-06T01:10:22.000Z
90.000,Caldari Citizen 3891005,Porpoise,44438,45490,65013,1366,-0.9412,0.2328,-0.2449,210,1.000,1.000,1.000,2026-10-06T01:10:22.000Z
90.000,Caldari Citizen 8777524,Prospect,67940,18353,61949,568,0.0618,-0.9551,-0.2899,264,0.000,0.798,1.000,2026-10-06T01:10:22.000Z
90.000,Minmatar Citizen 0254120,Procurer,77748,56973,68548,302,0.1033,-0.9679,0.2291,646,0.556,1.000,1.000,2026-10-06T01:10:22.000Z
90.000,Amarr Citizen 2674287,Porpoise,71011,48780,71665,1134,0.1915,-0.9568,-0.2188,309,1.000,1.000,1.000,2026-10-06T01:10:22.000Z
90.000,Amarr Citizen 5054432,Venture,75855,54415,66123,321,-0.3641,-0.7371,0.5694,552,1.000,1.000,1.000,2026-10-06T01:10:22.000Z
90.000,Amarr Citizen 4520313,Capsule,45086,144936,102229,0,,,,6,,,,2026-10-06T01:10:22.000Z
90.000,Minmatar Citizen 9978241,Retriever,29098,43244,60437,1638,-0.8642,0.4370,-0.2494,117,1.000,1.000,1.000,2026-10-06T01:10:22.000Z
90.000,Minmatar Citizen 7162778,Mackinaw,25186,43434,57329,238,0.4218,-0.8768,-0.2310,292,0.000,0.707,1.000,2026-10-06T01:10:22.000Z
90.000,Minmatar Citizen 9678938,Porpoise,72752,40372,71974,190,-0.9728,0.0008,0.2318,205,0.000,0.657,1.000,2026-10-06T01:10:22.000Z
90.000,Minmatar Citizen 2250648,Porpoise,69521,48004,70769,1030,-0.2627,-0.1340,-0.9555,126,1.000,1.000,1.000,2026-10-06T01:10:22.000Z
90.000,Gallente Citizen 1635012,Venture,94267,116274,98453,2560,0.5412,-0.7004,-0.4653,323,1.000,1.000,1.000,2026-10-06T01:10:22.000Z
90.000,Amarr Citizen 2281178,Procurer,54240,53263,51465,1748,-0.2126,-0.0064,-0.9771,646,1.000,1.000,1.000,2026-10-06T01:10:22.000Z
91.000,Caldari Citizen 9942864,Venture,62883,21026,66428,552,-0.6289,-0.7682,0.1203,341,1.000,1.000,1.000,2026-10-06T01:10:23.000Z
91.000,Caldari Citizen 6206817,Orca,70285,54307,70071,129,-0.0497,0.2807,-0.9585,190,0.880,1.000,1.000,2026-10-06T01:10:23.000Z
91.000,Minmatar Citizen 9745080,Skiff,50260,95384,88663,2183,0.1557,-0.8955,-0.4170,602,1.000,1.000,1.000,2026-10-06T01:10:23.000Z
91.000,Amarr Citizen 0220922,Porpoise,80637,80579,49979,860,-0.1058,-0.9517,0.2883,297,1.000,1.000,1.000,2026-10-06T01:10:23.000Z
91.000,Minmatar Citizen 4351238,Venture,56962,64457,10986,2213,-0.2213,-0.7122,0.6662,168,1.000,1.000,1.000,2026-10-06T01:10:23.000Z
91.000,Caldari Citizen 3216932,Capsule,74425,47491,69022,187,-0.7140,-0.1237,0.6891,139,,,,2026-10-06T01:10:23.000Z
91.000,Minmatar Citizen 9076035,Porpoise,78935,89966,62913,1251,-0.4708,-0.8701,-0.1460,300,1.000,1.000,1.000,2026-10-06T01:10:23.000Z
91.000,Minmatar Citizen 6662812,Procurer,22594,51092,59955,53,,,,49,1.000,1.000,1.000,2026-10-06T01:10:23.000Z
91.000,Caldari Citizen 3891005,Porpoise,43112,45699,64675,1339,-0.9558,0.2135,-0.2021,161,1.000,1.000,1.000,2026-10-06T01:10:23.000Z
91.000,Caldari Citizen 8777524,Prospect,67864,17821,61700,574,0.0172,-0.9433,-0.3314,278,0.000,0.770,1.000,2026-10-06T01:10:23.000Z
91.000,Minmatar Citizen 0254120,Procurer,77761,56593,68595,303,0.0280,-0.9962,0.0829,264,0.475,1.000,1.000,2026-10-06T01:10:23.000Z
91.000,Amarr Citizen 2674287,Porpoise,71149,47772,71346,1007,0.1861,-0.9553,-0.2296,350,1.000,1.000,1.000,2026-10-06T01:10:23.000Z
91.000,Amarr Citizen 5054432,Venture,75727,54219,66285,332,-0.5231,-0.7099,0.4717,537,1.000,1.000,1.000,2026-10-06T01:10:23.000Z
91.000,Amarr Citizen 4520313,Capsule,45086,144936,102229,0,,,,6,,,,2026-10-06T01:10:23.000Z
91.000,Minmatar Citizen 9978241,Retriever,27661,43876,60017,1610,-0.8927,0.3516,-0.2819,386,1.000,1.000,1.000,2026-10-06T01:10:23.000Z
91.000,Minmatar Citizen 7162778,Mackinaw,25372,43195,57309,232,0.4526,-0.8719,-0.1871,145,,,,2026-10-06T01:10:23.000Z
91.000,Minmatar Citizen 9678938,Porpoise,72462,40301,71969,176,-0.9915,0.0971,0.0870,558,0.000,0.616,1.000,2026-10-06T01:10:23.000Z
91.000,Minmatar Citizen 2250648,Porpoise,69242,47866,69780,1067,-0.2440,-0.1624,-0.9561,491,1.000,1.000,1.000,2026-10-06T01:10:23.000Z
91.000,Gallente Citizen 1635012,Venture,95498,114155,97210,2983,0.4542,-0.7985,-0.3952,612,1.000,1.000,1.000,2026-10-06T01:10:23.000Z
91.000,Amarr Citizen 2281178,Procurer,53951,53120,49667,1714,-0.1638,-0.0297,-0.9860,610,1.000,1.000,1.000,2026-10-06T01:10:23.000Z
92.000,Caldari Citizen 9942864,Venture,62526,20398,66473,567,-0.5567,-0.8107,0.1811,343,1.000,1.000,1.000,2026-10-06T01:10:24.000Z
92.000,Caldari Citizen 6206817,Orca,70304,54443,69843,129,-0.0229,0.2476,-0.9686,115,0.880,1.000,1.000,2026-10-06T01:10:24.000Z
92.000,Minmatar Citizen 9745080,Skiff,50704,93598,87703,2211,0.2333,-0.8536,-0.4657,317,1.000,1.000,1.000,2026-10-06T01:10:24.000Z
92.000,Amarr Citizen 0220922,Porpoise,80624,79788,50249,947,-0.0853,-0.9648,0.2489,63,1.000,1.000,1.000,2026-10-06T01:10:24.000Z
92.000,Minmatar Citizen 4351238,Venture,56584,62815,12446,2349,-0.1522,-0.7616,0.6299,378,1.000,1.000,1.000,2026-10-06T01:10:24.000Z
92.000,Caldari Citizen 3216932,Capsule,74302,47504,69150,187,-0.6375,-0.4854,0.5983,132,,,,2026-10-06T01:10:24.000Z
92.000,Minmatar Citizen 9076035,Porpoise,78334,88977,62783,1275,-0.5031,-0.8516,-0.1476,288,1.000,1.000,1.000,2026-10-06T01:10:24.000Z
92.000,Minmatar Citizen 6662812,Procurer,22565,51073,60000,42,,,,38,1.000,1.000,1.000,2026-10-06T01:10:24.000Z
92.000,Caldari Citizen 3891005,Porpoise,41810,45846,64438,1189,-0.9630,0.2070,-0.1725,285,1.000,1.000,1.000,2026-10-06T01:10:24.000Z
92.000,Caldari Citizen 8777524,Prospect,67832,17301,61474,577,0.0349,-0.9339,-0.3559,186,0.000,0.760,1.000,2026-10-06T01:10:24.000Z
92.000,Minmatar Citizen 0254120,Procurer,77766,56294,68499,303,-0.0605,-0.9976,0.0339,214,0.470,1.000,1.000,2026-10-06T01:10:24.000Z
92.000,Amarr Citizen 2674287,Porpoise,71378,46838,71137,897,0.1859,-0.9569,-0.2230,87,1.000,1.000,1.000,2026-10-06T01:10:24.000Z
92.000,Amarr Citizen 5054432,Venture,75490,53979,66426,343,-0.6805,-0.6458,0.3461,105,1.000,1.000,1.000,2026-10-06T01:10:24.000Z
92.000,Amarr Citizen 4520313,Capsule,45086,144936,102229,0,,,,6,,,,2026-10-06T01:10:24.000Z
92.000,Minmatar Citizen 9978241,Retriever,26200,44321,59564,1544,-0.9096,0.2676,-0.3179,176,1.000,1.000,1.000,2026-10-06T01:10:24.000Z
92.000,Minmatar Citizen 7162778,Mackinaw,25488,43037,57338,227,0.3391,-0.9020,-0.2673,61,0.000,0.643,1.000,2026-10-06T01:10:24.000Z
92.000,Minmatar Citizen 9678938,Porpoise,72223,40317,71975,165,-0.9785,0.2040,-0.0317,543,0.000,0.616,1.000,2026-10-06T01:10:24.000Z
92.000,Minmatar Citizen 2250648,Porpoise,68933,47645,68739,1100,-0.2089,-0.1658,-0.9638,339,1.000,1.000,1.000,2026-10-06T01:10:24.000Z
92.000,Gallente Citizen 1635012,Venture,96934,111522,96145,3314,0.3865,-0.8590,-0.3358,408,1.000,1.000,1.000,2026-10-06T01:10:24.000Z
92.000,Amarr Citizen 2281178,Procurer,53705,53086,47873,1688,-0.1222,-0.0575,-0.9908,433,1.000,1.000,1.000,2026-10-06T01:10:24.000Z
93.000,Caldari Citizen 9942864,Venture,62193,19789,66580,583,-0.5150,-0.8202,0.2491,225,1.000,1.000,1.000,2026-10-06T01:10:25.000Z
93.000,Caldari Citizen 6206817,Orca,70301,54454,69652,129,0.0435,0.1279,-0.9908,161,0.880,1.000,1.000,2026-10-06T01:10:25.000Z
93.000,Minmatar Citizen 9745080,Skiff,51390,91841,86658,2225,0.3019,-0.8149,-0.4947,413,1.000,1.000,1.000,2026-10-06T01:10:25.000Z
93.000,Amarr Citizen 0220922,Porpoise,80561,78892,50487,1013,-0.0643,-0.9723,0.2247,307,1.000,1.000,1.000,2026-10-06T01:10:25.000Z
93.000,Minmatar Citizen 4351238,Venture,56396,61032,13951,2443,-0.1068,-0.8012,0.5888,436,1.000,1.000,1.000,2026-10-06T01:10:25.000Z
93.000,Caldari Citizen 3216932,Capsule,74185,47426,69288,187,-0.5174,-0.7368,0.4353,106,,,,2026-10-06T01:10:25.000Z
93.000,Minmatar Citizen 9076035,Porpoise,77660,87958,62672,1295,-0.4924,-0.8529,-0.1735,110,1.000,1.000,1.000,2026-10-06T01:10:25.000Z
93.000,Minmatar Citizen 6662812,Procurer,22541,51058,60033,35,,,,29,1.000,1.000,1.000,2026-10-06T01:10:25.000Z
93.000,Caldari Citizen 3891005,Porpoise,40644,46091,64335,1061,-0.9631,0.2201,-0.1547,177,1.000,1.000,1.000,2026-10-06T01:10:25.000Z
93.000,Caldari Citizen 8777524,Prospect,67872,16776,61298,580,0.0911,-0.9235,-0.3727,142,0.000,0.760,1.000,2026-10-06T01:10:25.000Z
93.000,Minmatar Citizen 0254120,Procurer,77719,56007,68414,304,-0.0949,-0.9932,0.0667,527,0.470,1.000,1.000,2026-10-06T01:10:25.000Z
93.000,Amarr Citizen 2674287,Porpoise,71611,46012,70992,813,0.1890,-0.9620,-0.1971,386,1.000,1.000,1.000,2026-10-06T01:10:25.000Z
93.000,Amarr Citizen 5054432,Venture,75247,53755,66529,352,-0.8121,-0.5515,0.1904,587,1.000,1.000,1.000,2026-10-06T01:10:25.000Z
93.000,Amarr Citizen 4520313,Capsule,45086,144936,102229,0,,,,6,,,,2026-10-06T01:10:25.000Z
93.000,Minmatar Citizen 9978241,Retriever,24809,44579,59032,1431,-0.9155,0.1921,-0.3535,310,1.000,1.000,1.000,2026-10-06T01:10:25.000Z
93.000,Minmatar Citizen 7162778,Mackinaw,25554,42857,57321,224,0.1140,-0.8934,-0.4346,73,0.000,0.566,1.000,2026-10-06T01:10:25.000Z
93.000,Minmatar Citizen 9678938,Porpoise,72023,40453,71962,157,-0.9706,0.2288,-0.0748,564,0.000,0.626,1.000,2026-10-06T01:10:25.000Z
93.000,Minmatar Citizen 2250648,Porpoise,68681,47361,67657,1124,-0.1657,-0.1428,-0.9758,347,1.000,1.000,1.000,2026-10-06T01:10:25.000Z
93.000,Gallente Citizen 1635012,Venture,98345,108488,95202,3539,0.3188,-0.9020,-0.2912,438,1.000,1.000,1.000,2026-10-06T01:10:25.000Z
93.000,Amarr Citizen 2281178,Procurer,53552,53157,46164,1671,-0.0813,-0.0996,-0.9917,349,1.000,1.000,1.000,2026-10-06T01:10:25.000Z
94.000,Caldari Citizen 9942864,Venture,61890,19278,66793,601,-0.4948,-0.8076,0.3210,158,1.000,1.000,1.000,2026-10-06T01:10:26.000Z
94.000,Caldari Citizen 6206817,Orca,70267,54399,69382,129,0.1548,-0.0326,-0.9874,510,0.880,1.000,1.000,2026-10-06T01:10:26.000Z
94.000,Minmatar Citizen 9745080,Skiff,52169,90097,85540,2246,0.3498,-0.7889,-0.5053,152,1.000,1.000,1.000,2026-10-06T01:10:26.000Z
94.000,Amarr Citizen 0220922,Porpoise,80439,77868,50635,1082,-0.0567,-0.9752,0.2138,317,1.000,1.000,1.000,2026-10-06T01:10:26.000Z
94.000,Minmatar Citizen 4351238,Venture,56230,58998,15334,2535,-0.0818,-0.8296,0.5524,156,1.000,1.000,1.000,2026-10-06T01:10:26.000Z
94.000,Caldari Citizen 3216932,Capsule,74060,47159,69413,187,-0.4362,-0.8476,0.3021,207,,,,2026-10-06T01:10:26.000Z
94.000,Minmatar Citizen 9076035,Porpoise,76989,86908,62508,1318,-0.4439,-0.8662,-0.2296,255,1.000,1.000,1.000,2026-10-06T01:10:26.000Z
94.000,Minmatar Citizen 6662812,Procurer,22524,51045,60059,29,,,,22,1.000,1.000,1.000,2026-10-06T01:10:26.000Z
94.000,Caldari Citizen 3891005,Porpoise,39650,46429,64239,904,-0.9586,0.2424,-0.1496,275,1.000,1.000,1.000,2026-10-06T01:10:26.000Z
94.000,Caldari Citizen 8777524,Prospect,67966,16225,61127,582,0.1389,-0.9105,-0.3894,177,0.000,0.760,1.000,2026-10-06T01:10:26.000Z
94.000,Minmatar Citizen 0254120,Procurer,77640,55701,68474,304,-0.0873,-0.9780,0.1892,723,0.470,1.000,1.000,2026-10-06T01:10:26.000Z
94.000,Amarr Citizen 2674287,Porpoise,71717,45213,70800,724,0.1801,-0.9700,-0.1635,314,1.000,1.000,1.000,2026-10-06T01:10:26.000Z
94.000,Amarr Citizen 5054432,Venture,74961,53552,66586,362,-0.9015,-0.4314,0.0330,702,1.000,1.000,1.000,2026-10-06T01:10:26.000Z
94.000,Amarr Citizen 4520313,Capsule,45086,144936,102229,0,,,,6,,,,2026-10-06T01:10:26.000Z
94.000,Minmatar Citizen 9978241,Retriever,23531,44769,58475,1249,-0.9118,0.1243,-0.3915,202,1.000,1.000,1.000,2026-10-06T01:10:26.000Z
94.000,Minmatar Citizen 7162778,Mackinaw,25531,42619,57176,218,-0.0665,-0.8198,-0.5688,238,0.000,0.535,1.000,2026-10-06T01:10:26.000Z
94.000,Minmatar Citizen 9678938,Porpoise,71804,40630,71906,149,-0.9848,0.1641,-0.0576,382,0.000,0.626,1.000,2026-10-06T01:10:26.000Z
94.000,Minmatar Citizen 2250648,Porpoise,68528,47167,66498,1151,-0.1364,-0.1054,-0.9850,302,1.000,1.000,1.000,2026-10-06T01:10:26.000Z
94.000,Gallente Citizen 1635012,Venture,99474,105108,94233,3750,0.2248,-0.9408,-0.2537,298,1.000,1.000,1.000,2026-10-06T01:10:26.000Z
94.000,Amarr Citizen 2281178,Procurer,53391,52991,44422,1655,-0.0448,-0.1530,-0.9872,341,1.000,1.000,1.000,2026-10-06T01:10:26.000Z
95.000,Caldari Citizen 9942864,Venture,61547,18773,67060,618,-0.4682,-0.7950,0.3858,168,1.000,1.000,1.000,2026-10-06T01:10:27.000Z
95.000,Caldari Citizen 6206817,Orca,70301,54360,69171,129,0.3016,-0.1143,-0.9466,498,0.880,1.000,1.000,2026-10-06T01:10:27.000Z
95.000,Minmatar Citizen 9745080,Skiff,52992,88381,84357,2269,0.3710,-0.7798,-0.5042,220,1.000,1.000,1.000,2026-10-06T01:10:27.000Z
95.000,Amarr Citizen 0220922,Porpoise,80377,76816,50810,1143,-0.0639,-0.9755,0.2106,439,1.000,1.000,1.000,2026-10-06T01:10:27.000Z
95.000,Minmatar Citizen 4351238,Venture,56066,56820,16617,2609,-0.0769,-0.8461,0.5274,330,1.000,1.000,1.000,2026-10-06T01:10:27.000Z
95.000,Caldari Citizen 3216932,Capsule,73903,46706,69499,187,-0.4029,-0.8895,0.2158,666,,,,2026-10-06T01:10:27.000Z
95.000,Minmatar Citizen 9076035,Porpoise,76412,85826,62184,1341,-0.3725,-0.8740,-0.3121,291,1.000,1.000,1.000,2026-10-06T01:10:27.000Z
95.000,Minmatar Citizen 6662812,Procurer,22511,51036,60080,23,,,,17,1.000,1.000,1.000,2026-10-06T01:10:27.000Z
95.000,Caldari Citizen 3891005,Porpoise,38781,46699,64049,763,-0.9541,0.2496,-0.1658,192,1.000,1.000,1.000,2026-10-06T01:10:27.000Z
95.000,Caldari Citizen 8777524,Prospect,68106,15732,60918,583,0.1635,-0.9066,-0.3890,223,0.000,0.750,1.000,2026-10-06T01:10:27.000Z
95.000,Minmatar Citizen 0254120,Procurer,77591,55431,68599,305,-0.0632,-0.9418,0.3301,683,0.327,1.000,1.000,2026-10-06T01:10:27.000Z
95.000,Amarr Citizen 2674287,Porpoise,71834,44450,70683,645,0.1390,-0.9796,-0.1452,186,1.000,1.000,1.000,2026-10-06T01:10:27.000Z
95.000,Amarr Citizen 5054432,Venture,74606,53413,66589,371,-0.9535,-0.2905,-0.0801,460,1.000,1.000,1.000,2026-10-06T01:10:27.000Z
95.000,Amarr Citizen 4520313,Capsule,45086,144936,102229,0,,,,6,,,,2026-10-06T01:10:27.000Z
95.000,Minmatar Citizen 9978241,Retriever,22471,44894,58007,1030,-0.8944,0.0553,-0.4439,168,1.000,1.000,1.000,2026-10-06T01:10:27.000Z
95.000,Minmatar Citizen 7162778,Mackinaw,25439,42354,56902,214,-0.1305,-0.7441,-0.6552,296,0.000,0.500,1.000,2026-10-06T01:10:27.000Z
95.000,Minmatar Citizen 9678938,Porpoise,71561,40662,71878,142,-0.9991,-0.0099,-0.0407,360,0.000,0.596,1.000,2026-10-06T01:10:27.000Z
95.000,Minmatar Citizen 2250648,Porpoise,68477,47106,65286,1175,-0.1321,-0.0743,-0.9885,623,1.000,1.000,1.000,2026-10-06T01:10:27.000Z
95.000,Gallente Citizen 1635012,Venture,100139,101722,93296,3257,0.0758,-0.9751,-0.2083,309,1.000,1.000,1.000,2026-10-06T01:10:27.000Z
95.000,Amarr Citizen 2281178,Procurer,53332,52563,42688,1643,-0.0181,-0.2142,-0.9766,233,1.000,1.000,1.000,2026-10-06T01:10:27.000Z
96.000,Caldari Citizen 9942864,Venture,61210,18299,67363,633,-0.4213,-0.8123,0.4033,140,1.000,1.000,1.000,2026-10-06T01:10:28.000Z
96.000,Caldari Citizen 6206817,Orca,70397,54345,69033,130,,,,499,0.870,1.000,1.000,2026-10-06T01:10:28.000Z
96.000,Minmatar Citizen 9745080,Skiff,53882,86697,83175,2295,0.3620,-0.7874,-0.4989,296,1.000,1.000,1.000,2026-10-06T01:10:28.000Z
96.000,Amarr Citizen 0220922,Porpoise,80382,75689,51096,1197,-0.0778,-0.9704,0.2284,236,1.000,1.000,1.000,2026-10-06T01:10:28.000Z
96.000,Minmatar Citizen 4351238,Venture,55873,54569,17850,2668,-0.0888,-0.8510,0.5176,171,1.000,1.000,1.000,2026-10-06T01:10:28.000Z
96.000,Caldari Citizen 3216932,Capsule,73774,46362,69521,187,-0.4247,-0.8838,0.1963,345,,,,2026-10-06T01:10:28.000Z
96.000,Minmatar Citizen 9076035,Porpoise,75961,84585,61700,1362,-0.2950,-0.8649,-0.4062,400,1.000,1.000,1.000,2026-10-06T01:10:28.000Z
96.000,Minmatar Citizen 6662812,Procurer,22501,51028,60096,19,,,,13,1.000,1.000,1.000,2026-10-06T01:10:28.000Z
96.000,Caldari Citizen 3891005,Porpoise,38066,46910,63894,645,-0.9564,0.2215,-0.1901,227,1.000,1.000,1.000,2026-10-06T01:10:28.000Z
96.000,Caldari Citizen 8777524,Prospect,68215,15232,60619,584,0.1744,-0.9240,-0.3403,331,0.000,0.730,1.000,2026-10-06T01:10:28.000Z
96.000,Minmatar Citizen 0254120,Procurer,77634,55128,68743,305,-0.0267,-0.9045,0.4257,684,0.270,1.000,1.000,2026-10-06T01:10:28.000Z
96.000,Amarr Citizen 2674287,Porpoise,71954,43843,70642,556,0.0905,-0.9882,-0.1235,224,1.000,1.000,1.000,2026-10-06T01:10:28.000Z
96.000,Amarr Citizen 5054432,Venture,74210,53350,66469,380,-0.9818,-0.1329,-0.1354,564,1.000,1.000,1.000,2026-10-06T01:10:28.000Z
96.000,Amarr Citizen 4520313,Capsule,45086,144936,102229,0,,,,6,,,,2026-10-06T01:10:28.000Z
96.000,Minmatar Citizen 9978241,Retriever,21598,44903,57564,845,-0.8495,-0.0296,-0.5268,173,1.000,1.000,1.000,2026-10-06T01:10:28.000Z
96.000,Minmatar Citizen 7162778,Mackinaw,25373,42206,56717,210,-0.0755,-0.6974,-0.7127,116,0.000,0.439,1.000,2026-10-06T01:10:28.000Z
96.000,Minmatar Citizen 9678938,Porpoise,71279,40549,71888,137,-0.9706,-0.2378,-0.0383,151,0.000,0.576,1.000,2026-10-06T01:10:28.000Z
96.000,Minmatar Citizen 2250648,Porpoise,68391,47140,64055,1196,-0.1577,-0.0653,-0.9853,218,1.000,1.000,1.000,2026-10-06T01:10:28.000Z
96.000,Gallente Citizen 1635012,Venture,100239,98656,92647,2933,-0.1535,-0.9795,-0.1305,597,1.000,1.000,1.000,2026-10-06T01:10:28.000Z
96.000,Amarr Citizen 2281178,Procurer,53426,52037,41036,1634,-0.0022,-0.2711,-0.9626,255,1.000,1.000,1.000,2026-10-06T01:10:28.000Z
97.000,Caldari Citizen 9942864,Venture,60908,17758,67664,685,-0.3719,-0.8556,0.3601,293,1.000,1.000,1.000,2026-10-06T01:10:29.000Z
97.000,Caldari Citizen 6206817,Orca,70511,54343,68931,130,,,,501,0.870,1.000,1.000,2026-10-06T01:10:29.000Z
97.000,Minmatar Citizen 9745080,Skiff,54811,84895,82045,2319,0.3256,-0.8060,-0.4943,143,1.000,1.000,1.000,2026-10-06T01:10:29.000Z
97.000,Amarr Citizen 0220922,Porpoise,80307,74507,51387,1242,-0.1074,-0.9602,0.2579,195,1.000,1.000,1.000,2026-10-06T01:10:29.000Z
97.000,Minmatar Citizen 4351238,Venture,55670,52331,19165,2715,-0.1054,-0.8428,0.5278,180,1.000,1.000,1.000,2026-10-06T01:10:29.000Z
97.000,Caldari Citizen 3216932,Capsule,73693,46203,69520,187,-0.5224,-0.8073,0.2745,283,,,,2026-10-06T01:10:29.000Z
97.000,Minmatar Citizen 9076035,Porpoise,75601,83203,61040,1378,-0.2270,-0.8439,-0.4860,65,1.000,1.000,1.000,2026-10-06T01:10:29.000Z
97.000,Minmatar Citizen 6662812,Procurer,22493,51023,60108,15,,,,10,1.000,1.000,1.000,2026-10-06T01:10:29.000Z
97.000,Caldari Citizen 3891005,Porpoise,37449,47007,63762,547,-0.9670,0.1649,-0.1940,332,1.000,1.000,1.000,2026-10-06T01:10:29.000Z
97.000,Caldari Citizen 8777524,Prospect,68270,14703,60324,585,0.1556,-0.9568,-0.2457,238,0.000,0.727,1.000,2026-10-06T01:10:29.000Z
97.000,Minmatar Citizen 0254120,Procurer,77640,54741,68916,305,0.0032,-0.8726,0.4884,535,0.192,1.000,1.000,2026-10-06T01:10:29.000Z
97.000,Amarr Citizen 2674287,Porpoise,71993,43280,70597,475,0.0569,-0.9953,-0.0778,291,1.000,1.000,1.000,2026-10-06T01:10:29.000Z
97.000,Amarr Citizen 5054432,Venture,73781,53310,66347,388,-0.9899,0.0505,-0.1324,427,1.000,1.000,1.000,2026-10-06T01:10:29.000Z
97.000,Amarr Citizen 4520313,Capsule,45086,144936,102229,0,,,,6,,,,2026-10-06T01:10:29.000Z
97.000,Minmatar Citizen 9978241,Retriever,20941,44823,57155,724,-0.7429,-0.1623,-0.6494,541,1.000,1.000,1.000,2026-10-06T01:10:29.000Z
97.000,Minmatar Citizen 7162778,Mackinaw,25341,42118,56614,213,0.1313,-0.6802,-0.7211,52,0.000,0.439,1.000,2026-10-06T01:10:29.000Z
97.000,Minmatar Citizen 9678938,Porpoise,71092,40435,71930,132,-0.9195,-0.3926,-0.0166,85,0.000,0.515,1.000,2026-10-06T01:10:29.000Z
97.000,Minmatar Citizen 2250648,Porpoise,68165,47123,62809,1214,-0.2104,-0.0762,-0.9746,47,1.000,1.000,1.000,2026-10-06T01:10:29.000Z
97.000,Gallente Citizen 1635012,Venture,99651,95880,92326,2922,-0.4449,-0.8955,-0.0121,723,1.000,1.000,1.000,2026-10-06T01:10:29.000Z
97.000,Amarr Citizen 2281178,Procurer,53485,51545,39424,1628,0.0094,-0.3119,-0.9501,277,1.000,1.000,1.000,2026-10-06T01:10:29.000Z
98.000,Caldari Citizen 9942864,Venture,60698,17135,67959,734,-0.3124,-0.9052,0.2882,331,1.000,1.000,1.000,2026-10-06T01:10:30.000Z
98.000,Caldari Citizen 6206817,Orca,70626,54343,68854,130,,,,503,0.870,1.000,1.000,2026-10-06T01:10:30.000Z
98.000,Minmatar Citizen 9745080,Skiff,55640,82994,80984,2290,0.2664,-0.8303,-0.4895,243,1.000,1.000,1.000,2026-10-06T01:10:30.000Z
98.000,Amarr Citizen 0220922,Porpoise,80149,73319,51680,1283,-0.1536,-0.9469,0.2825,260,1.000,1.000,1.000,2026-10-06T01:10:30.000Z
98.000,Minmatar Citizen 4351238,Venture,55370,50087,20601,2754,-0.1186,-0.8271,0.5495,327,1.000,1.000,1.000,2026-10-06T01:10:30.000Z
98.000,Caldari Citizen 3216932,Capsule,73589,46076,69568,187,-0.6749,-0.5729,0.4651,264,,,,2026-10-06T01:10:30.000Z
98.000,Minmatar Citizen 9076035,Porpoise,75353,81905,60206,1394,-0.1820,-0.8205,-0.5420,348,1.000,1.000,1.000,2026-10-06T01:10:30.000Z
98.000,Minmatar Citizen 6662812,Procurer,22488,51019,60116,12,,,,8,1.000,1.000,1.000,2026-10-06T01:10:30.000Z
98.000,Caldari Citizen 3891005,Porpoise,36901,47055,63619,463,-0.9788,0.1257,-0.1615,246,1.000,1.000,1.000,2026-10-06T01:10:30.000Z
98.000,Caldari Citizen 8777524,Prospect,68381,14035,60157,586,0.1001,-0.9864,-0.1303,174,0.000,0.727,1.000,2026-10-06T01:10:30.000Z
98.000,Minmatar Citizen 0254120,Procurer,77628,54450,69084,305,0.0027,-0.8334,0.5526,417,0.101,1.000,1.000,2026-10-06T01:10:30.000Z
98.000,Amarr Citizen 2674287,Porpoise,71940,42809,70518,408,0.0151,-0.9996,-0.0255,289,1.000,1.000,1.000,2026-10-06T01:10:30.000Z
98.000,Amarr Citizen 5054432,Venture,73402,53332,66308,395,-0.9674,0.2277,-0.1111,417,1.000,1.000,1.000,2026-10-06T01:10:30.000Z
98.000,Amarr Citizen 4520313,Capsule,45086,144936,102229,0,,,,6,,,,2026-10-06T01:10:30.000Z
98.000,Minmatar Citizen 9978241,Retriever,20509,44665,56696,670,-0.5049,-0.3576,-0.7856,67,1.000,1.000,1.000,2026-10-06T01:10:30.000Z
98.000,Minmatar Citizen 7162778,Mackinaw,25394,42021,56512,218,0.4378,-0.6766,-0.5921,83,0.000,0.374,1.000,2026-10-06T01:10:30.000Z
98.000,Minmatar Citizen 9678938,Porpoise,70952,40335,71918,128,-0.9028,-0.4292,0.0277,140,0.000,0.515,1.000,2026-10-06T01:10:30.000Z
98.000,Minmatar Citizen 2250648,Porpoise,67824,46970,61566,1231,-0.2745,-0.0942,-0.9570,182,1.000,1.000,1.000,2026-10-06T01:10:30.000Z
98.000,Gallente Citizen 1635012,Venture,98045,93299,92443,3076,-0.7018,-0.7044,0.1062,402,1.000,1.000,1.000,2026-10-06T01:10:30.000Z
98.000,Amarr Citizen 2281178,Procurer,53446,51042,37823,1623,0.0140,-0.3365,-0.9416,112,1.000,1.000,1.000,2026-10-06T01:10:30.000Z
99.000,Caldari Citizen 9942864,Venture,60486,16320,68201,770,-0.2370,-0.9493,0.2064,291,1.000,1.000,1.000,2026-10-06T01:10:31.000Z
99.000,Caldari Citizen 6206817,Orca,70736,54338,68779,130,,,,505,0.870,1.000,1.000,2026-10-06T01:10:31.000Z
99.000,Minmatar Citizen 9745080,Skiff,56171,80986,79852,2233,0.1864,-0.8542,-0.4853,196,1.000,1.000,1.000,2026-10-06T01:10:31.000Z
99.000,Amarr Citizen 0220922,Porpoise,79932,72154,52079,1318,-0.1959,-0.9305,0.3096,230,1.000,1.000,1.000,2026-10-06T01:10:31.000Z
99.000,Minmatar Citizen 4351238,Venture,54945,47807,22157,2784,-0.1233,-0.8121,0.5704,110,1.000,1.000,1.000,2026-10-06T01:10:31.000Z
99.000,Caldari Citizen 3216932,Capsule,73449,45985,69696,187,-0.7306,-0.2433,0.6380,265,,,,2026-10-06T01:10:31.000Z
99.000,Minmatar Citizen 9076035,Porpoise,75113,80715,59209,1410,-0.1656,-0.8000,-0.5766,309,1.000,1.000,1.000,2026-10-06T01:10:31.000Z
99.000,Minmatar Citizen 6662812,Procurer,22484,51016,60122,10,,,,6,1.000,1.000,1.000,2026-10-06T01:10:31.000Z
99.000,Caldari Citizen 3891005,Porpoise,36457,47068,63559,393,-0.9862,0.1231,-0.1109,225,1.000,1.000,1.000,2026-10-06T01:10:31.000Z
99.000,Caldari Citizen 8777524,Prospect,68539,13290,60196,586,0.0161,-0.9996,-0.0218,387,0.000,0.720,1.000,2026-10-06T01:10:31.000Z
99.000,Minmatar Citizen 0254120,Procurer,77628,54241,69234,305,-0.0294,-0.7967,0.6037,372,0.050,1.000,1.000,2026-10-06T01:10:31.000Z
99.000,Amarr Citizen 2674287,Porpoise,71922,42405,70510,349,-0.0545,-0.9983,0.0222,370,1.000,1.000,1.000,2026-10-06T01:10:31.000Z
99.000,Amarr Citizen 5054432,Venture,73035,53458,66309,401,-0.9179,0.3805,-0.1129,501,1.000,1.000,1.000,2026-10-06T01:10:31.000Z
99.000,Amarr Citizen 4520313,Capsule,45086,144936,102229,0,,,,6,,,,2026-10-06T01:10:31.000Z
99.000,Minmatar Citizen 9978241,Retriever,20261,44426,56116,677,-0.1150,-0.5505,-0.8269,344,1.000,1.000,1.000,2026-10-06T01:10:31.000Z
99.000,Minmatar Citizen 7162778,Mackinaw,25525,41924,56419,223,0.5962,-0.6689,-0.4441,132,0.000,0.354,1.000,2026-10-06T01:10:31.000Z
99.000,Minmatar Citizen 9678938,Porpoise,70739,40234,71857,124,-0.9202,-0.3757,0.1101,368,0.000,0.525,1.000,2026-10-06T01:10:31.000Z
99.000,Minmatar Citizen 2250648,Porpoise,67441,46736,60442,1113,-0.3284,-0.1154,-0.9375,215,1.000,1.000,1.000,2026-10-06T01:10:31.000Z
99.000,Gallente Citizen 1635012,Venture,95175,90967,93076,3284,-0.8558,-0.4862,0.1769,447,1.000,1.000,1.000,2026-10-06T01:10:31.000Z
99.000,Amarr Citizen 2281178,Procurer,53428,50464,36270,1619,0.0175,-0.3534,-0.9353,213,1.000,1.000,1.000,2026-10-06T01:10:31.000Z
100.000,Caldari Citizen 9942864,Venture,60224,15448,68297,797,-0.1485,-0.9798,0.1340,295,1.000,1.000,1.000,2026-10-06T01:10:32.000Z
100.000,Caldari Citizen 6206817,Orca,70814,54314,68668,130,-0.0950,-0.0813,-0.9921,507,0.860,1.000,1.000,2026-10-06T01:10:32.000Z
100.000,Minmatar Citizen 9745080,Skiff,56438,78996,78684,2204,0.0916,-0.8724,-0.4802,197,1.000,1.000,1.000,2026-10-06T01:10:32.000Z
100.000,Amarr Citizen 0220922,Porpoise,79600,70919,52508,1350,-0.2179,-0.9146,0.3406,245,1.000,1.000,1.000,2026-10-06T01:10:32.000Z
100.000,Minmatar Citizen 4351238,Venture,54529,45570,23833,2809,-0.1200,-0.8058,0.5799,165,1.000,1.000,1.000,2026-10-06T01:10:32.000Z
100.000,Caldari Citizen 3216932,Capsule,73293,45987,69861,187,-0.6864,-0.0700,0.7238,257,,,,2026-10-06T01:10:32.000Z
100.000,Minmatar Citizen 9076035,Porpoise,74925,79565,58283,1425,-0.1742,-0.7875,-0.5912,215,1.000,1.000,1.000,2026-10-06T01:10:32.000Z
100.000,Minmatar Citizen 6662812,Procurer,22481,51015,60126,8,,,,5,1.000,1.000,1.000,2026-10-06T01:10:32.000Z
100.000,Caldari Citizen 3891005,Porpoise,36046,47080,63546,333,-0.9840,0.1732,-0.0425,298,1.000,1.000,1.000,2026-10-06T01:10:32.000Z
100.000,Caldari Citizen 8777524,Prospect,68551,12542,60297,586,-0.1019,-0.9935,0.0498,141,0.000,0.710,1.000,2026-10-06T01:10:32.000Z
100.000,Minmatar Citizen 0254120,Procurer,77628,54048,69433,305,-0.0366,-0.8002,0.5986,374,0.050,1.000,1.000,2026-10-06T01:10:32.000Z
100.000,Amarr Citizen 2674287,Porpoise,71944,42006,70574,303,-0.1743,-0.9833,0.0521,303,1.000,1.000,1.000,2026-10-06T01:10:32.000Z
100.000,Amarr Citizen 5054432,Venture,72622,53715,66337,408,-0.8495,0.4997,-0.1691,261,1.000,1.000,1.000,2026-10-06T01:10:32.000Z
100.000,Amarr Citizen 4520313,Capsule,45086,144936,102229,0,,,,6,,,,2026-10-06T01:10:32.000Z
100.000,Minmatar Citizen 9978241,Retriever,20292,44051,55588,682,0.2671,-0.6540,-0.7078,229,1.000,1.000,1.000,2026-10-06T01:10:32.000Z
100.000,Minmatar Citizen 7162778,Mackinaw,25688,41818,56348,218,0.6390,-0.6644,-0.3875,199,,,,2026-10-06T01:10:32.000Z
100.000,Minmatar Citizen 9678938,Porpoise,70552,40172,71875,122,,,,349,0.000,0.525,1.000,2026-10-06T01:10:32.000Z
100.000,Minmatar Citizen 2250648,Porpoise,67005,46600,59424,987,-0.3621,-0.1238,-0.9239,152,1.000,1.000,1.000,2026-10-06T01:10:32.000Z
100.000,Gallente Citizen 1635012,Venture,91242,89360,94114,3494,-0.9305,-0.3068,0.2000,623,1.000,1.000,1.000,2026-10-06T01:10:32.000Z
100.000,Amarr Citizen 2281178,Procurer,53468,49788,34744,1617,0.0338,-0.3707,-0.9282,323,1.000,1.000,1.000,2026-10-06T01:10:32.000Z
101.000,Caldari Citizen 9942864,Venture,60097,14640,68333,816,-0.0646,-0.9954,0.0704,254,1.000,1.000,1.000,2026-10-06T01:10:33.000Z
101.000,Caldari Citizen 6206817,Orca,70784,54257,68445,130,-0.2724,0.0014,-0.9622,531,0.860,1.000,1.000,2026-10-06T01:10:33.000Z
101.000,Minmatar Citizen 9745080,Skiff,56547,77009,77583,2199,-0.0023,-0.8826,-0.4700,135,1.000,1.000,1.000,2026-10-06T01:10:33.000Z
101.000,Amarr Citizen 0220922,Porpoise,79215,69636,52964,1377,-0.2270,-0.9063,0.3565,299,1.000,1.000,1.000,2026-10-06T01:10:33.000Z
101.000,Minmatar Citizen 4351238,Venture,54197,43355,25564,2829,-0.1041,-0.8082,0.5796,268,1.000,1.000,1.000,2026-10-06T01:10:33.000Z
101.000,Caldari Citizen 3216932,Capsule,73157,46054,70005,187,-0.5995,-0.0893,0.7954,244,,,,2026-10-06T01:10:33.000Z
101.000,Minmatar Citizen 9076035,Porpoise,74701,78439,57434,1439,-0.1967,-0.7890,-0.5820,268,1.000,1.000,1.000,2026-10-06T01:10:33.000Z
101.000,Minmatar Citizen 6662812,Procurer,22480,51014,60129,6,,,,5,1.000,1.000,1.000,2026-10-06T01:10:33.000Z
101.000,Caldari Citizen 3891005,Porpoise,35692,47178,63563,259,-0.9630,0.2657,0.0447,223,1.000,1.000,1.000,2026-10-06T01:10:33.000Z
101.000,Caldari Citizen 8777524,Prospect,68414,11864,60366,587,-0.2428,-0.9662,0.0862,194,0.000,0.700,1.000,2026-10-06T01:10:33.000Z
101.000,Minmatar Citizen 0254120,Procurer,77607,53810,69696,305,-0.0078,-0.8472,0.5313,573,0.061,1.000,1.000,2026-10-06T01:10:33.000Z
101.000,Amarr Citizen 2674287,Porpoise,71928,41715,70650,269,-0.3345,-0.9407,0.0557,144,1.000,1.000,1.000,2026-10-06T01:10:33.000Z
101.000,Amarr Citizen 5054432,Venture,72258,53981,66269,415,-0.7668,0.5766,-0.2821,362,1.000,1.000,1.000,2026-10-06T01:10:33.000Z
101.000,Amarr Citizen 4520313,Capsule,45086,144936,102229,0,,,,6,,,,2026-10-06T01:10:33.000Z
101.000,Minmatar Citizen 9978241,Retriever,20652,43528,55132,718,0.5273,-0.6847,-0.5031,183,1.000,1.000,1.000,2026-10-06T01:10:33.000Z
101.000,Minmatar Citizen 7162778,Mackinaw,25863,41601,56271,212,0.6411,-0.6727,-0.3695,325,,,,2026-10-06T01:10:33.000Z
101.000,Minmatar Citizen 9678938,Porpoise,70418,40150,71964,119,,,,351,0.000,0.525,1.000,2026-10-06T01:10:33.000Z
101.000,Minmatar Citizen 2250648,Porpoise,66592,46548,58529,880,-0.3798,-0.1133,-0.9181,314,1.000,1.000,1.000,2026-10-06T01:10:33.000Z
101.000,Gallente Citizen 1635012,Venture,86988,88841,95191,3681,-0.9658,-0.1761,0.1904,813,1.000,1.000,1.000,2026-10-06T01:10:33.000Z
101.000,Amarr Citizen 2281178,Procurer,53542,49163,33219,1614,0.0610,-0.3849,-0.9210,69,1.000,1.000,1.000,2026-10-06T01:10:33.000Z
102.000,Caldari Citizen 9942864,Venture,60117,13761,68365,830,0.0078,-0.9999,0.0091,179,1.000,1.000,1.000,2026-10-06T01:10:34.000Z
102.000,Caldari Citizen 6206817,Orca,70585,54209,68058,130,-0.3054,0.0656,-0.9500,271,0.860,1.000,1.000,2026-10-06T01:10:34.000Z
102.000,Minmatar Citizen 9745080,Skiff,56444,75016,76535,2208,-0.0840,-0.8825,-0.4627,268,1.000,1.000,1.000,2026-10-06T01:10:34.000Z
102.000,Amarr Citizen 0220922,Porpoise,78895,68345,53560,1398,-0.2230,-0.9080,0.3547,248,1.000,1.000,1.000,2026-10-06T01:10:34.000Z
102.000,Minmatar Citizen 4351238,Venture,53945,41045,27265,2844,-0.0716,-0.8172,0.5719,294,1.000,1.000,1.000,2026-10-06T01:10:34.000Z
102.000,Caldari Citizen 3216932,Capsule,73036,46094,70143,187,-0.4679,-0.3106,0.8274,238,,,,2026-10-06T01:10:34.000Z
102.000,Minmatar Citizen 9076035,Porpoise,74359,77213,56581,1452,-0.2186,-0.7976,-0.5621,262,1.000,1.000,1.000,2026-10-06T01:10:34.000Z
102.000,Minmatar Citizen 6662812,Procurer,22479,51013,60129,5,,,,5,1.000,1.000,1.000,2026-10-06T01:10:34.000Z
102.000,Caldari Citizen 3891005,Porpoise,35467,47294,63596,194,-0.9127,0.3887,0.1260,122,1.000,1.000,1.000,2026-10-06T01:10:34.000Z
102.000,Caldari Citizen 8777524,Prospect,68164,11307,60406,587,-0.3681,-0.9241,0.1028,180,0.000,0.680,1.000,2026-10-06T01:10:34.000Z
102.000,Minmatar Citizen 0254120,Procurer,77568,53531,69889,306,0.0639,-0.9003,0.4306,520,0.061,1.000,1.000,2026-10-06T01:10:34.000Z
102.000,Amarr Citizen 2674287,Porpoise,71794,41472,70671,257,-0.5164,-0.8561,0.0218,177,1.000,1.000,1.000,2026-10-06T01:10:34.000Z
102.000,Amarr Citizen 5054432,Venture,71907,54258,66071,419,-0.6769,0.6186,-0.3988,508,1.000,1.000,1.000,2026-10-06T01:10:34.000Z
102.000,Amarr Citizen 4520313,Capsule,45086,144936,102229,0,,,,6,,,,2026-10-06T01:10:34.000Z
102.000,Minmatar Citizen 9978241,Retriever,21244,43005,54829,777,0.6852,-0.6724,-0.2799,303,1.000,1.000,1.000,2026-10-06T01:10:34.000Z
102.000,Minmatar Citizen 7162778,Mackinaw,26119,41281,56112,207,0.6318,-0.6779,-0.3759,303,,,,2026-10-06T01:10:34.000Z
102.000,Minmatar Citizen 9678938,Porpoise,70315,40162,72064,117,-0.8737,0.4108,0.2604,352,0.000,0.490,1.000,2026-10-06T01:10:34.000Z
102.000,Minmatar Citizen 2250648,Porpoise,66246,46427,57727,787,-0.3885,-0.0917,-0.9169,286,1.000,1.000,1.000,2026-10-06T01:10:34.000Z
102.000,Gallente Citizen 1635012,Venture,82956,88757,95966,3842,-0.9829,-0.0894,0.1608,342,1.000,1.000,1.000,2026-10-06T01:10:34.000Z
102.000,Amarr Citizen 2281178,Procurer,53651,48601,31800,1420,0.0863,-0.4005,-0.9122,194,1.000,1.000,1.000,2026-10-06T01:10:34.000Z
103.000,Caldari Citizen 9942864,Venture,60248,12801,68412,841,0.0489,-0.9972,-0.0574,219,1.000,1.000,1.000,2026-10-06T01:10:35.000Z
103.000,Caldari Citizen 6206817,Orca,70338,54300,67636,130,-0.2439,0.1252,-0.9617,454,0.860,1.000,1.000,2026-10-06T01:10:35.000Z
103.000,Minmatar Citizen 9745080,Skiff,56103,72938,75528,2225,-0.1516,-0.8699,-0.4693,250,1.000,1.000,1.000,2026-10-06T01:10:35.000Z
103.000,Amarr Citizen 0220922,Porpoise,78632,67121,54137,1309,-0.1989,-0.9155,0.3497,264,1.000,1.000,1.000,2026-10-06T01:10:35.000Z
103.000,Minmatar Citizen 4351238,Venture,53714,38653,28835,2848,-0.0221,-0.8319,0.5545,245,1.000,1.000,1.000,2026-10-06T01:10:35.000Z
103.000,Caldari Citizen 3216932,Capsule,72933,46043,70327,187,-0.3467,-0.5725,0.7430,233,,,,2026-10-06T01:10:35.000Z
103.000,Minmatar Citizen 9076035,Porpoise,73947,75992,55718,1463,-0.2382,-0.8005,-0.5500,261,1.000,1.000,1.000,2026-10-06T01:10:35.000Z
103.000,Minmatar Citizen 6662812,Procurer,22479,51013,60129,4,,,,5,1.000,1.000,1.000,2026-10-06T01:10:35.000Z
103.000,Caldari Citizen 3891005,Porpoise,35363,47392,63634,139,,,,88,1.000,1.000,1.000,2026-10-06T01:10:35.000Z
103.000,Caldari Citizen 8777524,Prospect,67816,10756,60414,587,-0.4328,-0.8920,0.1306,300,0.000,0.670,1.000,2026-10-06T01:10:35.000Z
103.000,Minmatar Citizen 0254120,Procurer,77579,53160,69974,306,0.1994,-0.9305,0.3074,130,0.000,0.990,1.000,2026-10-06T01:10:35.000Z
103.000,Amarr Citizen 2674287,Porpoise,71523,41212,70617,248,-0.6790,-0.7342,-0.0027,515,1.000,1.000,1.000,2026-10-06T01:10:35.000Z
103.000,Amarr Citizen 5054432,Venture,71674,54496,65849,410,-0.5852,0.6452,-0.4911,478,1.000,1.000,1.000,2026-10-06T01:10:35.000Z
103.000,Amarr Citizen 4520313,Capsule,45086,144936,102229,0,,,,6,,,,2026-10-06T01:10:35.000Z
103.000,Minmatar Citizen 9978241,Retriever,21850,42485,54675,846,0.7648,-0.6382,-0.0881,253,1.000,1.000,1.000,2026-10-06T01:10:35.000Z
103.000,Minmatar Citizen 7162778,Mackinaw,26330,41071,55969,203,0.6359,-0.6560,-0.4065,177,0.000,0.194,1.000,2026-10-06T01:10:35.000Z
103.000,Minmatar Citizen 9678938,Porpoise,70205,40236,72124,115,-0.7954,0.5946,0.1178,356,0.000,0.475,1.000,2026-10-06T01:10:35.000Z
103.000,Minmatar Citizen 2250648,Porpoise,65964,46338,56988,707,-0.3958,-0.0799,-0.9148,249,1.000,1.000,1.000,2026-10-06T01:10:35.000Z
103.000,Gallente Citizen 1635012,Venture,79043,88605,96450,3975,-0.9914,-0.0441,0.1235,98,1.000,1.000,1.000,2026-10-06T01:10:35.000Z
103.000,Amarr Citizen 2281178,Procurer,53817,48063,30577,1235,0.1037,-0.4194,-0.9018,287,1.000,1.000,1.000,2026-10-06T01:10:35.000Z
104.000,Caldari Citizen 9942864,Venture,60363,11897,68372,844,0.0460,-0.9911,-0.1246,206,1.000,1.000,1.000,2026-10-06T01:10:36.000Z
104.000,Caldari Citizen 6206817,Orca,70273,54407,67363,130,-0.0779,0.1805,-0.9805,403,0.850,1.000,1.000,2026-10-06T01:10:36.000Z
104.000,Minmatar Citizen 9745080,Skiff,55635,70814,74533,2247,-0.1970,-0.8504,-0.4878,224,1.000,1.000,1.000,2026-10-06T01:10:36.000Z
104.000,Amarr Citizen 0220922,Porpoise,78338,65904,54532,1219,-0.1599,-0.9236,0.3485,109,1.000,1.000,1.000,2026-10-06T01:10:36.000Z
104.000,Minmatar Citizen 4351238,Venture,53654,36499,30209,2295,0.0459,-0.8513,0.5227,407,1.000,1.000,1.000,2026-10-06T01:10:36.000Z
104.000,Caldari Citizen 3216932,Capsule,72875,45831,70572,187,-0.2910,-0.7193,0.6308,287,,,,2026-10-06T01:10:36.000Z
104.000,Minmatar Citizen 9076035,Porpoise,73557,74759,54929,1474,-0.2570,-0.7931,-0.5522,258,1.000,1.000,1.000,2026-10-06T01:10:36.000Z
104.000,Minmatar Citizen 6662812,Procurer,22480,51014,60128,3,,,,5,1.000,1.000,1.000,2026-10-06T01:10:36.000Z
104.000,Caldari Citizen 3891005,Porpoise,35309,47461,63669,95,,,,85,1.000,1.000,1.000,2026-10-06T01:10:36.000Z
104.000,Caldari Citizen 8777524,Prospect,67508,10231,60501,587,-0.4317,-0.8860,0.1691,243,0.000,0.670,1.000,2026-10-06T01:10:36.000Z
104.000,Minmatar Citizen 0254120,Procurer,77656,52762,70057,306,0.3677,-0.9097,0.1930,406,0.000,0.990,1.000,2026-10-06T01:10:36.000Z
104.000,Amarr Citizen 2674287,Porpoise,71267,41002,70578,241,-0.7889,-0.6128,0.0453,216,1.000,1.000,1.000,2026-10-06T01:10:36.000Z
104.000,Amarr Citizen 5054432,Venture,71542,54718,65598,379,-0.5093,0.6903,-0.5140,553,1.000,1.000,1.000,2026-10-06T01:10:36.000Z
104.000,Amarr Citizen 4520313,Capsule,45086,144936,102229,0,,,,6,,,,2026-10-06T01:10:36.000Z
104.000,Minmatar Citizen 9978241,Retriever,22530,41895,54668,915,0.7971,-0.6001,0.0673,275,1.000,1.000,1.000,2026-10-06T01:10:36.000Z
104.000,Minmatar Citizen 7162778,Mackinaw,26440,40958,55896,176,0.6722,-0.5772,-0.4636,124,0.000,0.172,1.000,2026-10-06T01:10:36.000Z
104.000,Minmatar Citizen 9678938,Porpoise,70029,40420,72114,114,-0.7911,0.6110,-0.0291,401,0.000,0.465,1.000,2026-10-06T01:10:36.000Z
104.000,Minmatar Citizen 2250648,Porpoise,65716,46295,56348,638,-0.4125,-0.0739,-0.9079,231,1.000,1.000,1.000,2026-10-06T01:10:36.000Z
104.000,Gallente Citizen 1635012,Venture,75024,88411,96780,4083,-0.9953,-0.0275,0.0924,168,1.000,1.000,1.000,2026-10-06T01:10:36.000Z
104.000,Amarr Citizen 2281178,Procurer,53993,47569,29513,1076,0.1088,-0.4409,-0.8910,243,1.000,1.000,1.000,2026-10-06T01:10:36.000Z
105.000,Caldari Citizen 9942864,Venture,60407,11109,68199,804,0.0202,-0.9835,-0.1795,251,1.000,1.000,1.000,2026-10-06T01:10:37.000Z
105.000,Caldari Citizen 6206817,Orca,70359,54452,67162,130,0.2191,0.1981,-0.9554,405,0.850,1.000,1.000,2026-10-06T01:10:37.000Z
105.000,Minmatar Citizen 9745080,Skiff,55049,68828,73358,2269,-0.2165,-0.8323,-0.5103,319,1.000,1.000,1.000,2026-10-06T01:10:37.000Z
105.000,Amarr Citizen 0220922,Porpoise,78120,64742,54869,1134,-0.1195,-0.9298,0.3481,274,1.000,1.000,1.000,2026-10-06T01:10:37.000Z
105.000,Minmatar Citizen 4351238,Venture,53881,34767,31270,1823,0.1434,-0.8698,0.4722,325,1.000,1.000,1.000,2026-10-06T01:10:37.000Z
105.000,Caldari Citizen 3216932,Capsule,72840,45453,70818,187,-0.3027,-0.7696,0.5623,452,,,,2026-10-06T01:10:37.000Z
105.000,Minmatar Citizen 9076035,Porpoise,73211,73548,54134,1483,-0.2779,-0.7759,-0.5664,254,1.000,1.000,1.000,2026-10-06T01:10:37.000Z
105.000,Minmatar Citizen 6662812,Procurer,22482,51015,60126,2,,,,6,1.000,1.000,1.000,2026-10-06T01:10:37.000Z
105.000,Caldari Citizen 3891005,Porpoise,35283,47498,63698,63,,,,91,1.000,1.000,1.000,2026-10-06T01:10:37.000Z
105.000,Caldari Citizen 8777524,Prospect,67240,9694,60656,587,-0.3775,-0.9047,0.1977,133,0.000,0.670,1.000,2026-10-06T01:10:37.000Z
105.000,Minmatar Citizen 0254120,Procurer,77819,52482,70081,301,0.5168,-0.8509,0.0942,308,0.000,0.980,1.000,2026-10-06T01:10:37.000Z
105.000,Amarr Citizen 2674287,Porpoise,71081,40876,70578,206,-0.8531,-0.4881,0.1846,129,1.000,1.000,1.000,2026-10-06T01:10:37.000Z
105.000,Amarr Citizen 5054432,Venture,71373,54973,65423,335,-0.4759,0.7781,-0.4100,388,1.000,1.000,1.000,2026-10-06T01:10:37.000Z
105.000,Amarr Citizen 4520313,Capsule,45086,144936,102229,0,,,,6,,,,2026-10-06T01:10:37.000Z
105.000,Minmatar Citizen 9978241,Retriever,23364,41310,54842,981,0.8074,-0.5591,0.1884,373,1.000,1.000,1.000,2026-10-06T01:10:37.000Z
105.000,Minmatar Citizen 7162778,Mackinaw,26533,40888,55831,153,,,,100,0.000,0.152,1.000,2026-10-06T01:10:37.000Z
105.000,Minmatar Citizen 9678938,Porpoise,69793,40681,72052,113,-0.8559,0.4901,-0.1654,198,0.000,0.465,1.000,2026-10-06T01:10:37.000Z
105.000,Minmatar Citizen 2250648,Porpoise,65442,46285,55769,579,-0.4418,-0.0672,-0.8946,306,1.000,1.000,1.000,2026-10-06T01:10:37.000Z
105.000,Gallente Citizen 1635012,Venture,70952,88253,97045,4171,-0.9971,-0.0149,0.0749,284,1.000,1.000,1.000,2026-10-06T01:10:37.000Z
105.000,Amarr Citizen 2281178,Procurer,54125,47024,28600,935,0.1071,-0.4553,-0.8839,115,1.000,1.000,1.000,2026-10-06T01:10:37.000Z
106.000,Caldari Citizen 9942864,Venture,60333,10317,67917,771,-0.0074,-0.9779,-0.2089,270,1.000,1.000,1.000,2026-10-06T01:10:38.000Z
106.000,Caldari Citizen 6206817,Orca,70496,54481,66973,130,0.5372,0.1217,-0.8346,414,0.850,1.000,1.000,2026-10-06T01:10:38.000Z
106.000,Minmatar Citizen 9745080,Skiff,54410,66935,71964,2285,-0.2198,-0.8184,-0.5310,265,1.000,1.000,1.000,2026-10-06T01:10:38.000Z
106.000,Amarr Citizen 0220922,Porpoise,78057,63677,55237,986,-0.0791,-0.9308,0.3568,209,1.000,1.000,1.000,2026-10-06T01:10:38.000Z
106.000,Minmatar Citizen 4351238,Venture,54319,33289,32060,1425,0.2720,-0.8745,0.4015,453,1.000,1.000,1.000,2026-10-06T01:10:38.000Z
106.000,Caldari Citizen 3216932,Capsule,72735,45116,70941,187,-0.3782,-0.7491,0.5439,180,,,,2026-10-06T01:10:38.000Z
106.000,Minmatar Citizen 9076035,Porpoise,72826,72353,53276,1492,-0.3030,-0.7568,-0.5791,315,1.000,1.000,1.000,2026-10-06T01:10:38.000Z
106.000,Minmatar Citizen 6662812,Procurer,22483,51016,60122,2,,,,6,1.000,1.000,1.000,2026-10-06T01:10:38.000Z
106.000,Caldari Citizen 3891005,Porpoise,35276,47503,63719,47,,,,90,1.000,1.000,1.000,2026-10-06T01:10:38.000Z
106.000,Caldari Citizen 8777524,Prospect,67039,9167,60831,587,-0.2970,-0.9360,0.1888,153,0.000,0.660,1.000,2026-10-06T01:10:38.000Z
106.000,Minmatar Citizen 0254120,Procurer,78084,52266,70087,299,0.6193,-0.7849,-0.0217,291,0.000,0.980,1.000,2026-10-06T01:10:38.000Z
106.000,Amarr Citizen 2674287,Porpoise,70900,40793,70645,165,-0.8561,-0.3201,0.4058,136,1.000,1.000,1.000,2026-10-06T01:10:38.000Z
106.000,Amarr Citizen 5054432,Venture,71263,55183,65321,300,-0.4757,0.8751,-0.0888,382,1.000,1.000,1.000,2026-10-06T01:10:38.000Z
106.000,Amarr Citizen 4520313,Capsule,45086,144936,102229,0,,,,6,,,,2026-10-06T01:10:38.000Z
106.000,Minmatar Citizen 9978241,Retriever,24218,40758,55125,1033,0.8151,-0.5081,0.2784,189,1.000,1.000,1.000,2026-10-06T01:10:38.000Z
106.000,Minmatar Citizen 7162778,Mackinaw,26617,40871,55766,134,,,,88,0.000,0.111,1.000,2026-10-06T01:10:38.000Z
106.000,Minmatar Citizen 9678938,Porpoise,69609,40819,72015,112,-0.9358,0.2495,-0.2490,142,0.000,0.459,1.000,2026-10-06T01:10:38.000Z
106.000,Minmatar Citizen 2250648,Porpoise,65153,46255,55262,527,-0.4772,-0.0810,-0.8750,155,1.000,1.000,1.000,2026-10-06T01:10:38.000Z
106.000,Gallente Citizen 1635012,Venture,66771,88186,97315,4241,-0.9976,0.0053,0.0697,327,1.000,1.000,1.000,2026-10-06T01:10:38.000Z
106.000,Amarr Citizen 2281178,Procurer,54206,46543,27802,814,0.0913,-0.4541,-0.8863,294,1.000,1.000,1.000,2026-10-06T01:10:38.000Z
107.000,Caldari Citizen 9942864,Venture,60270,9525,67701,747,-0.0243,-0.9790,-0.2023,97,1.000,1.000,1.000,2026-10-06T01:10:39.000Z
107.000,Caldari Citizen 6206817,Orca,70638,54484,66837,130,0.6927,0.0355,-0.7204,420,0.850,1.000,1.000,2026-10-06T01:10:39.000Z
107.000,Minmatar Citizen 9745080,Skiff,53923,65069,70629,2193,-0.2153,-0.8135,-0.5403,117,1.000,1.000,1.000,2026-10-06T01:10:39.000Z
107.000,Amarr Citizen 0220922,Porpoise,78078,62757,55672,858,-0.0458,-0.9262,0.3743,242,1.000,1.000,1.000,2026-10-06T01:10:39.000Z
107.000,Minmatar Citizen 4351238,Venture,54839,32254,32344,600,0.3674,-0.8565,0.3625,371,1.000,1.000,1.000,2026-10-06T01:10:39.000Z
107.000,Caldari Citizen 3216932,Capsule,72593,44937,71034,187,-0.5180,-0.6356,0.5725,59,,,,2026-10-06T01:10:39.000Z
107.000,Minmatar Citizen 9076035,Porpoise,72322,71236,52327,1500,-0.3309,-0.7428,-0.5820,163,1.000,1.000,1.000,2026-10-06T01:10:39.000Z
107.000,Minmatar Citizen 6662812,Procurer,22485,51017,60118,1,,,,7,1.000,1.000,1.000,2026-10-06T01:10:39.000Z
107.000,Caldari Citizen 3891005,Porpoise,35287,47480,63727,52,,,,81,1.000,1.000,1.000,2026-10-06T01:10:39.000Z
107.000,Caldari Citizen 8777524,Prospect,66889,8581,60969,587,-0.2285,-0.9659,0.1221,153,0.000,0.640,1.000,2026-10-06T01:10:39.000Z
107.000,Minmatar Citizen 0254120,Procurer,78359,51972,70145,299,0.6597,-0.7386,-0.1390,555,0.000,0.969,1.000,2026-10-06T01:10:39.000Z
107.000,Amarr Citizen 2674287,Porpoise,70738,40778,70791,131,,,,142,1.000,1.000,1.000,2026-10-06T01:10:39.000Z
107.000,Amarr Citizen 5054432,Venture,71193,55368,65301,280,-0.4142,0.8085,0.4181,405,1.000,1.000,1.000,2026-10-06T01:10:39.000Z
107.000,Amarr Citizen 4520313,Capsule,45086,144936,102229,0,,,,6,,,,2026-10-06T01:10:39.000Z
107.000,Minmatar Citizen 9978241,Retriever,25005,40269,55457,1020,0.8232,-0.4522,0.3434,170,1.000,1.000,1.000,2026-10-06T01:10:39.000Z
107.000,Minmatar Citizen 7162778,Mackinaw,26684,40887,55706,119,,,,78,0.000,0.061,1.000,2026-10-06T01:10:39.000Z
107.000,Minmatar Citizen 9678938,Porpoise,69426,40799,71962,111,-0.9570,-0.1183,-0.2650,198,0.000,0.459,1.000,2026-10-06T01:10:39.000Z
107.000,Minmatar Citizen 2250648,Porpoise,64872,46211,54806,483,-0.5052,-0.1151,-0.8553,406,1.000,1.000,1.000,2026-10-06T01:10:39.000Z
107.000,Gallente Citizen 1635012,Venture,62484,88290,97619,4297,-0.9969,0.0302,0.0724,277,1.000,1.000,1.000,2026-10-06T01:10:39.000Z
107.000,Amarr Citizen 2281178,Procurer,54228,46187,27055,708,0.0540,-0.4344,-0.8991,328,1.000,1.000,1.000,2026-10-06T01:10:39.000Z
108.000,Caldari Citizen 9942864,Venture,60270,8761,67584,730,-0.0357,-0.9841,-0.1738,197,1.000,1.000,1.000,2026-10-06T01:10:40.000Z
108.000,Caldari Citizen 6206817,Orca,70762,54470,66751,130,,,,423,0.850,1.000,1.000,2026-10-06T01:10:40.000Z
108.000,Minmatar Citizen 9745080,Skiff,53584,63400,69527,1796,-0.2049,-0.8242,-0.5280,369,1.000,1.000,1.000,2026-10-06T01:10:40.000Z
108.000,Amarr Citizen 0220922,Porpoise,78069,61971,56056,748,-0.0432,-0.9198,0.3899,220,1.000,1.000,1.000,2026-10-06T01:10:40.000Z
108.000,Minmatar Citizen 4351238,Venture,55366,31872,32185,273,0.2869,-0.7980,0.5301,333,1.000,1.000,1.000,2026-10-06T01:10:40.000Z
108.000,Caldari Citizen 3216932,Capsule,72429,44834,71183,187,-0.6669,-0.3957,0.6314,42,,,,2026-10-06T01:10:40.000Z
108.000,Minmatar Citizen 9076035,Porpoise,71741,70170,51352,1506,-0.3581,-0.7407,-0.5684,245,1.000,1.000,1.000,2026-10-06T01:10:40.000Z
108.000,Minmatar Citizen 6662812,Procurer,22485,51017,60118,1,,,,7,1.000,1.000,1.000,2026-10-06T01:10:40.000Z
108.000,Caldari Citizen 3891005,Porpoise,35310,47436,63727,67,,,,70,1.000,1.000,1.000,2026-10-06T01:10:40.000Z
108.000,Caldari Citizen 8777524,Prospect,66797,7981,61048,587,-0.1820,-0.9832,0.0172,225,0.000,0.636,1.000,2026-10-06T01:10:40.000Z
108.000,Minmatar Citizen 0254120,Procurer,78601,51697,70074,299,0.6313,-0.7488,-0.2021,521,0.000,0.960,1.000,2026-10-06T01:10:40.000Z
108.000,Amarr Citizen 2674287,Porpoise,70645,40804,70921,103,,,,131,1.000,1.000,1.000,2026-10-06T01:10:40.000Z
108.000,Amarr Citizen 5054432,Venture,71098,55523,65474,274,-0.2851,0.5500,0.7850,423,1.000,1.000,1.000,2026-10-06T01:10:40.000Z
108.000,Amarr Citizen 4520313,Capsule,45086,144936,102229,0,,,,6,,,,2026-10-06T01:10:40.000Z
108.000,Minmatar Citizen 9978241,Retriever,25762,39886,55831,906,0.8316,-0.4011,0.3840,235,1.000,1.000,1.000,2026-10-06T01:10:40.000Z
108.000,Minmatar Citizen 7162778,Mackinaw,26723,40872,55631,106,0.0264,-0.6469,-0.7621,72,0.000,0.051,0.818,2026-10-06T01:10:40.000Z
108.000,Minmatar Citizen 9678938,Porpoise,69168,40688,71857,110,-0.8633,-0.4637,-0.1991,542,0.000,0.444,1.000,2026-10-06T01:10:40.000Z
108.000,Minmatar Citizen 2250648,Porpoise,64635,46141,54427,446,-0.5089,-0.1412,-0.8492,182,1.000,1.000,1.000,2026-10-06T01:10:40.000Z
108.000,Gallente Citizen 1635012,Venture,58103,88464,97909,4341,-0.9953,0.0552,0.0794,308,1.000,1.000,1.000,2026-10-06T01:10:40.000Z
108.000,Amarr Citizen 2281178,Procurer,54310,45922,26423,617,-0.0004,-0.3944,-0.9189,97,1.000,1.000,1.000,2026-10-06T01:10:40.000Z
109.000,Caldari Citizen 9942864,Venture,60300,8056,67531,714,-0.0553,-0.9878,-0.1458,180,1.000,1.000,1.000,2026-10-06T01:10:41.000Z
109.000,Caldari Citizen 6206817,Orca,70871,54463,66673,130,,,,427,0.850,1.000,1.000,2026-10-06T01:10:41.000Z
109.000,Minmatar Citizen 9745080,Skiff,53244,62000,68659,1481,-0.1918,-0.8478,-0.4944,219,1.000,1.000,1.000,2026-10-06T01:10:41.000Z
109.000,Amarr Citizen 0220922,Porpoise,78050,61288,56348,653,-0.0822,-0.9139,0.3976,302,1.000,1.000,1.000,2026-10-06T01:10:41.000Z
109.000,Minmatar Citizen 4351238,Venture,55663,31610,32194,700,-0.4107,-0.1482,0.8996,894,1.000,1.000,1.000,2026-10-06T01:10:41.000Z
109.000,Caldari Citizen 3216932,Capsule,72263,44803,71355,187,-0.7155,-0.1342,0.6856,55,,,,2026-10-06T01:10:41.000Z
109.000,Minmatar Citizen 9076035,Porpoise,71145,69059,50469,1504,-0.3786,-0.7562,-0.5336,222,1.000,1.000,1.000,2026-10-06T01:10:41.000Z
109.000,Minmatar Citizen 6662812,Procurer,22485,51017,60118,1,,,,7,1.000,1.000,1.000,2026-10-06T01:10:41.000Z
109.000,Caldari Citizen 3891005,Porpoise,35330,47384,63730,83,,,,66,1.000,1.000,1.000,2026-10-06T01:10:41.000Z
109.000,Caldari Citizen 8777524,Prospect,66721,7313,61017,587,-0.1437,-0.9852,-0.0930,218,0.000,0.630,1.000,2026-10-06T01:10:41.000Z
109.000,Minmatar Citizen 0254120,Procurer,78840,51415,69868,300,0.5641,-0.7995,-0.2062,190,0.000,0.960,1.000,2026-10-06T01:10:41.000Z
109.000,Amarr Citizen 2674287,Porpoise,70604,40835,71004,81,,,,124,1.000,1.000,1.000,2026-10-06T01:10:41.000Z
109.000,Amarr Citizen 5054432,Venture,71055,55624,65790,274,-0.2343,0.2801,0.9309,313,1.000,1.000,1.000,2026-10-06T01:10:41.000Z
109.000,Amarr Citizen 4520313,Capsule,45086,144936,102229,0,,,,6,,,,2026-10-06T01:10:41.000Z
109.000,Minmatar Citizen 9978241,Retriever,26440,39626,56185,792,0.8523,-0.3506,0.3883,310,1.000,1.000,1.000,2026-10-06T01:10:41.000Z
109.000,Minmatar Citizen 7162778,Mackinaw,26707,40746,55480,96,-0.1159,-0.7446,-0.6574,170,0.000,0.051,0.818,2026-10-06T01:10:41.000Z
109.000,Minmatar Citizen 9678938,Porpoise,68979,40531,71814,110,-0.7777,-0.6236,-0.0795,554,0.000,0.434,1.000,2026-10-06T01:10:41.000Z
109.000,Minmatar Citizen 2250648,Porpoise,64434,46051,54114,414,-0.4808,-0.1362,-0.8662,164,1.000,1.000,1.000,2026-10-06T01:10:41.000Z
109.000,Gallente Citizen 1635012,Venture,53758,88766,98259,4375,-0.9929,0.0800,0.0884,233,1.000,1.000,1.000,2026-10-06T01:10:41.000Z
109.000,Amarr Citizen 2281178,Procurer,54322,45704,25859,538,-0.0288,-0.3649,-0.9306,392,1.000,1.000,1.000,2026-10-06T01:10:41.000Z
110.000,Caldari Citizen 9942864,Venture,60280,7366,67464,669,-0.0930,-0.9863,-0.1366,160,1.000,1.000,1.000,2026-10-06T01:10:42.000Z
110.000,Caldari Citizen 6206817,Orca,70975,54461,66586,130,,,,431,0.850,1.000,1.000,2026-10-06T01:10:42.000Z
110.000,Minmatar Citizen 9745080,Skiff,52939,60774,68004,1228,-0.1885,-0.8707,-0.4543,309,1.000,1.000,1.000,2026-10-06T01:10:42.000Z
110.000,Amarr Citizen 0220922,Porpoise,77980,60686,56542,571,-0.1336,-0.9018,0.4110,267,1.000,1.000,1.000,2026-10-06T01:10:42.000Z
110.000,Minmatar Citizen 4351238,Venture,55385,31453,32777,1121,-0.6921,0.4833,0.5362,663,1.000,1.000,1.000,2026-10-06T01:10:42.000Z
110.000,Caldari Citizen 3216932,Capsule,72118,44833,71506,187,-0.7099,0.0223,0.7040,38,,,,2026-10-06T01:10:42.000Z
110.000,Minmatar Citizen 9076035,Porpoise,70575,67881,49709,1450,-0.3915,-0.7895,-0.4726,392,1.000,1.000,1.000,2026-10-06T01:10:42.000Z
110.000,Minmatar Citizen 6662812,Procurer,22485,51017,60118,1,,,,7,1.000,1.000,1.000,2026-10-06T01:10:42.000Z
110.000,Caldari Citizen 3891005,Porpoise,35331,47337,63748,98,,,,68,1.000,1.000,1.000,2026-10-06T01:10:42.000Z
110.000,Caldari Citizen 8777524,Prospect,66619,6653,60891,587,-0.0970,-0.9787,-0.1811,391,0.000,0.630,1.000,2026-10-06T01:10:42.000Z
110.000,Minmatar Citizen 0254120,Procurer,79059,51136,69728,301,0.4591,-0.8768,-0.1429,139,0.000,0.949,1.000,2026-10-06T01:10:42.000Z
110.000,Amarr Citizen 2674287,Porpoise,70568,40854,71067,67,,,,125,1.000,1.000,1.000,2026-10-06T01:10:42.000Z
110.000,Amarr Citizen 5054432,Venture,71046,55662,66073,277,-0.2390,0.0481,0.9698,216,1.000,1.000,1.000,2026-10-06T01:10:42.000Z
110.000,Amarr Citizen 4520313,Capsule,45086,144936,102229,0,,,,6,,,,2026-10-06T01:10:42.000Z
110.000,Minmatar Citizen 9978241,Retriever,27011,39438,56476,706,0.8871,-0.3156,0.3369,273,1.000,1.000,1.000,2026-10-06T01:10:42.000Z
110.000,Minmatar Citizen 7162778,Mackinaw,26629,40479,55223,88,-0.1805,-0.7915,-0.5839,403,,,,2026-10-06T01:10:42.000Z
110.000,Minmatar Citizen 9678938,Porpoise,68871,40336,71813,109,-0.7462,-0.6567,0.1094,250,0.000,0.434,1.000,2026-10-06T01:10:42.000Z
110.000,Minmatar Citizen 2250648,Porpoise,64235,45959,53792,386,-0.4290,-0.1051,-0.8972,398,1.000,1.000,1.000,2026-10-06T01:10:42.000Z
110.000,Gallente Citizen 1635012,Venture,49431,89189,98674,4402,-0.9894,0.1072,0.0979,316,1.000,1.000,1.000,2026-10-06T01:10:42.000Z
110.000,Amarr Citizen 2281178,Procurer,54216,45524,25316,470,-0.0655,-0.3437,-0.9368,213,1.000,1.000,1.000,2026-10-06T01:10:42.000Z
111.000,Caldari Citizen 9942864,Venture,60186,6761,67356,562,-0.1353,-0.9801,-0.1450,375,1.000,1.000,1.000,2026-10-06T01:10:43.000Z
111.000,Caldari Citizen 6206817,Orca,71050,54445,66469,131,0.0386,-0.1393,-0.9895,437,0.840,1.000,1.000,2026-10-06T01:10:43.000Z
111.000,Minmatar Citizen 9745080,Skiff,52727,59761,67561,1019,-0.1952,-0.8856,-0.4215,298,1.000,1.000,1.000,2026-10-06T01:10:43.000Z
111.000,Amarr Citizen 0220922,Porpoise,77848,60149,56773,512,-0.1688,-0.8752,0.4534,316,1.000,1.000,1.000,2026-10-06T01:10:43.000Z
111.000,Minmatar Citizen 4351238,Venture,54430,31934,33680,1474,-0.6792,0.6684,0.3032,455,1.000,1.000,1.000,2026-10-06T01:10:43.000Z
111.000,Caldari Citizen 3216932,Capsule,71986,44870,71635,187,-0.7112,0.0680,0.6997,28,,,,2026-10-06T01:10:43.000Z
111.000,Minmatar Citizen 9076035,Porpoise,70027,66754,49073,1392,-0.4044,-0.8272,-0.3901,312,1.000,1.000,1.000,2026-10-06T01:10:43.000Z
111.000,Minmatar Citizen 6662812,Procurer,22485,51017,60118,0,,,,7,1.000,1.000,1.000,2026-10-06T01:10:43.000Z
111.000,Caldari Citizen 3891005,Porpoise,35308,47304,63779,112,,,,68,1.000,1.000,1.000,2026-10-06T01:10:43.000Z
111.000,Caldari Citizen 8777524,Prospect,66520,6091,60699,587,-0.0339,-0.9704,-0.2389,177,0.000,0.630,1.000,2026-10-06T01:10:43.000Z
111.000,Minmatar Citizen 0254120,Procurer,79176,50851,69718,302,0.2279,-0.9726,0.0458,482,0.000,0.939,1.000,2026-10-06T01:10:43.000Z
111.000,Amarr Citizen 2674287,Porpoise,70528,40867,71114,56,,,,127,1.000,1.000,1.000,2026-10-06T01:10:43.000Z
111.000,Amarr Citizen 5054432,Venture,71000,55655,66310,281,-0.2737,-0.1999,0.9408,475,1.000,1.000,1.000,2026-10-06T01:10:43.000Z
111.000,Amarr Citizen 4520313,Capsule,45086,144936,102229,0,,,,6,,,,2026-10-06T01:10:43.000Z
111.000,Minmatar Citizen 9978241,Retriever,27596,39234,56733,806,0.9223,-0.3157,0.2229,172,1.000,1.000,1.000,2026-10-06T01:10:43.000Z
111.000,Minmatar Citizen 7162778,Mackinaw,26559,40184,55074,81,-0.2144,-0.8229,-0.5261,491,,,,2026-10-06T01:10:43.000Z
111.000,Minmatar Citizen 9678938,Porpoise,68766,40196,71851,109,-0.7250,-0.5888,0.3573,194,0.000,0.394,1.000,2026-10-06T01:10:43.000Z
111.000,Minmatar Citizen 2250648,Porpoise,64066,45944,53418,362,-0.3759,-0.0671,-0.9242,252,1.000,1.000,1.000,2026-10-06T01:10:43.000Z
111.000,Gallente Citizen 1635012,Venture,45158,89659,99136,4424,-0.9837,0.1458,0.1053,133,1.000,1.000,1.000,2026-10-06T01:10:43.000Z
111.000,Amarr Citizen 2281178,Procurer,54084,45382,24873,409,-0.2795,-0.2878,-0.9160,241,1.000,1.000,1.000,2026-10-06T01:10:43.000Z
112.000,Caldari Citizen 9942864,Venture,60032,6297,67252,475,-0.1522,-0.9763,-0.1537,215,1.000,1.000,1.000,2026-10-06T01:10:44.000Z
112.000,Caldari Citizen 6206817,Orca,71044,54393,66270,131,-0.2742,-0.0615,-0.9597,467,0.838,1.000,1.000,2026-10-06T01:10:44.000Z
112.000,Minmatar Citizen 9745080,Skiff,52608,58912,67263,842,-0.2021,-0.8896,-0.4096,306,1.000,1.000,1.000,2026-10-06T01:10:44.000Z
112.000,Amarr Citizen 0220922,Porpoise,77680,59618,57050,524,-0.1788,-0.8363,0.5184,224,1.000,1.000,1.000,2026-10-06T01:10:44.000Z
112.000,Minmatar Citizen 4351238,Venture,53095,33104,34238,1611,-0.5913,0.8021,0.0832,568,1.000,1.000,1.000,2026-10-06T01:10:44.000Z
112.000,Caldari Citizen 3216932,Capsule,71855,44900,71762,187,-0.7240,-0.0586,0.6873,34,,,,2026-10-06T01:10:44.000Z
112.000,Minmatar Citizen 9076035,Porpoise,69521,65673,48632,1355,-0.4209,-0.8595,-0.2900,222,1.000,1.000,1.000,2026-10-06T01:10:44.000Z
112.000,Minmatar Citizen 6662812,Procurer,22485,51017,60118,0,,,,7,1.000,1.000,1.000,2026-10-06T01:10:44.000Z
112.000,Caldari Citizen 3891005,Porpoise,35266,47293,63822,124,,,,59,1.000,1.000,1.000,2026-10-06T01:10:44.000Z
112.000,Caldari Citizen 8777524,Prospect,66505,5519,60520,587,0.0532,-0.9619,-0.2681,165,0.000,0.630,1.000,2026-10-06T01:10:44.000Z
112.000,Minmatar Citizen 0254120,Procurer,79205,50624,69822,302,-0.1022,-0.9549,0.2787,407,0.000,0.939,1.000,2026-10-06T01:10:44.000Z
112.000,Amarr Citizen 2674287,Porpoise,70458,40865,71118,47,,,,127,1.000,1.000,1.000,2026-10-06T01:10:44.000Z
112.000,Amarr Citizen 5054432,Venture,70877,55582,66562,286,-0.3261,-0.4489,0.8320,149,1.000,1.000,1.000,2026-10-06T01:10:44.000Z
112.000,Amarr Citizen 4520313,Capsule,45085,144936,102229,0,,,,6,,,,2026-10-06T01:10:44.000Z
112.000,Minmatar Citizen 9978241,Retriever,28322,39028,56905,907,0.9340,-0.3447,0.0943,478,1.000,1.000,1.000,2026-10-06T01:10:44.000Z
112.000,Minmatar Citizen 7162778,Capsule,26502,39999,55024,0,,,,4,,,,2026-10-06T01:10:44.000Z
112.000,Minmatar Citizen 9678938,Porpoise,68624,40116,71948,108,-0.7170,-0.4218,0.5550,187,0.000,0.394,1.000,2026-10-06T01:10:44.000Z
112.000,Minmatar Citizen 2250648,Porpoise,63989,45975,53094,331,-0.3440,-0.0323,-0.9384,79,1.000,1.000,1.000,2026-10-06T01:10:44.000Z
112.000,Gallente Citizen 1635012,Venture,41099,90263,99620,4086,-0.9730,0.2074,0.1011,799,1.000,1.000,1.000,2026-10-06T01:10:44.000Z
113.000,Caldari Citizen 9942864,Venture,59929,5890,67189,453,-0.1195,-0.9814,-0.1503,284,1.000,1.000,1.000,2026-10-06T01:10:45.000Z
113.000,Caldari Citizen 6206817,Orca,70931,54326,65971,131,-0.4798,0.0162,-0.8772,851,0.838,1.000,1.000,2026-10-06T01:10:45.000Z
113.000,Minmatar Citizen 9745080,Skiff,52453,58219,66979,736,-0.2084,-0.8781,-0.4307,239,1.000,1.000,1.000,2026-10-06T01:10:45.000Z
113.000,Amarr Citizen 0220922,Porpoise,77577,59111,57417,521,-0.1632,-0.8044,0.5712,187,1.000,1.000,1.000,2026-10-06T01:10:45.000Z
113.000,Minmatar Citizen 4351238,Venture,52021,34637,34155,1442,-0.4288,0.8879,-0.1667,614,1.000,1.000,1.000,2026-10-06T01:10:45.000Z
113.000,Caldari Citizen 3216932,Capsule,71723,44912,71889,187,-0.6740,-0.3669,0.6412,40,,,,2026-10-06T01:10:45.000Z
113.000,Minmatar Citizen 9076035,Porpoise,69008,64585,48370,1340,-0.4383,-0.8808,-0.1792,536,1.000,1.000,1.000,2026-10-06T01:10:45.000Z
113.000,Minmatar Citizen 6662812,Procurer,22485,51017,60118,0,,,,7,1.000,1.000,1.000,2026-10-06T01:10:45.000Z
113.000,Caldari Citizen 3891005,Porpoise,35223,47323,63881,130,,,,34,1.000,1.000,1.000,2026-10-06T01:10:45.000Z
113.000,Caldari Citizen 8777524,Prospect,66587,4949,60376,587,0.1555,-0.9474,-0.2796,158,0.000,0.630,1.000,2026-10-06T01:10:45.000Z
113.000,Minmatar Citizen 0254120,Procurer,79124,50433,69965,303,-0.3352,-0.8654,0.3725,389,0.000,0.929,1.000,2026-10-06T01:10:45.000Z
113.000,Amarr Citizen 2674287,Porpoise,70316,40810,71031,43,,,,194,1.000,1.000,1.000,2026-10-06T01:10:45.000Z
113.000,Amarr Citizen 5054432,Venture,70759,55439,66836,289,-0.3591,-0.6562,0.6637,140,1.000,1.000,1.000,2026-10-06T01:10:45.000Z
113.000,Amarr Citizen 4520313,Capsule,45085,144936,102229,0,,,,6,,,,2026-10-06T01:10:45.000Z
113.000,Minmatar Citizen 9978241,Retriever,29096,38772,56907,961,0.9243,-0.3812,0.0176,287,1.000,1.000,1.000,2026-10-06T01:10:45.000Z
113.000,Minmatar Citizen 7162778,Capsule,26502,39999,55024,0,,,,4,,,,2026-10-06T01:10:45.000Z
113.000,Minmatar Citizen 9678938,Porpoise,68459,40059,72094,108,-0.7108,-0.2191,0.6683,196,0.000,0.367,1.000,2026-10-06T01:10:45.000Z
113.000,Minmatar Citizen 2250648,Porpoise,63937,45993,52815,304,-0.3297,-0.0081,-0.9441,197,1.000,1.000,1.000,2026-10-06T01:10:45.000Z
113.000,Gallente Citizen 1635012,Venture,37906,90992,100022,2991,-0.9432,0.3256,0.0656,505,1.000,1.000,1.000,2026-10-06T01:10:45.000Z
114.000,Caldari Citizen 9942864,Venture,59892,5433,67124,488,-0.0449,-0.9901,-0.1331,138,1.000,1.000,1.000,2026-10-06T01:10:46.000Z
114.000,Caldari Citizen 6206817,Orca,70761,54360,65734,131,-0.6115,0.0915,-0.7859,878,0.838,1.000,1.000,2026-10-06T01:10:46.000Z
114.000,Minmatar Citizen 9745080,Skiff,52266,57670,66672,577,-0.1906,-0.8593,-0.4746,281,1.000,1.000,1.000,2026-10-06T01:10:46.000Z
114.000,Amarr Citizen 0220922,Porpoise,77515,58744,57782,481,-0.1306,-0.8065,0.5766,186,1.000,1.000,1.000,2026-10-06T01:10:46.000Z
114.000,Minmatar Citizen 4351238,Venture,51591,36160,33501,1148,-0.2023,0.8844,-0.4206,636,1.000,1.000,1.000,2026-10-06T01:10:46.000Z
114.000,Caldari Citizen 3216932,Capsule,71585,44862,72013,187,-0.5110,-0.6392,0.5747,33,,,,2026-10-06T01:10:46.000Z
114.000,Minmatar Citizen 9076035,Porpoise,68441,63508,48214,1295,-0.4426,-0.8946,-0.0612,175,1.000,1.000,1.000,2026-10-06T01:10:46.000Z
114.000,Minmatar Citizen 6662812,Procurer,22523,51048,60047,47,,,,25,1.000,1.000,1.000,2026-10-06T01:10:46.000Z
114.000,Caldari Citizen 3891005,Porpoise,35213,47425,63985,140,0.3268,0.8210,0.4681,85,1.000,1.000,1.000,2026-10-06T01:10:46.000Z
114.000,Caldari Citizen 8777524,Prospect,66730,4356,60226,587,0.2498,-0.9246,-0.2876,119,0.000,0.630,1.000,2026-10-06T01:10:46.000Z
114.000,Minmatar Citizen 0254120,Procurer,78910,50192,70088,303,-0.4282,-0.8180,0.3841,689,0.000,0.909,1.000,2026-10-06T01:10:46.000Z
114.000,Amarr Citizen 2674287,Porpoise,70108,40670,70860,36,-0.5088,-0.6968,-0.5056,519,1.000,1.000,1.000,2026-10-06T01:10:46.000Z
114.000,Amarr Citizen 5054432,Venture,70645,55157,67042,296,-0.3789,-0.7910,0.4803,376,1.000,1.000,1.000,2026-10-06T01:10:46.000Z
114.000,Amarr Citizen 4520313,Capsule,45085,144936,102229,0,,,,6,,,,2026-10-06T01:10:46.000Z
114.000,Minmatar Citizen 9978241,Retriever,29968,38397,56757,1050,0.9088,-0.4171,0.0137,193,1.000,1.000,1.000,2026-10-06T01:10:46.000Z
114.000,Minmatar Citizen 7162778,Capsule,26502,39999,55024,0,,,,4,,,,2026-10-06T01:10:46.000Z
114.000,Minmatar Citizen 9678938,Porpoise,68312,40032,72259,108,-0.7308,-0.0362,0.6817,205,0.000,0.367,1.000,2026-10-06T01:10:46.000Z
114.000,Minmatar Citizen 2250648,Porpoise,63809,45953,52481,259,-0.3278,0.0102,-0.9447,426,1.000,1.000,1.000,2026-10-06T01:10:46.000Z
114.000,Gallente Citizen 1635012,Venture,35977,91880,100217,1440,-0.8132,0.5798,-0.0495,373,1.000,1.000,1.000,2026-10-06T01:10:46.000Z
114.000,Amarr Citizen 2281178,Procurer,53884,45411,24838,171,,,,258,1.000,1.000,1.000,2026-10-06T01:10:46.000Z
115.000,Caldari Citizen 9942864,Venture,59913,4947,67075,538,0.0312,-0.9929,-0.1152,183,1.000,1.000,1.000,2026-10-06T01:10:47.000Z
115.000,Caldari Citizen 6206817,Orca,70524,54451,65551,131,-0.7192,0.1837,-0.6701,395,0.830,1.000,1.000,2026-10-06T01:10:47.000Z
115.000,Minmatar Citizen 9745080,Skiff,52135,57329,66400,453,-0.1224,-0.8518,-0.5094,237,1.000,1.000,1.000,2026-10-06T01:10:47.000Z
115.000,Amarr Citizen 0220922,Porpoise,77485,58407,58109,420,-0.0872,-0.8321,0.5477,220,1.000,1.000,1.000,2026-10-06T01:10:47.000Z
115.000,Minmatar Citizen 4351238,Venture,51766,37378,32570,917,0.0606,0.7847,-0.6170,994,1.000,1.000,1.000,2026-10-06T01:10:47.000Z
115.000,Caldari Citizen 3216932,Capsule,71444,44668,72131,187,-0.3589,-0.7753,0.5197,148,,,,2026-10-06T01:10:47.000Z
115.000,Minmatar Citizen 9076035,Porpoise,67895,62463,48248,1256,-0.4262,-0.9035,0.0444,347,1.000,1.000,1.000,2026-10-06T01:10:47.000Z
115.000,Minmatar Citizen 6662812,Procurer,22612,51122,59888,101,,,,66,1.000,1.000,1.000,2026-10-06T01:10:47.000Z
115.000,Caldari Citizen 3891005,Porpoise,35251,47610,64145,147,0.5839,0.7760,0.2385,432,1.000,1.000,1.000,2026-10-06T01:10:47.000Z
115.000,Caldari Citizen 8777524,Prospect,66926,3794,60054,587,0.3202,-0.8946,-0.3118,170,0.000,0.630,1.000,2026-10-06T01:10:47.000Z
115.000,Minmatar Citizen 0254120,Procurer,78710,49871,70221,304,-0.4179,-0.8199,0.3913,886,0.000,0.909,1.000,2026-10-06T01:10:47.000Z
115.000,Amarr Citizen 2674287,Porpoise,70022,40487,70755,30,-0.4065,-0.7640,-0.5011,540,1.000,1.000,1.000,2026-10-06T01:10:47.000Z
115.000,Amarr Citizen 5054432,Venture,70556,54868,67128,306,-0.4314,-0.8513,0.2988,279,1.000,1.000,1.000,2026-10-06T01:10:47.000Z
115.000,Amarr Citizen 4520313,Capsule,45085,144936,102229,0,,,,6,,,,2026-10-06T01:10:47.000Z
115.000,Minmatar Citizen 9978241,Retriever,30939,37901,56643,1130,0.8911,-0.4484,0.0697,307,1.000,1.000,1.000,2026-10-06T01:10:47.000Z
115.000,Minmatar Citizen 7162778,Capsule,26502,39999,55024,0,,,,4,,,,2026-10-06T01:10:47.000Z
115.000,Minmatar Citizen 9678938,Porpoise,68216,40051,72395,108,,,,208,0.000,0.343,1.000,2026-10-06T01:10:47.000Z
115.000,Minmatar Citizen 2250648,Porpoise,63630,45932,52105,222,-0.3108,0.0459,-0.9494,233,1.000,1.000,1.000,2026-10-06T01:10:47.000Z
115.000,Gallente Citizen 1635012,Venture,35237,92903,100044,718,-0.2340,0.9279,-0.2902,442,1.000,1.000,1.000,2026-10-06T01:10:47.000Z
115.000,Amarr Citizen 2281178,Procurer,53938,45351,24756,203,,,,247,1.000,1.000,1.000,2026-10-06T01:10:47.000Z
116.000,Caldari Citizen 9942864,Venture,59965,4401,67011,573,0.0722,-0.9925,-0.0985,141,1.000,1.000,1.000,2026-10-06T01:10:48.000Z
116.000,Caldari Citizen 6206817,Orca,70361,54504,65441,131,-0.8300,0.2878,-0.4777,344,0.830,1.000,1.000,2026-10-06T01:10:48.000Z
116.000,Minmatar Citizen 9745080,Skiff,52085,57067,66158,363,-0.0017,-0.8673,-0.4978,258,1.000,1.000,1.000,2026-10-06T01:10:48.000Z
116.000,Amarr Citizen 0220922,Porpoise,77450,58056,58305,371,-0.0551,-0.8723,0.4859,173,1.000,1.000,1.000,2026-10-06T01:10:48.000Z
116.000,Minmatar Citizen 4351238,Venture,52252,38008,31659,745,0.3120,0.6368,-0.7051,951,1.000,1.000,1.000,2026-10-06T01:10:48.000Z
116.000,Caldari Citizen 3216932,Capsule,71332,44307,72269,187,-0.2959,-0.8266,0.4787,383,,,,2026-10-06T01:10:48.000Z
116.000,Minmatar Citizen 9076035,Porpoise,67362,61428,48356,1237,-0.3870,-0.9129,0.1301,279,1.000,1.000,1.000,2026-10-06T01:10:48.000Z
116.000,Minmatar Citizen 6662812,Procurer,22722,51211,59751,141,0.7902,0.4198,-0.4465,103,1.000,1.000,1.000,2026-10-06T01:10:48.000Z
116.000,Caldari Citizen 3891005,Porpoise,35392,47856,64221,248,0.7495,0.6570,0.0818,401,1.000,1.000,1.000,2026-10-06T01:10:48.000Z
116.000,Caldari Citizen 8777524,Prospect,67152,3219,59839,587,0.3667,-0.8613,-0.3518,110,0.000,0.630,1.000,2026-10-06T01:10:48.000Z
116.000,Minmatar Citizen 0254120,Procurer,78550,49561,70325,304,-0.3165,-0.8398,0.4411,497,0.000,0.909,1.000,2026-10-06T01:10:48.000Z
116.000,Amarr Citizen 2674287,Porpoise,70037,40274,70680,26,,,,214,1.000,1.000,1.000,2026-10-06T01:10:48.000Z
116.000,Amarr Citizen 5054432,Venture,70457,54570,67146,317,-0.5399,-0.8279,0.1519,418,1.000,1.000,1.000,2026-10-06T01:10:48.000Z
116.000,Amarr Citizen 4520313,Capsule,45085,144936,102229,0,,,,6,,,,2026-10-06T01:10:48.000Z
116.000,Minmatar Citizen 9978241,Retriever,31996,37335,56733,1196,0.8733,-0.4605,0.1590,122,1.000,1.000,1.000,2026-10-06T01:10:48.000Z
116.000,Minmatar Citizen 7162778,Capsule,26502,39999,55024,0,,,,4,,,,2026-10-06T01:10:48.000Z
116.000,Minmatar Citizen 9678938,Porpoise,68140,40090,72477,107,-0.9270,0.3712,0.0531,210,0.000,0.343,1.000,2026-10-06T01:10:48.000Z
116.000,Minmatar Citizen 2250648,Porpoise,63536,45948,51866,192,-0.2275,0.1139,-0.9671,74,1.000,1.000,1.000,2026-10-06T01:10:48.000Z
116.000,Gallente Citizen 1635012,Venture,35579,94140,99412,1052,0.5229,0.7717,-0.3620,481,1.000,1.000,1.000,2026-10-06T01:10:48.000Z
116.000,Amarr Citizen 2281178,Procurer,54134,45278,24673,356,0.9480,-0.3182,-0.0069,199,1.000,1.000,1.000,2026-10-06T01:10:48.000Z
117.000,Caldari Citizen 9942864,Venture,60032,3846,66951,601,0.0721,-0.9945,-0.0763,143,1.000,1.000,1.000,2026-10-06T01:10:49.000Z
117.000,Caldari Citizen 6206817,Orca,70269,54535,65398,131,,,,336,0.830,1.000,1.000,2026-10-06T01:10:49.000Z
117.000,Minmatar Citizen 9745080,Skiff,52178,56764,65991,286,0.1135,-0.8987,-0.4236,367,1.000,1.000,1.000,2026-10-06T01:10:49.000Z
117.000,Amarr Citizen 0220922,Porpoise,77423,57664,58393,304,-0.0445,-0.9202,0.3889,378,0.586,1.000,1.000,2026-10-06T01:10:49.000Z
117.000,Minmatar Citizen 4351238,Venture,52682,38222,30947,596,0.5133,0.5440,-0.6638,773,1.000,1.000,1.000,2026-10-06T01:10:49.000Z
117.000,Caldari Citizen 3216932,Capsule,71325,43967,72457,187,-0.3464,-0.8245,0.4474,268,,,,2026-10-06T01:10:49.000Z
117.000,Minmatar Citizen 9076035,Porpoise,66900,60311,48614,1230,-0.3320,-0.9222,0.1985,387,1.000,1.000,1.000,2026-10-06T01:10:49.000Z
117.000,Minmatar Citizen 6662812,Procurer,22899,51322,59681,177,0.8747,0.3548,-0.3301,175,1.000,1.000,1.000,2026-10-06T01:10:49.000Z
117.000,Caldari Citizen 3891005,Porpoise,35749,48177,64191,378,0.8454,0.5340,-0.0119,91,1.000,1.000,1.000,2026-10-06T01:10:49.000Z
117.000,Caldari Citizen 8777524,Prospect,67414,2684,59604,587,0.3803,-0.8293,-0.4094,169,0.000,0.630,1.000,2026-10-06T01:10:49.000Z
117.000,Minmatar Citizen 0254120,Procurer,78475,49310,70442,305,-0.1619,-0.8489,0.5032,437,0.070,0.909,1.000,2026-10-06T01:10:49.000Z
117.000,Amarr Citizen 2674287,Porpoise,70022,40157,70619,22,,,,164,1.000,1.000,1.000,2026-10-06T01:10:49.000Z
117.000,Amarr Citizen 5054432,Venture,70300,54332,67151,329,-0.6853,-0.7254,0.0645,417,1.000,1.000,1.000,2026-10-06T01:10:49.000Z
117.000,Amarr Citizen 4520313,Capsule,45085,144936,102229,0,,,,6,,,,2026-10-06T01:10:49.000Z
117.000,Minmatar Citizen 9978241,Retriever,33075,36732,57064,1160,0.8589,-0.4432,0.2566,438,1.000,1.000,1.000,2026-10-06T01:10:49.000Z
117.000,Minmatar Citizen 7162778,Capsule,26502,39999,55024,0,,,,4,,,,2026-10-06T01:10:49.000Z
117.000,Minmatar Citizen 9678938,Porpoise,68007,40159,72483,107,-0.8797,0.4164,-0.2295,226,0.000,0.343,1.000,2026-10-06T01:10:49.000Z
117.000,Minmatar Citizen 2250648,Porpoise,63521,46012,51737,165,,,,54,1.000,1.000,1.000,2026-10-06T01:10:49.000Z
117.000,Gallente Citizen 1635012,Venture,36998,95513,98493,1756,0.8051,0.5196,-0.2861,275,1.000,1.000,1.000,2026-10-06T01:10:49.000Z
117.000,Amarr Citizen 2281178,Procurer,54427,45180,24620,383,0.9489,-0.2659,0.1697,155,1.000,1.000,1.000,2026-10-06T01:10:49.000Z
118.000,Caldari Citizen 9942864,Venture,60089,3236,66895,622,0.0332,-0.9980,-0.0538,129,1.000,1.000,1.000,2026-10-06T01:10:50.000Z
118.000,Caldari Citizen 6206817,Orca,70163,54578,65394,131,,,,337,0.830,1.000,1.000,2026-10-06T01:10:50.000Z
118.000,Minmatar Citizen 9745080,Skiff,52320,56384,65880,224,0.1457,-0.9344,-0.3250,258,1.000,1.000,1.000,2026-10-06T01:10:50.000Z
118.000,Amarr Citizen 0220922,Porpoise,77439,57332,58515,240,-0.0653,-0.9663,0.2488,304,0.586,1.000,1.000,2026-10-06T01:10:50.000Z
118.000,Minmatar Citizen 4351238,Venture,53083,38505,30379,692,0.6446,0.5698,-0.5097,715,1.000,1.000,1.000,2026-10-06T01:10:50.000Z
118.000,Caldari Citizen 3216932,Capsule,71301,43762,72607,187,-0.4955,-0.7496,0.4388,170,,,,2026-10-06T01:10:50.000Z
118.000,Minmatar Citizen 9076035,Porpoise,66507,59084,48920,1234,-0.2733,-0.9269,0.2574,390,1.000,1.000,1.000,2026-10-06T01:10:50.000Z
118.000,Minmatar Citizen 6662812,Procurer,23189,51451,59642,207,0.9192,0.3057,-0.2483,264,1.000,1.000,1.000,2026-10-06T01:10:50.000Z
118.000,Caldari Citizen 3891005,Porpoise,36282,48476,64119,488,0.9034,0.4263,-0.0472,323,1.000,1.000,1.000,2026-10-06T01:10:50.000Z
118.000,Caldari Citizen 8777524,Prospect,67685,2177,59340,587,0.3425,-0.8034,-0.4871,143,0.010,0.630,1.000,2026-10-06T01:10:50.000Z
118.000,Minmatar Citizen 0254120,Procurer,78469,49056,70631,305,-0.0722,-0.8367,0.5429,435,0.070,0.899,1.000,2026-10-06T01:10:50.000Z
118.000,Amarr Citizen 2674287,Porpoise,69986,40131,70600,18,,,,155,1.000,1.000,1.000,2026-10-06T01:10:50.000Z
118.000,Amarr Citizen 5054432,Venture,70055,54165,67142,343,-0.8123,-0.5818,0.0405,120,1.000,1.000,1.000,2026-10-06T01:10:50.000Z
118.000,Amarr Citizen 4520313,Capsule,45085,144936,102229,0,,,,6,,,,2026-10-06T01:10:50.000Z
118.000,Minmatar Citizen 9978241,Retriever,34104,36158,57521,1120,0.8542,-0.3891,0.3448,205,1.000,1.000,1.000,2026-10-06T01:10:50.000Z
118.000,Minmatar Citizen 7162778,Capsule,26502,39999,55024,0,,,,4,,,,2026-10-06T01:10:50.000Z
118.000,Minmatar Citizen 9678938,Porpoise,67749,40288,72342,107,-0.8638,0.4070,-0.2970,358,0.000,0.293,1.000,2026-10-06T01:10:50.000Z
118.000,Minmatar Citizen 2250648,Porpoise,63580,46079,51641,141,,,,63,1.000,1.000,1.000,2026-10-06T01:10:50.000Z
118.000,Gallente Citizen 1635012,Venture,39286,96614,97743,2351,0.9121,0.3611,-0.1943,120,1.000,1.000,1.000,2026-10-06T01:10:50.000Z
118.000,Amarr Citizen 2281178,Procurer,54782,45073,24684,359,0.8975,-0.1580,0.4117,387,1.000,1.000,1.000,2026-10-06T01:10:50.000Z
119.000,Caldari Citizen 9942864,Venture,60129,2617,66876,637,-0.0514,-0.9980,-0.0372,193,1.000,1.000,1.000,2026-10-06T01:10:51.000Z
119.000,Caldari Citizen 6206817,Orca,70033,54632,65454,131,,,,340,0.830,1.000,1.000,2026-10-06T01:10:51.000Z
119.000,Minmatar Citizen 9745080,Skiff,52397,56127,65842,177,0.0824,-0.9678,-0.2379,162,1.000,1.000,1.000,2026-10-06T01:10:51.000Z
119.000,Amarr Citizen 0220922,Porpoise,77446,57115,58608,189,-0.1288,-0.9877,0.0892,249,0.525,1.000,1.000,2026-10-06T01:10:51.000Z
119.000,Minmatar Citizen 4351238,Venture,53823,39121,29768,987,0.6968,0.6554,-0.2915,217,1.000,1.000,1.000,2026-10-06T01:10:51.000Z
119.000,Caldari Citizen 3216932,Capsule,71137,43601,72704,187,-0.7046,-0.5632,0.4317,192,,,,2026-10-06T01:10:51.000Z
119.000,Minmatar Citizen 9076035,Porpoise,66230,57875,49256,1231,-0.2221,-0.9223,0.3163,127,1.000,1.000,1.000,2026-10-06T01:10:51.000Z
119.000,Minmatar Citizen 6662812,Procurer,23490,51503,59584,230,0.9425,0.2554,-0.2157,234,1.000,1.000,1.000,2026-10-06T01:10:51.000Z
119.000,Caldari Citizen 3891005,Porpoise,36897,48670,64055,585,0.9426,0.3338,-0.0068,383,1.000,1.000,1.000,2026-10-06T01:10:51.000Z
119.000,Caldari Citizen 8777524,Prospect,67944,1706,59047,587,0.2576,-0.7853,-0.5631,121,0.010,0.630,1.000,2026-10-06T01:10:51.000Z
119.000,Minmatar Citizen 0254120,Procurer,78510,48764,70902,305,0.1041,-0.8730,0.4765,649,0.061,0.899,1.000,2026-10-06T01:10:51.000Z
119.000,Amarr Citizen 2674287,Porpoise,69972,40120,70597,16,,,,154,1.000,1.000,1.000,2026-10-06T01:10:51.000Z
119.000,Amarr Citizen 5054432,Venture,69790,54058,67169,355,-0.8921,-0.4498,0.0434,72,1.000,1.000,1.000,2026-10-06T01:10:51.000Z
119.000,Amarr Citizen 4520313,Capsule,45085,144936,102229,0,,,,6,,,,2026-10-06T01:10:51.000Z
119.000,Minmatar Citizen 9978241,Retriever,35038,35692,57970,1112,0.8598,-0.2966,0.4156,359,1.000,1.000,1.000,2026-10-06T01:10:51.000Z
119.000,Minmatar Citizen 7162778,Capsule,26502,39999,55024,0,,,,4,,,,2026-10-06T01:10:51.000Z
119.000,Minmatar Citizen 9678938,Porpoise,67383,40461,72096,107,-0.8893,0.3874,-0.2433,443,0.000,0.293,1.000,2026-10-06T01:10:51.000Z
119.000,Minmatar Citizen 2250648,Porpoise,63675,46109,51576,122,,,,63,1.000,1.000,1.000,2026-10-06T01:10:51.000Z
119.000,Gallente Citizen 1635012,Venture,42132,97325,97329,2811,0.9622,0.2511,-0.1053,154,1.000,1.000,1.000,2026-10-06T01:10:51.000Z
119.000,Amarr Citizen 2281178,Procurer,55186,44971,24878,481,0.7983,-0.0159,0.6021,371,1.000,1.000,1.000,2026-10-06T01:10:51.000Z
120.000,Caldari Citizen 9942864,Venture,60101,1934,66878,649,-0.1860,-0.9817,-0.0397,82,1.000,1.000,1.000,2026-10-06T01:10:52.000Z
120.000,Caldari Citizen 6206817,Orca,69914,54653,65573,131,,,,335,0.828,1.000,1.000,2026-10-06T01:10:52.000Z
120.000,Minmatar Citizen 9745080,Skiff,52363,55936,65834,140,-0.0905,-0.9827,-0.1615,195,1.000,1.000,1.000,2026-10-06T01:10:52.000Z
120.000,Amarr Citizen 0220922,Porpoise,77403,56930,58612,145,,,,275,0.141,1.000,1.000,2026-10-06T01:10:52.000Z
120.000,Minmatar Citizen 4351238,Venture,54920,40108,29358,1307,0.6991,0.7121,-0.0649,70,1.000,1.000,1.000,2026-10-06T01:10:52.000Z
120.000,Caldari Citizen 3216932,Capsule,70843,43476,72755,187,-0.8543,-0.3355,0.3970,290,,,,2026-10-06T01:10:52.000Z
120.000,Minmatar Citizen 9076035,Porpoise,66005,56705,49644,1242,-0.1871,-0.9069,0.3774,259,1.000,1.000,1.000,2026-10-06T01:10:52.000Z
120.000,Minmatar Citizen 6662812,Procurer,23763,51517,59538,194,0.9845,0.1180,-0.1296,328,1.000,1.000,1.000,2026-10-06T01:10:52.000Z
120.000,Caldari Citizen 3891005,Porpoise,37554,48870,64027,675,0.9649,0.2532,0.0693,226,1.000,1.000,1.000,2026-10-06T01:10:52.000Z
120.000,Caldari Citizen 8777524,Prospect,68106,1226,58660,587,0.1633,-0.7782,-0.6064,215,0.010,0.630,1.000,2026-10-06T01:10:52.000Z
120.000,Minmatar Citizen 0254120,Procurer,78567,48466,71093,305,0.1840,-0.8965,0.4030,614,0.000,0.889,1.000,2026-10-06T01:10:52.000Z
120.000,Amarr Citizen 2674287,Porpoise,69964,40112,70595,13,,,,153,1.000,1.000,1.000,2026-10-06T01:10:52.000Z
120.000,Amarr Citizen 5054432,Venture,69511,53948,67184,366,-0.9386,-0.3436,0.0306,231,1.000,1.000,1.000,2026-10-06T01:10:52.000Z
120.000,Amarr Citizen 4520313,Capsule,45085,144936,102229,0,,,,6,,,,2026-10-06T01:10:52.000Z
120.000,Minmatar Citizen 9978241,Retriever,36012,35371,58441,1125,0.8650,-0.1687,0.4725,141,1.000,1.000,1.000,2026-10-06T01:10:52.000Z
120.000,Minmatar Citizen 7162778,Capsule,26502,39999,55024,0,,,,4,,,,2026-10-06T01:10:52.000Z
120.000,Minmatar Citizen 9678938,Porpoise,67133,40575,72016,107,-0.9395,0.3312,-0.0876,407,0.000,0.242,1.000,2026-10-06T01:10:52.000Z
120.000,Minmatar Citizen 2250648,Porpoise,63769,46091,51538,101,,,,55,1.000,1.000,1.000,2026-10-06T01:10:52.000Z
120.000,Gallente Citizen 1635012,Venture,45277,97874,97206,3178,0.9848,0.1716,-0.0278,173,1.000,1.000,1.000,2026-10-06T01:10:52.000Z
120.000,Amarr Citizen 2281178,Procurer,55622,44952,25251,634,0.6821,0.1257,0.7204,135,1.000,1.000,1.000,2026-10-06T01:10:52.000Z
121.000,Caldari Citizen 9942864,Venture,59982,1241,66879,657,-0.3266,-0.9443,-0.0404,255,1.000,1.000,1.000,2026-10-06T01:10:53.000Z
121.000,Caldari Citizen 6206817,Orca,69814,54612,65692,131,-0.9080,-0.2132,0.3607,325,0.820,1.000,1.000,2026-10-06T01:10:53.000Z
121.000,Minmatar Citizen 9745080,Skiff,52279,55720,65770,110,,,,282,1.000,1.000,1.000,2026-10-06T01:10:53.000Z
121.000,Amarr Citizen 0220922,Porpoise,77336,56784,58492,108,,,,223,0.141,1.000,1.000,2026-10-06T01:10:53.000Z
121.000,Minmatar Citizen 4351238,Venture,56091,41409,29371,1597,0.6819,0.7180,0.1396,471,1.000,1.000,1.000,2026-10-06T01:10:53.000Z
121.000,Caldari Citizen 3216932,Capsule,70585,43455,72830,187,-0.8944,-0.2260,0.3859,262,,,,2026-10-06T01:10:53.000Z
121.000,Minmatar Citizen 9076035,Porpoise,65825,55577,50186,1256,-0.1641,-0.8779,0.4499,179,1.000,1.000,1.000,2026-10-06T01:10:53.000Z
121.000,Minmatar Citizen 6662812,Procurer,23987,51610,59450,186,0.9707,-0.2080,0.1200,486,1.000,1.000,1.000,2026-10-06T01:10:53.000Z
121.000,Caldari Citizen 3891005,Porpoise,38232,49036,64069,759,0.9730,0.1828,0.1407,285,1.000,1.000,1.000,2026-10-06T01:10:53.000Z
121.000,Caldari Citizen 8777524,Prospect,68110,766,58187,587,0.0968,-0.7897,-0.6058,380,0.010,0.630,1.000,2026-10-06T01:10:53.000Z
121.000,Amarr Citizen 2674287,Porpoise,69962,40106,70591,11,,,,154,1.000,1.000,1.000,2026-10-06T01:10:53.000Z
121.000,Amarr Citizen 5054432,Venture,69171,53808,67206,377,-0.9718,-0.2358,-0.0038,391,1.000,1.000,1.000,2026-10-06T01:10:53.000Z
121.000,Amarr Citizen 4520313,Capsule,45085,144936,102229,0,,,,6,,,,2026-10-06T01:10:53.000Z
121.000,Minmatar Citizen 9978241,Retriever,37064,35249,59019,1155,0.8546,-0.0249,0.5186,112,1.000,1.000,1.000,2026-10-06T01:10:53.000Z
121.000,Minmatar Citizen 7162778,Capsule,26502,39999,55024,0,,,,4,,,,2026-10-06T01:10:53.000Z
121.000,Minmatar Citizen 9678938,Porpoise,66979,40624,72103,107,-0.9726,0.1386,0.1868,416,0.000,0.222,1.000,2026-10-06T01:10:53.000Z
121.000,Minmatar Citizen 2250648,Porpoise,63844,46049,51511,90,,,,53,1.000,1.000,1.000,2026-10-06T01:10:53.000Z
121.000,Gallente Citizen 1635012,Venture,48668,98365,97299,3470,0.9921,0.1221,0.0284,314,1.000,1.000,1.000,2026-10-06T01:10:53.000Z
121.000,Amarr Citizen 2281178,Procurer,56118,45034,25856,771,0.5792,0.2445,0.7776,314,1.000,1.000,1.000,2026-10-06T01:10:53.000Z
122.000,Caldari Citizen 9942864,Venture,59690,650,66844,662,-0.4431,-0.8960,-0.0281,280,1.000,1.000,1.000,2026-10-06T01:10:54.000Z
122.000,Caldari Citizen 6206817,Orca,69654,54521,65746,131,-0.9678,-0.1690,0.1864,340,0.820,1.000,1.000,2026-10-06T01:10:54.000Z
122.000,Minmatar Citizen 9745080,Skiff,52201,55591,65750,87,,,,258,1.000,1.000,1.000,2026-10-06T01:10:54.000Z
122.000,Amarr Citizen 0220922,Porpoise,77255,56743,58391,78,,,,177,0.071,1.000,1.000,2026-10-06T01:10:54.000Z
122.000,Minmatar Citizen 4351238,Venture,57201,42717,29773,1837,0.6485,0.6830,0.3361,306,1.000,1.000,1.000,2026-10-06T01:10:54.000Z
122.000,Caldari Citizen 3216932,Capsule,70401,43482,72938,187,-0.8784,-0.2549,0.4043,263,,,,2026-10-06T01:10:54.000Z
122.000,Minmatar Citizen 9076035,Porpoise,65616,54454,50813,1274,-0.1502,-0.8423,0.5177,248,1.000,1.000,1.000,2026-10-06T01:10:54.000Z
122.000,Minmatar Citizen 6662812,Procurer,24280,51666,59373,398,0.7551,-0.5402,0.3714,462,1.000,1.000,1.000,2026-10-06T01:10:54.000Z
122.000,Caldari Citizen 3891005,Porpoise,39093,49199,64291,833,0.9728,0.1192,0.1984,66,1.000,1.000,1.000,2026-10-06T01:10:54.000Z
122.000,Caldari Citizen 8777524,Prospect,68027,306,57777,442,0.0921,-0.8209,-0.5635,161,0.020,0.630,1.000,2026-10-06T01:10:54.000Z
122.000,Minmatar Citizen 0254120,Procurer,78739,47791,71205,249,0.1988,-0.9396,0.2786,507,0.000,0.879,1.000,2026-10-06T01:10:54.000Z
122.000,Amarr Citizen 2674287,Porpoise,69969,40104,70585,9,,,,153,1.000,1.000,1.000,2026-10-06T01:10:54.000Z
122.000,Amarr Citizen 5054432,Venture,68817,53694,67221,386,-0.9923,-0.1090,-0.0585,218,1.000,1.000,1.000,2026-10-06T01:10:54.000Z
122.000,Amarr Citizen 4520313,Capsule,45085,144936,102229,0,,,,6,,,,2026-10-06T01:10:54.000Z
122.000,Minmatar Citizen 9978241,Retriever,38107,35340,59669,1193,0.8294,0.1039,0.5489,140,1.000,1.000,1.000,2026-10-06T01:10:54.000Z
122.000,Minmatar Citizen 7162778,Capsule,26502,39999,55024,0,,,,4,,,,2026-10-06T01:10:54.000Z
122.000,Minmatar Citizen 9678938,Porpoise,66834,40641,72238,107,-0.8726,-0.2407,0.4250,426,0.000,0.182,1.000,2026-10-06T01:10:54.000Z
122.000,Minmatar Citizen 2250648,Porpoise,63908,46012,51479,89,,,,61,1.000,1.000,1.000,2026-10-06T01:10:54.000Z
122.000,Gallente Citizen 1635012,Venture,52238,98718,97494,3696,0.9938,0.0915,0.0638,247,1.000,1.000,1.000,2026-10-06T01:10:54.000Z
122.000,Amarr Citizen 2281178,Procurer,56643,45337,26615,890,0.4968,0.3343,0.8009,343,1.000,1.000,1.000,2026-10-06T01:10:54.000Z
123.000,Caldari Citizen 9942864,Venture,59227,111,66745,564,-0.5247,-0.8513,0.0075,267,1.000,1.000,1.000,2026-10-06T01:10:55.000Z
123.000,Caldari Citizen 6206817,Orca,69413,54417,65741,131,-0.9981,0.0128,-0.0600,720,0.820,1.000,1.000,2026-10-06T01:10:55.000Z
123.000,Minmatar Citizen 9745080,Skiff,52125,55556,65794,29,,,,252,1.000,1.000,1.000,2026-10-06T01:10:55.000Z
123.000,Amarr Citizen 0220922,Porpoise,77120,56768,58383,54,,,,157,0.000,0.980,1.000,2026-10-06T01:10:55.000Z
123.000,Minmatar Citizen 4351238,Venture,58400,44042,30627,2034,0.5955,0.6002,0.5339,276,1.000,1.000,1.000,2026-10-06T01:10:55.000Z
123.000,Caldari Citizen 3216932,Capsule,70238,43467,73064,187,-0.8114,-0.3772,0.4464,269,,,,2026-10-06T01:10:55.000Z
123.000,Minmatar Citizen 9076035,Porpoise,65409,53404,51520,1294,-0.1380,-0.8165,0.5606,226,1.000,1.000,1.000,2026-10-06T01:10:55.000Z
123.000,Minmatar Citizen 6662812,Procurer,24652,51459,59557,657,0.5602,-0.7015,0.4405,502,1.000,1.000,1.000,2026-10-06T01:10:55.000Z
123.000,Caldari Citizen 3891005,Porpoise,40024,49304,64544,901,0.9704,0.0570,0.2347,345,1.000,1.000,1.000,2026-10-06T01:10:55.000Z
123.000,Caldari Citizen 8777524,Prospect,68040,-88,57556,312,0.1827,-0.8606,-0.4754,209,0.020,0.630,1.000,2026-10-06T01:10:55.000Z
123.000,Minmatar Citizen 0254120,Procurer,78814,47579,71251,211,0.0247,-0.9537,0.2996,446,0.000,0.879,1.000,2026-10-06T01:10:55.000Z
123.000,Amarr Citizen 2674287,Porpoise,69977,40107,70581,8,,,,153,1.000,1.000,1.000,2026-10-06T01:10:55.000Z
123.000,Amarr Citizen 5054432,Venture,68452,53675,67180,394,-0.9906,0.0621,-0.1223,228,1.000,1.000,1.000,2026-10-06T01:10:55.000Z
123.000,Amarr Citizen 4520313,Capsule,45085,144936,102229,0,,,,6,,,,2026-10-06T01:10:55.000Z
123.000,Minmatar Citizen 9978241,Retriever,39107,35596,60404,1236,0.8002,0.2085,0.5624,180,1.000,1.000,1.000,2026-10-06T01:10:55.000Z
123.000,Minmatar Citizen 7162778,Capsule,26502,39999,55024,0,,,,4,,,,2026-10-06T01:10:55.000Z
123.000,Minmatar Citizen 9678938,Porpoise,66708,40590,72359,107,-0.7461,-0.5285,0.4050,434,0.000,0.152,1.000,2026-10-06T01:10:55.000Z
123.000,Minmatar Citizen 2250648,Porpoise,63974,46009,51418,96,,,,69,1.000,1.000,1.000,2026-10-06T01:10:55.000Z
123.000,Gallente Citizen 1635012,Venture,56041,98966,97827,3874,0.9944,0.0665,0.0824,180,1.000,1.000,1.000,2026-10-06T01:10:55.000Z
123.000,Amarr Citizen 2281178,Procurer,57104,45762,27473,995,0.4381,0.3836,0.8130,167,1.000,1.000,1.000,2026-10-06T01:10:55.000Z
124.000,Caldari Citizen 9942864,Venture,58874,-316,66752,429,-0.5624,-0.8238,0.0717,241,1.000,1.000,1.000,2026-10-06T01:10:56.000Z
124.000,Caldari Citizen 6206817,Orca,69204,54423,65725,131,-0.9550,0.1685,-0.2442,708,0.810,1.000,1.000,2026-10-06T01:10:56.000Z
124.000,Minmatar Citizen 9745080,Skiff,52074,55554,65844,65,,,,245,1.000,1.000,1.000,2026-10-06T01:10:56.000Z
124.000,Amarr Citizen 0220922,Porpoise,77034,56804,58426,37,,,,142,0.000,0.980,1.000,2026-10-06T01:10:56.000Z
124.000,Minmatar Citizen 4351238,Venture,59518,45144,31766,1712,0.5103,0.4468,0.7348,326,1.000,1.000,1.000,2026-10-06T01:10:56.000Z
124.000,Caldari Citizen 3216932,Capsule,70043,43342,73171,187,-0.6784,-0.5486,0.4887,303,,,,2026-10-06T01:10:56.000Z
124.000,Minmatar Citizen 9076035,Porpoise,65240,52412,52353,1314,-0.1154,-0.8098,0.5753,215,1.000,1.000,1.000,2026-10-06T01:10:56.000Z
124.000,Minmatar Citizen 6662812,Procurer,24971,50846,60053,880,0.4689,-0.7765,0.4209,339,1.000,1.000,1.000,2026-10-06T01:10:56.000Z
124.000,Caldari Citizen 3891005,Porpoise,40899,49300,64747,960,0.9678,0.0094,0.2516,365,1.000,1.000,1.000,2026-10-06T01:10:56.000Z
124.000,Caldari Citizen 8777524,Prospect,68161,-510,57414,371,0.3417,-0.8732,-0.3475,208,0.020,0.630,1.000,2026-10-06T01:10:56.000Z
124.000,Minmatar Citizen 0254120,Procurer,78840,47449,71296,202,,,,428,0.000,0.879,1.000,2026-10-06T01:10:56.000Z
124.000,Amarr Citizen 2674287,Porpoise,69982,40110,70578,7,,,,153,1.000,1.000,1.000,2026-10-06T01:10:56.000Z
124.000,Amarr Citizen 5054432,Venture,68011,53736,67110,400,-0.9473,0.2607,-0.1865,308,1.000,1.000,1.000,2026-10-06T01:10:56.000Z
124.000,Amarr Citizen 4520313,Capsule,45085,144936,102229,0,,,,6,,,,2026-10-06T01:10:56.000Z
124.000,Minmatar Citizen 9978241,Retriever,40115,35958,61207,1279,0.7750,0.2915,0.5607,282,1.000,1.000,1.000,2026-10-06T01:10:56.000Z
124.000,Minmatar Citizen 7162778,Capsule,26502,39999,55024,0,,,,4,,,,2026-10-06T01:10:56.000Z
124.000,Minmatar Citizen 9678938,Porpoise,66580,40426,72423,107,-0.7013,-0.6682,0.2485,461,0.000,0.152,1.000,2026-10-06T01:10:56.000Z
124.000,Minmatar Citizen 2250648,Porpoise,64034,46085,51293,106,0.1434,0.5962,-0.7899,89,1.000,1.000,1.000,2026-10-06T01:10:56.000Z
124.000,Gallente Citizen 1635012,Venture,59979,99211,98241,4011,0.9951,0.0456,0.0873,46,1.000,1.000,1.000,2026-10-06T01:10:56.000Z
124.000,Amarr Citizen 2281178,Procurer,57513,46253,28340,1085,0.4032,0.3923,0.8267,188,1.000,1.000,1.000,2026-10-06T01:10:56.000Z
125.000,Caldari Citizen 9942864,Venture,58652,-656,66843,319,-0.5294,-0.8310,0.1709,146,1.000,1.000,1.000,2026-10-06T01:10:57.000Z
125.000,Caldari Citizen 6206817,Orca,69012,54567,65650,131,-0.9144,0.2533,-0.3158,729,0.810,1.000,1.000,2026-10-06T01:10:57.000Z
125.000,Minmatar Citizen 9745080,Skiff,52022,55589,65892,115,,,,235,1.000,1.000,1.000,2026-10-06T01:10:57.000Z
125.000,Amarr Citizen 0220922,Porpoise,77010,56818,58469,26,,,,133,0.000,0.980,1.000,2026-10-06T01:10:57.000Z
125.000,Minmatar Citizen 4351238,Venture,60307,45752,33092,1565,0.3766,0.2102,0.9022,619,1.000,1.000,1.000,2026-10-06T01:10:57.000Z
125.000,Caldari Citizen 3216932,Capsule,69818,43115,73255,187,-0.4843,-0.6907,0.5370,158,,,,2026-10-06T01:10:57.000Z
125.000,Minmatar Citizen 9076035,Porpoise,65083,51388,53198,1334,-0.0735,-0.8129,0.5777,303,1.000,1.000,1.000,2026-10-06T01:10:57.000Z
125.000,Minmatar Citizen 6662812,Procurer,25278,49987,60590,1073,0.4439,-0.8201,0.3611,327,1.000,1.000,1.000,2026-10-06T01:10:57.000Z
125.000,Caldari Citizen 3891005,Porpoise,41878,49252,65008,1013,0.9672,-0.0233,0.2529,262,1.000,1.000,1.000,2026-10-06T01:10:57.000Z
125.000,Caldari Citizen 8777524,Prospect,68389,-930,57288,432,0.4640,-0.8503,-0.2483,156,0.020,0.630,1.000,2026-10-06T01:10:57.000Z
125.000,Minmatar Citizen 0254120,Procurer,78760,47337,71402,209,-0.7190,-0.6639,0.2057,421,0.000,0.879,1.000,2026-10-06T01:10:57.000Z
125.000,Amarr Citizen 2674287,Porpoise,69987,40112,70574,6,,,,153,1.000,1.000,1.000,2026-10-06T01:10:57.000Z
125.000,Amarr Citizen 5054432,Venture,67618,53869,67026,406,-0.8669,0.4405,-0.2335,285,1.000,1.000,1.000,2026-10-06T01:10:57.000Z
125.000,Amarr Citizen 4520313,Capsule,45085,144936,102229,0,,,,6,,,,2026-10-06T01:10:57.000Z
125.000,Minmatar Citizen 9978241,Retriever,41130,36377,61958,1322,0.7549,0.3607,0.5477,232,1.000,1.000,1.000,2026-10-06T01:10:57.000Z
125.000,Minmatar Citizen 7162778,Capsule,26502,39999,55024,0,,,,4,,,,2026-10-06T01:10:57.000Z
125.000,Minmatar Citizen 9678938,Porpoise,66427,40182,72429,107,-0.7105,-0.7020,0.0490,149,0.000,0.131,1.000,2026-10-06T01:10:57.000Z
125.000,Minmatar Citizen 2250648,Porpoise,64045,46280,51077,118,0.1087,0.6177,-0.7789,207,1.000,1.000,1.000,2026-10-06T01:10:57.000Z
125.000,Gallente Citizen 1635012,Venture,64012,99378,98657,4119,0.9965,0.0266,0.0796,173,1.000,1.000,1.000,2026-10-06T01:10:57.000Z
125.000,Amarr Citizen 2281178,Procurer,57911,46764,29235,1164,0.3929,0.3638,0.8446,182,1.000,1.000,1.000,2026-10-06T01:10:57.000Z
126.000,Caldari Citizen 9942864,Venture,58537,-896,66971,238,-0.4223,-0.8568,0.2958,33,0.848,1.000,1.000,2026-10-06T01:10:58.000Z
126.000,Caldari Citizen 6206817,Orca,68772,54740,65499,131,-0.9142,0.2730,-0.2995,644,0.810,1.000,1.000,2026-10-06T01:10:58.000Z
126.000,Minmatar Citizen 9745080,Skiff,51946,55707,65940,156,-0.4524,0.8396,0.3007,232,1.000,1.000,1.000,2026-10-06T01:10:58.000Z
126.000,Amarr Citizen 0220922,Porpoise,77005,56815,58491,26,,,,130,0.000,0.980,1.000,2026-10-06T01:10:58.000Z
126.000,Minmatar Citizen 4351238,Venture,60727,45866,34631,1606,0.2142,-0.0877,0.9728,463,1.000,1.000,1.000,2026-10-06T01:10:58.000Z
126.000,Caldari Citizen 3216932,Capsule,69684,42918,73379,187,-0.3106,-0.7370,0.6003,92,,,,2026-10-06T01:10:58.000Z
126.000,Minmatar Citizen 9076035,Porpoise,64946,50240,53947,1354,-0.0140,-0.8198,0.5724,315,1.000,1.000,1.000,2026-10-06T01:10:58.000Z
126.000,Minmatar Citizen 6662812,Procurer,25746,49023,60969,1238,0.4630,-0.8440,0.2708,247,1.000,1.000,1.000,2026-10-06T01:10:58.000Z
126.000,Caldari Citizen 3891005,Porpoise,42836,49181,65259,904,0.9651,-0.0336,0.2596,153,1.000,1.000,1.000,2026-10-06T01:10:58.000Z
126.000,Caldari Citizen 8777524,Prospect,68722,-1356,57179,477,0.4957,-0.8426,-0.2104,327,0.020,0.626,1.000,2026-10-06T01:10:58.000Z
126.000,Minmatar Citizen 0254120,Procurer,78541,47219,71477,222,-0.8670,-0.4906,0.0877,447,0.000,0.879,1.000,2026-10-06T01:10:58.000Z
126.000,Amarr Citizen 2674287,Porpoise,69990,40112,70571,5,,,,153,1.000,1.000,1.000,2026-10-06T01:10:58.000Z
126.000,Amarr Citizen 5054432,Venture,67330,54112,66911,413,-0.7619,0.5912,-0.2647,315,1.000,1.000,1.000,2026-10-06T01:10:58.000Z
126.000,Amarr Citizen 4520313,Capsule,45085,144936,102229,0,,,,6,,,,2026-10-06T01:10:58.000Z
126.000,Minmatar Citizen 9978241,Retriever,42176,36900,62678,1363,0.7419,0.4135,0.5279,225,1.000,1.000,1.000,2026-10-06T01:10:58.000Z
126.000,Minmatar Citizen 7162778,Capsule,26502,39999,55024,0,,,,4,,,,2026-10-06T01:10:58.000Z
126.000,Minmatar Citizen 9678938,Porpoise,66305,40034,72432,106,-0.7651,-0.6358,-0.1019,106,0.000,0.111,0.929,2026-10-06T01:10:58.000Z
126.000,Minmatar Citizen 2250648,Porpoise,64005,46549,50804,128,0.1629,0.5967,-0.7858,181,1.000,1.000,1.000,2026-10-06T01:10:58.000Z
126.000,Gallente Citizen 1635012,Venture,68161,99423,99011,4203,0.9984,-0.0042,0.0555,245,1.000,1.000,1.000,2026-10-06T01:10:58.000Z
126.000,Amarr Citizen 2281178,Procurer,58366,47196,30270,1233,0.4057,0.3177,0.8570,93,1.000,1.000,1.000,2026-10-06T01:10:58.000Z
127.000,Caldari Citizen 9942864,Venture,58481,-1076,67076,194,-0.3107,-0.8738,0.3742,72,0.505,1.000,1.000,2026-10-06T01:10:59.000Z
127.000,Caldari Citizen 6206817,Orca,68530,54770,65374,131,-0.9605,0.2041,-0.1893,240,0.810,1.000,1.000,2026-10-06T01:10:59.000Z
127.000,Minmatar Citizen 9745080,Skiff,51833,55959,66001,188,-0.3972,0.8845,0.2446,298,1.000,1.000,1.000,2026-10-06T01:10:59.000Z
127.000,Amarr Citizen 0220922,Porpoise,76997,56813,58504,31,,,,128,0.000,0.929,1.000,2026-10-06T01:10:59.000Z
127.000,Minmatar Citizen 4351238,Venture,60778,45456,36359,1740,0.0958,-0.3529,0.9307,399,1.000,1.000,1.000,2026-10-06T01:10:59.000Z
127.000,Caldari Citizen 3216932,Capsule,69680,42718,73569,187,-0.2119,-0.6887,0.6934,189,,,,2026-10-06T01:10:59.000Z
127.000,Minmatar Citizen 9076035,Porpoise,64940,48949,54721,1373,0.0603,-0.8253,0.5615,253,1.000,1.000,1.000,2026-10-06T01:10:59.000Z
127.000,Minmatar Citizen 6662812,Procurer,26359,47972,61236,1379,0.5106,-0.8411,0.1784,119,1.000,1.000,1.000,2026-10-06T01:10:59.000Z
127.000,Caldari Citizen 3891005,Porpoise,43701,49149,65500,796,0.9618,-0.0221,0.2728,286,1.000,1.000,1.000,2026-10-06T01:10:59.000Z
127.000,Caldari Citizen 8777524,Prospect,69086,-1819,57094,508,0.4720,-0.8587,-0.1994,262,0.000,0.610,1.000,2026-10-06T01:10:59.000Z
127.000,Minmatar Citizen 0254120,Procurer,78192,47060,71461,231,-0.9179,-0.3966,0.0141,127,0.000,0.879,1.000,2026-10-06T01:10:59.000Z
127.000,Amarr Citizen 2674287,Porpoise,69993,40112,70568,4,,,,153,1.000,1.000,1.000,2026-10-06T01:10:59.000Z
127.000,Amarr Citizen 5054432,Venture,67033,54402,66794,420,-0.6546,0.7056,-0.2712,255,1.000,1.000,1.000,2026-10-06T01:10:59.000Z
127.000,Amarr Citizen 4520313,Capsule,45085,144936,102229,0,,,,6,,,,2026-10-06T01:10:59.000Z
127.000,Minmatar Citizen 9978241,Retriever,43186,37526,63375,1401,0.7344,0.4484,0.5096,285,1.000,1.000,1.000,2026-10-06T01:10:59.000Z
127.000,Minmatar Citizen 7162778,Capsule,26502,39999,55024,0,,,,4,,,,2026-10-06T01:10:59.000Z
127.000,Minmatar Citizen 9678938,Porpoise,66173,39970,72394,106,-0.8683,-0.4634,-0.1770,181,0.000,0.111,0.929,2026-10-06T01:10:59.000Z
127.000,Minmatar Citizen 2250648,Porpoise,64022,46711,50603,139,0.3221,0.5484,-0.7717,69,1.000,1.000,1.000,2026-10-06T01:10:59.000Z
127.000,Gallente Citizen 1635012,Venture,72378,99452,99256,4248,0.9976,-0.0678,0.0121,391,1.000,1.000,1.000,2026-10-06T01:10:59.000Z
127.000,Amarr Citizen 2281178,Procurer,58890,47538,31422,1293,0.4348,0.2735,0.8580,216,1.000,1.000,1.000,2026-10-06T01:10:59.000Z
128.000,Caldari Citizen 9942864,Venture,58409,-1332,67161,302,-0.2173,-0.8879,0.4054,203,0.450,1.000,1.000,2026-10-06T01:11:00.000Z
128.000,Caldari Citizen 6206817,Orca,68345,54745,65360,131,-0.9978,0.0530,0.0387,201,0.810,1.000,1.000,2026-10-06T01:11:00.000Z
128.000,Minmatar Citizen 9745080,Skiff,51686,56298,66100,214,-0.3280,0.9221,0.2053,358,1.000,1.000,1.000,2026-10-06T01:11:00.000Z
128.000,Amarr Citizen 0220922,Porpoise,76983,56823,58508,38,,,,126,0.000,0.929,1.000,2026-10-06T01:11:00.000Z
128.000,Minmatar Citizen 4351238,Venture,60652,44570,38029,1903,0.0592,-0.5435,0.8373,202,1.000,1.000,1.000,2026-10-06T01:11:00.000Z
128.000,Caldari Citizen 3216932,Capsule,69738,42478,73811,187,-0.2104,-0.5724,0.7925,217,,,,2026-10-06T01:11:00.000Z
128.000,Minmatar Citizen 9076035,Porpoise,65084,47725,55555,1391,0.1405,-0.8226,0.5510,20,1.000,1.000,1.000,2026-10-06T01:11:00.000Z
128.000,Minmatar Citizen 6662812,Procurer,27094,46820,61374,1501,0.5570,-0.8229,0.1126,163,1.000,1.000,1.000,2026-10-06T01:11:00.000Z
128.000,Caldari Citizen 3891005,Porpoise,44427,49139,65688,704,0.9570,0.0045,0.2901,261,1.000,1.000,1.000,2026-10-06T01:11:00.000Z
128.000,Caldari Citizen 8777524,Prospect,69354,-2310,56981,531,0.4078,-0.8921,-0.1947,164,0.000,0.590,1.000,2026-10-06T01:11:00.000Z
128.000,Minmatar Citizen 0254120,Procurer,77871,46938,71400,243,-0.9317,-0.3627,-0.0208,399,0.000,0.879,1.000,2026-10-06T01:11:00.000Z
128.000,Amarr Citizen 2674287,Porpoise,69995,40112,70565,3,,,,153,1.000,1.000,1.000,2026-10-06T01:11:00.000Z
128.000,Amarr Citizen 5054432,Venture,66825,54692,66692,419,-0.5789,0.7714,-0.2644,192,1.000,1.000,1.000,2026-10-06T01:11:00.000Z
128.000,Amarr Citizen 4520313,Capsule,45085,144936,102229,0,,,,6,,,,2026-10-06T01:11:00.000Z
128.000,Minmatar Citizen 9978241,Retriever,44192,38274,64084,1437,0.7293,0.4716,0.4957,341,1.000,1.000,1.000,2026-10-06T01:11:00.000Z
128.000,Minmatar Citizen 7162778,Capsule,26502,39999,55024,0,,,,4,,,,2026-10-06T01:11:00.000Z
128.000,Minmatar Citizen 9678938,Porpoise,65984,39901,72301,106,,,,500,0.000,0.071,0.929,2026-10-06T01:11:00.000Z
128.000,Minmatar Citizen 2250648,Porpoise,64128,46768,50446,148,0.5921,0.4739,-0.6518,60,1.000,1.000,1.000,2026-10-06T01:11:00.000Z
128.000,Gallente Citizen 1635012,Venture,76276,99329,99293,3701,0.9824,-0.1800,-0.0495,448,1.000,1.000,1.000,2026-10-06T01:11:00.000Z
128.000,Amarr Citizen 2281178,Procurer,59486,47837,32621,1346,0.4739,0.2462,0.8455,204,1.000,1.000,1.000,2026-10-06T01:11:00.000Z
129.000,Caldari Citizen 9942864,Venture,58260,-1777,67329,399,-0.1510,-0.8995,0.4099,148,0.444,1.000,1.000,2026-10-06T01:11:01.000Z
129.000,Caldari Citizen 6206817,Orca,68184,54720,65433,131,,,,197,0.800,1.000,1.000,2026-10-06T01:11:01.000Z
129.000,Minmatar Citizen 9745080,Skiff,51585,56536,66159,235,-0.2233,0.9593,0.1727,256,1.000,1.000,1.000,2026-10-06T01:11:01.000Z
129.000,Amarr Citizen 0220922,Porpoise,76969,56831,58515,45,,,,124,0.000,0.909,1.000,2026-10-06T01:11:01.000Z
129.000,Minmatar Citizen 4351238,Venture,60628,43238,39628,2064,0.0839,-0.6790,0.7293,254,1.000,1.000,1.000,2026-10-06T01:11:01.000Z
129.000,Caldari Citizen 3216932,Capsule,69704,42319,74045,187,-0.3149,-0.4304,0.8459,146,,,,2026-10-06T01:11:01.000Z
129.000,Minmatar Citizen 9076035,Porpoise,65377,46589,56386,1395,0.2142,-0.8112,0.5441,253,1.000,1.000,1.000,2026-10-06T01:11:01.000Z
129.000,Minmatar Citizen 6662812,Procurer,27954,45558,61431,1606,0.5842,-0.8079,0.0775,372,1.000,1.000,1.000,2026-10-06T01:11:01.000Z
129.000,Caldari Citizen 3891005,Porpoise,45112,49165,65918,625,0.9504,0.0408,0.3083,201,1.000,1.000,1.000,2026-10-06T01:11:01.000Z
129.000,Caldari Citizen 8777524,Prospect,69541,-2891,56837,547,0.3228,-0.9276,-0.1880,219,0.000,0.590,1.000,2026-10-06T01:11:01.000Z
129.000,Minmatar Citizen 0254120,Procurer,77644,46878,71365,254,-0.9237,-0.3832,-0.0070,359,0.000,0.879,1.000,2026-10-06T01:11:01.000Z
129.000,Amarr Citizen 2674287,Porpoise,69996,40111,70564,3,,,,153,1.000,1.000,1.000,2026-10-06T01:11:01.000Z
129.000,Amarr Citizen 5054432,Venture,66681,55000,66578,402,-0.5373,0.8007,-0.2648,304,1.000,1.000,1.000,2026-10-06T01:11:01.000Z
129.000,Amarr Citizen 4520313,Capsule,45085,144936,102229,0,,,,6,,,,2026-10-06T01:11:01.000Z
129.000,Minmatar Citizen 9978241,Retriever,45275,39003,64824,1462,0.7251,0.4897,0.4842,165,1.000,1.000,1.000,2026-10-06T01:11:01.000Z
129.000,Minmatar Citizen 7162778,Capsule,26502,39999,55024,0,,,,4,,,,2026-10-06T01:11:01.000Z
129.000,Minmatar Citizen 9678938,Porpoise,65815,39867,72269,106,-0.9365,0.2660,-0.2285,497,0.000,0.030,0.869,2026-10-06T01:11:01.000Z
129.000,Minmatar Citizen 2250648,Porpoise,64302,46812,50293,156,0.8152,0.4041,-0.4150,81,1.000,1.000,1.000,2026-10-06T01:11:01.000Z
129.000,Gallente Citizen 1635012,Venture,79678,98705,98999,3420,0.9317,-0.3428,-0.1199,262,1.000,1.000,1.000,2026-10-06T01:11:01.000Z
129.000,Amarr Citizen 2281178,Procurer,60149,48118,33789,1392,0.5132,0.2328,0.8261,82,1.000,1.000,1.000,2026-10-06T01:11:01.000Z
130.000,Caldari Citizen 9942864,Venture,58168,-2265,67581,472,-0.1077,-0.9084,0.4040,142,0.000,0.908,1.000,2026-10-06T01:11:02.000Z
130.000,Caldari Citizen 6206817,Orca,68058,54710,65553,131,-0.8911,-0.2204,0.3968,194,0.800,1.000,1.000,2026-10-06T01:11:02.000Z
130.000,Minmatar Citizen 9745080,Skiff,51554,56726,66165,251,-0.1261,0.9834,0.1308,211,1.000,1.000,1.000,2026-10-06T01:11:02.000Z
130.000,Amarr Citizen 0220922,Porpoise,76957,56830,58529,52,,,,121,0.000,0.899,1.000,2026-10-06T01:11:02.000Z
130.000,Minmatar Citizen 4351238,Venture,60865,41594,41200,2207,0.1415,-0.7692,0.6231,375,1.000,1.000,1.000,2026-10-06T01:11:02.000Z
130.000,Caldari Citizen 3216932,Capsule,69556,42251,74280,187,-0.4807,-0.2831,0.8299,151,,,,2026-10-06T01:11:02.000Z
130.000,Minmatar Citizen 9076035,Porpoise,65796,45523,57126,1095,0.2657,-0.7994,0.5389,297,1.000,1.000,1.000,2026-10-06T01:11:02.000Z
130.000,Minmatar Citizen 6662812,Procurer,28971,44264,61535,1696,0.5895,-0.8056,0.0593,133,1.000,1.000,1.000,2026-10-06T01:11:02.000Z
130.000,Caldari Citizen 3891005,Porpoise,45683,49200,66116,558,0.9437,0.0768,0.3217,255,1.000,1.000,1.000,2026-10-06T01:11:02.000Z
130.000,Caldari Citizen 8777524,Prospect,69692,-3453,56721,559,0.2393,-0.9553,-0.1737,109,0.000,0.570,1.000,2026-10-06T01:11:02.000Z
130.000,Minmatar Citizen 0254120,Procurer,77415,46815,71384,264,-0.9087,-0.4153,0.0417,365,0.000,0.879,1.000,2026-10-06T01:11:02.000Z
130.000,Amarr Citizen 2674287,Porpoise,69998,40111,70562,2,,,,153,1.000,1.000,1.000,2026-10-06T01:11:02.000Z
130.000,Amarr Citizen 5054432,Venture,66472,55303,66515,365,-0.5256,0.8108,-0.2577,139,1.000,1.000,1.000,2026-10-06T01:11:02.000Z
130.000,Amarr Citizen 4520313,Capsule,45085,144936,102229,0,,,,6,,,,2026-10-06T01:11:02.000Z
130.000,Minmatar Citizen 9978241,Retriever,46396,39682,65570,1487,0.7217,0.5028,0.4757,284,1.000,1.000,1.000,2026-10-06T01:11:02.000Z
130.000,Minmatar Citizen 7162778,Capsule,26502,39999,55024,0,,,,4,,,,2026-10-06T01:11:02.000Z
130.000,Minmatar Citizen 9678938,Porpoise,65669,39919,72282,96,-0.8418,0.5101,-0.1763,516,0.000,0.030,0.869,2026-10-06T01:11:02.000Z
130.000,Minmatar Citizen 2250648,Porpoise,64540,46879,50215,164,0.8859,0.4291,-0.1760,150,1.000,1.000,1.000,2026-10-06T01:11:02.000Z
130.000,Gallente Citizen 1635012,Venture,82777,97247,98356,3374,0.8309,-0.5280,-0.1759,326,1.000,1.000,1.000,2026-10-06T01:11:02.000Z
130.000,Amarr Citizen 2281178,Procurer,60928,48457,34937,1432,0.5466,0.2178,0.8086,243,1.000,1.000,1.000,2026-10-06T01:11:02.000Z
131.000,Caldari Citizen 9942864,Venture,58173,-2774,67842,526,-0.0915,-0.9136,0.3962,447,0.000,0.899,1.000,2026-10-06T01:11:03.000Z
131.000,Caldari Citizen 6206817,Orca,67955,54691,65658,131,-0.8930,-0.2696,0.3604,191,0.800,1.000,1.000,2026-10-06T01:11:03.000Z
131.000,Minmatar Citizen 9745080,Skiff,51576,56940,66184,264,-0.1019,0.9900,0.0972,240,1.000,1.000,1.000,2026-10-06T01:11:03.000Z
131.000,Amarr Citizen 0220922,Porpoise,76944,56827,58542,57,,,,119,0.000,0.899,1.000,2026-10-06T01:11:03.000Z
131.000,Minmatar Citizen 4351238,Venture,61320,39647,42558,2331,0.2011,-0.8236,0.5303,313,1.000,1.000,1.000,2026-10-06T01:11:03.000Z
131.000,Caldari Citizen 3216932,Capsule,69362,42242,74503,187,-0.6351,-0.1988,0.7464,165,,,,2026-10-06T01:11:03.000Z
131.000,Minmatar Citizen 9076035,Porpoise,66193,44648,57672,920,0.2808,-0.7921,0.5420,402,1.000,1.000,1.000,2026-10-06T01:11:03.000Z
131.000,Minmatar Citizen 6662812,Procurer,30044,42961,61653,1772,0.5793,-0.8130,0.0587,233,1.000,1.000,1.000,2026-10-06T01:11:03.000Z
131.000,Caldari Citizen 3891005,Porpoise,46230,49265,66335,501,0.9378,0.1009,0.3322,294,1.000,1.000,1.000,2026-10-06T01:11:03.000Z
131.000,Caldari Citizen 8777524,Prospect,69801,-4014,56623,567,0.1749,-0.9743,-0.1419,190,0.000,0.570,1.000,2026-10-06T01:11:03.000Z
131.000,Minmatar Citizen 0254120,Procurer,77183,46689,71440,273,-0.8986,-0.4260,0.1049,409,0.061,0.879,1.000,2026-10-06T01:11:03.000Z
131.000,Amarr Citizen 2674287,Porpoise,69999,40112,70561,2,,,,153,1.000,1.000,1.000,2026-10-06T01:11:03.000Z
131.000,Amarr Citizen 5054432,Venture,66309,55539,66449,323,-0.5515,0.7992,-0.2390,95,,,,2026-10-06T01:11:03.000Z
131.000,Amarr Citizen 4520313,Capsule,45085,144936,102229,0,,,,6,,,,2026-10-06T01:11:03.000Z
131.000,Minmatar Citizen 9978241,Retriever,47522,40433,66277,1508,0.7197,0.5120,0.4689,244,1.000,1.000,1.000,2026-10-06T01:11:03.000Z
131.000,Minmatar Citizen 7162778,Capsule,26502,39999,55024,0,,,,4,,,,2026-10-06T01:11:03.000Z
131.000,Minmatar Citizen 9678938,Porpoise,65519,40105,72250,89,-0.7735,0.6303,-0.0668,567,0.000,0.020,0.869,2026-10-06T01:11:03.000Z
131.000,Minmatar Citizen 2250648,Porpoise,64812,47000,50234,170,0.8540,0.5201,0.0100,311,1.000,1.000,1.000,2026-10-06T01:11:03.000Z
131.000,Gallente Citizen 1635012,Venture,85517,94907,97480,3449,0.7030,-0.6839,-0.1952,311,1.000,1.000,1.000,2026-10-06T01:11:03.000Z
131.000,Amarr Citizen 2281178,Procurer,61823,48866,36109,1443,0.5702,0.1835,0.8008,253,1.000,1.000,1.000,2026-10-06T01:11:03.000Z
132.000,Caldari Citizen 9942864,Venture,58182,-3273,68061,567,-0.1000,-0.9175,0.3850,287,0.000,0.768,1.000,2026-10-06T01:11:04.000Z
132.000,Caldari Citizen 6206817,Orca,67784,54620,65708,131,-0.9280,-0.2448,0.2809,223,0.798,1.000,1.000,2026-10-06T01:11:04.000Z
132.000,Minmatar Citizen 9745080,Skiff,51630,57193,66208,274,-0.1500,0.9838,0.0981,265,1.000,1.000,1.000,2026-10-06T01:11:04.000Z
132.000,Amarr Citizen 0220922,Porpoise,76929,56828,58552,62,,,,116,0.000,0.889,1.000,2026-10-06T01:11:04.000Z
132.000,Minmatar Citizen 4351238,Venture,61933,37460,43695,2434,0.2422,-0.8571,0.4547,506,1.000,1.000,1.000,2026-10-06T01:11:04.000Z
132.000,Caldari Citizen 3216932,Capsule,69185,42256,74673,187,-0.7284,-0.2553,0.6358,176,,,,2026-10-06T01:11:04.000Z
132.000,Minmatar Citizen 9076035,Porpoise,66490,43928,58104,772,0.2482,-0.7845,0.5683,372,1.000,1.000,1.000,2026-10-06T01:11:04.000Z
132.000,Minmatar Citizen 6662812,Procurer,31112,41532,61758,1837,0.5648,-0.8220,0.0722,208,1.000,1.000,1.000,2026-10-06T01:11:04.000Z
132.000,Caldari Citizen 3891005,Porpoise,46696,49339,66495,453,0.9366,0.1177,0.3300,115,1.000,1.000,1.000,2026-10-06T01:11:04.000Z
132.000,Caldari Citizen 8777524,Prospect,69888,-4560,56556,573,0.1169,-0.9888,-0.0932,100,0.000,0.520,1.000,2026-10-06T01:11:04.000Z
132.000,Minmatar Citizen 0254120,Procurer,76882,46476,71477,279,-0.8994,-0.4007,0.1745,182,0.061,0.879,1.000,2026-10-06T01:11:04.000Z
132.000,Amarr Citizen 2674287,Porpoise,69999,40112,70560,2,,,,153,1.000,1.000,1.000,2026-10-06T01:11:04.000Z
132.000,Amarr Citizen 5054432,Venture,66190,55745,66342,295,-0.6064,0.7714,-0.1928,220,,,,2026-10-06T01:11:04.000Z
132.000,Amarr Citizen 4520313,Capsule,45085,144936,102229,0,,,,6,,,,2026-10-06T01:11:04.000Z
132.000,Minmatar Citizen 9978241,Retriever,48585,41270,66950,1512,0.7209,0.5173,0.4611,325,1.000,1.000,1.000,2026-10-06T01:11:04.000Z
132.000,Minmatar Citizen 7162778,Capsule,26502,39999,55024,0,,,,4,,,,2026-10-06T01:11:04.000Z
132.000,Minmatar Citizen 9678938,Porpoise,65326,40371,72164,85,-0.7730,0.6308,0.0673,313,0.000,0.000,0.596,2026-10-06T01:11:04.000Z
132.000,Minmatar Citizen 2250648,Porpoise,64995,47139,50285,176,0.7507,0.6493,0.1217,295,1.000,1.000,1.000,2026-10-06T01:11:04.000Z
132.000,Gallente Citizen 1635012,Venture,87709,91935,96587,3579,0.5903,-0.7872,-0.1784,581,1.000,1.000,1.000,2026-10-06T01:11:04.000Z
132.000,Amarr Citizen 2281178,Procurer,62658,49156,37203,1316,0.5816,0.1141,0.8054,67,1.000,1.000,1.000,2026-10-06T01:11:04.000Z
133.000,Caldari Citizen 9942864,Venture,58148,-3781,68231,597,-0.1514,-0.9169,0.3692,307,0.000,0.667,1.000,2026-10-06T01:11:05.000Z
133.000,Caldari Citizen 6206817,Orca,67545,54508,65707,131,-0.9802,-0.0894,0.1768,599,0.790,1.000,1.000,2026-10-06T01:11:05.000Z
133.000,Minmatar Citizen 9745080,Skiff,51588,57450,66217,282,-0.2150,0.9706,0.1081,301,1.000,1.000,1.000,2026-10-06T01:11:05.000Z
133.000,Amarr Citizen 0220922,Porpoise,76915,56832,58560,66,,,,114,0.000,0.857,1.000,2026-10-06T01:11:05.000Z
133.000,Minmatar Citizen 4351238,Venture,62672,35198,44723,2522,0.2621,-0.8798,0.3965,390,1.000,1.000,1.000,2026-10-06T01:11:05.000Z
133.000,Caldari Citizen 3216932,Capsule,69027,42222,74804,187,-0.7585,-0.3672,0.5383,186,,,,2026-10-06T01:11:05.000Z
133.000,Minmatar Citizen 9076035,Porpoise,66660,43312,58535,644,0.1658,-0.7660,0.6212,315,1.000,1.000,1.000,2026-10-06T01:11:05.000Z
133.000,Minmatar Citizen 6662812,Procurer,32082,39928,61822,1894,0.5503,-0.8300,0.0911,379,1.000,1.000,1.000,2026-10-06T01:11:05.000Z
133.000,Caldari Citizen 3891005,Porpoise,47140,49415,66639,412,0.9342,0.1426,0.3270,386,1.000,1.000,1.000,2026-10-06T01:11:05.000Z
133.000,Caldari Citizen 8777524,Prospect,69941,-5124,56506,577,0.0593,-0.9980,-0.0235,205,0.000,0.520,1.000,2026-10-06T01:11:05.000Z
133.000,Minmatar Citizen 0254120,Procurer,76547,46307,71497,285,-0.9033,-0.3482,0.2504,340,0.020,0.888,1.000,2026-10-06T01:11:05.000Z
133.000,Amarr Citizen 2674287,Porpoise,70000,40112,70559,1,,,,153,1.000,1.000,1.000,2026-10-06T01:11:05.000Z
133.000,Amarr Citizen 5054432,Venture,66023,55924,66306,280,-0.7066,0.7065,-0.0385,232,,,,2026-10-06T01:11:05.000Z
133.000,Amarr Citizen 4520313,Capsule,45085,144936,102229,0,,,,6,,,,2026-10-06T01:11:05.000Z
133.000,Minmatar Citizen 9978241,Retriever,49600,42083,67633,1303,0.7332,0.5108,0.4489,238,1.000,1.000,1.000,2026-10-06T01:11:05.000Z
133.000,Minmatar Citizen 7162778,Capsule,26502,39999,55024,0,,,,4,,,,2026-10-06T01:11:05.000Z
133.000,Minmatar Citizen 9678938,Porpoise,65156,40520,72166,84,-0.8473,0.4675,0.2518,313,0.000,0.000,0.576,2026-10-06T01:11:05.000Z
133.000,Minmatar Citizen 2250648,Porpoise,65133,47301,50361,181,0.5552,0.8274,0.0838,212,1.000,1.000,1.000,2026-10-06T01:11:05.000Z
133.000,Gallente Citizen 1635012,Venture,89553,88653,95904,3722,0.5138,-0.8455,-0.1457,798,1.000,1.000,1.000,2026-10-06T01:11:05.000Z
133.000,Amarr Citizen 2281178,Procurer,63397,49270,38216,1219,0.5776,-0.0005,0.8163,81,1.000,1.000,1.000,2026-10-06T01:11:05.000Z
134.000,Caldari Citizen 9942864,Venture,58014,-4301,68413,580,-0.2706,-0.8863,0.3758,234,0.000,0.657,1.000,2026-10-06T01:11:06.000Z
134.000,Caldari Citizen 6206817,Orca,67355,54461,65734,131,-0.9813,0.1830,0.0597,585,0.790,1.000,1.000,2026-10-06T01:11:06.000Z
134.000,Minmatar Citizen 9745080,Skiff,51432,57728,66263,288,-0.2777,0.9566,0.0882,291,1.000,1.000,1.000,2026-10-06T01:11:06.000Z
134.000,Amarr Citizen 0220922,Porpoise,76902,56835,58567,69,,,,112,0.000,0.848,1.000,2026-10-06T01:11:06.000Z
134.000,Minmatar Citizen 4351238,Venture,63439,32853,45684,2594,0.2681,-0.8945,0.3577,225,1.000,1.000,1.000,2026-10-06T01:11:06.000Z
134.000,Caldari Citizen 3216932,Capsule,68834,42077,74914,187,-0.7551,-0.4362,0.4894,238,,,,2026-10-06T01:11:06.000Z
134.000,Minmatar Citizen 9076035,Porpoise,66726,42742,59064,536,0.0525,-0.7249,0.6868,142,1.000,1.000,1.000,2026-10-06T01:11:06.000Z
134.000,Minmatar Citizen 6662812,Procurer,33078,38221,61996,1903,0.5399,-0.8339,0.1147,184,1.000,1.000,1.000,2026-10-06T01:11:06.000Z
134.000,Caldari Citizen 3891005,Porpoise,47568,49445,66793,377,0.9313,0.1602,0.3270,249,1.000,1.000,1.000,2026-10-06T01:11:06.000Z
134.000,Caldari Citizen 8777524,Prospect,69959,-5668,56496,580,0.0112,-0.9970,0.0769,146,0.000,0.520,1.000,2026-10-06T01:11:06.000Z
134.000,Minmatar Citizen 0254120,Procurer,76246,46230,71576,289,-0.9046,-0.2974,0.3052,295,0.010,0.888,1.000,2026-10-06T01:11:06.000Z
134.000,Amarr Citizen 2674287,Porpoise,70000,40112,70559,1,,,,153,1.000,1.000,1.000,2026-10-06T01:11:06.000Z
134.000,Amarr Citizen 5054432,Venture,65894,56050,66297,276,-0.8147,0.4960,0.3003,140,,,,2026-10-06T01:11:06.000Z
134.000,Amarr Citizen 4520313,Capsule,45085,144936,102229,0,,,,6,,,,2026-10-06T01:11:06.000Z
134.000,Minmatar Citizen 9978241,Retriever,50465,42723,68193,1125,0.7652,0.4810,0.4278,171,1.000,1.000,1.000,2026-10-06T01:11:06.000Z
134.000,Minmatar Citizen 7162778,Capsule,26502,39999,55024,0,,,,4,,,,2026-10-06T01:11:06.000Z
134.000,Minmatar Citizen 9678938,Porpoise,65019,40553,72277,84,-0.8908,0.0175,0.4540,328,0.000,0.000,0.576,2026-10-06T01:11:06.000Z
134.000,Minmatar Citizen 2250648,Porpoise,65222,47451,50399,185,0.2302,0.9633,-0.1379,132,1.000,1.000,1.000,2026-10-06T01:11:06.000Z
134.000,Gallente Citizen 1635012,Venture,91318,85162,95486,3858,0.4733,-0.8726,-0.1202,1124,1.000,1.000,1.000,2026-10-06T01:11:06.000Z
134.000,Amarr Citizen 2281178,Procurer,64061,49192,39191,1165,0.5676,-0.0737,0.8200,138,1.000,1.000,1.000,2026-10-06T01:11:06.000Z
135.000,Caldari Citizen 9942864,Venture,57876,-4630,68552,283,-0.4635,-0.7937,0.3940,171,0.000,0.616,1.000,2026-10-06T01:11:07.000Z
135.000,Caldari Citizen 6206817,Orca,67196,54527,65778,131,-0.9215,0.3879,-0.0203,585,0.790,1.000,1.000,2026-10-06T01:11:07.000Z
135.000,Minmatar Citizen 9745080,Skiff,51311,57995,66312,293,-0.3250,0.9446,0.0464,246,1.000,1.000,1.000,2026-10-06T01:11:07.000Z
135.000,Amarr Citizen 0220922,Porpoise,76892,56836,58574,72,,,,110,0.000,0.848,1.000,2026-10-06T01:11:07.000Z
135.000,Minmatar Citizen 4351238,Venture,64141,30451,46578,2652,0.2652,-0.9063,0.3291,187,1.000,1.000,1.000,2026-10-06T01:11:07.000Z
135.000,Caldari Citizen 3216932,Capsule,68605,41848,75000,187,-0.7458,-0.4395,0.5007,204,,,,2026-10-06T01:11:07.000Z
135.000,Minmatar Citizen 9076035,Porpoise,66699,42260,59608,445,-0.0544,-0.6656,0.7443,169,1.000,1.000,1.000,2026-10-06T01:11:07.000Z
135.000,Minmatar Citizen 6662812,Procurer,34087,36698,62287,1626,0.5333,-0.8340,0.1413,216,1.000,1.000,1.000,2026-10-06T01:11:07.000Z
135.000,Caldari Citizen 3891005,Porpoise,47929,49502,66908,346,0.9299,0.1520,0.3349,169,1.000,1.000,1.000,2026-10-06T01:11:07.000Z
135.000,Caldari Citizen 8777524,Prospect,69929,-6220,56538,582,-0.0275,-0.9788,0.2028,255,0.000,0.495,1.000,2026-10-06T01:11:07.000Z
135.000,Minmatar Citizen 0254120,Procurer,75951,46199,71738,293,-0.9022,-0.2930,0.3166,288,0.000,0.888,1.000,2026-10-06T01:11:07.000Z
135.000,Amarr Citizen 2674287,Porpoise,70000,40112,70559,1,,,,153,1.000,1.000,1.000,2026-10-06T01:11:07.000Z
135.000,Amarr Citizen 5054432,Venture,65771,56143,66329,276,,,,75,,,,2026-10-06T01:11:07.000Z
135.000,Amarr Citizen 4520313,Capsule,45085,144936,102229,0,,,,6,,,,2026-10-06T01:11:07.000Z
135.000,Minmatar Citizen 9978241,Retriever,51295,43189,68652,975,0.8140,0.4360,0.3838,165,1.000,1.000,1.000,2026-10-06T01:11:07.000Z
135.000,Minmatar Citizen 7162778,Capsule,26502,39999,55024,0,,,,4,,,,2026-10-06T01:11:07.000Z
135.000,Minmatar Citizen 9678938,Porpoise,64864,40534,72431,85,-0.7434,-0.4567,0.4887,341,,,,2026-10-06T01:11:07.000Z
135.000,Minmatar Citizen 2250648,Porpoise,65234,47622,50371,188,-0.0234,0.9305,-0.3655,127,1.000,1.000,1.000,2026-10-06T01:11:07.000Z
135.000,Gallente Citizen 1635012,Venture,93157,81483,95237,3976,0.4553,-0.8823,-0.1193,1259,1.000,1.000,1.000,2026-10-06T01:11:07.000Z
135.000,Amarr Citizen 2281178,Procurer,64665,48893,40125,1146,0.5177,-0.3038,0.7998,311,1.000,1.000,1.000,2026-10-06T01:11:07.000Z
136.000,Caldari Citizen 9942864,Venture,57759,-4697,68606,136,-0.7258,-0.5711,0.3835,180,0.000,0.398,1.000,2026-10-06T01:11:08.000Z
136.000,Caldari Citizen 6206817,Orca,67007,54717,65771,131,-0.8974,0.4369,-0.0623,611,0.780,1.000,1.000,2026-10-06T01:11:08.000Z
136.000,Minmatar Citizen 9745080,Skiff,51253,58300,66335,297,-0.3368,0.9416,-0.0029,274,1.000,1.000,1.000,2026-10-06T01:11:08.000Z
136.000,Amarr Citizen 0220922,Porpoise,76884,56837,58580,75,,,,109,0.000,0.837,1.000,2026-10-06T01:11:08.000Z
136.000,Minmatar Citizen 4351238,Venture,64813,28015,47432,2700,0.2540,-0.9195,0.3000,149,1.000,1.000,1.000,2026-10-06T01:11:08.000Z
136.000,Caldari Citizen 3216932,Capsule,68397,41712,75132,187,-0.7206,-0.3977,0.5679,149,,,,2026-10-06T01:11:08.000Z
136.000,Minmatar Citizen 9076035,Porpoise,66584,41950,60025,367,-0.1464,-0.6008,0.7858,64,1.000,1.000,1.000,2026-10-06T01:11:08.000Z
136.000,Minmatar Citizen 6662812,Procurer,34950,35474,62577,1389,0.5262,-0.8341,0.1657,23,1.000,1.000,1.000,2026-10-06T01:11:08.000Z
136.000,Caldari Citizen 3891005,Porpoise,48251,49616,67032,305,0.9338,0.1266,0.3348,308,1.000,1.000,1.000,2026-10-06T01:11:08.000Z
136.000,Caldari Citizen 8777524,Prospect,69888,-6735,56677,583,-0.0608,-0.9472,0.3148,177,0.000,0.475,1.000,2026-10-06T01:11:08.000Z
136.000,Minmatar Citizen 0254120,Procurer,75695,46163,71915,296,-0.8921,-0.3261,0.3127,290,0.000,0.888,1.000,2026-10-06T01:11:08.000Z
136.000,Amarr Citizen 2674287,Porpoise,70016,40110,70547,5,,,,153,1.000,1.000,1.000,2026-10-06T01:11:08.000Z
136.000,Amarr Citizen 5054432,Venture,65594,56134,66537,278,-0.3950,-0.3855,0.8339,493,1.000,1.000,1.000,2026-10-06T01:11:08.000Z
136.000,Amarr Citizen 4520313,Capsule,45085,144936,102229,0,,,,6,,,,2026-10-06T01:11:08.000Z
136.000,Minmatar Citizen 9978241,Retriever,52069,43501,68968,846,0.8676,0.3919,0.3062,270,1.000,1.000,1.000,2026-10-06T01:11:08.000Z
136.000,Minmatar Citizen 7162778,Capsule,26502,39999,55024,0,,,,4,,,,2026-10-06T01:11:08.000Z
136.000,Minmatar Citizen 9678938,Porpoise,64709,40399,72569,87,-0.6099,-0.6736,0.4176,363,,,,2026-10-06T01:11:08.000Z
136.000,Minmatar Citizen 2250648,Porpoise,65171,47833,50235,192,-0.1017,0.8714,-0.4800,213,1.000,1.000,1.000,2026-10-06T01:11:08.000Z
136.000,Gallente Citizen 1635012,Venture,95117,77785,94934,4077,0.4449,-0.8836,-0.1457,1185,1.000,1.000,1.000,2026-10-06T01:11:08.000Z
136.000,Amarr Citizen 2281178,Procurer,65243,48422,41034,1152,0.4662,-0.4561,0.7580,193,1.000,1.000,1.000,2026-10-06T01:11:08.000Z
137.000,Caldari Citizen 9942864,Venture,57617,-4582,68661,167,-0.9118,-0.1785,0.3697,534,0.000,0.374,1.000,2026-10-06T01:11:09.000Z
137.000,Caldari Citizen 6206817,Orca,66766,54960,65703,131,-0.9317,0.3573,-0.0654,523,0.780,1.000,1.000,2026-10-06T01:11:09.000Z
137.000,Minmatar Citizen 9745080,Skiff,51168,58609,66306,299,-0.3372,0.9385,-0.0738,328,1.000,1.000,1.000,2026-10-06T01:11:09.000Z
137.000,Amarr Citizen 0220922,Porpoise,76881,56835,58588,76,,,,108,0.000,0.758,1.000,2026-10-06T01:11:09.000Z
137.000,Minmatar Citizen 4351238,Venture,65495,25556,48233,2723,0.2380,-0.9327,0.2708,211,1.000,1.000,1.000,2026-10-06T01:11:09.000Z
137.000,Caldari Citizen 3216932,Capsule,68212,41681,75308,187,-0.6270,-0.3608,0.6905,133,,,,2026-10-06T01:11:09.000Z
137.000,Minmatar Citizen 9076035,Porpoise,66448,41750,60361,326,-0.2425,-0.5292,0.8131,213,1.000,1.000,1.000,2026-10-06T01:11:09.000Z
137.000,Minmatar Citizen 6662812,Procurer,35675,34395,62833,1268,0.5142,-0.8391,0.1772,101,1.000,1.000,1.000,2026-10-06T01:11:09.000Z
137.000,Caldari Citizen 3891005,Porpoise,48569,49677,67165,284,0.9438,0.0896,0.3180,285,1.000,1.000,1.000,2026-10-06T01:11:09.000Z
137.000,Caldari Citizen 8777524,Prospect,69862,-7248,56922,584,-0.0890,-0.9226,0.3754,349,0.000,0.450,1.000,2026-10-06T01:11:09.000Z
137.000,Minmatar Citizen 0254120,Procurer,75372,46014,72013,297,-0.8824,-0.3544,0.3095,374,0.040,0.888,1.000,2026-10-06T01:11:09.000Z
137.000,Amarr Citizen 2674287,Porpoise,70070,40102,70508,22,,,,153,1.000,1.000,1.000,2026-10-06T01:11:09.000Z
137.000,Amarr Citizen 5054432,Venture,65492,55996,66790,279,-0.0489,-0.6452,0.7624,396,,,,2026-10-06T01:11:09.000Z
137.000,Amarr Citizen 4520313,Capsule,45085,144936,102229,0,,,,6,,,,2026-10-06T01:11:09.000Z
137.000,Minmatar Citizen 9978241,Retriever,52792,43705,69153,780,0.9077,0.3601,0.2157,342,1.000,1.000,1.000,2026-10-06T01:11:09.000Z
137.000,Minmatar Citizen 7162778,Capsule,26502,39999,55024,0,,,,4,,,,2026-10-06T01:11:09.000Z
137.000,Minmatar Citizen 9678938,Capsule,64573,40110,72632,88,-0.5247,-0.7928,0.3099,457,,,,2026-10-06T01:11:09.000Z
137.000,Minmatar Citizen 2250648,Porpoise,65053,48071,50029,193,-0.0347,0.8947,-0.4454,220,1.000,1.000,1.000,2026-10-06T01:11:09.000Z
137.000,Gallente Citizen 1635012,Venture,97092,74070,94306,4128,0.4327,-0.8820,-0.1865,581,1.000,1.000,1.000,2026-10-06T01:11:09.000Z
138.000,Caldari Citizen 9942864,Venture,57508,-4513,68656,279,-0.9254,0.1121,0.3620,197,0.000,0.374,1.000,2026-10-06T01:11:10.000Z
138.000,Caldari Citizen 6206817,Orca,66513,55036,65656,131,-0.9810,0.1938,-0.0054,506,0.780,1.000,1.000,2026-10-06T01:11:10.000Z
138.000,Minmatar Citizen 9745080,Skiff,51037,58941,66258,301,-0.3623,0.9201,-0.1492,286,1.000,1.000,1.000,2026-10-06T01:11:10.000Z
138.000,Amarr Citizen 0220922,Porpoise,76878,56831,58605,94,,,,106,0.000,0.758,1.000,2026-10-06T01:11:10.000Z
138.000,Minmatar Citizen 4351238,Venture,66165,23036,48930,2758,0.2220,-0.9428,0.2485,426,1.000,1.000,1.000,2026-10-06T01:11:10.000Z
138.000,Caldari Citizen 3216932,Capsule,68068,41674,75477,187,-0.4329,-0.3909,0.8122,118,,,,2026-10-06T01:11:10.000Z
138.000,Minmatar Citizen 9076035,Porpoise,66378,41559,60675,265,-0.3457,-0.4440,0.8267,215,1.000,1.000,1.000,2026-10-06T01:11:10.000Z
138.000,Minmatar Citizen 6662812,Procurer,36253,33376,63052,1083,0.4995,-0.8491,0.1718,205,1.000,1.000,1.000,2026-10-06T01:11:10.000Z
138.000,Caldari Citizen 3891005,Porpoise,48873,49656,67274,253,0.9509,0.0227,0.3086,272,1.000,1.000,1.000,2026-10-06T01:11:10.000Z
138.000,Caldari Citizen 8777524,Prospect,69822,-7832,57264,585,-0.1140,-0.9140,0.3893,232,0.000,0.430,1.000,2026-10-06T01:11:10.000Z
138.000,Minmatar Citizen 0254120,Procurer,74932,45747,72044,299,-0.8866,-0.3465,0.3064,346,0.040,0.889,1.000,2026-10-06T01:11:10.000Z
138.000,Amarr Citizen 2674287,Porpoise,70163,40089,70439,160,,,,154,1.000,1.000,1.000,2026-10-06T01:11:10.000Z
138.000,Amarr Citizen 5054432,Venture,65553,55762,66970,283,0.1829,-0.7475,0.6385,234,,,,2026-10-06T01:11:10.000Z
138.000,Amarr Citizen 4520313,Capsule,45085,144936,102229,0,,,,6,,,,2026-10-06T01:11:10.000Z
138.000,Minmatar Citizen 9978241,Retriever,53460,43967,69232,661,0.9319,0.3375,0.1327,74,1.000,1.000,1.000,2026-10-06T01:11:10.000Z
138.000,Minmatar Citizen 7162778,Capsule,26502,39999,55024,0,,,,4,,,,2026-10-06T01:11:10.000Z
138.000,Minmatar Citizen 9678938,Capsule,64492,39881,72627,0,,,,4,,,,2026-10-06T01:11:10.000Z
138.000,Minmatar Citizen 2250648,Porpoise,65021,48257,49870,196,0.1189,0.9524,-0.2807,102,1.000,1.000,1.000,2026-10-06T01:11:10.000Z
138.000,Gallente Citizen 1635012,Venture,98943,70147,93243,4203,0.4125,-0.8848,-0.2168,351,1.000,1.000,1.000,2026-10-06T01:11:10.000Z
138.000,Amarr Citizen 2281178,Procurer,66236,47097,42713,1193,0.3572,-0.6583,0.6626,301,1.000,1.000,1.000,2026-10-06T01:11:10.000Z
139.000,Caldari Citizen 9942864,Venture,57329,-4634,68689,379,-0.8873,0.3112,0.3404,379,0.000,0.263,1.000,2026-10-06T01:11:11.000Z
139.000,Caldari Citizen 6206817,Orca,66245,54956,65645,131,-0.9916,-0.0274,0.1265,153,0.780,1.000,1.000,2026-10-06T01:11:11.000Z
139.000,Minmatar Citizen 9745080,Skiff,50923,59168,66214,202,-0.4105,0.8826,-0.2290,249,1.000,1.000,1.000,2026-10-06T01:11:11.000Z
139.000,Amarr Citizen 0220922,Porpoise,76864,56826,58631,114,,,,103,0.000,0.758,1.000,2026-10-06T01:11:11.000Z
139.000,Minmatar Citizen 4351238,Venture,66755,20383,49510,2786,0.2052,-0.9500,0.2354,273,1.000,1.000,1.000,2026-10-06T01:11:11.000Z
139.000,Caldari Citizen 3216932,Capsule,67980,41615,75657,187,-0.2537,-0.4841,0.8374,110,,,,2026-10-06T01:11:11.000Z
139.000,Minmatar Citizen 9076035,Porpoise,66280,41416,60944,213,-0.4353,-0.3593,0.8255,120,1.000,1.000,1.000,2026-10-06T01:11:11.000Z
139.000,Minmatar Citizen 6662812,Procurer,36692,32426,63220,925,0.4978,-0.8531,0.1565,217,1.000,1.000,1.000,2026-10-06T01:11:11.000Z
139.000,Caldari Citizen 3891005,Porpoise,49097,49628,67323,226,0.9529,-0.0280,0.3020,216,1.000,1.000,1.000,2026-10-06T01:11:11.000Z
139.000,Caldari Citizen 8777524,Prospect,69729,-8406,57550,586,-0.1410,-0.9226,0.3590,232,0.000,0.430,1.000,2026-10-06T01:11:11.000Z
139.000,Minmatar Citizen 0254120,Procurer,74574,45579,72160,300,-0.9188,-0.2832,0.2751,245,0.031,0.889,1.000,2026-10-06T01:11:11.000Z
139.000,Amarr Citizen 2674287,Porpoise,70282,40079,70319,320,0.2638,0.1958,-0.9445,155,1.000,1.000,1.000,2026-10-06T01:11:11.000Z
139.000,Amarr Citizen 5054432,Venture,65695,55533,67070,288,0.3123,-0.7946,0.5206,99,,,,2026-10-06T01:11:11.000Z
139.000,Amarr Citizen 4520313,Capsule,45085,144936,102229,0,,,,6,,,,2026-10-06T01:11:11.000Z
139.000,Minmatar Citizen 9978241,Retriever,53998,44195,69206,556,0.9425,0.3259,0.0737,295,1.000,1.000,1.000,2026-10-06T01:11:11.000Z
139.000,Minmatar Citizen 7162778,Capsule,26502,39999,55024,0,,,,4,,,,2026-10-06T01:11:11.000Z
139.000,Minmatar Citizen 9678938,Capsule,64492,39881,72627,0,,,,4,,,,2026-10-06T01:11:11.000Z
139.000,Minmatar Citizen 2250648,Porpoise,65110,48472,49804,198,0.2660,0.9639,-0.0128,138,1.000,1.000,1.000,2026-10-06T01:11:11.000Z
139.000,Gallente Citizen 1635012,Venture,100737,66222,91952,4264,0.3801,-0.8996,-0.2151,492,1.000,1.000,1.000,2026-10-06T01:11:11.000Z
139.000,Amarr Citizen 2281178,Procurer,66610,46220,43430,1229,0.2989,-0.7184,0.6281,195,1.000,1.000,1.000,2026-10-06T01:11:11.000Z
140.000,Caldari Citizen 9942864,Venture,56948,-4656,68919,455,-0.8136,0.5151,0.2696,406,0.000,0.222,1.000,2026-10-06T01:11:12.000Z
140.000,Caldari Citizen 6206817,Orca,66040,54879,65713,131,-0.9346,-0.2379,0.2642,94,0.778,1.000,1.000,2026-10-06T01:11:12.000Z
140.000,Minmatar Citizen 9745080,Skiff,50856,59257,66155,98,,,,253,1.000,1.000,1.000,2026-10-06T01:11:12.000Z
140.000,Amarr Citizen 0220922,Porpoise,76823,56823,58644,131,,,,97,0.000,0.727,1.000,2026-10-06T01:11:12.000Z
140.000,Minmatar Citizen 4351238,Venture,67252,17681,50066,2809,0.1876,-0.9550,0.2298,487,1.000,1.000,1.000,2026-10-06T01:11:12.000Z
140.000,Caldari Citizen 3216932,Capsule,67964,41442,75899,187,-0.1820,-0.5893,0.7872,198,,,,2026-10-06T01:11:12.000Z
140.000,Minmatar Citizen 9076035,Porpoise,66111,41335,61185,169,-0.5028,-0.3004,0.8105,86,1.000,1.000,1.000,2026-10-06T01:11:12.000Z
140.000,Minmatar Citizen 6662812,Procurer,37115,31639,63355,792,0.5176,-0.8445,0.1373,228,1.000,1.000,1.000,2026-10-06T01:11:12.000Z
140.000,Caldari Citizen 3891005,Porpoise,49287,49604,67347,204,0.9536,0.0571,0.2957,243,0.940,1.000,1.000,2026-10-06T01:11:12.000Z
140.000,Caldari Citizen 8777524,Prospect,69618,-8987,57719,586,-0.1661,-0.9379,0.3046,171,0.000,0.430,1.000,2026-10-06T01:11:12.000Z
140.000,Minmatar Citizen 0254120,Procurer,74296,45528,72347,301,-0.9651,-0.1729,0.1968,233,0.010,0.889,1.000,2026-10-06T01:11:12.000Z
140.000,Amarr Citizen 2674287,Porpoise,70383,40103,70098,460,0.0569,0.2713,-0.9608,159,1.000,1.000,1.000,2026-10-06T01:11:12.000Z
140.000,Amarr Citizen 5054432,Venture,65861,55302,67169,297,0.3114,-0.8541,0.4165,148,1.000,1.000,1.000,2026-10-06T01:11:12.000Z
140.000,Amarr Citizen 4520313,Capsule,45085,144936,102229,0,,,,6,,,,2026-10-06T01:11:12.000Z
140.000,Minmatar Citizen 9978241,Retriever,54515,44402,69236,471,0.9499,0.3091,0.0466,301,1.000,1.000,1.000,2026-10-06T01:11:12.000Z
140.000,Minmatar Citizen 7162778,Capsule,26502,39999,55024,0,,,,4,,,,2026-10-06T01:11:12.000Z
140.000,Minmatar Citizen 9678938,Capsule,64492,39881,72627,0,,,,4,,,,2026-10-06T01:11:12.000Z
140.000,Minmatar Citizen 2250648,Porpoise,65275,48789,49880,200,0.3053,0.8998,0.3116,343,1.000,1.000,1.000,2026-10-06T01:11:12.000Z
140.000,Gallente Citizen 1635012,Venture,102431,62329,90724,4313,0.3309,-0.9274,-0.1742,584,1.000,1.000,1.000,2026-10-06T01:11:12.000Z
140.000,Amarr Citizen 2281178,Procurer,66881,45273,44058,1237,0.2434,-0.7394,0.6278,450,1.000,1.000,1.000,2026-10-06T01:11:12.000Z
141.000,Caldari Citizen 9942864,Venture,56406,-4384,69158,513,-0.7012,0.6975,0.1474,418,0.000,0.162,1.000,2026-10-06T01:11:13.000Z
141.000,Caldari Citizen 6206817,Orca,65919,54834,65824,131,-0.8871,-0.3418,0.3101,86,0.778,1.000,1.000,2026-10-06T01:11:13.000Z
141.000,Minmatar Citizen 9745080,Skiff,50827,59280,66120,38,,,,258,1.000,1.000,1.000,2026-10-06T01:11:13.000Z
141.000,Amarr Citizen 0220922,Porpoise,76715,56833,58590,146,-0.3809,0.2217,-0.8976,118,0.000,0.727,1.000,2026-10-06T01:11:13.000Z
141.000,Minmatar Citizen 4351238,Venture,67761,14990,50743,2827,0.1696,-0.9582,0.2302,275,1.000,1.000,1.000,2026-10-06T01:11:13.000Z
141.000,Caldari Citizen 3216932,Capsule,68005,41177,76186,187,-0.2259,-0.6758,0.7016,203,,,,2026-10-06T01:11:13.000Z
141.000,Minmatar Citizen 9076035,Porpoise,65942,41332,61340,131,-0.5065,-0.3172,0.8018,77,1.000,1.000,1.000,2026-10-06T01:11:13.000Z
141.000,Minmatar Citizen 6662812,Procurer,37528,31033,63435,677,0.5566,-0.8222,0.1190,141,1.000,1.000,1.000,2026-10-06T01:11:13.000Z
141.000,Caldari Citizen 3891005,Porpoise,49478,49584,67429,184,0.9257,0.2556,0.2790,297,0.660,1.000,1.000,2026-10-06T01:11:13.000Z
141.000,Caldari Citizen 8777524,Prospect,69503,-9548,57856,586,-0.1775,-0.9521,0.2490,174,0.000,0.430,1.000,2026-10-06T01:11:13.000Z
141.000,Minmatar Citizen 0254120,Procurer,74005,45538,72488,302,-0.9910,-0.0636,0.1174,242,0.010,0.889,1.000,2026-10-06T01:11:13.000Z
141.000,Amarr Citizen 2674287,Porpoise,70411,40225,69716,586,-0.0572,0.3117,-0.9484,607,1.000,1.000,1.000,2026-10-06T01:11:13.000Z
141.000,Amarr Citizen 5054432,Venture,65964,55057,67348,308,0.1254,-0.9369,0.3262,316,1.000,1.000,1.000,2026-10-06T01:11:13.000Z
141.000,Amarr Citizen 4520313,Capsule,45085,144936,102229,0,,,,6,,,,2026-10-06T01:11:13.000Z
141.000,Minmatar Citizen 9978241,Retriever,55001,44503,69273,401,0.9673,0.2471,0.0574,242,1.000,1.000,1.000,2026-10-06T01:11:13.000Z
141.000,Minmatar Citizen 7162778,Capsule,26502,39999,55024,0,,,,4,,,,2026-10-06T01:11:13.000Z
141.000,Minmatar Citizen 9678938,Capsule,64492,39881,72627,0,,,,4,,,,2026-10-06T01:11:13.000Z
141.000,Minmatar Citizen 2250648,Porpoise,65421,49057,50033,202,0.1606,0.7910,0.5904,195,1.000,1.000,1.000,2026-10-06T01:11:13.000Z
141.000,Gallente Citizen 1635012,Venture,103948,58197,89957,4352,0.2638,-0.9595,-0.0988,688,1.000,1.000,1.000,2026-10-06T01:11:13.000Z
141.000,Amarr Citizen 2281178,Procurer,67121,44318,44741,1155,0.2619,-0.6865,0.6783,68,1.000,1.000,1.000,2026-10-06T01:11:13.000Z
142.000,Caldari Citizen 9942864,Venture,55918,-3787,69275,553,-0.5627,0.8266,0.0033,123,0.000,0.131,1.000,2026-10-06T01:11:14.000Z
142.000,Caldari Citizen 6206817,Orca,65816,54801,65915,131,-0.8878,-0.3541,0.2940,88,0.778,1.000,1.000,2026-10-06T01:11:14.000Z
142.000,Minmatar Citizen 9745080,Skiff,50836,59261,66100,62,,,,253,1.000,1.000,1.000,2026-10-06T01:11:14.000Z
142.000,Amarr Citizen 0220922,Porpoise,76517,56900,58424,156,-0.0185,0.2136,-0.9767,434,0.000,0.687,1.000,2026-10-06T01:11:14.000Z
142.000,Minmatar Citizen 4351238,Venture,68253,12243,51475,2841,0.1533,-0.9597,0.2355,279,1.000,1.000,1.000,2026-10-06T01:11:14.000Z
142.000,Caldari Citizen 3216932,Capsule,67966,40972,76400,187,-0.3480,-0.7058,0.6171,156,,,,2026-10-06T01:11:14.000Z
142.000,Minmatar Citizen 9076035,Porpoise,65832,41330,61438,101,-0.3439,-0.4680,0.8141,72,1.000,1.000,1.000,2026-10-06T01:11:14.000Z
142.000,Minmatar Citizen 6662812,Procurer,37952,30540,63496,586,0.5869,-0.8037,0.0983,118,1.000,1.000,1.000,2026-10-06T01:11:14.000Z
142.000,Caldari Citizen 3891005,Porpoise,49657,49633,67512,169,0.8465,0.4764,0.2377,303,0.650,1.000,1.000,2026-10-06T01:11:14.000Z
142.000,Caldari Citizen 8777524,Prospect,69386,-10117,57965,586,-0.1643,-0.9586,0.2325,130,0.000,0.390,1.000,2026-10-06T01:11:14.000Z
142.000,Minmatar Citizen 0254120,Procurer,73570,45551,72470,302,-0.9982,-0.0074,0.0600,383,0.010,0.889,1.000,2026-10-06T01:11:14.000Z
142.000,Amarr Citizen 2674287,Porpoise,70300,40457,69097,690,-0.1133,0.3332,-0.9360,384,1.000,1.000,1.000,2026-10-06T01:11:14.000Z
142.000,Amarr Citizen 5054432,Venture,66001,54818,67472,319,-0.1648,-0.9553,0.2455,213,1.000,1.000,1.000,2026-10-06T01:11:14.000Z
142.000,Amarr Citizen 4520313,Capsule,45085,144936,102229,0,,,,6,,,,2026-10-06T01:11:14.000Z
142.000,Minmatar Citizen 9978241,Retriever,55401,44607,69289,351,0.9868,0.1324,0.0928,331,1.000,1.000,1.000,2026-10-06T01:11:14.000Z
142.000,Minmatar Citizen 7162778,Capsule,26502,39999,55024,0,,,,4,,,,2026-10-06T01:11:14.000Z
142.000,Minmatar Citizen 9678938,Capsule,64492,39881,72627,0,,,,4,,,,2026-10-06T01:11:14.000Z
142.000,Minmatar Citizen 2250648,Porpoise,65440,49168,50201,203,-0.1452,0.6539,0.7426,70,1.000,1.000,1.000,2026-10-06T01:11:14.000Z
142.000,Gallente Citizen 1635012,Venture,105142,53679,89754,4382,0.1787,-0.9839,-0.0046,442,1.000,1.000,1.000,2026-10-06T01:11:14.000Z
142.000,Amarr Citizen 2281178,Procurer,67365,43532,45486,1056,0.2964,-0.5782,0.7601,120,1.000,1.000,1.000,2026-10-06T01:11:14.000Z
143.000,Caldari Citizen 9942864,Venture,55622,-3021,69206,586,-0.4367,0.8903,-0.1292,216,0.000,0.051,1.000,2026-10-06T01:11:15.000Z
143.000,Caldari Citizen 6206817,Orca,65653,54728,65947,131,-0.9279,-0.2909,0.2332,147,0.770,1.000,1.000,2026-10-06T01:11:15.000Z
143.000,Minmatar Citizen 9745080,Skiff,50876,59212,66102,112,,,,242,1.000,1.000,1.000,2026-10-06T01:11:15.000Z
143.000,Amarr Citizen 0220922,Porpoise,76407,56997,58038,167,0.2728,0.1664,-0.9476,415,0.000,0.687,1.000,2026-10-06T01:11:15.000Z
143.000,Minmatar Citizen 4351238,Venture,68691,9483,52157,2852,0.1356,-0.9609,0.2414,141,1.000,1.000,1.000,2026-10-06T01:11:15.000Z
143.000,Caldari Citizen 3216932,Capsule,67808,40792,76523,187,-0.5089,-0.6601,0.5525,217,,,,2026-10-06T01:11:15.000Z
143.000,Minmatar Citizen 9076035,Porpoise,65788,41251,61554,73,-0.0942,-0.6284,0.7722,82,1.000,1.000,1.000,2026-10-06T01:11:15.000Z
143.000,Minmatar Citizen 6662812,Procurer,38316,30139,63540,502,0.5715,-0.8176,0.0703,167,1.000,1.000,1.000,2026-10-06T01:11:15.000Z
143.000,Caldari Citizen 3891005,Porpoise,49835,49822,67564,155,,,,249,0.141,1.000,1.000,2026-10-06T01:11:15.000Z
143.000,Caldari Citizen 8777524,Prospect,69285,-10670,58082,587,-0.1425,-0.9526,0.2686,157,0.000,0.384,1.000,2026-10-06T01:11:15.000Z
143.000,Minmatar Citizen 0254120,Procurer,72973,45532,72332,303,-0.9986,0.0071,0.0517,290,0.010,0.889,1.000,2026-10-06T01:11:15.000Z
143.000,Amarr Citizen 2674287,Porpoise,70131,40736,68319,791,-0.1304,0.3466,-0.9289,380,1.000,1.000,1.000,2026-10-06T01:11:15.000Z
143.000,Amarr Citizen 5054432,Venture,65939,54496,67478,332,-0.4613,-0.8722,0.1627,282,1.000,1.000,1.000,2026-10-06T01:11:15.000Z
143.000,Amarr Citizen 4520313,Capsule,45085,144935,102229,0,,,,6,,,,2026-10-06T01:11:15.000Z
143.000,Minmatar Citizen 9978241,Retriever,55711,44656,69315,307,0.9937,-0.0164,0.1108,326,1.000,1.000,1.000,2026-10-06T01:11:15.000Z
143.000,Minmatar Citizen 7162778,Capsule,26502,39999,55024,0,,,,4,,,,2026-10-06T01:11:15.000Z
143.000,Minmatar Citizen 9678938,Capsule,64492,39881,72627,0,,,,4,,,,2026-10-06T01:11:15.000Z
143.000,Minmatar Citizen 2250648,Porpoise,65333,49223,50409,204,-0.4668,0.5587,0.6855,50,1.000,1.000,1.000,2026-10-06T01:11:15.000Z
143.000,Gallente Citizen 1635012,Venture,105732,48928,90011,4407,0.0738,-0.9926,0.0963,489,1.000,1.000,1.000,2026-10-06T01:11:15.000Z
143.000,Amarr Citizen 2281178,Procurer,67681,42990,46361,994,0.3151,-0.5051,0.8035,286,1.000,1.000,1.000,2026-10-06T01:11:15.000Z
144.000,Caldari Citizen 9942864,Venture,55414,-2322,68945,611,-0.3379,0.9124,-0.2309,367,0.000,0.030,1.000,2026-10-06T01:11:16.000Z
144.000,Caldari Citizen 6206817,Orca,65425,54614,65931,131,-0.9834,-0.1030,0.1492,507,0.770,1.000,1.000,2026-10-06T01:11:16.000Z
144.000,Minmatar Citizen 9745080,Skiff,50947,59156,66094,153,,,,232,1.000,1.000,1.000,2026-10-06T01:11:16.000Z
144.000,Amarr Citizen 0220922,Porpoise,76620,57078,57508,175,0.4905,0.1091,-0.8646,316,0.000,0.657,1.000,2026-10-06T01:11:16.000Z
144.000,Minmatar Citizen 4351238,Venture,69042,6692,52802,2861,0.1139,-0.9625,0.2463,141,1.000,1.000,1.000,2026-10-06T01:11:16.000Z
144.000,Caldari Citizen 3216932,Capsule,67580,40580,76600,187,-0.6506,-0.5496,0.5241,226,,,,2026-10-06T01:11:16.000Z
144.000,Minmatar Citizen 9076035,Porpoise,65813,41053,61745,51,0.0937,-0.7124,0.6954,206,1.000,1.000,1.000,2026-10-06T01:11:16.000Z
144.000,Minmatar Citizen 6662812,Procurer,38611,29772,63587,429,0.5137,-0.8565,0.0512,221,1.000,1.000,1.000,2026-10-06T01:11:16.000Z
144.000,Caldari Citizen 3891005,Porpoise,49926,49977,67561,143,,,,193,0.140,1.000,1.000,2026-10-06T01:11:16.000Z
144.000,Caldari Citizen 8777524,Prospect,69207,-11250,58214,587,-0.1502,-0.9262,0.3457,169,0.000,0.384,1.000,2026-10-06T01:11:16.000Z
144.000,Minmatar Citizen 0254120,Procurer,72530,45533,72327,284,-0.9945,-0.0015,0.1046,63,0.010,0.889,1.000,2026-10-06T01:11:16.000Z
144.000,Amarr Citizen 2674287,Porpoise,70013,41053,67482,882,-0.1179,0.3576,-0.9264,551,1.000,1.000,1.000,2026-10-06T01:11:16.000Z
144.000,Amarr Citizen 5054432,Venture,65679,54117,67466,345,-0.7061,-0.7040,0.0761,360,1.000,1.000,1.000,2026-10-06T01:11:16.000Z
144.000,Amarr Citizen 4520313,Capsule,45085,144935,102229,0,,,,6,,,,2026-10-06T01:11:16.000Z
144.000,Minmatar Citizen 9978241,Retriever,56059,44623,69381,275,0.9786,-0.1786,0.1024,227,1.000,1.000,1.000,2026-10-06T01:11:16.000Z
144.000,Minmatar Citizen 7162778,Capsule,26502,39999,55024,0,,,,4,,,,2026-10-06T01:11:16.000Z
144.000,Minmatar Citizen 9678938,Capsule,64492,39881,72627,0,,,,4,,,,2026-10-06T01:11:16.000Z
144.000,Minmatar Citizen 2250648,Porpoise,65151,49274,50587,205,-0.5939,0.6072,0.5277,64,1.000,1.000,1.000,2026-10-06T01:11:16.000Z
144.000,Gallente Citizen 1635012,Venture,105638,44807,90766,2981,-0.0674,-0.9752,0.2110,232,1.000,1.000,1.000,2026-10-06T01:11:16.000Z
144.000,Amarr Citizen 2281178,Procurer,68088,42684,47344,971,0.3442,-0.4045,0.8473,177,1.000,1.000,1.000,2026-10-06T01:11:16.000Z
145.000,Caldari Citizen 9942864,Venture,55255,-1712,68676,630,-0.2665,0.9108,-0.3154,499,0.000,0.030,1.000,2026-10-06T01:11:17.000Z
145.000,Caldari Citizen 6206817,Orca,65236,54567,65958,131,-0.9816,0.1824,0.0573,494,0.770,1.000,1.000,2026-10-06T01:11:17.000Z
145.000,Minmatar Citizen 9745080,Skiff,51041,59119,66028,187,,,,223,1.000,1.000,1.000,2026-10-06T01:11:17.000Z
145.000,Amarr Citizen 0220922,Porpoise,77056,57132,57146,182,0.6451,0.0675,-0.7611,226,0.000,0.636,1.000,2026-10-06T01:11:17.000Z
145.000,Minmatar Citizen 4351238,Venture,69350,3891,53511,2866,0.0880,-0.9628,0.2554,216,1.000,1.000,1.000,2026-10-06T01:11:17.000Z
145.000,Caldari Citizen 3216932,Capsule,67374,40438,76721,187,-0.7115,-0.4205,0.5629,163,,,,2026-10-06T01:11:17.000Z
145.000,Minmatar Citizen 9076035,Porpoise,65910,40787,61967,33,0.2036,-0.7482,0.6314,274,1.000,1.000,1.000,2026-10-06T01:11:17.000Z
145.000,Minmatar Citizen 6662812,Procurer,38781,29382,63592,367,0.4432,-0.8944,0.0604,180,1.000,1.000,1.000,2026-10-06T01:11:17.000Z
145.000,Caldari Citizen 3891005,Porpoise,49947,50085,67527,133,,,,181,0.140,1.000,1.000,2026-10-06T01:11:17.000Z
145.000,Caldari Citizen 8777524,Prospect,69170,-11807,58426,587,-0.2044,-0.8763,0.4362,221,0.000,0.384,1.000,2026-10-06T01:11:17.000Z
145.000,Minmatar Citizen 0254120,Procurer,72258,45550,72456,238,-0.9796,-0.0207,0.2001,24,0.010,0.889,1.000,2026-10-06T01:11:17.000Z
145.000,Amarr Citizen 2674287,Porpoise,69896,41411,66531,963,-0.0881,0.3660,-0.9265,117,1.000,1.000,1.000,2026-10-06T01:11:17.000Z
145.000,Amarr Citizen 5054432,Venture,65376,53906,67497,358,-0.8764,-0.4815,0.0116,237,1.000,1.000,1.000,2026-10-06T01:11:17.000Z
145.000,Amarr Citizen 4520313,Capsule,45085,144935,102229,0,,,,6,,,,2026-10-06T01:11:17.000Z
145.000,Minmatar Citizen 9978241,Retriever,56423,44492,69443,252,0.9340,-0.3526,0.0571,225,1.000,1.000,1.000,2026-10-06T01:11:17.000Z
145.000,Minmatar Citizen 7162778,Capsule,26502,39999,55024,0,,,,4,,,,2026-10-06T01:11:17.000Z
145.000,Minmatar Citizen 9678938,Capsule,64492,39881,72627,0,,,,4,,,,2026-10-06T01:11:17.000Z
145.000,Minmatar Citizen 2250648,Porpoise,64934,49390,50680,206,-0.5564,0.7131,0.4265,94,1.000,1.000,1.000,2026-10-06T01:11:17.000Z
145.000,Gallente Citizen 1635012,Venture,105025,42342,91724,1443,-0.2885,-0.8806,0.3760,400,1.000,1.000,1.000,2026-10-06T01:11:17.000Z
145.000,Amarr Citizen 2281178,Procurer,68592,42588,48324,979,0.4788,-0.0458,0.8767,230,1.000,1.000,1.000,2026-10-06T01:11:17.000Z
146.000,Caldari Citizen 9942864,Capsule,55165,-1385,68546,0,-0.2172,0.8947,-0.3902,182,,,,2026-10-06T01:11:18.000Z
146.000,Caldari Citizen 6206817,Orca,65071,54632,66010,131,-0.9219,0.3874,-0.0051,496,0.770,1.000,1.000,2026-10-06T01:11:18.000Z
146.000,Minmatar Citizen 9745080,Skiff,51148,59060,65918,213,0.5203,-0.7255,-0.4505,217,1.000,1.000,1.000,2026-10-06T01:11:18.000Z
146.000,Amarr Citizen 0220922,Porpoise,77402,57077,56991,188,0.7208,0.0850,-0.6879,159,0.000,0.626,1.000,2026-10-06T01:11:18.000Z
146.000,Minmatar Citizen 4351238,Venture,69578,1078,54273,2863,0.0584,-0.9592,0.2768,171,1.000,1.000,1.000,2026-10-06T01:11:18.000Z
146.000,Caldari Citizen 3216932,Capsule,67208,40373,76892,187,-0.7043,-0.2744,0.6547,141,,,,2026-10-06T01:11:18.000Z
146.000,Minmatar Citizen 9076035,Porpoise,65968,40651,62065,22,,,,235,1.000,1.000,1.000,2026-10-06T01:11:18.000Z
146.000,Minmatar Citizen 6662812,Procurer,38874,28970,63567,314,0.4459,-0.8875,0.1159,282,1.000,1.000,1.000,2026-10-06T01:11:18.000Z
146.000,Caldari Citizen 3891005,Porpoise,49908,50165,67516,124,,,,175,0.000,0.949,1.000,2026-10-06T01:11:18.000Z
146.000,Caldari Citizen 8777524,Prospect,69116,-12342,58733,587,-0.3136,-0.8091,0.4970,353,0.000,0.360,1.000,2026-10-06T01:11:18.000Z
146.000,Minmatar Citizen 0254120,Procurer,72058,45553,72610,213,-0.9499,-0.0241,0.3118,42,0.010,0.889,1.000,2026-10-06T01:11:18.000Z
146.000,Amarr Citizen 2674287,Porpoise,69800,41831,65478,1035,-0.0545,0.3705,-0.9272,266,1.000,1.000,1.000,2026-10-06T01:11:18.000Z
146.000,Amarr Citizen 5054432,Venture,65062,53849,67529,369,-0.9717,-0.2354,-0.0188,230,1.000,1.000,1.000,2026-10-06T01:11:18.000Z
146.000,Amarr Citizen 4520313,Capsule,45085,144935,102229,0,,,,6,,,,2026-10-06T01:11:18.000Z
146.000,Minmatar Citizen 9978241,Retriever,56658,44349,69461,237,0.8674,-0.4973,-0.0180,106,1.000,1.000,1.000,2026-10-06T01:11:18.000Z
146.000,Minmatar Citizen 7162778,Capsule,26502,39999,55024,0,,,,4,,,,2026-10-06T01:11:18.000Z
146.000,Minmatar Citizen 9678938,Capsule,64492,39881,72627,0,,,,4,,,,2026-10-06T01:11:18.000Z
146.000,Minmatar Citizen 2250648,Porpoise,64707,49716,50772,207,-0.4699,0.7971,0.3792,270,1.000,1.000,1.000,2026-10-06T01:11:18.000Z
146.000,Gallente Citizen 1635012,Venture,104109,41415,92549,516,-0.6148,-0.5074,0.6038,771,1.000,1.000,1.000,2026-10-06T01:11:18.000Z
147.000,Caldari Citizen 9942864,Capsule,55165,-1385,68546,0,-0.1748,0.8640,-0.4722,182,,,,2026-10-06T01:11:19.000Z
147.000,Caldari Citizen 6206817,Orca,64877,54825,66013,131,-0.8982,0.4369,-0.0492,529,0.770,1.000,1.000,2026-10-06T01:11:19.000Z
147.000,Minmatar Citizen 9745080,Skiff,51277,58877,65789,231,0.3736,-0.8630,-0.3402,264,1.000,1.000,1.000,2026-10-06T01:11:19.000Z
147.000,Amarr Citizen 0220922,Porpoise,77600,57046,56862,193,0.6831,0.2046,-0.7011,122,0.000,0.596,1.000,2026-10-06T01:11:19.000Z
147.000,Minmatar Citizen 4351238,Venture,69713,-1512,55033,2380,0.0162,-0.9507,0.3098,175,1.000,1.000,1.000,2026-10-06T01:11:19.000Z
147.000,Caldari Citizen 3216932,Capsule,67080,40365,77060,187,-0.6809,-0.1457,0.7178,122,,,,2026-10-06T01:11:19.000Z
147.000,Minmatar Citizen 9076035,Porpoise,65984,40620,62073,20,,,,232,1.000,1.000,1.000,2026-10-06T01:11:19.000Z
147.000,Minmatar Citizen 6662812,Procurer,38959,28663,63590,268,0.6539,-0.7367,0.1725,411,1.000,1.000,1.000,2026-10-06T01:11:19.000Z
147.000,Caldari Citizen 3891005,Porpoise,49839,50182,67619,117,,,,164,0.000,0.949,1.000,2026-10-06T01:11:19.000Z
147.000,Caldari Citizen 8777524,Prospect,68880,-12868,59164,587,-0.4737,-0.7108,0.5199,604,0.000,0.340,1.000,2026-10-06T01:11:19.000Z
147.000,Minmatar Citizen 0254120,Procurer,71785,45526,72718,307,-0.9801,-0.0540,0.1909,129,0.010,0.889,1.000,2026-10-06T01:11:19.000Z
147.000,Amarr Citizen 2674287,Porpoise,69757,42317,64349,1100,-0.0215,0.3688,-0.9293,157,1.000,1.000,1.000,2026-10-06T01:11:19.000Z
147.000,Amarr Citizen 5054432,Venture,64686,53815,67529,379,-0.9988,-0.0193,-0.0440,352,1.000,1.000,1.000,2026-10-06T01:11:19.000Z
147.000,Amarr Citizen 4520313,Capsule,45085,144935,102229,0,,,,6,,,,2026-10-06T01:11:19.000Z
147.000,Minmatar Citizen 9978241,Retriever,56796,44205,69416,227,0.7961,-0.5966,-0.1012,56,1.000,1.000,1.000,2026-10-06T01:11:19.000Z
147.000,Minmatar Citizen 7162778,Capsule,26502,39999,55024,0,,,,4,,,,2026-10-06T01:11:19.000Z
147.000,Minmatar Citizen 9678938,Capsule,64492,39881,72627,0,,,,4,,,,2026-10-06T01:11:19.000Z
147.000,Minmatar Citizen 2250648,Porpoise,64497,50217,50935,208,-0.3694,0.8534,0.3677,347,1.000,1.000,1.000,2026-10-06T01:11:19.000Z
147.000,Gallente Citizen 1635012,Venture,102999,41477,93384,1053,-0.7492,0.1900,0.6346,853,1.000,1.000,1.000,2026-10-06T01:11:19.000Z
148.000,Caldari Citizen 9942864,Capsule,55174,-1324,68509,187,,,,159,,,,2026-10-06T01:11:20.000Z
148.000,Caldari Citizen 6206817,Orca,64633,55069,65952,131,-0.9298,0.3574,-0.0881,454,0.760,1.000,1.000,2026-10-06T01:11:20.000Z
148.000,Minmatar Citizen 9745080,Skiff,51424,58574,65648,246,0.1712,-0.9733,-0.1527,409,1.000,1.000,1.000,2026-10-06T01:11:20.000Z
148.000,Amarr Citizen 0220922,Porpoise,77757,57108,56672,197,0.5305,0.3672,-0.7640,93,0.000,0.596,1.000,2026-10-06T01:11:20.000Z
148.000,Minmatar Citizen 4351238,Venture,69685,-3632,55721,1908,-0.0545,-0.9325,0.3571,273,1.000,1.000,1.000,2026-10-06T01:11:20.000Z
148.000,Caldari Citizen 3216932,Capsule,66972,40378,77213,187,-0.7412,-0.1649,0.6507,106,,,,2026-10-06T01:11:20.000Z
148.000,Minmatar Citizen 9076035,Porpoise,66001,40592,62077,25,,,,232,1.000,1.000,1.000,2026-10-06T01:11:20.000Z
148.000,Minmatar Citizen 6662812,Procurer,39050,28533,63689,276,0.9532,-0.2471,0.1740,321,1.000,1.000,1.000,2026-10-06T01:11:20.000Z
148.000,Caldari Citizen 3891005,Porpoise,49908,50078,67869,111,0.5229,-0.1690,0.8355,226,0.000,0.919,1.000,2026-10-06T01:11:20.000Z
148.000,Caldari Citizen 8777524,Prospect,68406,-13774,59802,1289,-0.6378,-0.5915,0.4934,167,0.000,0.340,1.000,2026-10-06T01:11:20.000Z
148.000,Minmatar Citizen 0254120,Procurer,71298,45480,72776,407,-0.9937,-0.0847,0.0741,422,0.010,0.889,1.000,2026-10-06T01:11:20.000Z
148.000,Amarr Citizen 2674287,Porpoise,69735,42821,63104,1158,0.0156,0.3607,-0.9325,344,1.000,1.000,1.000,2026-10-06T01:11:20.000Z
148.000,Amarr Citizen 5054432,Venture,64178,53788,67456,388,-0.9878,0.1347,-0.0781,371,1.000,1.000,1.000,2026-10-06T01:11:20.000Z
148.000,Amarr Citizen 4520313,Capsule,45085,144935,102229,0,,,,6,,,,2026-10-06T01:11:20.000Z
148.000,Minmatar Citizen 9978241,Retriever,56926,44075,69345,222,0.7533,-0.6389,-0.1564,103,1.000,1.000,1.000,2026-10-06T01:11:20.000Z
148.000,Minmatar Citizen 7162778,Capsule,26502,39999,55024,0,,,,4,,,,2026-10-06T01:11:20.000Z
148.000,Minmatar Citizen 9678938,Capsule,64492,39881,72627,0,,,,4,,,,2026-10-06T01:11:20.000Z
148.000,Minmatar Citizen 2250648,Porpoise,64418,50572,51112,208,-0.2596,0.8954,0.3616,290,1.000,1.000,1.000,2026-10-06T01:11:20.000Z
148.000,Gallente Citizen 1635012,Venture,101738,42270,94386,1776,-0.6341,0.6030,0.4841,712,1.000,1.000,1.000,2026-10-06T01:11:20.000Z
148.000,Amarr Citizen 2281178,Procurer,70251,43108,50847,1095,0.5318,0.3938,0.7497,157,1.000,1.000,1.000,2026-10-06T01:11:20.000Z
149.000,Caldari Citizen 9942864,Capsule,55181,-1196,68406,187,,,,120,,,,2026-10-06T01:11:21.000Z
149.000,Caldari Citizen 6206817,Orca,64380,55146,65905,131,-0.9788,0.1653,-0.1212,437,0.760,1.000,1.000,2026-10-06T01:11:21.000Z
149.000,Minmatar Citizen 9745080,Skiff,51471,58298,65620,259,-0.0138,-0.9990,0.0418,301,1.000,1.000,1.000,2026-10-06T01:11:21.000Z
149.000,Amarr Citizen 0220922,Porpoise,77857,57287,56411,200,0.4216,0.4563,-0.7836,193,0.000,0.586,1.000,2026-10-06T01:11:21.000Z
149.000,Minmatar Citizen 4351238,Venture,69570,-5297,56475,1535,-0.1768,-0.8819,0.4370,257,1.000,1.000,1.000,2026-10-06T01:11:21.000Z
149.000,Caldari Citizen 3216932,Capsule,66859,40385,77351,187,-0.8439,-0.3481,0.4082,92,,,,2026-10-06T01:11:21.000Z
149.000,Minmatar Citizen 9076035,Porpoise,66006,40571,62089,32,,,,232,1.000,1.000,1.000,2026-10-06T01:11:21.000Z
149.000,Minmatar Citizen 6662812,Procurer,39349,28447,63832,504,0.9614,0.2418,0.1315,336,1.000,1.000,1.000,2026-10-06T01:11:21.000Z
149.000,Caldari Citizen 3891005,Porpoise,50195,49930,68180,106,0.6098,-0.1344,0.7811,380,0.000,0.859,1.000,2026-10-06T01:11:21.000Z
149.000,Caldari Citizen 8777524,Prospect,67449,-15000,60687,1030,-0.7731,-0.4517,0.4454,157,0.000,0.340,1.000,2026-10-06T01:11:21.000Z
149.000,Amarr Citizen 2674287,Porpoise,69763,43332,61763,1208,0.0472,0.3453,-0.9373,239,1.000,1.000,1.000,2026-10-06T01:11:21.000Z
149.000,Amarr Citizen 5054432,Venture,63667,53897,67407,395,-0.9647,0.2386,-0.1112,233,1.000,1.000,1.000,2026-10-06T01:11:21.000Z
149.000,Amarr Citizen 4520313,Capsule,45085,144935,102229,0,,,,6,,,,2026-10-06T01:11:21.000Z
149.000,Minmatar Citizen 9978241,Retriever,57108,43914,69304,220,0.7435,-0.6517,-0.1502,213,1.000,1.000,1.000,2026-10-06T01:11:21.000Z
149.000,Minmatar Citizen 7162778,Capsule,26502,39999,55024,0,,,,4,,,,2026-10-06T01:11:21.000Z
149.000,Minmatar Citizen 9678938,Capsule,64492,39881,72627,0,,,,4,,,,2026-10-06T01:11:21.000Z
149.000,Minmatar Citizen 2250648,Porpoise,64406,50731,51234,209,-0.1092,0.9444,0.3101,207,1.000,1.000,1.000,2026-10-06T01:11:21.000Z
149.000,Gallente Citizen 1635012,Venture,100437,43834,95461,2357,-0.5198,0.7753,0.3588,1014,1.000,1.000,1.000,2026-10-06T01:11:21.000Z
149.000,Amarr Citizen 2281178,Procurer,70869,43656,51726,1142,0.5005,0.6017,0.6225,244,1.000,1.000,1.000,2026-10-06T01:11:21.000Z
150.000,Caldari Citizen 9942864,Capsule,55129,-1050,68243,187,-0.3632,0.7076,-0.6062,155,,,,2026-10-06T01:11:22.000Z
150.000,Caldari Citizen 6206817,Orca,64116,55067,65875,131,-0.9823,-0.1282,-0.1365,124,0.760,1.000,1.000,2026-10-06T01:11:22.000Z
150.000,Minmatar Citizen 9745080,Skiff,51377,57999,65720,269,-0.1151,-0.9797,0.1641,257,1.000,1.000,1.000,2026-10-06T01:11:22.000Z
150.000,Amarr Citizen 0220922,Porpoise,77915,57548,56106,203,0.4244,0.4412,-0.7907,196,0.000,0.505,1.000,2026-10-06T01:11:22.000Z
150.000,Minmatar Citizen 4351238,Venture,69218,-6607,57185,1232,-0.3714,-0.7336,0.5691,92,1.000,1.000,1.000,2026-10-06T01:11:22.000Z
150.000,Caldari Citizen 3216932,Capsule,66701,40335,77444,187,-0.8339,-0.5230,0.1762,78,,,,2026-10-06T01:11:22.000Z
150.000,Minmatar Citizen 9076035,Porpoise,65994,40561,62112,40,,,,231,1.000,1.000,1.000,2026-10-06T01:11:22.000Z
150.000,Minmatar Citizen 6662812,Procurer,39989,28496,63865,739,0.8532,0.5087,0.1154,339,1.000,1.000,1.000,2026-10-06T01:11:22.000Z
150.000,Caldari Citizen 3891005,Porpoise,50412,49912,68362,101,0.6769,-0.0593,0.7337,344,0.000,0.828,1.000,2026-10-06T01:11:22.000Z
150.000,Caldari Citizen 8777524,Prospect,65600,-16133,61828,1380,-0.8758,-0.2888,0.3868,258,0.000,0.340,1.000,2026-10-06T01:11:22.000Z
150.000,Minmatar Citizen 0254120,Procurer,70122,45416,72764,555,-0.9940,-0.0936,-0.0570,172,0.010,0.899,1.000,2026-10-06T01:11:22.000Z
150.000,Amarr Citizen 2674287,Porpoise,69866,43848,60350,1254,0.0650,0.3393,-0.9384,239,1.000,1.000,1.000,2026-10-06T01:11:22.000Z
150.000,Amarr Citizen 5054432,Venture,63284,54069,67382,402,-0.9444,0.3039,-0.1256,152,1.000,1.000,1.000,2026-10-06T01:11:22.000Z
150.000,Amarr Citizen 4520313,Capsule,45085,144935,102229,0,,,,6,,,,2026-10-06T01:11:22.000Z
150.000,Minmatar Citizen 9978241,Retriever,57372,43708,69276,220,0.7439,-0.6624,-0.0886,201,1.000,1.000,1.000,2026-10-06T01:11:22.000Z
150.000,Minmatar Citizen 7162778,Capsule,26502,39999,55024,0,,,,4,,,,2026-10-06T01:11:22.000Z
150.000,Minmatar Citizen 9678938,Capsule,64492,39881,72627,0,,,,4,,,,2026-10-06T01:11:22.000Z
150.000,Minmatar Citizen 2250648,Porpoise,64402,50862,51296,209,,,,179,1.000,1.000,1.000,2026-10-06T01:11:22.000Z
150.000,Gallente Citizen 1635012,Venture,99165,46144,96405,2822,-0.4463,0.8553,0.2634,944,1.000,1.000,1.000,2026-10-06T01:11:22.000Z
150.000,Amarr Citizen 2281178,Procurer,71511,44465,52548,1190,0.5029,0.6127,0.6097,278,1.000,1.000,1.000,2026-10-06T01:11:22.000Z
151.000,Caldari Citizen 9942864,Capsule,54990,-905,68066,187,-0.3930,0.7486,-0.5340,314,,,,2026-10-06T01:11:23.000Z
151.000,Caldari Citizen 6206817,Orca,63932,54978,65884,131,-0.9198,-0.3798,-0.0985,46,0.680,1.000,1.000,2026-10-06T01:11:23.000Z
151.000,Minmatar Citizen 9745080,Skiff,51236,57675,65849,278,-0.1369,-0.9660,0.2194,256,1.000,1.000,1.000,2026-10-06T01:11:23.000Z
151.000,Amarr Citizen 0220922,Porpoise,78034,57711,55862,206,0.4575,0.3251,-0.8276,63,0.000,0.490,1.000,2026-10-06T01:11:23.000Z
151.000,Minmatar Citizen 4351238,Venture,68609,-7320,57827,489,-0.5828,-0.3931,0.7112,290,1.000,1.000,1.000,2026-10-06T01:11:23.000Z
151.000,Caldari Citizen 3216932,Capsule,66442,40157,77436,187,-0.7459,-0.6617,0.0760,240,,,,2026-10-06T01:11:23.000Z
151.000,Minmatar Citizen 9076035,Porpoise,65961,40577,62137,47,,,,230,1.000,1.000,1.000,2026-10-06T01:11:23.000Z
151.000,Minmatar Citizen 6662812,Procurer,40968,28977,63872,950,0.7440,0.6530,0.1415,164,1.000,1.000,1.000,2026-10-06T01:11:23.000Z
151.000,Caldari Citizen 3891005,Porpoise,50559,49993,68480,98,0.6849,0.0667,0.7255,170,0.000,0.828,1.000,2026-10-06T01:11:23.000Z
151.000,Caldari Citizen 8777524,Prospect,62709,-17179,63035,1933,-0.9422,-0.1140,0.3152,423,0.000,0.340,1.000,2026-10-06T01:11:23.000Z
151.000,Minmatar Citizen 0254120,Procurer,69516,45299,72686,607,-0.9946,-0.0629,-0.0827,258,0.020,0.899,1.000,2026-10-06T01:11:23.000Z
151.000,Amarr Citizen 2674287,Porpoise,70048,44319,58941,1295,0.0603,0.3525,-0.9339,375,1.000,1.000,1.000,2026-10-06T01:11:23.000Z
151.000,Amarr Citizen 5054432,Venture,62947,54271,67323,408,-0.9354,0.3286,-0.1303,292,1.000,1.000,1.000,2026-10-06T01:11:23.000Z
151.000,Amarr Citizen 4520313,Capsule,45085,144935,102229,0,,,,6,,,,2026-10-06T01:11:23.000Z
151.000,Minmatar Citizen 9978241,Retriever,57580,43544,69243,221,0.7357,-0.6771,-0.0162,78,1.000,1.000,1.000,2026-10-06T01:11:23.000Z
151.000,Minmatar Citizen 7162778,Capsule,26502,39999,55024,0,,,,4,,,,2026-10-06T01:11:23.000Z
151.000,Minmatar Citizen 9678938,Capsule,64492,39881,72627,0,,,,4,,,,2026-10-06T01:11:23.000Z
151.000,Minmatar Citizen 2250648,Porpoise,64430,51002,51259,210,,,,179,1.000,1.000,1.000,2026-10-06T01:11:23.000Z
151.000,Gallente Citizen 1635012,Venture,97915,49111,97057,3193,-0.4158,0.8887,0.1933,949,1.000,1.000,1.000,2026-10-06T01:11:23.000Z
151.000,Amarr Citizen 2281178,Procurer,72168,45327,53313,1236,0.5016,0.6319,0.5908,310,1.000,1.000,1.000,2026-10-06T01:11:23.000Z
152.000,Caldari Citizen 9942864,Capsule,54864,-759,67972,187,-0.3402,0.8061,-0.4842,289,,,,2026-10-06T01:11:24.000Z
152.000,Caldari Citizen 6206817,Orca,63812,54878,65866,131,-0.8786,-0.4773,-0.0135,125,0.670,1.000,1.000,2026-10-06T01:11:24.000Z
152.000,Minmatar Citizen 9745080,Skiff,51154,57368,65967,285,-0.0780,-0.9759,0.2038,282,1.000,1.000,1.000,2026-10-06T01:11:24.000Z
152.000,Amarr Citizen 0220922,Porpoise,78231,57755,55669,208,0.4213,0.1140,-0.8997,29,0.000,0.424,1.000,2026-10-06T01:11:24.000Z
152.000,Minmatar Citizen 4351238,Venture,67774,-7504,58586,291,-0.6663,0.0791,0.7415,223,1.000,1.000,1.000,2026-10-06T01:11:24.000Z
152.000,Caldari Citizen 3216932,Capsule,66106,39858,77348,187,-0.6153,-0.7805,0.1102,255,,,,2026-10-06T01:11:24.000Z
152.000,Minmatar Citizen 9076035,Porpoise,65880,40653,62145,53,,,,232,1.000,1.000,1.000,2026-10-06T01:11:24.000Z
152.000,Minmatar Citizen 6662812,Procurer,41963,29966,63969,1135,0.6364,0.7473,0.1911,270,1.000,1.000,1.000,2026-10-06T01:11:24.000Z
152.000,Caldari Citizen 3891005,Porpoise,50655,50039,68564,94,,,,95,0.000,0.798,1.000,2026-10-06T01:11:24.000Z
152.000,Caldari Citizen 8777524,Prospect,59244,-17400,64072,2421,-0.9711,0.0440,0.2346,787,0.000,0.340,1.000,2026-10-06T01:11:24.000Z
152.000,Minmatar Citizen 0254120,Procurer,68878,45197,72604,653,-0.9959,-0.0096,-0.0898,274,0.020,0.909,1.000,2026-10-06T01:11:24.000Z
152.000,Amarr Citizen 2674287,Porpoise,70186,44719,57608,1306,0.0362,0.3770,-0.9255,317,1.000,1.000,1.000,2026-10-06T01:11:24.000Z
152.000,Amarr Citizen 5054432,Venture,62495,54447,67227,415,-0.9350,0.3286,-0.1336,520,1.000,1.000,1.000,2026-10-06T01:11:24.000Z
152.000,Amarr Citizen 4520313,Capsule,45085,144935,102229,0,,,,6,,,,2026-10-06T01:11:24.000Z
152.000,Minmatar Citizen 9978241,Retriever,57717,43396,69250,220,0.7229,-0.6904,0.0280,53,1.000,1.000,1.000,2026-10-06T01:11:24.000Z
152.000,Minmatar Citizen 7162778,Capsule,26502,39999,55024,0,,,,4,,,,2026-10-06T01:11:24.000Z
152.000,Minmatar Citizen 9678938,Capsule,64492,39881,72627,0,,,,4,,,,2026-10-06T01:11:24.000Z
152.000,Minmatar Citizen 2250648,Porpoise,64526,51102,51153,210,0.6913,0.6760,-0.2553,195,1.000,1.000,1.000,2026-10-06T01:11:24.000Z
152.000,Gallente Citizen 1635012,Venture,96732,52375,97452,3370,-0.4424,0.8830,0.1566,1003,1.000,1.000,1.000,2026-10-06T01:11:24.000Z
152.000,Amarr Citizen 2281178,Procurer,72795,46112,54025,1279,0.4926,0.6798,0.5433,309,1.000,1.000,1.000,2026-10-06T01:11:24.000Z
153.000,Caldari Citizen 9942864,Capsule,54781,-583,67925,187,-0.2434,0.8628,-0.4432,310,,,,2026-10-06T01:11:25.000Z
153.000,Caldari Citizen 6206817,Orca,63645,54756,65809,131,-0.8847,-0.4488,0.1258,446,0.670,1.000,1.000,2026-10-06T01:11:25.000Z
153.000,Minmatar Citizen 9745080,Skiff,51204,57072,65972,290,0.0339,-0.9900,0.1368,339,1.000,1.000,1.000,2026-10-06T01:11:25.000Z
153.000,Amarr Citizen 0220922,Porpoise,78424,57721,55478,210,0.2812,-0.0517,-0.9583,62,0.000,0.404,1.000,2026-10-06T01:11:25.000Z
153.000,Minmatar Citizen 4351238,Venture,66770,-7218,59624,776,-0.5962,0.4621,0.6564,235,1.000,1.000,1.000,2026-10-06T01:11:25.000Z
153.000,Caldari Citizen 3216932,Capsule,65927,39615,77338,187,-0.4863,-0.8312,0.2696,59,,,,2026-10-06T01:11:25.000Z
153.000,Minmatar Citizen 9076035,Porpoise,65725,40831,62098,58,-0.5594,0.7655,-0.3180,287,1.000,1.000,1.000,2026-10-06T01:11:25.000Z
153.000,Minmatar Citizen 6662812,Procurer,42775,31286,64243,1291,0.5364,0.8038,0.2572,432,1.000,1.000,1.000,2026-10-06T01:11:25.000Z
153.000,Caldari Citizen 3891005,Porpoise,50675,50060,68632,92,,,,87,0.000,0.707,1.000,2026-10-06T01:11:25.000Z
153.000,Caldari Citizen 8777524,Prospect,55848,-16556,64685,2814,-0.9742,0.1631,0.1560,320,0.000,0.340,1.000,2026-10-06T01:11:25.000Z
153.000,Minmatar Citizen 0254120,Procurer,68134,45225,72520,692,-0.9975,0.0231,-0.0662,222,0.051,0.909,1.000,2026-10-06T01:11:25.000Z
153.000,Amarr Citizen 2674287,Porpoise,70229,45252,56422,1180,-0.0123,0.4069,-0.9134,321,1.000,1.000,1.000,2026-10-06T01:11:25.000Z
153.000,Amarr Citizen 5054432,Venture,62036,54542,67177,421,-0.9288,0.3507,-0.1195,498,1.000,1.000,1.000,2026-10-06T01:11:25.000Z
153.000,Amarr Citizen 4520313,Capsule,45085,144935,102229,0,,,,6,,,,2026-10-06T01:11:25.000Z
153.000,Minmatar Citizen 9978241,Retriever,57873,43213,69290,220,0.7109,-0.7018,0.0456,180,1.000,1.000,1.000,2026-10-06T01:11:25.000Z
153.000,Minmatar Citizen 7162778,Capsule,26502,39999,55024,0,,,,4,,,,2026-10-06T01:11:25.000Z
153.000,Minmatar Citizen 9678938,Capsule,64492,39881,72627,0,,,,4,,,,2026-10-06T01:11:25.000Z
153.000,Minmatar Citizen 2250648,Porpoise,64725,51197,51072,210,0.6599,0.6994,-0.2747,248,1.000,1.000,1.000,2026-10-06T01:11:25.000Z
153.000,Gallente Citizen 1635012,Venture,95684,55009,97592,1998,-0.5646,0.8079,0.1688,764,1.000,1.000,1.000,2026-10-06T01:11:25.000Z
153.000,Amarr Citizen 2281178,Procurer,73438,46914,54739,1317,0.4811,0.7190,0.5015,309,1.000,1.000,1.000,2026-10-06T01:11:25.000Z
154.000,Caldari Citizen 9942864,Capsule,54725,-298,67828,187,-0.1822,0.9090,-0.3748,383,,,,2026-10-06T01:11:26.000Z
154.000,Caldari Citizen 6206817,Orca,63476,54671,65832,131,,,,431,0.660,1.000,1.000,2026-10-06T01:11:26.000Z
154.000,Minmatar Citizen 9745080,Skiff,51282,56824,65962,295,0.1397,-0.9882,0.0620,296,1.000,1.000,1.000,2026-10-06T01:11:26.000Z
154.000,Amarr Citizen 0220922,Porpoise,78505,57625,55210,210,0.1369,-0.0907,-0.9864,181,0.000,0.333,1.000,2026-10-06T01:11:26.000Z
154.000,Minmatar Citizen 4351238,Venture,65859,-6217,60689,1194,-0.4862,0.6833,0.5447,389,1.000,1.000,1.000,2026-10-06T01:11:26.000Z
154.000,Caldari Citizen 3216932,Capsule,65907,39378,77447,187,-0.4004,-0.7455,0.5328,157,,,,2026-10-06T01:11:26.000Z
154.000,Minmatar Citizen 9076035,Porpoise,65528,41071,61995,62,-0.4497,0.7806,-0.4341,191,1.000,1.000,1.000,2026-10-06T01:11:26.000Z
154.000,Minmatar Citizen 6662812,Procurer,43476,32616,64782,1425,0.4624,0.8228,0.3303,307,1.000,1.000,1.000,2026-10-06T01:11:26.000Z
154.000,Caldari Citizen 3891005,Porpoise,50644,50059,68704,90,,,,84,0.000,0.707,1.000,2026-10-06T01:11:26.000Z
154.000,Caldari Citizen 8777524,Prospect,52725,-15402,64930,3124,-0.9683,0.2320,0.0924,330,0.000,0.340,1.000,2026-10-06T01:11:26.000Z
154.000,Minmatar Citizen 0254120,Procurer,67365,45295,72487,724,-0.9963,0.0822,-0.0257,280,0.051,0.909,1.000,2026-10-06T01:11:26.000Z
154.000,Amarr Citizen 2674287,Porpoise,70106,45857,55373,884,-0.0824,0.4515,-0.8884,359,1.000,1.000,1.000,2026-10-06T01:11:26.000Z
154.000,Amarr Citizen 5054432,Venture,61608,54609,67115,418,-0.8991,0.4297,-0.0833,273,1.000,1.000,1.000,2026-10-06T01:11:26.000Z
154.000,Amarr Citizen 4520313,Capsule,45085,144935,102229,0,,,,6,,,,2026-10-06T01:11:26.000Z
154.000,Minmatar Citizen 9978241,Retriever,58093,42997,69324,221,0.7258,-0.6879,0.0023,267,1.000,1.000,1.000,2026-10-06T01:11:26.000Z
154.000,Minmatar Citizen 7162778,Capsule,26502,39999,55024,0,,,,4,,,,2026-10-06T01:11:26.000Z
154.000,Minmatar Citizen 9678938,Capsule,64492,39881,72627,0,,,,4,,,,2026-10-06T01:11:26.000Z
154.000,Minmatar Citizen 2250648,Porpoise,65048,51391,51028,210,0.5634,0.7824,-0.2655,292,1.000,1.000,1.000,2026-10-06T01:11:26.000Z
154.000,Gallente Citizen 1635012,Venture,94646,56407,97763,1111,-0.7963,0.5504,0.2509,243,1.000,1.000,1.000,2026-10-06T01:11:26.000Z
154.000,Amarr Citizen 2281178,Procurer,74078,47906,55375,1328,0.4681,0.7526,0.4631,319,1.000,1.000,1.000,2026-10-06T01:11:26.000Z
155.000,Caldari Citizen 9942864,Capsule,54738,46,67618,187,-0.2161,0.9389,-0.2678,307,,,,2026-10-06T01:11:27.000Z
155.000,Caldari Citizen 6206817,Orca,63331,54631,65935,131,,,,435,0.660,1.000,1.000,2026-10-06T01:11:27.000Z
155.000,Minmatar Citizen 9745080,Skiff,51328,56565,65985,298,0.2161,-0.9764,-0.0058,251,1.000,1.000,1.000,2026-10-06T01:11:27.000Z
155.000,Amarr Citizen 0220922,Porpoise,78440,57532,54772,193,0.0560,-0.0611,-0.9966,326,0.000,0.273,1.000,2026-10-06T01:11:27.000Z
155.000,Minmatar Citizen 4351238,Venture,65236,-4738,61537,1528,-0.3900,0.8063,0.4447,140,1.000,1.000,1.000,2026-10-06T01:11:27.000Z
155.000,Caldari Citizen 3216932,Capsule,65933,39139,77674,187,-0.3738,-0.5333,0.7588,323,,,,2026-10-06T01:11:27.000Z
155.000,Minmatar Citizen 9076035,Porpoise,65463,41211,61896,66,,,,93,1.000,1.000,1.000,2026-10-06T01:11:27.000Z
155.000,Minmatar Citizen 6662812,Procurer,44086,33929,65398,1539,0.4265,0.8109,0.4006,149,1.000,1.000,1.000,2026-10-06T01:11:27.000Z
155.000,Caldari Citizen 3891005,Porpoise,50581,50046,68753,88,,,,68,0.000,0.707,1.000,2026-10-06T01:11:27.000Z
155.000,Caldari Citizen 8777524,Prospect,49554,-14391,65016,3363,-0.9705,0.2355,0.0524,107,0.000,0.340,1.000,2026-10-06T01:11:27.000Z
155.000,Minmatar Citizen 0254120,Procurer,66581,45365,72451,752,-0.9935,0.1130,0.0119,306,0.050,0.909,1.000,2026-10-06T01:11:27.000Z
155.000,Amarr Citizen 2674287,Porpoise,69984,46279,54635,622,-0.1491,0.5172,-0.8428,363,1.000,1.000,1.000,2026-10-06T01:11:27.000Z
155.000,Amarr Citizen 5054432,Venture,61165,54825,67073,397,-0.8238,0.5664,-0.0225,114,1.000,1.000,1.000,2026-10-06T01:11:27.000Z
155.000,Amarr Citizen 4520313,Capsule,45085,144935,102229,0,,,,6,,,,2026-10-06T01:11:27.000Z
155.000,Minmatar Citizen 9978241,Retriever,58274,42832,69324,222,0.7709,-0.6227,-0.1338,177,1.000,1.000,1.000,2026-10-06T01:11:27.000Z
155.000,Minmatar Citizen 7162778,Capsule,26502,39999,55024,0,,,,4,,,,2026-10-06T01:11:27.000Z
155.000,Minmatar Citizen 9678938,Capsule,64492,39881,72627,0,,,,4,,,,2026-10-06T01:11:27.000Z
155.000,Minmatar Citizen 2250648,Porpoise,65303,51707,50948,211,0.4083,0.8754,-0.2587,263,1.000,1.000,1.000,2026-10-06T01:11:27.000Z
155.000,Gallente Citizen 1635012,Venture,93267,56834,98245,897,-0.9350,0.0244,0.3538,460,1.000,1.000,1.000,2026-10-06T01:11:27.000Z
155.000,Amarr Citizen 2281178,Procurer,74618,48954,55855,1148,0.4560,0.7807,0.4272,272,1.000,1.000,1.000,2026-10-06T01:11:27.000Z
156.000,Caldari Citizen 9942864,Capsule,54740,301,67490,187,-0.3590,0.9308,-0.0696,209,,,,2026-10-06T01:11:28.000Z
156.000,Caldari Citizen 6206817,Orca,63205,54645,66055,131,-0.8602,0.3997,0.3166,438,0.660,1.000,1.000,2026-10-06T01:11:28.000Z
156.000,Minmatar Citizen 9745080,Skiff,51362,56321,65990,301,0.2380,-0.9701,-0.0478,232,1.000,1.000,1.000,2026-10-06T01:11:28.000Z
156.000,Amarr Citizen 0220922,Porpoise,78335,57567,54320,177,0.0363,0.0075,-0.9993,304,0.000,0.263,1.000,2026-10-06T01:11:28.000Z
156.000,Minmatar Citizen 4351238,Venture,64689,-3009,62176,1801,-0.3204,0.8709,0.3727,227,1.000,1.000,1.000,2026-10-06T01:11:28.000Z
156.000,Caldari Citizen 3216932,Capsule,65845,39016,77952,187,-0.4017,-0.3706,0.8375,297,,,,2026-10-06T01:11:28.000Z
156.000,Minmatar Citizen 9076035,Porpoise,65506,41282,61791,69,,,,63,1.000,1.000,1.000,2026-10-06T01:11:28.000Z
156.000,Minmatar Citizen 6662812,Procurer,44662,35184,66056,1571,0.4176,0.7837,0.4598,199,1.000,1.000,1.000,2026-10-06T01:11:28.000Z
156.000,Caldari Citizen 3891005,Porpoise,50515,50029,68784,86,,,,56,0.000,0.606,1.000,2026-10-06T01:11:28.000Z
156.000,Caldari Citizen 8777524,Prospect,46149,-13568,65087,3551,-0.9808,0.1922,0.0335,350,0.000,0.340,1.000,2026-10-06T01:11:28.000Z
156.000,Minmatar Citizen 0254120,Procurer,65797,45497,72509,775,-0.9911,0.1253,0.0442,124,0.030,0.909,1.000,2026-10-06T01:11:28.000Z
156.000,Amarr Citizen 2674287,Porpoise,69803,46551,54115,402,-0.1913,0.6042,-0.7736,226,1.000,1.000,1.000,2026-10-06T01:11:28.000Z
156.000,Amarr Citizen 5054432,Venture,60808,55140,67076,356,-0.7028,0.7098,0.0476,141,1.000,1.000,1.000,2026-10-06T01:11:28.000Z
156.000,Amarr Citizen 4520313,Capsule,45085,144935,102229,0,,,,6,,,,2026-10-06T01:11:28.000Z
156.000,Minmatar Citizen 9978241,Retriever,58405,42715,69301,223,0.8053,-0.4879,-0.3368,149,1.000,1.000,1.000,2026-10-06T01:11:28.000Z
156.000,Minmatar Citizen 7162778,Capsule,26502,39999,55024,0,,,,4,,,,2026-10-06T01:11:28.000Z
156.000,Minmatar Citizen 9678938,Capsule,64492,39881,72627,0,,,,4,,,,2026-10-06T01:11:28.000Z
156.000,Minmatar Citizen 2250648,Porpoise,65336,52086,50842,211,0.2408,0.9331,-0.2672,278,1.000,1.000,1.000,2026-10-06T01:11:28.000Z
156.000,Gallente Citizen 1635012,Venture,91247,56412,99011,1500,-0.8215,-0.4216,0.3840,606,1.000,1.000,1.000,2026-10-06T01:11:28.000Z
156.000,Amarr Citizen 2281178,Procurer,75058,49830,56249,963,0.4448,0.8049,0.3927,158,1.000,1.000,1.000,2026-10-06T01:11:28.000Z
157.000,Caldari Citizen 9942864,Capsule,54617,522,67523,187,-0.5617,0.7895,0.2474,145,,,,2026-10-06T01:11:29.000Z
157.000,Caldari Citizen 6206817,Orca,63075,54738,66130,131,-0.7886,0.5849,0.1900,445,0.660,1.000,1.000,2026-10-06T01:11:29.000Z
157.000,Minmatar Citizen 9745080,Skiff,51407,56062,65984,303,0.2254,-0.9716,-0.0719,302,1.000,1.000,1.000,2026-10-06T01:11:29.000Z
157.000,Amarr Citizen 0220922,Porpoise,78372,57626,54024,164,0.0609,0.1106,-0.9920,208,0.000,0.152,1.000,2026-10-06T01:11:29.000Z
157.000,Minmatar Citizen 4351238,Venture,64078,-1167,62749,2020,-0.2855,0.8941,0.3450,308,1.000,1.000,1.000,2026-10-06T01:11:29.000Z
157.000,Caldari Citizen 3216932,Capsule,65592,38975,78280,187,-0.4440,-0.3115,0.8402,335,,,,2026-10-06T01:11:29.000Z
157.000,Minmatar Citizen 9076035,Porpoise,65538,41350,61708,72,,,,60,1.000,1.000,1.000,2026-10-06T01:11:29.000Z
157.000,Minmatar Citizen 6662812,Procurer,45298,36300,66785,1337,0.4150,0.7593,0.5013,421,1.000,1.000,1.000,2026-10-06T01:11:29.000Z
157.000,Caldari Citizen 3891005,Porpoise,50456,50024,68817,85,,,,52,0.000,0.566,1.000,2026-10-06T01:11:29.000Z
157.000,Caldari Citizen 8777524,Prospect,42535,-13028,65207,3653,-0.9896,0.1432,0.0147,434,0.000,0.303,1.000,2026-10-06T01:11:29.000Z
157.000,Minmatar Citizen 0254120,Procurer,64985,45638,72589,795,-0.9888,0.1346,0.0651,317,0.030,0.919,1.000,2026-10-06T01:11:29.000Z
157.000,Amarr Citizen 2674287,Porpoise,69637,46855,53800,241,-0.1933,0.7322,-0.6532,397,1.000,1.000,1.000,2026-10-06T01:11:29.000Z
157.000,Amarr Citizen 5054432,Venture,60593,55515,67108,316,-0.5481,0.8282,0.1170,237,1.000,1.000,1.000,2026-10-06T01:11:29.000Z
157.000,Amarr Citizen 4520313,Capsule,45085,144935,102229,0,,,,6,,,,2026-10-06T01:11:29.000Z
157.000,Minmatar Citizen 9978241,Retriever,58541,42652,69202,225,0.8011,-0.3395,-0.4929,144,1.000,1.000,1.000,2026-10-06T01:11:29.000Z
157.000,Minmatar Citizen 7162778,Capsule,26502,39999,55024,0,,,,4,,,,2026-10-06T01:11:29.000Z
157.000,Minmatar Citizen 9678938,Capsule,64492,39881,72627,0,,,,4,,,,2026-10-06T01:11:29.000Z
157.000,Minmatar Citizen 2250648,Porpoise,65265,52352,50769,211,0.1572,0.9501,-0.2694,169,1.000,1.000,1.000,2026-10-06T01:11:29.000Z
157.000,Gallente Citizen 1635012,Venture,89078,55005,99991,2117,-0.6480,-0.6631,0.3747,427,1.000,1.000,1.000,2026-10-06T01:11:29.000Z
157.000,Amarr Citizen 2281178,Procurer,75463,50525,56600,828,0.4356,0.8245,0.3613,138,1.000,1.000,1.000,2026-10-06T01:11:29.000Z
158.000,Caldari Citizen 9942864,Capsule,54414,712,67666,187,-0.6832,0.4888,0.5425,120,,,,2026-10-06T01:11:30.000Z
158.000,Caldari Citizen 6206817,Orca,62889,54944,66131,131,-0.8046,0.5883,0.0802,488,0.660,1.000,1.000,2026-10-06T01:11:30.000Z
158.000,Minmatar Citizen 9745080,Skiff,51531,55771,65935,305,0.1855,-0.9780,-0.0960,330,1.000,1.000,1.000,2026-10-06T01:11:30.000Z
158.000,Amarr Citizen 0220922,Porpoise,78500,57645,53786,153,0.1223,0.2410,-0.9628,218,0.000,0.152,1.000,2026-10-06T01:11:30.000Z
158.000,Minmatar Citizen 4351238,Venture,63485,778,63390,2103,-0.2808,0.8923,0.3535,241,1.000,1.000,1.000,2026-10-06T01:11:30.000Z
158.000,Caldari Citizen 3216932,Capsule,65310,38921,78663,187,-0.5003,-0.3458,0.7938,383,,,,2026-10-06T01:11:30.000Z
158.000,Minmatar Citizen 9076035,Porpoise,65528,41393,61686,75,,,,73,1.000,1.000,1.000,2026-10-06T01:11:30.000Z
158.000,Minmatar Citizen 6662812,Procurer,45871,37147,67471,1185,0.4048,0.7458,0.5291,262,1.000,1.000,1.000,2026-10-06T01:11:30.000Z
158.000,Caldari Citizen 3891005,Porpoise,50420,50067,68876,84,,,,44,0.000,0.525,1.000,2026-10-06T01:11:30.000Z
158.000,Caldari Citizen 8777524,Prospect,38797,-12718,65374,3755,-0.9933,0.1130,-0.0238,326,0.000,0.303,1.000,2026-10-06T01:11:30.000Z
158.000,Minmatar Citizen 0254120,Procurer,64141,45691,72639,811,-0.9868,0.1434,0.0747,272,0.030,0.919,1.000,2026-10-06T01:11:30.000Z
158.000,Amarr Citizen 2674287,Porpoise,69605,47154,53688,221,-0.1684,0.8893,-0.4253,326,1.000,1.000,1.000,2026-10-06T01:11:30.000Z
158.000,Amarr Citizen 5054432,Venture,60472,55857,67196,290,-0.3399,0.9267,0.1602,452,1.000,1.000,1.000,2026-10-06T01:11:30.000Z
158.000,Amarr Citizen 4520313,Capsule,45085,144935,102229,0,,,,6,,,,2026-10-06T01:11:30.000Z
158.000,Minmatar Citizen 9978241,Retriever,58668,42651,69056,226,0.8040,-0.3081,-0.5085,130,1.000,1.000,1.000,2026-10-06T01:11:30.000Z
158.000,Minmatar Citizen 7162778,Capsule,26502,39999,55024,0,,,,4,,,,2026-10-06T01:11:30.000Z
158.000,Minmatar Citizen 9678938,Capsule,64492,39881,72627,0,,,,4,,,,2026-10-06T01:11:30.000Z
158.000,Minmatar Citizen 2250648,Porpoise,65200,52522,50701,211,0.2509,0.9418,-0.2236,144,1.000,1.000,1.000,2026-10-06T01:11:30.000Z
158.000,Gallente Citizen 1635012,Venture,87495,52762,101027,2633,-0.4762,-0.8061,0.3513,687,1.000,1.000,1.000,2026-10-06T01:11:30.000Z
158.000,Amarr Citizen 2281178,Procurer,75810,51097,56889,712,0.4199,0.8454,0.3301,331,1.000,1.000,1.000,2026-10-06T01:11:30.000Z
159.000,Caldari Citizen 9942864,Capsule,54172,807,67899,187,-0.6970,0.2461,0.6735,105,,,,2026-10-06T01:11:31.000Z
159.000,Caldari Citizen 6206817,Orca,62655,55220,66084,131,-0.9037,0.4278,-0.0196,408,0.650,1.000,1.000,2026-10-06T01:11:31.000Z
159.000,Minmatar Citizen 9745080,Skiff,51614,55484,65870,306,0.1428,-0.9838,-0.1085,253,1.000,1.000,1.000,2026-10-06T01:11:31.000Z
159.000,Amarr Citizen 0220922,Porpoise,78563,57699,53603,148,,,,247,0.000,0.131,1.000,2026-10-06T01:11:31.000Z
159.000,Minmatar Citizen 4351238,Venture,62984,2569,64113,1715,-0.2907,0.8770,0.3826,262,1.000,1.000,1.000,2026-10-06T01:11:31.000Z
159.000,Caldari Citizen 3216932,Capsule,65158,38792,78996,187,-0.5550,-0.4917,0.6710,425,,,,2026-10-06T01:11:31.000Z
159.000,Minmatar Citizen 9076035,Porpoise,65486,41391,61718,77,,,,73,1.000,1.000,1.000,2026-10-06T01:11:31.000Z
159.000,Minmatar Citizen 6662812,Procurer,46357,37951,68133,1323,0.3822,0.7523,0.5366,158,1.000,1.000,1.000,2026-10-06T01:11:31.000Z
159.000,Caldari Citizen 3891005,Porpoise,50448,50205,68997,83,0.1208,0.6220,0.7736,147,0.000,0.455,1.000,2026-10-06T01:11:31.000Z
159.000,Caldari Citizen 8777524,Prospect,35092,-12457,65433,3779,-0.9903,0.1051,-0.0912,521,0.000,0.303,1.000,2026-10-06T01:11:31.000Z
159.000,Minmatar Citizen 0254120,Procurer,63290,45821,72708,825,-0.9875,0.1443,0.0637,220,0.061,0.919,1.000,2026-10-06T01:11:31.000Z
159.000,Amarr Citizen 2674287,Porpoise,69654,47428,53684,200,-0.1498,0.9851,-0.0847,217,1.000,1.000,1.000,2026-10-06T01:11:31.000Z
159.000,Amarr Citizen 5054432,Venture,60386,56105,67287,278,0.0008,0.9857,0.1684,407,1.000,1.000,1.000,2026-10-06T01:11:31.000Z
159.000,Amarr Citizen 4520313,Capsule,45085,144935,102229,0,,,,6,,,,2026-10-06T01:11:31.000Z
159.000,Minmatar Citizen 9978241,Retriever,58808,42650,68921,227,0.7973,-0.4166,-0.4368,120,1.000,1.000,1.000,2026-10-06T01:11:31.000Z
159.000,Minmatar Citizen 7162778,Capsule,26502,39999,55024,0,,,,4,,,,2026-10-06T01:11:31.000Z
159.000,Minmatar Citizen 9678938,Capsule,64492,39881,72627,0,,,,4,,,,2026-10-06T01:11:31.000Z
159.000,Minmatar Citizen 2250648,Porpoise,65272,52690,50644,210,0.5261,0.8464,-0.0821,195,1.000,1.000,1.000,2026-10-06T01:11:31.000Z
159.000,Gallente Citizen 1635012,Venture,86504,50175,102006,3035,-0.3124,-0.8956,0.3167,215,1.000,1.000,1.000,2026-10-06T01:11:31.000Z
159.000,Amarr Citizen 2281178,Procurer,76086,51652,57087,616,0.3882,0.8738,0.2929,219,1.000,1.000,1.000,2026-10-06T01:11:31.000Z
160.000,Caldari Citizen 9942864,Capsule,53976,793,68126,187,-0.6780,0.0740,0.7314,68,,,,2026-10-06T01:11:32.000Z
160.000,Caldari Citizen 6206817,Orca,62445,55355,66089,131,-0.9822,0.1526,-0.1094,379,0.640,1.000,1.000,2026-10-06T01:11:32.000Z
160.000,Minmatar Citizen 9745080,Skiff,51615,55224,65872,291,0.0999,-0.9927,-0.0678,205,1.000,1.000,1.000,2026-10-06T01:11:32.000Z
160.000,Amarr Citizen 0220922,Porpoise,78529,57779,53556,158,,,,259,0.000,0.030,1.000,2026-10-06T01:11:32.000Z
160.000,Minmatar Citizen 4351238,Venture,62543,3991,64872,1370,-0.3106,0.8534,0.4186,547,1.000,1.000,1.000,2026-10-06T01:11:32.000Z
160.000,Caldari Citizen 3216932,Capsule,65153,38625,79071,187,,,,458,,,,2026-10-06T01:11:32.000Z
160.000,Minmatar Citizen 9076035,Porpoise,65442,41369,61764,78,,,,67,1.000,1.000,1.000,2026-10-06T01:11:32.000Z
160.000,Minmatar Citizen 6662812,Procurer,46810,38889,68830,1454,0.3539,0.7810,0.5146,147,1.000,1.000,1.000,2026-10-06T01:11:32.000Z
160.000,Caldari Citizen 3891005,Porpoise,50552,50425,69186,82,0.0720,0.5564,0.8278,379,0.000,0.424,1.000,2026-10-06T01:11:32.000Z
160.000,Caldari Citizen 8777524,Prospect,31514,-12155,65050,3465,-0.9752,0.1176,-0.1876,782,0.000,0.303,1.000,2026-10-06T01:11:32.000Z
160.000,Minmatar Citizen 0254120,Procurer,62468,45966,72776,836,-0.9843,0.1697,0.0486,289,0.061,0.919,1.000,2026-10-06T01:11:32.000Z
160.000,Amarr Citizen 2674287,Porpoise,69672,47619,53714,184,-0.2456,0.9313,0.2692,115,1.000,1.000,1.000,2026-10-06T01:11:32.000Z
160.000,Amarr Citizen 5054432,Venture,60393,56308,67327,275,0.5554,0.8201,0.1375,412,1.000,1.000,1.000,2026-10-06T01:11:32.000Z
160.000,Amarr Citizen 4520313,Capsule,45085,144935,102229,0,,,,6,,,,2026-10-06T01:11:32.000Z
160.000,Minmatar Citizen 9978241,Retriever,59017,42560,68833,228,0.7132,-0.6422,-0.2810,169,1.000,1.000,1.000,2026-10-06T01:11:32.000Z
160.000,Minmatar Citizen 7162778,Capsule,26502,39999,55024,0,,,,4,,,,2026-10-06T01:11:32.000Z
160.000,Minmatar Citizen 9678938,Capsule,64492,39881,72627,0,,,,4,,,,2026-10-06T01:11:32.000Z
160.000,Minmatar Citizen 2250648,Porpoise,65488,52850,50637,210,0.7262,0.6818,0.0884,318,1.000,1.000,1.000,2026-10-06T01:11:32.000Z
160.000,Gallente Citizen 1635012,Venture,85899,47220,102972,3358,-0.1697,-0.9478,0.2698,287,1.000,1.000,1.000,2026-10-06T01:11:32.000Z
160.000,Amarr Citizen 2281178,Procurer,76300,52218,57204,533,0.3472,0.9001,0.2633,376,1.000,1.000,1.000,2026-10-06T01:11:32.000Z
161.000,Caldari Citizen 9942864,Capsule,53848,730,68298,187,,,,22,,,,2026-10-06T01:11:33.000Z
161.000,Caldari Citizen 6206817,Orca,62194,55301,66105,130,-0.9705,-0.1517,-0.1873,410,0.640,1.000,1.000,2026-10-06T01:11:33.000Z
161.000,Minmatar Citizen 9745080,Skiff,51570,54959,65853,255,0.0083,-0.9971,0.0758,274,1.000,1.000,1.000,2026-10-06T01:11:33.000Z
161.000,Amarr Citizen 0220922,Porpoise,78475,57816,53623,164,,,,242,0.000,0.010,1.000,2026-10-06T01:11:33.000Z
161.000,Minmatar Citizen 4351238,Venture,62052,5167,65552,1211,-0.3483,0.8212,0.4521,457,1.000,1.000,1.000,2026-10-06T01:11:33.000Z
161.000,Caldari Citizen 3216932,Capsule,65137,38492,78914,187,,,,229,,,,2026-10-06T01:11:33.000Z
161.000,Minmatar Citizen 9076035,Porpoise,65405,41397,61822,79,,,,66,1.000,1.000,1.000,2026-10-06T01:11:33.000Z
161.000,Minmatar Citizen 6662812,Procurer,47222,39973,69531,1487,0.3328,0.8237,0.4591,277,1.000,1.000,1.000,2026-10-06T01:11:33.000Z
161.000,Caldari Citizen 3891005,Porpoise,50604,50549,69369,82,-0.0615,0.4580,0.8868,411,0.000,0.394,1.000,2026-10-06T01:11:33.000Z
161.000,Caldari Citizen 8777524,Prospect,28232,-11706,64162,3388,-0.9419,0.1399,-0.3053,619,0.000,0.300,1.000,2026-10-06T01:11:33.000Z
161.000,Minmatar Citizen 0254120,Procurer,61641,46113,72818,842,-0.9755,0.2183,0.0292,309,0.061,0.919,1.000,2026-10-06T01:11:33.000Z
161.000,Amarr Citizen 2674287,Porpoise,69615,47755,53803,176,,,,83,1.000,1.000,1.000,2026-10-06T01:11:33.000Z
161.000,Amarr Citizen 5054432,Venture,60557,56453,67296,276,0.9722,0.2257,0.0628,444,1.000,1.000,1.000,2026-10-06T01:11:33.000Z
161.000,Amarr Citizen 4520313,Capsule,45085,144935,102229,0,,,,6,,,,2026-10-06T01:11:33.000Z
161.000,Minmatar Citizen 9978241,Retriever,59273,42363,68784,228,0.5041,-0.8609,-0.0690,346,1.000,1.000,1.000,2026-10-06T01:11:33.000Z
161.000,Minmatar Citizen 7162778,Capsule,26502,39999,55024,0,,,,3,,,,2026-10-06T01:11:33.000Z
161.000,Minmatar Citizen 9678938,Capsule,64492,39881,72627,0,,,,4,,,,2026-10-06T01:11:33.000Z
161.000,Minmatar Citizen 2250648,Porpoise,65698,52958,50682,210,0.7897,0.5740,0.2165,309,1.000,1.000,1.000,2026-10-06T01:11:33.000Z
161.000,Gallente Citizen 1635012,Venture,85567,44053,103875,3505,-0.0561,-0.9755,0.2128,1047,1.000,1.000,1.000,2026-10-06T01:11:33.000Z
161.000,Amarr Citizen 2281178,Procurer,76399,52656,57270,493,0.3186,0.9115,0.2603,116,1.000,1.000,1.000,2026-10-06T01:11:33.000Z
162.000,Caldari Citizen 9942864,Capsule,53793,702,68372,0,,,,1,,,,2026-10-06T01:11:34.000Z
162.000,Caldari Citizen 6206817,Orca,61861,55117,66041,129,-0.8619,-0.4220,-0.2811,85,0.640,1.000,1.000,2026-10-06T01:11:34.000Z
162.000,Minmatar Citizen 9745080,Skiff,51604,54630,65811,198,-0.1067,-0.9452,0.3087,323,1.000,1.000,1.000,2026-10-06T01:11:34.000Z
162.000,Amarr Citizen 0220922,Porpoise,78417,57846,53704,173,,,,224,0.000,0.000,0.880,2026-10-06T01:11:34.000Z
162.000,Minmatar Citizen 4351238,Venture,61566,6141,66114,969,-0.3954,0.7858,0.4756,348,1.000,1.000,1.000,2026-10-06T01:11:34.000Z
162.000,Caldari Citizen 3216932,Capsule,65035,38405,78802,187,,,,112,,,,2026-10-06T01:11:34.000Z
162.000,Minmatar Citizen 9076035,Porpoise,65401,41535,61922,81,,,,144,1.000,1.000,1.000,2026-10-06T01:11:34.000Z
162.000,Minmatar Citizen 6662812,Procurer,47633,41142,70183,1353,0.3213,0.8700,0.3740,209,1.000,1.000,1.000,2026-10-06T01:11:34.000Z
162.000,Caldari Citizen 3891005,Porpoise,50580,50629,69643,81,-0.2395,0.3048,0.9218,126,0.000,0.394,1.000,2026-10-06T01:11:34.000Z
162.000,Caldari Citizen 8777524,Prospect,25270,-11153,62868,3374,-0.8869,0.1622,-0.4325,401,0.000,0.290,1.000,2026-10-06T01:11:34.000Z
162.000,Minmatar Citizen 0254120,Procurer,60774,46230,72815,850,-0.9696,0.2447,-0.0012,396,0.040,0.929,1.000,2026-10-06T01:11:34.000Z
162.000,Amarr Citizen 2674287,Porpoise,69482,47861,53927,167,,,,100,1.000,1.000,1.000,2026-10-06T01:11:34.000Z
162.000,Amarr Citizen 5054432,Venture,60861,56469,67267,278,0.9753,-0.2199,0.0202,112,1.000,1.000,1.000,2026-10-06T01:11:34.000Z
162.000,Amarr Citizen 4520313,Capsule,45085,144935,102229,0,,,,6,,,,2026-10-06T01:11:34.000Z
162.000,Minmatar Citizen 9978241,Retriever,59379,42114,68790,229,0.1823,-0.9739,0.1350,266,1.000,1.000,1.000,2026-10-06T01:11:34.000Z
162.000,Minmatar Citizen 7162778,Capsule,26502,39999,55024,0,,,,3,,,,2026-10-06T01:11:34.000Z
162.000,Minmatar Citizen 9678938,Capsule,64492,39881,72627,0,,,,4,,,,2026-10-06T01:11:34.000Z
162.000,Minmatar Citizen 2250648,Porpoise,65873,53057,50778,208,0.7918,0.5549,0.2550,208,1.000,1.000,1.000,2026-10-06T01:11:34.000Z
162.000,Gallente Citizen 1635012,Venture,85455,40719,104558,3724,0.0388,-0.9885,0.1459,326,1.000,1.000,1.000,2026-10-06T01:11:34.000Z
162.000,Amarr Citizen 2281178,Procurer,76485,53019,57367,427,0.3244,0.8980,0.2972,273,1.000,1.000,1.000,2026-10-06T01:11:34.000Z
163.000,Caldari Citizen 9942864,Capsule,53793,702,68372,0,,,,1,,,,2026-10-06T01:11:35.000Z
163.000,Caldari Citizen 6206817,Orca,61634,54950,65929,128,-0.6743,-0.5935,-0.4394,429,0.640,1.000,1.000,2026-10-06T01:11:35.000Z
163.000,Minmatar Citizen 9745080,Skiff,51650,54248,65885,155,-0.2249,-0.8180,0.5295,243,1.000,1.000,1.000,2026-10-06T01:11:35.000Z
163.000,Amarr Citizen 0220922,Porpoise,78296,57965,53722,180,-0.1419,0.6553,-0.7419,241,0.000,0.000,0.737,2026-10-06T01:11:35.000Z
163.000,Minmatar Citizen 4351238,Venture,61117,6898,66588,778,-0.4284,0.7527,0.4999,305,1.000,1.000,1.000,2026-10-06T01:11:35.000Z
163.000,Caldari Citizen 3216932,Capsule,64931,38293,78763,187,,,,77,,,,2026-10-06T01:11:35.000Z
163.000,Minmatar Citizen 9076035,Porpoise,65460,41763,62079,82,0.6648,0.7088,0.2359,431,1.000,1.000,1.000,2026-10-06T01:11:35.000Z
163.000,Minmatar Citizen 6662812,Procurer,48034,42227,70615,1142,0.3248,0.9073,0.2672,178,1.000,1.000,1.000,2026-10-06T01:11:35.000Z
163.000,Caldari Citizen 3891005,Porpoise,50449,50713,69935,81,-0.4073,0.1321,0.9037,53,0.000,0.333,1.000,2026-10-06T01:11:35.000Z
163.000,Caldari Citizen 8777524,Prospect,22550,-10547,61283,3426,-0.8134,0.1795,-0.5534,717,0.000,0.290,1.000,2026-10-06T01:11:35.000Z
163.000,Minmatar Citizen 0254120,Procurer,59881,46544,72826,857,-0.9650,0.2617,-0.0162,162,0.040,0.929,1.000,2026-10-06T01:11:35.000Z
163.000,Amarr Citizen 2674287,Porpoise,69309,47882,54066,162,-0.7421,0.1112,0.6611,88,1.000,1.000,1.000,2026-10-06T01:11:35.000Z
163.000,Amarr Citizen 5054432,Venture,61171,56310,67279,280,0.8722,-0.4892,0.0005,105,1.000,1.000,1.000,2026-10-06T01:11:35.000Z
163.000,Amarr Citizen 4520313,Capsule,45085,144935,102229,0,,,,6,,,,2026-10-06T01:11:35.000Z
163.000,Minmatar Citizen 9978241,Retriever,59356,41806,68856,228,-0.1244,-0.9571,0.2616,289,1.000,1.000,1.000,2026-10-06T01:11:35.000Z
163.000,Minmatar Citizen 7162778,Capsule,26502,39999,55023,0,,,,3,,,,2026-10-06T01:11:35.000Z
163.000,Minmatar Citizen 9678938,Capsule,64492,39881,72627,0,,,,4,,,,2026-10-06T01:11:35.000Z
163.000,Minmatar Citizen 2250648,Porpoise,65985,53137,50865,206,,,,112,1.000,1.000,1.000,2026-10-06T01:11:35.000Z
163.000,Gallente Citizen 1635012,Venture,85722,36990,105008,3893,0.1232,-0.9897,0.0724,549,1.000,1.000,1.000,2026-10-06T01:11:35.000Z
163.000,Amarr Citizen 2281178,Procurer,76635,53384,57528,371,0.3639,0.8675,0.3392,238,1.000,1.000,1.000,2026-10-06T01:11:35.000Z
164.000,Caldari Citizen 9942864,Capsule,53793,702,68372,0,,,,1,,,,2026-10-06T01:11:36.000Z
164.000,Caldari Citizen 6206817,Orca,61593,54864,65831,127,,,,403,0.640,1.000,1.000,2026-10-06T01:11:36.000Z
164.000,Minmatar Citizen 9745080,Skiff,51534,53985,66159,123,-0.3380,-0.6272,0.7017,164,1.000,1.000,1.000,2026-10-06T01:11:36.000Z
164.000,Amarr Citizen 0220922,Porpoise,78104,58196,53632,186,0.0712,0.4744,-0.8775,289,0.000,0.000,0.465,2026-10-06T01:11:36.000Z
164.000,Minmatar Citizen 4351238,Venture,60678,7497,67009,631,-0.3978,0.7250,0.5623,220,1.000,1.000,1.000,2026-10-06T01:11:36.000Z
164.000,Caldari Citizen 3216932,Capsule,64922,38211,78696,187,,,,116,,,,2026-10-06T01:11:36.000Z
164.000,Minmatar Citizen 9076035,Porpoise,65638,41911,62140,83,0.8236,0.5655,-0.0447,431,1.000,1.000,1.000,2026-10-06T01:11:36.000Z
164.000,Minmatar Citizen 6662812,Procurer,48390,43227,70761,975,0.3504,0.9241,0.1523,237,1.000,1.000,1.000,2026-10-06T01:11:36.000Z
164.000,Caldari Citizen 3891005,Porpoise,50267,50721,70155,80,-0.5086,0.0124,0.8609,92,0.000,0.253,1.000,2026-10-06T01:11:36.000Z
164.000,Caldari Citizen 8777524,Prospect,20016,-9983,59395,3516,-0.7236,0.1896,-0.6637,344,0.000,0.280,1.000,2026-10-06T01:11:36.000Z
164.000,Minmatar Citizen 0254120,Procurer,58987,46909,72788,862,-0.9672,0.2535,-0.0177,263,0.040,0.929,1.000,2026-10-06T01:11:36.000Z
164.000,Amarr Citizen 2674287,Porpoise,69168,47837,54180,152,,,,48,1.000,1.000,1.000,2026-10-06T01:11:36.000Z
164.000,Amarr Citizen 5054432,Venture,61472,56056,67330,283,0.7161,-0.6970,-0.0366,267,1.000,1.000,1.000,2026-10-06T01:11:36.000Z
164.000,Amarr Citizen 4520313,Capsule,45085,144935,102229,0,,,,6,,,,2026-10-06T01:11:36.000Z
164.000,Minmatar Citizen 9978241,Retriever,59233,41568,68969,227,-0.3073,-0.9031,0.3001,168,1.000,1.000,1.000,2026-10-06T01:11:36.000Z
164.000,Minmatar Citizen 7162778,Capsule,26502,39999,55023,0,,,,3,,,,2026-10-06T01:11:36.000Z
164.000,Minmatar Citizen 9678938,Capsule,64492,39881,72627,0,,,,4,,,,2026-10-06T01:11:36.000Z
164.000,Minmatar Citizen 2250648,Porpoise,66073,53228,50912,204,,,,112,1.000,1.000,1.000,2026-10-06T01:11:36.000Z
164.000,Gallente Citizen 1635012,Venture,86394,32941,105212,4020,0.2017,-0.9794,0.0038,362,1.000,1.000,1.000,2026-10-06T01:11:36.000Z
164.000,Amarr Citizen 2281178,Procurer,76765,53631,57669,325,0.4030,0.8342,0.3764,102,1.000,1.000,1.000,2026-10-06T01:11:36.000Z
165.000,Caldari Citizen 9942864,Capsule,53793,702,68372,0,,,,1,,,,2026-10-06T01:11:37.000Z
165.000,Caldari Citizen 6206817,Orca,61627,54791,65733,127,,,,396,0.640,1.000,1.000,2026-10-06T01:11:37.000Z
165.000,Minmatar Citizen 9745080,Skiff,51342,53896,66534,96,-0.4476,-0.3963,0.8016,108,1.000,1.000,1.000,2026-10-06T01:11:37.000Z
165.000,Amarr Citizen 0220922,Porpoise,78180,58442,53165,192,0.1623,0.3841,-0.9089,197,0.000,0.000,0.465,2026-10-06T01:11:37.000Z
165.000,Minmatar Citizen 4351238,Venture,60345,7990,67389,505,-0.2675,0.7011,0.6609,239,1.000,1.000,1.000,2026-10-06T01:11:37.000Z
165.000,Caldari Citizen 3216932,Capsule,65007,38201,78615,187,,,,108,,,,2026-10-06T01:11:37.000Z
165.000,Minmatar Citizen 9076035,Porpoise,65963,42053,62107,84,0.8776,0.3739,-0.3000,114,1.000,1.000,1.000,2026-10-06T01:11:37.000Z
165.000,Minmatar Citizen 6662812,Procurer,48664,44142,70712,826,0.3979,0.9157,0.0568,380,1.000,1.000,1.000,2026-10-06T01:11:37.000Z
165.000,Caldari Citizen 3891005,Porpoise,50128,50667,70323,76,-0.5701,-0.0770,0.8180,124,0.000,0.253,1.000,2026-10-06T01:11:37.000Z
165.000,Caldari Citizen 8777524,Prospect,17587,-9343,56966,3621,-0.6202,0.1992,-0.7587,424,0.000,0.280,1.000,2026-10-06T01:11:37.000Z
165.000,Minmatar Citizen 0254120,Procurer,58025,47111,72688,867,-0.9674,0.2529,-0.0122,226,0.040,0.929,1.000,2026-10-06T01:11:37.000Z
165.000,Amarr Citizen 2674287,Porpoise,69064,47795,54273,139,,,,17,1.000,1.000,1.000,2026-10-06T01:11:37.000Z
165.000,Amarr Citizen 5054432,Venture,61680,55820,67337,289,0.5373,-0.8368,-0.1053,102,1.000,1.000,1.000,2026-10-06T01:11:37.000Z
165.000,Amarr Citizen 4520313,Capsule,45085,144935,102229,0,,,,6,,,,2026-10-06T01:11:37.000Z
165.000,Minmatar Citizen 9978241,Retriever,59031,41389,69098,224,-0.3537,-0.8966,0.2666,107,1.000,1.000,1.000,2026-10-06T01:11:37.000Z
165.000,Minmatar Citizen 7162778,Capsule,26502,39999,55023,0,,,,3,,,,2026-10-06T01:11:37.000Z
165.000,Minmatar Citizen 9678938,Capsule,64492,39881,72627,0,,,,4,,,,2026-10-06T01:11:37.000Z
165.000,Minmatar Citizen 2250648,Porpoise,66156,53338,50841,165,,,,143,1.000,1.000,1.000,2026-10-06T01:11:37.000Z
165.000,Gallente Citizen 1635012,Venture,87429,28793,105045,4126,0.2797,-0.9585,-0.0543,354,1.000,1.000,1.000,2026-10-06T01:11:37.000Z
165.000,Amarr Citizen 2281178,Procurer,76899,53796,57792,282,0.3979,0.8833,0.2478,232,1.000,1.000,1.000,2026-10-06T01:11:37.000Z
166.000,Caldari Citizen 9942864,Capsule,53793,702,68372,0,,,,1,,,,2026-10-06T01:11:38.000Z
166.000,Caldari Citizen 6206817,Orca,61716,54726,65627,127,,,,393,0.640,1.000,1.000,2026-10-06T01:11:38.000Z
166.000,Minmatar Citizen 9745080,Skiff,51174,53906,66754,75,-0.5325,-0.1865,0.8256,72,1.000,1.000,1.000,2026-10-06T01:11:38.000Z
166.000,Amarr Citizen 0220922,Porpoise,78522,58668,52274,196,0.2330,0.3115,-0.9212,537,,,,2026-10-06T01:11:38.000Z
166.000,Minmatar Citizen 4351238,Venture,60100,8470,67875,720,-0.0746,0.6670,0.7413,84,1.000,1.000,1.000,2026-10-06T01:11:38.000Z
166.000,Caldari Citizen 3216932,Capsule,65123,38257,78547,187,,,,57,,,,2026-10-06T01:11:38.000Z
166.000,Minmatar Citizen 9076035,Porpoise,66254,42153,61949,84,0.8379,0.2280,-0.4960,38,1.000,1.000,1.000,2026-10-06T01:11:38.000Z
166.000,Minmatar Citizen 6662812,Procurer,48975,44855,70630,702,0.4608,0.8874,0.0113,195,1.000,1.000,1.000,2026-10-06T01:11:38.000Z
166.000,Caldari Citizen 3891005,Porpoise,50046,50617,70436,70,,,,146,0.000,0.253,1.000,2026-10-06T01:11:38.000Z
166.000,Caldari Citizen 8777524,Prospect,15443,-8622,54052,3721,-0.5106,0.2135,-0.8329,372,0.000,0.280,1.000,2026-10-06T01:11:38.000Z
166.000,Amarr Citizen 2674287,Porpoise,68969,47776,54363,129,,,,20,1.000,1.000,1.000,2026-10-06T01:11:38.000Z
166.000,Amarr Citizen 5054432,Venture,61775,55558,67281,300,0.3838,-0.9018,-0.1988,96,1.000,1.000,1.000,2026-10-06T01:11:38.000Z
166.000,Amarr Citizen 4520313,Capsule,45085,144935,102229,0,,,,6,,,,2026-10-06T01:11:38.000Z
166.000,Minmatar Citizen 9978241,Retriever,58946,41228,69155,218,,,,153,1.000,1.000,1.000,2026-10-06T01:11:38.000Z
166.000,Minmatar Citizen 7162778,Capsule,26502,39999,55023,0,,,,3,,,,2026-10-06T01:11:38.000Z
166.000,Minmatar Citizen 9678938,Capsule,64492,39881,72627,0,,,,4,,,,2026-10-06T01:11:38.000Z
166.000,Minmatar Citizen 2250648,Porpoise,66153,53475,50678,100.5,0.0409,0.5257,-0.8497,186,1.000,1.000,1.000,2026-10-06T01:11:38.000Z
166.000,Gallente Citizen 1635012,Venture,88744,24636,104561,4208,0.3601,-0.9264,-0.1099,413,1.000,1.000,1.000,2026-10-06T01:11:38.000Z
166.000,Amarr Citizen 2281178,Procurer,77043,54042,57845,246,0.3083,0.9381,0.1578,408,1.000,1.000,1.000,2026-10-06T01:11:38.000Z
167.000,Caldari Citizen 9942864,Capsule,53793,702,68372,0,,,,1,,,,2026-10-06T01:11:39.000Z
167.000,Caldari Citizen 6206817,Orca,61842,54709,65532,127,,,,387,0.630,1.000,1.000,2026-10-06T01:11:39.000Z
167.000,Minmatar Citizen 9745080,Skiff,51083,53933,66828,59,,,,59,1.000,1.000,1.000,2026-10-06T01:11:39.000Z
167.000,Amarr Citizen 0220922,Capsule,78692,58763,51704,0,0.2947,0.2425,-0.9243,572,,,,2026-10-06T01:11:39.000Z
167.000,Minmatar Citizen 4351238,Venture,60016,9211,68734,1102,0.1060,0.6160,0.7806,291,1.000,1.000,1.000,2026-10-06T01:11:39.000Z
167.000,Caldari Citizen 3216932,Capsule,65227,38318,78478,187,,,,25,,,,2026-10-06T01:11:39.000Z
167.000,Minmatar Citizen 9076035,Porpoise,66529,42166,61693,85,0.7283,0.2133,-0.6512,53,1.000,1.000,1.000,2026-10-06T01:11:39.000Z
167.000,Minmatar Citizen 6662812,Procurer,49362,45417,70611,597,0.5386,0.8420,0.0302,235,1.000,1.000,1.000,2026-10-06T01:11:39.000Z
167.000,Caldari Citizen 3891005,Porpoise,49992,50599,70530,66,,,,161,0.000,0.222,1.000,2026-10-06T01:11:39.000Z
167.000,Caldari Citizen 8777524,Prospect,13757,-7850,50675,3731,-0.4066,0.2376,-0.8822,439,0.000,0.276,1.000,2026-10-06T01:11:39.000Z
167.000,Minmatar Citizen 0254120,Procurer,56153,47460,72755,735,-0.9589,0.2827,0.0247,388,0.040,0.929,1.000,2026-10-06T01:11:39.000Z
167.000,Amarr Citizen 2674287,Porpoise,68876,47776,54447,121,,,,34,1.000,1.000,1.000,2026-10-06T01:11:39.000Z
167.000,Amarr Citizen 5054432,Venture,61839,55217,67163,313,0.2751,-0.9175,-0.2873,485,1.000,1.000,1.000,2026-10-06T01:11:39.000Z
167.000,Amarr Citizen 4520313,Capsule,45085,144935,102229,0,,,,6,,,,2026-10-06T01:11:39.000Z
167.000,Minmatar Citizen 9978241,Retriever,59011,41155,69103,206,,,,192,1.000,1.000,1.000,2026-10-06T01:11:39.000Z
167.000,Minmatar Citizen 7162778,Capsule,26502,39999,55023,0,,,,3,,,,2026-10-06T01:11:39.000Z
167.000,Minmatar Citizen 9678938,Capsule,64492,39881,72627,0,,,,4,,,,2026-10-06T01:11:39.000Z
167.000,Minmatar Citizen 2250648,Porpoise,66101,53623,50455,183,-0.0137,0.2578,-0.9661,305,1.000,1.000,1.000,2026-10-06T01:11:39.000Z
167.000,Gallente Citizen 1635012,Venture,90274,21239,104002,2709,0.4704,-0.8643,-0.1780,408,1.000,1.000,1.000,2026-10-06T01:11:39.000Z
168.000,Caldari Citizen 9942864,Capsule,53793,702,68372,0,,,,1,,,,2026-10-06T01:11:40.000Z
168.000,Caldari Citizen 6206817,Orca,61958,54727,65458,127,,,,381,0.630,1.000,1.000,2026-10-06T01:11:40.000Z
168.000,Minmatar Citizen 9745080,Skiff,51035,53921,66896,47,,,,49,1.000,1.000,1.000,2026-10-06T01:11:40.000Z
168.000,Amarr Citizen 0220922,Capsule,78692,58763,51704,0,0.3154,0.1935,-0.9290,11,,,,2026-10-06T01:11:40.000Z
168.000,Minmatar Citizen 4351238,Venture,60255,10137,69920,1433,0.2551,0.5503,0.7950,179,1.000,1.000,1.000,2026-10-06T01:11:40.000Z
168.000,Caldari Citizen 3216932,Capsule,65321,38312,78380,187,0.5517,-0.7368,-0.3909,12,,,,2026-10-06T01:11:40.000Z
168.000,Minmatar Citizen 9076035,Porpoise,66768,42159,61461,85,0.5186,0.3250,-0.7908,65,1.000,1.000,1.000,2026-10-06T01:11:40.000Z
168.000,Minmatar Citizen 6662812,Procurer,49775,45887,70689,509,0.6178,0.7818,0.0839,265,1.000,1.000,1.000,2026-10-06T01:11:40.000Z
168.000,Caldari Citizen 3891005,Porpoise,49936,50602,70620,54,,,,175,0.000,0.143,1.000,2026-10-06T01:11:40.000Z
168.000,Caldari Citizen 8777524,Prospect,12527,-6941,47098,3766,-0.3208,0.2737,-0.9067,299,0.000,0.263,1.000,2026-10-06T01:11:40.000Z
168.000,Minmatar Citizen 0254120,Procurer,55425,47707,72765,595,-0.9328,0.3534,0.0706,183,0.040,0.929,1.000,2026-10-06T01:11:40.000Z
168.000,Amarr Citizen 2674287,Porpoise,68790,47787,54522,110,,,,46,1.000,1.000,1.000,2026-10-06T01:11:40.000Z
168.000,Amarr Citizen 5054432,Venture,61937,54836,67043,327,0.2204,-0.8990,-0.3784,527,1.000,1.000,1.000,2026-10-06T01:11:40.000Z
168.000,Amarr Citizen 4520313,Capsule,45085,144935,102229,0,,,,6,,,,2026-10-06T01:11:40.000Z
168.000,Minmatar Citizen 9978241,Retriever,59131,41207,68996,189,,,,175,1.000,1.000,1.000,2026-10-06T01:11:40.000Z
168.000,Minmatar Citizen 7162778,Capsule,26502,39999,55023,0,,,,3,,,,2026-10-06T01:11:40.000Z
168.000,Minmatar Citizen 9678938,Capsule,64492,39881,72627,0,,,,4,,,,2026-10-06T01:11:40.000Z
168.000,Minmatar Citizen 2250648,Porpoise,66080,53711,50219,301,-0.0110,-0.0121,-0.9999,188,1.000,1.000,1.000,2026-10-06T01:11:40.000Z
168.000,Gallente Citizen 1635012,Venture,91728,19402,103485,1247,0.6570,-0.6992,-0.2820,824,1.000,1.000,1.000,2026-10-06T01:11:40.000Z
168.000,Amarr Citizen 2281178,Procurer,77170,54653,57784,186,-0.1104,0.9754,0.1907,186,1.000,1.000,1.000,2026-10-06T01:11:40.000Z
169.000,Caldari Citizen 9942864,Capsule,53793,702,68372,0,,,,1,,,,2026-10-06T01:11:41.000Z
169.000,Caldari Citizen 6206817,Orca,62049,54767,65382,127,,,,378,0.630,1.000,1.000,2026-10-06T01:11:41.000Z
169.000,Minmatar Citizen 9745080,Skiff,50998,53903,66957,37,,,,41,1.000,1.000,1.000,2026-10-06T01:11:41.000Z
169.000,Amarr Citizen 0220922,Capsule,78692,58763,51704,0,,,,11,,,,2026-10-06T01:11:41.000Z
169.000,Minmatar Citizen 4351238,Venture,60793,11123,71303,1710,0.3790,0.4749,0.7943,416,1.000,1.000,1.000,2026-10-06T01:11:41.000Z
169.000,Caldari Citizen 3216932,Capsule,65418,38141,78255,187,0.2889,-0.9569,-0.0279,116,,,,2026-10-06T01:11:41.000Z
169.000,Minmatar Citizen 9076035,Porpoise,66853,42195,61287,86,0.2960,0.4759,-0.8282,104,1.000,1.000,1.000,2026-10-06T01:11:41.000Z
169.000,Minmatar Citizen 6662812,Procurer,50090,46215,70776,434,0.6676,0.7350,0.1187,149,1.000,1.000,1.000,2026-10-06T01:11:41.000Z
169.000,Caldari Citizen 3891005,Porpoise,49874,50611,70702,43,,,,190,0.000,0.101,1.000,2026-10-06T01:11:41.000Z
169.000,Caldari Citizen 8777524,Prospect,11622,-5883,43530,3824,-0.2633,0.3255,-0.9081,255,0.000,0.263,1.000,2026-10-06T01:11:41.000Z
169.000,Minmatar Citizen 0254120,Procurer,54892,48002,72807,486,-0.8788,0.4610,0.1231,154,0.050,0.929,1.000,2026-10-06T01:11:41.000Z
169.000,Amarr Citizen 2674287,Porpoise,68710,47800,54589,100,,,,57,1.000,1.000,1.000,2026-10-06T01:11:41.000Z
169.000,Amarr Citizen 5054432,Venture,62009,54502,66906,341,0.1964,-0.8302,-0.5217,210,1.000,1.000,1.000,2026-10-06T01:11:41.000Z
169.000,Amarr Citizen 4520313,Capsule,45085,144935,102229,0,,,,6,,,,2026-10-06T01:11:41.000Z
169.000,Minmatar Citizen 9978241,Retriever,59211,41320,68904,169,,,,142,1.000,1.000,1.000,2026-10-06T01:11:41.000Z
169.000,Minmatar Citizen 7162778,Capsule,26502,39999,55023,0,,,,3,,,,2026-10-06T01:11:41.000Z
169.000,Minmatar Citizen 9678938,Capsule,64492,39881,72627,0,,,,4,,,,2026-10-06T01:11:41.000Z
169.000,Minmatar Citizen 2250648,Porpoise,66076,53712,49853,413,-0.0130,-0.2796,-0.9600,228,1.000,1.000,1.000,2026-10-06T01:11:41.000Z
169.000,Gallente Citizen 1635012,Venture,92716,18954,102997,635,0.8632,-0.2925,-0.4116,944,1.000,1.000,1.000,2026-10-06T01:11:41.000Z
169.000,Amarr Citizen 2281178,Procurer,77084,54836,57842,162,-0.4331,0.8145,0.3861,120,1.000,1.000,1.000,2026-10-06T01:11:41.000Z
170.000,Caldari Citizen 9942864,Capsule,53793,702,68372,0,,,,1,,,,2026-10-06T01:11:42.000Z
170.000,Caldari Citizen 6206817,Orca,62096,54860,65275,127,-0.1316,0.4426,-0.8870,380,0.630,1.000,1.000,2026-10-06T01:11:42.000Z
170.000,Minmatar Citizen 9745080,Skiff,50966,53900,66995,29,,,,35,1.000,1.000,1.000,2026-10-06T01:11:42.000Z
170.000,Amarr Citizen 0220922,Capsule,78692,58763,51704,0,,,,11,,,,2026-10-06T01:11:42.000Z
170.000,Minmatar Citizen 4351238,Venture,61558,12005,72781,1939,0.4807,0.3969,0.7819,255,1.000,1.000,1.000,2026-10-06T01:11:42.000Z
170.000,Caldari Citizen 3216932,Capsule,65546,37769,78153,187,0.0031,-0.9392,0.3435,433,,,,2026-10-06T01:11:42.000Z
170.000,Minmatar Citizen 9076035,Porpoise,66816,42383,61112,86,0.1694,0.5735,-0.8015,235,1.000,1.000,1.000,2026-10-06T01:11:42.000Z
170.000,Minmatar Citizen 6662812,Procurer,50359,46480,70877,370,0.6928,0.7149,0.0942,334,1.000,1.000,1.000,2026-10-06T01:11:42.000Z
170.000,Caldari Citizen 3891005,Porpoise,49807,50616,70778,35,,,,205,0.000,0.101,1.000,2026-10-06T01:11:42.000Z
170.000,Caldari Citizen 8777524,Prospect,10853,-4603,40056,3887,-0.2373,0.3938,-0.8880,337,0.000,0.260,1.000,2026-10-06T01:11:42.000Z
170.000,Minmatar Citizen 0254120,Procurer,54487,48305,72892,401,-0.9028,0.4169,0.1053,179,0.051,0.929,1.000,2026-10-06T01:11:42.000Z
170.000,Amarr Citizen 2674287,Porpoise,68636,47810,54651,92,,,,67,0.620,1.000,1.000,2026-10-06T01:11:42.000Z
170.000,Amarr Citizen 5054432,Venture,62079,54242,66777,355,0.1533,-0.6728,-0.7238,78,1.000,1.000,1.000,2026-10-06T01:11:42.000Z
170.000,Amarr Citizen 4520313,Capsule,45085,144935,102229,0,,,,6,,,,2026-10-06T01:11:42.000Z
170.000,Minmatar Citizen 9978241,Retriever,59262,41445,68850,150,,,,133,1.000,1.000,1.000,2026-10-06T01:11:42.000Z
170.000,Minmatar Citizen 7162778,Capsule,26502,39999,55023,0,,,,3,,,,2026-10-06T01:11:42.000Z
170.000,Minmatar Citizen 9678938,Capsule,64492,39881,72627,0,,,,4,,,,2026-10-06T01:11:42.000Z
170.000,Minmatar Citizen 2250648,Porpoise,66116,53557,49262,514,-0.0431,-0.4606,-0.8866,282,1.000,1.000,1.000,2026-10-06T01:11:42.000Z
170.000,Gallente Citizen 1635012,Venture,94038,18896,102332,1243,0.8595,0.2331,-0.4549,1155,1.000,1.000,1.000,2026-10-06T01:11:42.000Z
170.000,Amarr Citizen 2281178,Procurer,76930,54923,57941,141,-0.6246,0.5091,0.5921,133,1.000,1.000,1.000,2026-10-06T01:11:42.000Z
171.000,Caldari Citizen 9942864,Capsule,53793,702,68372,0,,,,1,,,,2026-10-06T01:11:43.000Z
171.000,Caldari Citizen 6206817,Orca,62053,55027,65082,127,-0.4051,0.2862,-0.8683,420,0.620,1.000,1.000,2026-10-06T01:11:43.000Z
171.000,Minmatar Citizen 9745080,Skiff,50939,53901,67024,22,,,,31,1.000,1.000,1.000,2026-10-06T01:11:43.000Z
171.000,Amarr Citizen 0220922,Capsule,78692,58763,51704,0,,,,11,,,,2026-10-06T01:11:43.000Z
171.000,Minmatar Citizen 4351238,Venture,62709,12752,74466,2128,0.5589,0.3266,0.7622,185,1.000,1.000,1.000,2026-10-06T01:11:43.000Z
171.000,Caldari Citizen 3216932,Capsule,65604,37326,78285,187,-0.2404,-0.7548,0.6103,250,,,,2026-10-06T01:11:43.000Z
171.000,Minmatar Citizen 9076035,Porpoise,66744,42681,60875,87,0.1737,0.5811,-0.7951,144,1.000,1.000,1.000,2026-10-06T01:11:43.000Z
171.000,Minmatar Citizen 6662812,Procurer,50605,46723,70914,315,0.6990,0.7150,0.0080,173,1.000,1.000,1.000,2026-10-06T01:11:43.000Z
171.000,Caldari Citizen 3891005,Porpoise,49738,50615,70853,28,,,,220,0.000,0.040,1.000,2026-10-06T01:11:43.000Z
171.000,Caldari Citizen 8777524,Prospect,10005,-2992,36593,3947,-0.2361,0.4729,-0.8489,163,0.000,0.260,1.000,2026-10-06T01:11:43.000Z
171.000,Minmatar Citizen 0254120,Procurer,54146,48517,72999,335,-0.9003,0.4171,0.1242,29,0.051,0.929,1.000,2026-10-06T01:11:43.000Z
171.000,Amarr Citizen 2674287,Porpoise,68566,47817,54711,85,,,,77,0.500,1.000,1.000,2026-10-06T01:11:43.000Z
171.000,Amarr Citizen 5054432,Venture,62134,54027,66533,368,0.0621,-0.4043,-0.9125,201,1.000,1.000,1.000,2026-10-06T01:11:43.000Z
171.000,Amarr Citizen 4520313,Capsule,45085,144935,102229,0,,,,6,,,,2026-10-06T01:11:43.000Z
171.000,Minmatar Citizen 9978241,Retriever,59331,41601,68849,137,,,,185,1.000,1.000,1.000,2026-10-06T01:11:43.000Z
171.000,Minmatar Citizen 7162778,Capsule,26502,39999,55023,0,,,,3,,,,2026-10-06T01:11:43.000Z
171.000,Minmatar Citizen 9678938,Capsule,64492,39881,72627,0,,,,4,,,,2026-10-06T01:11:43.000Z
171.000,Minmatar Citizen 2250648,Porpoise,66154,53214,48727,607,-0.1033,-0.5519,-0.8275,216,1.000,1.000,1.000,2026-10-06T01:11:43.000Z
171.000,Gallente Citizen 1635012,Venture,96340,19276,101177,1929,0.7098,0.5744,-0.4078,1115,1.000,1.000,1.000,2026-10-06T01:11:43.000Z
171.000,Amarr Citizen 2281178,Procurer,76724,55003,58113,123,-0.5977,0.5275,0.6038,177,1.000,1.000,1.000,2026-10-06T01:11:43.000Z
172.000,Caldari Citizen 9942864,Capsule,53793,702,68372,0,,,,1,,,,2026-10-06T01:11:44.000Z
172.000,Caldari Citizen 6206817,Orca,61891,55183,64764,128,-0.6022,0.1289,-0.7879,381,0.620,1.000,1.000,2026-10-06T01:11:44.000Z
172.000,Minmatar Citizen 9745080,Skiff,50918,53898,67050,18,,,,27,1.000,1.000,1.000,2026-10-06T01:11:44.000Z
172.000,Amarr Citizen 0220922,Capsule,78692,58763,51704,0,,,,11,,,,2026-10-06T01:11:44.000Z
172.000,Minmatar Citizen 4351238,Venture,64153,13356,76264,2282,0.6180,0.2730,0.7372,305,1.000,1.000,1.000,2026-10-06T01:11:44.000Z
172.000,Caldari Citizen 3216932,Capsule,65423,37025,78691,187,-0.4148,-0.5073,0.7554,109,,,,2026-10-06T01:11:44.000Z
172.000,Minmatar Citizen 9076035,Porpoise,66789,42851,60670,84,0.3077,0.4952,-0.8124,82,1.000,1.000,1.000,2026-10-06T01:11:44.000Z
172.000,Minmatar Citizen 6662812,Procurer,50796,46919,70872,269,0.6693,0.7379,-0.0870,25,1.000,1.000,1.000,2026-10-06T01:11:44.000Z
172.000,Caldari Citizen 3891005,Porpoise,49667,50606,70931,23,,,,237,0.000,0.020,0.899,2026-10-06T01:11:44.000Z
172.000,Caldari Citizen 8777524,Prospect,9072,-980,33261,3923,-0.2469,0.5525,-0.7961,380,0.000,0.260,1.000,2026-10-06T01:11:44.000Z
172.000,Minmatar Citizen 0254120,Procurer,53777,48605,73050,285,-0.9729,0.2306,-0.0167,205,0.051,0.939,1.000,2026-10-06T01:11:44.000Z
172.000,Amarr Citizen 2674287,Porpoise,68499,47822,54769,79,,,,86,0.370,1.000,1.000,2026-10-06T01:11:44.000Z
172.000,Amarr Citizen 5054432,Venture,62160,53889,66117,380,-0.0342,-0.1414,-0.9894,469,1.000,1.000,1.000,2026-10-06T01:11:44.000Z
172.000,Amarr Citizen 4520313,Capsule,45085,144935,102229,0,,,,6,,,,2026-10-06T01:11:44.000Z
172.000,Minmatar Citizen 9978241,Retriever,59439,41795,68879,132,,,,281,1.000,1.000,1.000,2026-10-06T01:11:44.000Z
172.000,Minmatar Citizen 7162778,Capsule,26502,39999,55023,0,,,,3,,,,2026-10-06T01:11:44.000Z
172.000,Minmatar Citizen 9678938,Capsule,64492,39881,72627,0,,,,4,,,,2026-10-06T01:11:44.000Z
172.000,Minmatar Citizen 2250648,Porpoise,66053,52648,48199,689,-0.1794,-0.6022,-0.7779,222,1.000,1.000,1.000,2026-10-06T01:11:44.000Z
172.000,Gallente Citizen 1635012,Venture,98559,21157,99853,2485,0.5473,0.7689,-0.3305,1080,1.000,1.000,1.000,2026-10-06T01:11:44.000Z
172.000,Amarr Citizen 2281178,Procurer,76525,55157,58349,107,-0.5762,0.4895,0.6545,264,1.000,1.000,1.000,2026-10-06T01:11:44.000Z
173.000,Caldari Citizen 9942864,Capsule,53793,702,68372,0,,,,1,,,,2026-10-06T01:11:45.000Z
173.000,Caldari Citizen 6206817,Orca,61640,55142,64446,128,-0.7758,-0.0432,-0.6294,103,0.620,1.000,1.000,2026-10-06T01:11:45.000Z
173.000,Minmatar Citizen 9745080,Skiff,50901,53894,67071,14,,,,24,1.000,1.000,1.000,2026-10-06T01:11:45.000Z
173.000,Amarr Citizen 0220922,Capsule,78692,58763,51704,0,,,,11,,,,2026-10-06T01:11:45.000Z
173.000,Minmatar Citizen 4351238,Venture,65727,13909,78007,2405,0.6616,0.2425,0.7096,141,1.000,1.000,1.000,2026-10-06T01:11:45.000Z
173.000,Caldari Citizen 3216932,Capsule,65105,36930,79181,187,-0.5293,-0.2837,0.7996,60,,,,2026-10-06T01:11:45.000Z
173.000,Minmatar Citizen 9076035,Porpoise,66944,42871,60502,83,0.5080,0.3037,-0.8060,75,1.000,1.000,1.000,2026-10-06T01:11:45.000Z
173.000,Minmatar Citizen 6662812,Procurer,50947,47076,70775,230,0.5676,0.8136,-0.1258,102,1.000,1.000,1.000,2026-10-06T01:11:45.000Z
173.000,Caldari Citizen 3891005,Porpoise,49594,50590,71014,19,,,,254,0.000,0.020,0.899,2026-10-06T01:11:45.000Z
173.000,Caldari Citizen 8777524,Prospect,8056,1391,30242,3932,-0.2557,0.6252,-0.7374,328,0.000,0.260,1.000,2026-10-06T01:11:45.000Z
173.000,Minmatar Citizen 0254120,Procurer,53358,48602,72984,247,-0.9807,0.0884,-0.1742,438,0.061,0.939,1.000,2026-10-06T01:11:45.000Z
173.000,Amarr Citizen 2674287,Porpoise,68429,47828,54824,80,,,,95,0.370,1.000,1.000,2026-10-06T01:11:45.000Z
173.000,Amarr Citizen 5054432,Venture,62126,53910,65648,389,-0.1252,0.0424,-0.9912,242,1.000,1.000,1.000,2026-10-06T01:11:45.000Z
173.000,Amarr Citizen 4520313,Capsule,45085,144935,102229,0,,,,6,,,,2026-10-06T01:11:45.000Z
173.000,Minmatar Citizen 9978241,Retriever,59460,41941,68944,133,-0.1078,0.9927,0.0541,237,1.000,1.000,1.000,2026-10-06T01:11:45.000Z
173.000,Minmatar Citizen 7162778,Capsule,26502,39999,55023,0,,,,3,,,,2026-10-06T01:11:45.000Z
173.000,Minmatar Citizen 9678938,Capsule,64492,39881,72627,0,,,,4,,,,2026-10-06T01:11:45.000Z
173.000,Minmatar Citizen 2250648,Porpoise,65871,52125,47611,761,-0.2519,-0.6259,-0.7381,421,1.000,1.000,1.000,2026-10-06T01:11:45.000Z
173.000,Gallente Citizen 1635012,Venture,99871,24128,98901,2919,0.3763,0.8952,-0.2388,1321,1.000,1.000,1.000,2026-10-06T01:11:45.000Z
173.000,Amarr Citizen 2281178,Procurer,76379,55396,58552,93,-0.5412,0.4691,0.6979,191,1.000,1.000,1.000,2026-10-06T01:11:45.000Z
174.000,Caldari Citizen 9942864,Capsule,53793,702,68372,0,,,,1,,,,2026-10-06T01:11:46.000Z
174.000,Caldari Citizen 6206817,Orca,61389,55012,64304,128,-0.9147,-0.2234,-0.3367,341,0.620,1.000,1.000,2026-10-06T01:11:46.000Z
174.000,Minmatar Citizen 9745080,Skiff,50886,53893,67089,11,,,,21,1.000,1.000,1.000,2026-10-06T01:11:46.000Z
174.000,Amarr Citizen 0220922,Capsule,78692,58763,51704,0,,,,11,,,,2026-10-06T01:11:46.000Z
174.000,Minmatar Citizen 4351238,Venture,67412,14438,79715,2504,0.6921,0.2390,0.6811,260,1.000,1.000,1.000,2026-10-06T01:11:46.000Z
174.000,Caldari Citizen 3216932,Capsule,64808,36971,79520,187,-0.6105,-0.1717,0.7732,33,,,,2026-10-06T01:11:46.000Z
174.000,Minmatar Citizen 9076035,Porpoise,67105,42851,60357,82,0.6741,0.0763,-0.7347,62,1.000,1.000,1.000,2026-10-06T01:11:46.000Z
174.000,Minmatar Citizen 6662812,Procurer,51085,47240,70715,196,0.3622,0.9287,-0.0792,222,1.000,1.000,1.000,2026-10-06T01:11:46.000Z
174.000,Caldari Citizen 3891005,Porpoise,49515,50565,71104,16,,,,273,0.000,0.000,0.677,2026-10-06T01:11:46.000Z
174.000,Caldari Citizen 8777524,Prospect,6953,4117,27497,3964,-0.2516,0.6896,-0.6791,197,0.000,0.260,1.000,2026-10-06T01:11:46.000Z
174.000,Amarr Citizen 2674287,Porpoise,68350,47838,54876,81,,,,106,0.030,1.000,1.000,2026-10-06T01:11:46.000Z
174.000,Amarr Citizen 5054432,Venture,62031,54054,65181,398,-0.2057,0.1570,-0.9660,191,1.000,1.000,1.000,2026-10-06T01:11:46.000Z
174.000,Amarr Citizen 4520313,Capsule,45085,144935,102229,0,,,,6,,,,2026-10-06T01:11:46.000Z
174.000,Minmatar Citizen 9978241,Retriever,59380,42095,69022,139,-0.3432,0.9350,-0.0892,246,1.000,1.000,1.000,2026-10-06T01:11:46.000Z
174.000,Minmatar Citizen 7162778,Capsule,26502,39999,55023,0,,,,3,,,,2026-10-06T01:11:46.000Z
174.000,Minmatar Citizen 9678938,Capsule,64492,39881,72627,0,,,,4,,,,2026-10-06T01:11:46.000Z
174.000,Minmatar Citizen 2250648,Porpoise,65611,51720,47042,827,-0.2993,-0.6236,-0.7221,362,1.000,1.000,1.000,2026-10-06T01:11:46.000Z
174.000,Gallente Citizen 1635012,Venture,100554,27422,98364,3269,0.2204,0.9641,-0.1484,1269,1.000,1.000,1.000,2026-10-06T01:11:46.000Z
174.000,Amarr Citizen 2281178,Procurer,76277,55524,58688,81,-0.5105,0.4240,0.7480,150,1.000,1.000,1.000,2026-10-06T01:11:46.000Z
175.000,Caldari Citizen 9942864,Capsule,53793,702,68372,0,,,,1,,,,2026-10-06T01:11:47.000Z
175.000,Caldari Citizen 6206817,Orca,61215,54936,64354,128,-0.9463,-0.3112,0.0871,319,0.620,1.000,1.000,2026-10-06T01:11:47.000Z
175.000,Minmatar Citizen 9745080,Skiff,50874,53891,67104,8,,,,19,1.000,1.000,1.000,2026-10-06T01:11:47.000Z
175.000,Amarr Citizen 0220922,Capsule,78692,58763,51704,0,,,,11,,,,2026-10-06T01:11:47.000Z
175.000,Minmatar Citizen 4351238,Venture,69252,15020,81446,2581,0.7103,0.2607,0.6538,156,1.000,1.000,1.000,2026-10-06T01:11:47.000Z
175.000,Caldari Citizen 3216932,Capsule,64613,37016,79709,187,-0.6734,-0.2240,0.7045,71,,,,2026-10-06T01:11:47.000Z
175.000,Minmatar Citizen 9076035,Porpoise,67222,42830,60258,82,,,,52,1.000,1.000,1.000,2026-10-06T01:11:47.000Z
175.000,Minmatar Citizen 6662812,Procurer,51271,47552,70699,168,0.1243,0.9921,0.0155,334,1.000,1.000,1.000,2026-10-06T01:11:47.000Z
175.000,Caldari Citizen 3891005,Porpoise,49431,50537,71201,13,,,,294,0.000,0.000,0.677,2026-10-06T01:11:47.000Z
175.000,Caldari Citizen 8777524,Prospect,5861,7010,24961,3891,-0.2285,0.7431,-0.6290,345,0.000,0.260,1.000,2026-10-06T01:11:47.000Z
175.000,Minmatar Citizen 0254120,Procurer,52867,48524,72751,194,-0.8689,0.1919,-0.4562,124,0.010,0.939,1.000,2026-10-06T01:11:47.000Z
175.000,Amarr Citizen 2674287,Porpoise,68266,47857,54929,83,,,,117,0.000,1.000,1.000,2026-10-06T01:11:47.000Z
175.000,Amarr Citizen 5054432,Venture,61923,54167,64775,406,-0.2800,0.2246,-0.9333,209,1.000,1.000,1.000,2026-10-06T01:11:47.000Z
175.000,Amarr Citizen 4520313,Capsule,45085,144935,102229,0,,,,6,,,,2026-10-06T01:11:47.000Z
175.000,Minmatar Citizen 9978241,Retriever,59266,42295,68975,147,-0.5453,0.8219,-0.1646,305,1.000,1.000,1.000,2026-10-06T01:11:47.000Z
175.000,Minmatar Citizen 7162778,Capsule,26502,39999,55023,0,,,,3,,,,2026-10-06T01:11:47.000Z
175.000,Minmatar Citizen 9678938,Capsule,64492,39881,72627,0,,,,4,,,,2026-10-06T01:11:47.000Z
175.000,Minmatar Citizen 2250648,Porpoise,65294,51227,46443,885,-0.3195,-0.6066,-0.7279,217,1.000,1.000,1.000,2026-10-06T01:11:47.000Z
175.000,Gallente Citizen 1635012,Venture,100886,30889,98134,3539,0.1222,0.9892,-0.0808,1310,1.000,1.000,1.000,2026-10-06T01:11:47.000Z
175.000,Amarr Citizen 2281178,Procurer,76214,55511,58811,70,,,,119,1.000,1.000,1.000,2026-10-06T01:11:47.000Z
176.000,Caldari Citizen 9942864,Capsule,53793,702,68372,0,,,,1,,,,2026-10-06T01:11:48.000Z
176.000,Caldari Citizen 6206817,Orca,61044,54878,64470,128,-0.8554,-0.2287,0.4648,321,0.620,1.000,1.000,2026-10-06T01:11:48.000Z
176.000,Minmatar Citizen 9745080,Skiff,50864,53889,67116,7,,,,17,1.000,1.000,1.000,2026-10-06T01:11:48.000Z
176.000,Amarr Citizen 0220922,Capsule,78692,58763,51704,0,,,,11,,,,2026-10-06T01:11:48.000Z
176.000,Minmatar Citizen 4351238,Venture,71180,15657,83140,2636,0.7148,0.3042,0.6297,311,1.000,1.000,1.000,2026-10-06T01:11:48.000Z
176.000,Caldari Citizen 3216932,Capsule,64454,36945,79885,187,-0.6942,-0.3766,0.6133,100,,,,2026-10-06T01:11:48.000Z
176.000,Minmatar Citizen 9076035,Porpoise,67298,42825,60191,82,,,,46,1.000,1.000,1.000,2026-10-06T01:11:48.000Z
176.000,Minmatar Citizen 6662812,Procurer,51316,47967,70741,136,-0.0903,0.9895,0.1132,267,1.000,1.000,1.000,2026-10-06T01:11:48.000Z
176.000,Caldari Citizen 3891005,Porpoise,49350,50523,71318,11,-0.2577,0.1752,0.9502,315,,,,2026-10-06T01:11:48.000Z
176.000,Caldari Citizen 8777524,Prospect,4937,9975,22668,3885,-0.1822,0.7856,-0.5913,153,0.000,0.260,1.000,2026-10-06T01:11:48.000Z
176.000,Minmatar Citizen 0254120,Procurer,52737,48569,72636,177,-0.7432,0.4298,-0.5128,61,0.010,0.929,1.000,2026-10-06T01:11:48.000Z
176.000,Amarr Citizen 2674287,Porpoise,68199,47889,55010,84,,,,128,0.000,0.940,1.000,2026-10-06T01:11:48.000Z
176.000,Amarr Citizen 5054432,Venture,61771,54260,64365,414,-0.3530,0.2611,-0.8985,404,1.000,1.000,1.000,2026-10-06T01:11:48.000Z
176.000,Amarr Citizen 4520313,Capsule,45085,144935,102229,0,,,,6,,,,2026-10-06T01:11:48.000Z
176.000,Minmatar Citizen 9978241,Retriever,59151,42483,68805,156,-0.6294,0.7519,-0.1963,227,1.000,1.000,1.000,2026-10-06T01:11:48.000Z
176.000,Minmatar Citizen 7162778,Capsule,26502,39999,55023,0,,,,3,,,,2026-10-06T01:11:48.000Z
176.000,Minmatar Citizen 9678938,Capsule,64492,39881,72627,0,,,,4,,,,2026-10-06T01:11:48.000Z
176.000,Minmatar Citizen 2250648,Porpoise,65026,50692,45863,793,-0.3236,-0.5856,-0.7432,218,1.000,1.000,1.000,2026-10-06T01:11:48.000Z
176.000,Gallente Citizen 1635012,Venture,101072,34591,98048,3750,0.0805,0.9959,-0.0415,1272,1.000,1.000,1.000,2026-10-06T01:11:48.000Z
176.000,Amarr Citizen 2281178,Procurer,76177,55481,58879,61,,,,102,1.000,1.000,1.000,2026-10-06T01:11:48.000Z
177.000,Caldari Citizen 9942864,Capsule,53793,702,68372,0,,,,1,,,,2026-10-06T01:11:49.000Z
177.000,Caldari Citizen 6206817,Orca,60874,54838,64614,129,-0.7449,-0.0990,0.6598,329,0.620,1.000,1.000,2026-10-06T01:11:49.000Z
177.000,Minmatar Citizen 9745080,Skiff,50855,53888,67127,5,,,,15,1.000,1.000,1.000,2026-10-06T01:11:49.000Z
177.000,Amarr Citizen 0220922,Capsule,78692,58763,51704,0,,,,11,,,,2026-10-06T01:11:49.000Z
177.000,Minmatar Citizen 4351238,Venture,73135,16472,84763,2616,0.7035,0.3672,0.6084,97,1.000,1.000,1.000,2026-10-06T01:11:49.000Z
177.000,Caldari Citizen 3216932,Capsule,64257,36745,80046,187,-0.6731,-0.4758,0.5663,200,,,,2026-10-06T01:11:49.000Z
177.000,Minmatar Citizen 9076035,Porpoise,67365,42831,60127,77,,,,41,1.000,1.000,1.000,2026-10-06T01:11:49.000Z
177.000,Minmatar Citizen 6662812,Procurer,51117,48343,70815,111,-0.2936,0.9370,0.1892,219,1.000,1.000,1.000,2026-10-06T01:11:49.000Z
177.000,Caldari Citizen 3891005,Porpoise,49307,50561,71488,9,-0.1362,0.2664,0.9542,344,,,,2026-10-06T01:11:49.000Z
177.000,Caldari Citizen 8777524,Prospect,4271,13107,20522,3913,-0.1090,0.8205,-0.5611,221,0.000,0.260,1.000,2026-10-06T01:11:49.000Z
177.000,Minmatar Citizen 0254120,Procurer,52595,48734,72510,164,-0.5518,0.7122,-0.4340,195,0.010,0.929,1.000,2026-10-06T01:11:49.000Z
177.000,Amarr Citizen 2674287,Porpoise,68199,47929,55176,85,0.0121,-0.0927,0.9956,175,0.000,0.910,1.000,2026-10-06T01:11:49.000Z
177.000,Amarr Citizen 5054432,Venture,61594,54357,63915,423,-0.4133,0.2905,-0.8630,239,1.000,1.000,1.000,2026-10-06T01:11:49.000Z
177.000,Amarr Citizen 4520313,Capsule,45085,144935,102229,0,,,,6,,,,2026-10-06T01:11:49.000Z
177.000,Minmatar Citizen 9978241,Retriever,59008,42604,68737,165,-0.6436,0.7335,-0.2187,128,1.000,1.000,1.000,2026-10-06T01:11:49.000Z
177.000,Minmatar Citizen 7162778,Capsule,26502,39999,55023,0,,,,3,,,,2026-10-06T01:11:49.000Z
177.000,Minmatar Citizen 9678938,Capsule,64492,39881,72627,0,,,,4,,,,2026-10-06T01:11:49.000Z
177.000,Minmatar Citizen 2250648,Porpoise,64822,50216,45345,707,-0.3165,-0.5594,-0.7661,204,1.000,1.000,1.000,2026-10-06T01:11:49.000Z
177.000,Gallente Citizen 1635012,Venture,101268,38428,97964,3914,0.0689,0.9974,-0.0222,1275,1.000,1.000,1.000,2026-10-06T01:11:49.000Z
177.000,Amarr Citizen 2281178,Procurer,76159,55456,58922,53,,,,96,1.000,1.000,1.000,2026-10-06T01:11:49.000Z
178.000,Caldari Citizen 9942864,Capsule,53793,702,68372,0,,,,1,,,,2026-10-06T01:11:50.000Z
178.000,Caldari Citizen 6206817,Orca,60756,54851,64758,129,-0.6985,-0.0360,0.7147,333,0.610,1.000,1.000,2026-10-06T01:11:50.000Z
178.000,Minmatar Citizen 9745080,Skiff,50847,53887,67137,4,,,,14,1.000,1.000,1.000,2026-10-06T01:11:50.000Z
178.000,Amarr Citizen 0220922,Capsule,78692,58763,51704,0,,,,11,,,,2026-10-06T01:11:50.000Z
178.000,Minmatar Citizen 4351238,Venture,75042,17511,86342,2627,0.6767,0.4420,0.5888,320,1.000,1.000,1.000,2026-10-06T01:11:50.000Z
178.000,Caldari Citizen 3216932,Capsule,64031,36468,80164,187,-0.6650,-0.4720,0.5788,214,,,,2026-10-06T01:11:50.000Z
178.000,Minmatar Citizen 9076035,Porpoise,67429,42834,60069,72,,,,37,1.000,1.000,1.000,2026-10-06T01:11:50.000Z
178.000,Minmatar Citizen 6662812,Procurer,50943,48521,70878,90,-0.5137,0.8174,0.2607,134,1.000,1.000,1.000,2026-10-06T01:11:50.000Z
178.000,Caldari Citizen 3891005,Capsule,49333,50680,71745,8,,,,438,,,,2026-10-06T01:11:50.000Z
178.000,Caldari Citizen 8777524,Prospect,3931,16367,18405,3935,-0.0135,0.8471,-0.5312,168,0.000,0.260,1.000,2026-10-06T01:11:50.000Z
178.000,Minmatar Citizen 0254120,Procurer,52422,48978,72376,154,-0.5612,0.7392,-0.3723,205,0.000,0.929,1.000,2026-10-06T01:11:50.000Z
178.000,Amarr Citizen 2674287,Porpoise,68293,47920,55467,87,0.0127,-0.1792,0.9837,356,0.000,0.890,1.000,2026-10-06T01:11:50.000Z
178.000,Amarr Citizen 5054432,Venture,61415,54475,63588,424,-0.4559,0.3445,-0.8207,109,1.000,1.000,1.000,2026-10-06T01:11:50.000Z
178.000,Amarr Citizen 4520313,Capsule,45085,144935,102229,0,,,,6,,,,2026-10-06T01:11:50.000Z
178.000,Minmatar Citizen 9978241,Retriever,58816,42733,68787,174,,,,98,1.000,1.000,1.000,2026-10-06T01:11:50.000Z
178.000,Minmatar Citizen 7162778,Capsule,26502,39999,55023,0,,,,3,,,,2026-10-06T01:11:50.000Z
178.000,Minmatar Citizen 9678938,Capsule,64492,39881,72627,0,,,,4,,,,2026-10-06T01:11:50.000Z
178.000,Minmatar Citizen 2250648,Porpoise,64628,49861,44820,609,-0.3081,-0.5201,-0.7966,350,1.000,1.000,1.000,2026-10-06T01:11:50.000Z
178.000,Gallente Citizen 1635012,Venture,101550,42375,97875,4042,0.0711,0.9974,-0.0109,1295,1.000,1.000,1.000,2026-10-06T01:11:50.000Z
179.000,Caldari Citizen 9942864,Capsule,53793,702,68372,0,,,,1,,,,2026-10-06T01:11:51.000Z
179.000,Caldari Citizen 6206817,Orca,60673,54880,64873,129,,,,337,0.610,1.000,1.000,2026-10-06T01:11:51.000Z
179.000,Minmatar Citizen 9745080,Skiff,50840,53886,67145,3,,,,13,1.000,1.000,1.000,2026-10-06T01:11:51.000Z
179.000,Amarr Citizen 0220922,Capsule,78692,58763,51704,0,,,,11,,,,2026-10-06T01:11:51.000Z
179.000,Minmatar Citizen 4351238,Venture,76784,18798,87845,2654,0.6385,0.5152,0.5718,258,1.000,1.000,1.000,2026-10-06T01:11:51.000Z
179.000,Caldari Citizen 3216932,Capsule,63813,36310,80343,187,-0.6747,-0.3896,0.6269,142,,,,2026-10-06T01:11:51.000Z
179.000,Minmatar Citizen 9076035,Porpoise,67491,42830,60016,68,,,,32,1.000,1.000,1.000,2026-10-06T01:11:51.000Z
179.000,Minmatar Citizen 6662812,Procurer,50856,48552,70924,73,,,,114,1.000,1.000,1.000,2026-10-06T01:11:51.000Z
179.000,Caldari Citizen 3891005,Capsule,49353,50780,71980,0,,,,20,,,,2026-10-06T01:11:51.000Z
179.000,Caldari Citizen 8777524,Prospect,4005,19637,16373,3797,0.0964,0.8601,-0.5010,286,0.010,0.260,1.000,2026-10-06T01:11:51.000Z
179.000,Minmatar Citizen 0254120,Procurer,52324,49151,72298,147,-0.5751,0.7918,-0.2056,102,0.000,0.919,1.000,2026-10-06T01:11:51.000Z
179.000,Amarr Citizen 2674287,Porpoise,68352,47793,55826,104,-0.0506,-0.2467,0.9678,362,0.000,0.840,1.000,2026-10-06T01:11:51.000Z
179.000,Amarr Citizen 5054432,Venture,61202,54635,63319,406,-0.4885,0.4353,-0.7562,312,1.000,1.000,1.000,2026-10-06T01:11:51.000Z
179.000,Amarr Citizen 4520313,Capsule,45085,144935,102229,0,,,,6,,,,2026-10-06T01:11:51.000Z
179.000,Minmatar Citizen 9978241,Retriever,58698,42876,68798,179,,,,142,1.000,1.000,1.000,2026-10-06T01:11:51.000Z
179.000,Minmatar Citizen 7162778,Capsule,26502,39999,55023,0,,,,3,,,,2026-10-06T01:11:51.000Z
179.000,Minmatar Citizen 9678938,Capsule,64492,39881,72627,0,,,,4,,,,2026-10-06T01:11:51.000Z
179.000,Minmatar Citizen 2250648,Porpoise,64454,49667,44339,505,-0.3103,-0.4886,-0.8154,286,1.000,1.000,1.000,2026-10-06T01:11:51.000Z
179.000,Gallente Citizen 1635012,Venture,101895,46461,97831,4144,0.0764,0.9971,0.0012,1304,1.000,1.000,1.000,2026-10-06T01:11:51.000Z
180.000,Caldari Citizen 9942864,Capsule,53793,702,68372,0,,,,1,,,,2026-10-06T01:11:52.000Z
180.000,Caldari Citizen 6206817,Orca,60588,54891,64977,129,,,,341,0.610,1.000,1.000,2026-10-06T01:11:52.000Z
180.000,Minmatar Citizen 9745080,Skiff,50834,53885,67152,2,,,,12,1.000,1.000,1.000,2026-10-06T01:11:52.000Z
180.000,Amarr Citizen 0220922,Capsule,78692,58763,51704,0,,,,11,,,,2026-10-06T01:11:52.000Z
180.000,Minmatar Citizen 4351238,Venture,78392,20325,89333,2686,0.5950,0.5803,0.5561,471,1.000,1.000,1.000,2026-10-06T01:11:52.000Z
180.000,Caldari Citizen 3216932,Capsule,63618,36283,80573,187,-0.6717,-0.2522,0.6966,97,,,,2026-10-06T01:11:52.000Z
180.000,Minmatar Citizen 9076035,Porpoise,67550,42824,59967,65,,,,26,1.000,1.000,1.000,2026-10-06T01:11:52.000Z
180.000,Minmatar Citizen 6662812,Procurer,50805,48560,70958,60,,,,105,0.700,1.000,1.000,2026-10-06T01:11:52.000Z
180.000,Caldari Citizen 3891005,Capsule,49353,50780,71980,0,,,,20,,,,2026-10-06T01:11:52.000Z
180.000,Caldari Citizen 8777524,Prospect,4623,22959,14546,3765,0.2146,0.8562,-0.4699,422,0.010,0.260,1.000,2026-10-06T01:11:52.000Z
180.000,Minmatar Citizen 0254120,Procurer,52274,49256,72293,141,,,,59,0.000,0.909,1.000,2026-10-06T01:11:52.000Z
180.000,Amarr Citizen 2674287,Porpoise,68285,47689,56081,118,-0.1930,-0.2920,0.9367,312,0.000,0.780,1.000,2026-10-06T01:11:52.000Z
180.000,Amarr Citizen 5054432,Venture,60991,54823,62988,365,-0.4888,0.5696,-0.6608,296,1.000,1.000,1.000,2026-10-06T01:11:52.000Z
180.000,Amarr Citizen 4520313,Capsule,45085,144935,102229,0,,,,6,,,,2026-10-06T01:11:52.000Z
180.000,Minmatar Citizen 9978241,Retriever,58705,42953,68750,159,,,,173,1.000,1.000,1.000,2026-10-06T01:11:52.000Z
180.000,Minmatar Citizen 7162778,Capsule,26502,39999,55023,0,,,,3,,,,2026-10-06T01:11:52.000Z
180.000,Minmatar Citizen 9678938,Capsule,64492,39881,72627,0,,,,4,,,,2026-10-06T01:11:52.000Z
180.000,Minmatar Citizen 2250648,Porpoise,64301,49498,43946,417,-0.3200,-0.5015,-0.8038,325,1.000,1.000,1.000,2026-10-06T01:11:52.000Z
180.000,Gallente Citizen 1635012,Venture,102221,50621,97820,4222,0.0759,0.9969,0.0189,1317,1.000,1.000,1.000,2026-10-06T01:11:52.000Z
180.000,Amarr Citizen 2281178,Procurer,76231,55446,58868,32,,,,108,1.000,1.000,1.000,2026-10-06T01:11:52.000Z
181.000,Caldari Citizen 9942864,Capsule,53793,702,68372,0,,,,1,,,,2026-10-06T01:11:53.000Z
181.000,Caldari Citizen 6206817,Orca,60476,54856,65065,129,-0.8398,-0.5204,0.1546,346,0.610,1.000,1.000,2026-10-06T01:11:53.000Z
181.000,Minmatar Citizen 9745080,Skiff,50829,53884,67158,2,,,,11,1.000,1.000,1.000,2026-10-06T01:11:53.000Z
181.000,Amarr Citizen 0220922,Capsule,78692,58763,51704,0,,,,11,,,,2026-10-06T01:11:53.000Z
181.000,Minmatar Citizen 4351238,Venture,79949,22055,90840,2718,0.5555,0.6361,0.5356,588,1.000,1.000,1.000,2026-10-06T01:11:53.000Z
181.000,Caldari Citizen 3216932,Capsule,63469,36290,80761,187,-0.6504,-0.1310,0.7482,62,,,,2026-10-06T01:11:53.000Z
181.000,Minmatar Citizen 9076035,Porpoise,67607,42817,59919,65,,,,21,1.000,1.000,1.000,2026-10-06T01:11:53.000Z
181.000,Minmatar Citizen 6662812,Procurer,50775,48557,70987,48,,,,99,0.163,0.980,1.000,2026-10-06T01:11:53.000Z
181.000,Caldari Citizen 3891005,Capsule,49353,50780,71980,0,,,,20,,,,2026-10-06T01:11:53.000Z
181.000,Caldari Citizen 8777524,Prospect,5681,26276,12886,3792,0.3346,0.8343,-0.4382,117,0.010,0.260,1.000,2026-10-06T01:11:53.000Z
181.000,Minmatar Citizen 0254120,Procurer,52204,49326,72347,137,,,,51,0.000,0.909,1.000,2026-10-06T01:11:53.000Z
181.000,Amarr Citizen 2674287,Porpoise,68186,47636,56194,123,-0.4216,-0.2773,0.8633,294,0.000,0.770,1.000,2026-10-06T01:11:53.000Z
181.000,Amarr Citizen 5054432,Venture,60832,55015,62756,317,-0.4404,0.7196,-0.5368,253,1.000,1.000,1.000,2026-10-06T01:11:53.000Z
181.000,Amarr Citizen 4520313,Capsule,45085,144935,102229,0,,,,6,,,,2026-10-06T01:11:53.000Z
181.000,Minmatar Citizen 9978241,Retriever,58786,42932,68697,130,,,,152,1.000,1.000,1.000,2026-10-06T01:11:53.000Z
181.000,Minmatar Citizen 7162778,Capsule,26502,39999,55023,0,,,,3,,,,2026-10-06T01:11:53.000Z
181.000,Minmatar Citizen 9678938,Capsule,64492,39881,72627,0,,,,4,,,,2026-10-06T01:11:53.000Z
181.000,Minmatar Citizen 2250648,Porpoise,64192,49322,43640,342,-0.3113,-0.5739,-0.7575,102,1.000,1.000,1.000,2026-10-06T01:11:53.000Z
181.000,Gallente Citizen 1635012,Venture,102571,54859,97923,4284,0.0642,0.9972,0.0390,1728,1.000,1.000,1.000,2026-10-06T01:11:53.000Z
181.000,Amarr Citizen 2281178,Procurer,76209,55454,58880,49,,,,104,1.000,1.000,1.000,2026-10-06T01:11:53.000Z
182.000,Caldari Citizen 9942864,Capsule,53793,702,68372,0,,,,1,,,,2026-10-06T01:11:54.000Z
182.000,Caldari Citizen 6206817,Orca,60296,54721,65086,129,-0.7791,-0.6216,-0.0811,382,0.610,1.000,1.000,2026-10-06T01:11:54.000Z
182.000,Minmatar Citizen 9745080,Skiff,50826,53884,67162,1,,,,10,1.000,1.000,1.000,2026-10-06T01:11:54.000Z
182.000,Amarr Citizen 0220922,Capsule,78692,58763,51704,0,,,,11,,,,2026-10-06T01:11:54.000Z
182.000,Minmatar Citizen 4351238,Venture,81390,23802,92303,2730,0.5238,0.6873,0.5033,850,1.000,1.000,1.000,2026-10-06T01:11:54.000Z
182.000,Caldari Citizen 3216932,Capsule,63342,36285,80921,187,-0.6562,-0.1579,0.7379,34,,,,2026-10-06T01:11:54.000Z
182.000,Minmatar Citizen 9076035,Porpoise,67674,42806,59864,90,,,,15,1.000,1.000,1.000,2026-10-06T01:11:54.000Z
182.000,Minmatar Citizen 6662812,Procurer,50759,48552,71010,39,,,,94,0.000,0.980,1.000,2026-10-06T01:11:54.000Z
182.000,Caldari Citizen 3891005,Capsule,49353,50780,71980,0,,,,20,,,,2026-10-06T01:11:54.000Z
182.000,Caldari Citizen 8777524,Prospect,7177,29433,11318,3844,0.4475,0.7929,-0.4135,385,0.000,0.260,1.000,2026-10-06T01:11:54.000Z
182.000,Minmatar Citizen 0254120,Procurer,52130,49344,72445,133,,,,50,0.000,0.909,1.000,2026-10-06T01:11:54.000Z
182.000,Amarr Citizen 2674287,Porpoise,68098,47615,56271,130,,,,283,0.000,0.770,1.000,2026-10-06T01:11:54.000Z
182.000,Amarr Citizen 5054432,Venture,60679,55256,62643,285,-0.3503,0.8606,-0.3697,336,1.000,1.000,1.000,2026-10-06T01:11:54.000Z
182.000,Amarr Citizen 4520313,Capsule,45085,144935,102229,0,,,,6,,,,2026-10-06T01:11:54.000Z
182.000,Minmatar Citizen 9978241,Retriever,58850,42863,68687,87,,,,114,1.000,1.000,1.000,2026-10-06T01:11:54.000Z
182.000,Minmatar Citizen 7162778,Capsule,26502,39999,55023,0,,,,3,,,,2026-10-06T01:11:54.000Z
182.000,Minmatar Citizen 9678938,Capsule,64492,39881,72627,0,,,,4,,,,2026-10-06T01:11:54.000Z
182.000,Minmatar Citizen 2250648,Porpoise,64093,49107,43449,294,-0.2567,-0.6752,-0.6915,196,1.000,1.000,1.000,2026-10-06T01:11:54.000Z
182.000,Gallente Citizen 1635012,Venture,102909,59107,98139,4332,0.0395,0.9977,0.0550,1368,1.000,1.000,1.000,2026-10-06T01:11:54.000Z
182.000,Amarr Citizen 2281178,Procurer,76170,55461,58904,80,,,,98,1.000,1.000,1.000,2026-10-06T01:11:54.000Z
183.000,Caldari Citizen 9942864,Capsule,53793,702,68372,0,,,,1,,,,2026-10-06T01:11:55.000Z
183.000,Caldari Citizen 6206817,Orca,60032,54477,65008,129,-0.6847,-0.6659,-0.2965,76,0.600,1.000,1.000,2026-10-06T01:11:55.000Z
183.000,Minmatar Citizen 9745080,Skiff,50826,53884,67162,1,,,,10,1.000,1.000,1.000,2026-10-06T01:11:55.000Z
183.000,Amarr Citizen 0220922,Capsule,78692,58763,51704,0,,,,11,,,,2026-10-06T01:11:55.000Z
183.000,Minmatar Citizen 4351238,Venture,82673,25649,93644,2661,0.4969,0.7421,0.4499,578,1.000,1.000,1.000,2026-10-06T01:11:55.000Z
183.000,Caldari Citizen 3216932,Capsule,63216,36266,81077,187,-0.6792,-0.3394,0.6508,17,,,,2026-10-06T01:11:55.000Z
183.000,Minmatar Citizen 9076035,Porpoise,67749,42791,59806,84,,,,12,1.000,1.000,1.000,2026-10-06T01:11:55.000Z
183.000,Minmatar Citizen 6662812,Procurer,50751,48552,71022,32,,,,92,0.000,0.980,1.000,2026-10-06T01:11:55.000Z
183.000,Caldari Citizen 3891005,Capsule,49353,50780,71980,0,,,,20,,,,2026-10-06T01:11:55.000Z
183.000,Caldari Citizen 8777524,Prospect,9130,32436,9807,3889,0.5478,0.7328,-0.4036,152,0.000,0.255,1.000,2026-10-06T01:11:55.000Z
183.000,Minmatar Citizen 0254120,Procurer,52058,49330,72547,131,,,,44,0.000,0.899,1.000,2026-10-06T01:11:55.000Z
183.000,Amarr Citizen 2674287,Porpoise,68008,47615,56344,138,,,,273,0.000,0.750,1.000,2026-10-06T01:11:55.000Z
183.000,Amarr Citizen 5054432,Venture,60587,55598,62542,271,-0.1791,0.9698,-0.1655,253,1.000,1.000,1.000,2026-10-06T01:11:55.000Z
183.000,Amarr Citizen 4520313,Capsule,45085,144935,102229,0,,,,6,,,,2026-10-06T01:11:55.000Z
183.000,Minmatar Citizen 9978241,Retriever,58884,42795,68699,73,,,,92,1.000,1.000,1.000,2026-10-06T01:11:55.000Z
183.000,Minmatar Citizen 7162778,Capsule,26502,39999,55023,0,,,,3,,,,2026-10-06T01:11:55.000Z
183.000,Minmatar Citizen 9678938,Capsule,64492,39881,72627,0,,,,4,,,,2026-10-06T01:11:55.000Z
183.000,Minmatar Citizen 2250648,Porpoise,63985,48826,43273,253,-0.1383,-0.7510,-0.6457,348,1.000,1.000,1.000,2026-10-06T01:11:55.000Z
183.000,Gallente Citizen 1635012,Venture,103096,63323,98496,4369,-0.0037,0.9979,0.0641,1831,1.000,1.000,1.000,2026-10-06T01:11:55.000Z
183.000,Amarr Citizen 2281178,Procurer,76113,55467,58946,108,,,,89,1.000,1.000,1.000,2026-10-06T01:11:55.000Z
184.000,Caldari Citizen 9942864,Capsule,53793,702,68372,0,,,,1,,,,2026-10-06T01:11:56.000Z
184.000,Caldari Citizen 6206817,Orca,59844,54287,64896,130,-0.5322,-0.6310,-0.5645,397,0.600,1.000,1.000,2026-10-06T01:11:56.000Z
184.000,Minmatar Citizen 9745080,Skiff,50826,53884,67162,1,,,,10,1.000,1.000,1.000,2026-10-06T01:11:56.000Z
184.000,Amarr Citizen 0220922,Capsule,78692,58763,51704,0,,,,11,,,,2026-10-06T01:11:56.000Z
184.000,Minmatar Citizen 4351238,Venture,83928,27599,94801,2642,0.4717,0.8002,0.3705,1155,1.000,1.000,1.000,2026-10-06T01:11:56.000Z
184.000,Caldari Citizen 3216932,Capsule,63078,36205,81220,187,-0.6509,-0.5261,0.5473,41,,,,2026-10-06T01:11:56.000Z
184.000,Minmatar Citizen 9076035,Porpoise,67821,42776,59753,78,,,,17,1.000,1.000,1.000,2026-10-06T01:11:56.000Z
184.000,Minmatar Citizen 6662812,Procurer,50749,48554,71023,24,,,,92,0.000,0.870,1.000,2026-10-06T01:11:56.000Z
184.000,Caldari Citizen 3891005,Capsule,49353,50780,71980,0,,,,20,,,,2026-10-06T01:11:56.000Z
184.000,Caldari Citizen 8777524,Prospect,11508,35207,8347,3892,0.6349,0.6586,-0.4038,111,0.000,0.253,1.000,2026-10-06T01:11:56.000Z
184.000,Minmatar Citizen 0254120,Procurer,51948,49355,72632,128,,,,72,0.040,0.899,1.000,2026-10-06T01:11:56.000Z
184.000,Amarr Citizen 2674287,Porpoise,67920,47626,56419,145,,,,263,0.000,0.710,1.000,2026-10-06T01:11:56.000Z
184.000,Amarr Citizen 5054432,Venture,60560,55926,62552,269,0.1370,0.9906,0.0057,301,1.000,1.000,1.000,2026-10-06T01:11:56.000Z
184.000,Amarr Citizen 4520313,Capsule,45085,144935,102229,0,,,,6,,,,2026-10-06T01:11:56.000Z
184.000,Minmatar Citizen 9978241,Retriever,58902,42751,68708,61,,,,86,1.000,1.000,1.000,2026-10-06T01:11:56.000Z
184.000,Minmatar Citizen 7162778,Capsule,26502,39999,55023,0,,,,3,,,,2026-10-06T01:11:56.000Z
184.000,Minmatar Citizen 9678938,Capsule,64492,39881,72627,0,,,,4,,,,2026-10-06T01:11:56.000Z
184.000,Minmatar Citizen 2250648,Porpoise,63940,48579,43092,217,0.0533,-0.7670,-0.6394,166,1.000,1.000,1.000,2026-10-06T01:11:56.000Z
184.000,Gallente Citizen 1635012,Venture,103043,67502,98859,4399,-0.0716,0.9954,0.0633,2575,1.000,1.000,1.000,2026-10-06T01:11:56.000Z
184.000,Amarr Citizen 2281178,Procurer,76041,55475,59004,132,,,,76,1.000,1.000,1.000,2026-10-06T01:11:56.000Z
185.000,Caldari Citizen 9942864,Capsule,53793,702,68372,0,,,,1,,,,2026-10-06T01:11:57.000Z
185.000,Caldari Citizen 6206817,Orca,59814,54210,64789,130,,,,368,0.600,1.000,1.000,2026-10-06T01:11:57.000Z
185.000,Minmatar Citizen 9745080,Skiff,50826,53884,67162,0,,,,10,1.000,1.000,1.000,2026-10-06T01:11:57.000Z
185.000,Amarr Citizen 0220922,Capsule,78692,58763,51704,0,,,,11,,,,2026-10-06T01:11:57.000Z
185.000,Minmatar Citizen 4351238,Venture,85085,29675,95658,2652,0.4503,0.8506,0.2715,1073,1.000,1.000,1.000,2026-10-06T01:11:57.000Z
185.000,Caldari Citizen 3216932,Capsule,62905,36044,81327,187,-0.5498,-0.6745,0.4928,151,,,,2026-10-06T01:11:57.000Z
185.000,Minmatar Citizen 9076035,Porpoise,67881,42788,59693,73,,,,10,1.000,1.000,1.000,2026-10-06T01:11:57.000Z
185.000,Minmatar Citizen 6662812,Procurer,50756,48556,71014,16,,,,94,0.000,0.870,1.000,2026-10-06T01:11:57.000Z
185.000,Caldari Citizen 3891005,Capsule,49353,50780,71980,0,,,,20,,,,2026-10-06T01:11:57.000Z
185.000,Caldari Citizen 8777524,Prospect,14195,37643,6813,3922,0.7057,0.5806,-0.4061,180,0.000,0.253,1.000,2026-10-06T01:11:57.000Z
185.000,Minmatar Citizen 0254120,Procurer,51736,49469,72705,127,-0.8436,0.4660,0.2668,179,0.040,0.898,1.000,2026-10-06T01:11:57.000Z
185.000,Amarr Citizen 2674287,Porpoise,67835,47633,56496,152,,,,253,0.000,0.667,1.000,2026-10-06T01:11:57.000Z
185.000,Amarr Citizen 5054432,Venture,60572,56159,62627,273,0.6312,0.7627,0.1413,239,1.000,1.000,1.000,2026-10-06T01:11:57.000Z
185.000,Amarr Citizen 4520313,Capsule,45085,144935,102229,0,,,,6,,,,2026-10-06T01:11:57.000Z
185.000,Minmatar Citizen 9978241,Retriever,58908,42734,68711,48,,,,87,1.000,1.000,1.000,2026-10-06T01:11:57.000Z
185.000,Minmatar Citizen 7162778,Capsule,26502,39999,55023,0,,,,3,,,,2026-10-06T01:11:57.000Z
185.000,Minmatar Citizen 9678938,Capsule,64492,39881,72627,0,,,,4,,,,2026-10-06T01:11:57.000Z
185.000,Minmatar Citizen 2250648,Porpoise,63990,48411,42947,187,0.3088,-0.6841,-0.6608,46,1.000,1.000,1.000,2026-10-06T01:11:57.000Z
185.000,Gallente Citizen 1635012,Venture,102730,71696,99113,4277,-0.1741,0.9832,0.0547,2552,1.000,1.000,1.000,2026-10-06T01:11:57.000Z
185.000,Amarr Citizen 2281178,Procurer,75953,55488,59072,152,,,,62,1.000,1.000,1.000,2026-10-06T01:11:57.000Z
186.000,Caldari Citizen 9942864,Capsule,53793,702,68372,0,,,,1,,,,2026-10-06T01:11:58.000Z
186.000,Caldari Citizen 6206817,Orca,59850,54173,64648,130,0.0234,0.1888,-0.9817,361,0.600,1.000,1.000,2026-10-06T01:11:58.000Z
186.000,Minmatar Citizen 9745080,Skiff,50826,53884,67162,0,,,,10,1.000,1.000,1.000,2026-10-06T01:11:58.000Z
186.000,Amarr Citizen 0220922,Capsule,78692,58763,51704,0,,,,11,,,,2026-10-06T01:11:58.000Z
186.000,Minmatar Citizen 4351238,Venture,86147,31939,96177,2675,0.4346,0.8845,0.1694,1586,1.000,1.000,1.000,2026-10-06T01:11:58.000Z
186.000,Caldari Citizen 3216932,Capsule,62710,35788,81410,187,-0.3761,-0.7826,0.4960,286,,,,2026-10-06T01:11:58.000Z
186.000,Minmatar Citizen 9076035,Porpoise,67904,42870,59598,69,-0.0396,0.7021,-0.7110,50,1.000,1.000,1.000,2026-10-06T01:11:58.000Z
186.000,Minmatar Citizen 6662812,Procurer,50766,48556,71002,25,,,,96,0.000,0.870,1.000,2026-10-06T01:11:58.000Z
186.000,Caldari Citizen 3891005,Capsule,49353,50780,71980,0,,,,20,,,,2026-10-06T01:11:58.000Z
186.000,Caldari Citizen 8777524,Prospect,17123,39704,5128,3963,0.7615,0.5042,-0.4073,333,0.000,0.253,1.000,2026-10-06T01:11:58.000Z
186.000,Minmatar Citizen 0254120,Procurer,51452,49642,72757,126,-0.8092,0.5641,0.1643,241,0.030,0.898,1.000,2026-10-06T01:11:58.000Z
186.000,Amarr Citizen 2674287,Porpoise,67749,47637,56573,159,,,,243,0.000,0.630,1.000,2026-10-06T01:11:58.000Z
186.000,Amarr Citizen 5054432,Venture,60745,56321,62680,277,0.9499,0.2430,0.1965,264,1.000,1.000,1.000,2026-10-06T01:11:58.000Z
186.000,Amarr Citizen 4520313,Capsule,45085,144935,102229,0,,,,6,,,,2026-10-06T01:11:58.000Z
186.000,Minmatar Citizen 9978241,Retriever,58905,42740,68709,47,,,,86,1.000,1.000,1.000,2026-10-06T01:11:58.000Z
186.000,Minmatar Citizen 7162778,Capsule,26502,39999,55023,0,,,,3,,,,2026-10-06T01:11:58.000Z
186.000,Minmatar Citizen 9678938,Capsule,64492,39881,72627,0,,,,4,,,,2026-10-06T01:11:58.000Z
186.000,Minmatar Citizen 2250648,Porpoise,64118,48280,42806,161,0.5553,-0.5147,-0.6532,36,1.000,1.000,1.000,2026-10-06T01:11:58.000Z
186.000,Gallente Citizen 1635012,Venture,101928,75592,99292,3739,-0.3107,0.9496,0.0409,2090,1.000,1.000,1.000,2026-10-06T01:11:58.000Z
186.000,Amarr Citizen 2281178,Procurer,75851,55507,59146,169,,,,46,1.000,1.000,1.000,2026-10-06T01:11:58.000Z
187.000,Caldari Citizen 9942864,Capsule,53793,702,68372,0,,,,1,,,,2026-10-06T01:11:59.000Z
187.000,Caldari Citizen 6206817,Orca,59918,54210,64445,130,0.1264,0.4851,-0.8653,367,0.600,1.000,1.000,2026-10-06T01:11:59.000Z
187.000,Minmatar Citizen 9745080,Skiff,50826,53884,67162,0,,,,10,1.000,1.000,1.000,2026-10-06T01:11:59.000Z
187.000,Amarr Citizen 0220922,Capsule,78692,58763,51704,0,,,,11,,,,2026-10-06T01:11:59.000Z
187.000,Minmatar Citizen 4351238,Venture,87181,34299,96389,2690,0.4206,0.9035,0.0820,1768,1.000,1.000,1.000,2026-10-06T01:11:59.000Z
187.000,Caldari Citizen 3216932,Capsule,62605,35573,81519,187,-0.1916,-0.8185,0.5416,222,,,,2026-10-06T01:11:59.000Z
187.000,Minmatar Citizen 9076035,Porpoise,67859,43069,59427,67,-0.1179,0.7300,-0.6732,198,1.000,1.000,1.000,2026-10-06T01:11:59.000Z
187.000,Minmatar Citizen 6662812,Procurer,50776,48558,70990,29,,,,98,0.000,0.830,1.000,2026-10-06T01:11:59.000Z
187.000,Caldari Citizen 3891005,Capsule,49353,50780,71980,0,,,,20,,,,2026-10-06T01:11:59.000Z
187.000,Caldari Citizen 8777524,Prospect,20264,41451,3443,3972,0.8069,0.4338,-0.4009,746,0.000,0.253,1.000,2026-10-06T01:11:59.000Z
187.000,Amarr Citizen 2674287,Porpoise,67662,47643,56647,162,,,,233,0.000,0.620,1.000,2026-10-06T01:11:59.000Z
187.000,Amarr Citizen 5054432,Venture,61098,56326,62715,280,0.9724,-0.1789,0.1499,220,1.000,1.000,1.000,2026-10-06T01:11:59.000Z
187.000,Amarr Citizen 4520313,Capsule,45085,144935,102229,0,,,,6,,,,2026-10-06T01:11:59.000Z
187.000,Minmatar Citizen 9978241,Retriever,58900,42758,68703,56,,,,87,1.000,1.000,1.000,2026-10-06T01:11:59.000Z
187.000,Minmatar Citizen 7162778,Capsule,26502,39999,55023,0,,,,3,,,,2026-10-06T01:11:59.000Z
187.000,Minmatar Citizen 9678938,Capsule,64492,39881,72627,0,,,,4,,,,2026-10-06T01:11:59.000Z
187.000,Minmatar Citizen 2250648,Porpoise,64297,48223,42686,149,0.6655,-0.3909,-0.6358,54,1.000,1.000,1.000,2026-10-06T01:11:59.000Z
187.000,Gallente Citizen 1635012,Venture,100620,79006,99359,3587,-0.4710,0.8816,0.0312,2091,1.000,1.000,1.000,2026-10-06T01:11:59.000Z
187.000,Amarr Citizen 2281178,Procurer,75739,55527,59225,177,,,,32,1.000,1.000,1.000,2026-10-06T01:11:59.000Z
188.000,Caldari Citizen 9942864,Capsule,53793,702,68372,0,,,,1,,,,2026-10-06T01:12:00.000Z
188.000,Caldari Citizen 6206817,Orca,59965,54407,64200,130,0.1406,0.5803,-0.8022,414,0.600,1.000,1.000,2026-10-06T01:12:00.000Z
188.000,Minmatar Citizen 9745080,Skiff,50826,53884,67162,0,,,,10,1.000,1.000,1.000,2026-10-06T01:12:00.000Z
188.000,Amarr Citizen 0220922,Capsule,78692,58763,51704,0,,,,11,,,,2026-10-06T01:12:00.000Z
188.000,Minmatar Citizen 4351238,Venture,88238,36598,96401,2720,0.4036,0.9147,0.0218,1368,1.000,1.000,1.000,2026-10-06T01:12:00.000Z
188.000,Caldari Citizen 3216932,Capsule,62633,35367,81674,187,-0.0402,-0.7849,0.6184,252,,,,2026-10-06T01:12:00.000Z
188.000,Minmatar Citizen 9076035,Porpoise,67763,43341,59206,58,-0.1455,0.7373,-0.6598,201,1.000,1.000,1.000,2026-10-06T01:12:00.000Z
188.000,Minmatar Citizen 6662812,Procurer,50783,48565,70978,36,,,,101,0.000,0.830,1.000,2026-10-06T01:12:00.000Z
188.000,Caldari Citizen 3891005,Capsule,49353,50780,71980,0,,,,20,,,,2026-10-06T01:12:00.000Z
188.000,Caldari Citizen 8777524,Prospect,23563,43054,1854,3933,0.8476,0.3700,-0.3802,518,0.000,0.232,1.000,2026-10-06T01:12:00.000Z
188.000,Minmatar Citizen 0254120,Procurer,51182,49863,72758,124,,,,76,0.000,0.879,1.000,2026-10-06T01:12:00.000Z
188.000,Amarr Citizen 2674287,Porpoise,67576,47653,56720,168,,,,224,0.000,0.566,1.000,2026-10-06T01:12:00.000Z
188.000,Amarr Citizen 5054432,Venture,61513,56132,62761,283,0.8913,-0.4428,0.0974,394,1.000,1.000,1.000,2026-10-06T01:12:00.000Z
188.000,Amarr Citizen 4520313,Capsule,45085,144935,102229,0,,,,6,,,,2026-10-06T01:12:00.000Z
188.000,Minmatar Citizen 9978241,Retriever,58905,42776,68687,78,,,,87,1.000,1.000,1.000,2026-10-06T01:12:00.000Z
188.000,Minmatar Citizen 7162778,Capsule,26502,39999,55023,0,,,,3,,,,2026-10-06T01:12:00.000Z
188.000,Minmatar Citizen 9678938,Capsule,64492,39881,72627,0,,,,4,,,,2026-10-06T01:12:00.000Z
188.000,Minmatar Citizen 2250648,Porpoise,64451,48221,42596,129,0.6173,-0.4049,-0.6746,67,1.000,1.000,1.000,2026-10-06T01:12:00.000Z
188.000,Gallente Citizen 1635012,Venture,98541,82049,99427,3467,-0.6257,0.7795,0.0317,864,1.000,1.000,1.000,2026-10-06T01:12:00.000Z
188.000,Amarr Citizen 2281178,Procurer,75627,55531,59321,190,-0.4969,-0.3081,0.8113,15,1.000,1.000,1.000,2026-10-06T01:12:00.000Z
189.000,Caldari Citizen 9942864,Capsule,53793,702,68372,0,,,,1,,,,2026-10-06T01:12:01.000Z
189.000,Caldari Citizen 6206817,Orca,59955,54711,63956,130,0.1500,0.5700,-0.8078,319,0.590,1.000,1.000,2026-10-06T01:12:01.000Z
189.000,Minmatar Citizen 9745080,Skiff,50826,53884,67162,0,,,,10,1.000,1.000,1.000,2026-10-06T01:12:01.000Z
189.000,Amarr Citizen 0220922,Capsule,78692,58763,51704,0,,,,11,,,,2026-10-06T01:12:01.000Z
189.000,Minmatar Citizen 4351238,Venture,89310,38887,96313,2748,0.3788,0.9254,-0.0074,1230,1.000,1.000,1.000,2026-10-06T01:12:01.000Z
189.000,Caldari Citizen 3216932,Capsule,62725,35135,81882,187,0.0230,-0.7129,0.7008,194,,,,2026-10-06T01:12:01.000Z
189.000,Minmatar Citizen 9076035,Porpoise,67729,43489,59077,49,,,,136,1.000,1.000,1.000,2026-10-06T01:12:01.000Z
189.000,Minmatar Citizen 6662812,Procurer,50786,48575,70963,42,,,,103,0.000,0.770,1.000,2026-10-06T01:12:01.000Z
189.000,Caldari Citizen 3891005,Capsule,49353,50780,71980,0,,,,20,,,,2026-10-06T01:12:01.000Z
189.000,Caldari Citizen 8777524,Prospect,26962,44403,341,3919,0.8845,0.3128,-0.3461,341,0.000,0.232,1.000,2026-10-06T01:12:01.000Z
189.000,Minmatar Citizen 0254120,Procurer,51147,49972,72766,124,0.1023,0.9125,0.3961,26,0.000,0.879,1.000,2026-10-06T01:12:01.000Z
189.000,Amarr Citizen 2674287,Porpoise,67490,47664,56793,173,,,,214,0.000,0.540,1.000,2026-10-06T01:12:01.000Z
189.000,Amarr Citizen 5054432,Venture,61792,55920,62790,288,0.7697,-0.6360,0.0557,278,1.000,1.000,1.000,2026-10-06T01:12:01.000Z
189.000,Amarr Citizen 4520313,Capsule,45085,144935,102229,0,,,,6,,,,2026-10-06T01:12:01.000Z
189.000,Minmatar Citizen 9978241,Retriever,58923,42789,68660,90,,,,86,1.000,1.000,1.000,2026-10-06T01:12:01.000Z
189.000,Minmatar Citizen 7162778,Capsule,26502,39999,55023,0,,,,3,,,,2026-10-06T01:12:01.000Z
189.000,Minmatar Citizen 9678938,Capsule,64492,39881,72627,0,,,,4,,,,2026-10-06T01:12:01.000Z
189.000,Minmatar Citizen 2250648,Porpoise,64553,48190,42502,111,0.4740,-0.5061,-0.7205,89,1.000,1.000,1.000,2026-10-06T01:12:01.000Z
189.000,Gallente Citizen 1635012,Venture,95828,84724,99480,3495,-0.7503,0.6599,0.0381,683,1.000,1.000,1.000,2026-10-06T01:12:01.000Z
189.000,Amarr Citizen 2281178,Procurer,75536,55483,59460,192,-0.3095,-0.4925,0.8134,35,1.000,1.000,1.000,2026-10-06T01:12:01.000Z
190.000,Caldari Citizen 9942864,Capsule,53793,702,68372,0,,,,1,,,,2026-10-06T01:12:02.000Z
190.000,Caldari Citizen 6206817,Orca,59976,54893,63785,130,0.1609,0.4246,-0.8910,278,0.590,1.000,1.000,2026-10-06T01:12:02.000Z
190.000,Minmatar Citizen 9745080,Skiff,50826,53884,67162,0,,,,10,1.000,1.000,1.000,2026-10-06T01:12:02.000Z
190.000,Amarr Citizen 0220922,Capsule,78692,58763,51704,0,,,,11,,,,2026-10-06T01:12:02.000Z
190.000,Minmatar Citizen 4351238,Venture,90374,41303,96232,2774,0.3401,0.9403,-0.0152,992,1.000,1.000,1.000,2026-10-06T01:12:02.000Z
190.000,Caldari Citizen 3216932,Capsule,62763,34983,82065,187,-0.0716,-0.6725,0.7366,99,,,,2026-10-06T01:12:02.000Z
190.000,Minmatar Citizen 9076035,Porpoise,67748,43523,59031,41,,,,128,1.000,1.000,1.000,2026-10-06T01:12:02.000Z
190.000,Minmatar Citizen 6662812,Procurer,50786,48582,70945,47,,,,107,0.000,0.768,1.000,2026-10-06T01:12:02.000Z
190.000,Caldari Citizen 3891005,Capsule,49353,50780,71980,0,,,,20,,,,2026-10-06T01:12:02.000Z
190.000,Caldari Citizen 8777524,Prospect,30538,45542,-996,3942,0.9140,0.2625,-0.3094,180,0.000,0.232,1.000,2026-10-06T01:12:02.000Z
190.000,Minmatar Citizen 0254120,Procurer,51202,50135,72850,123,0.4150,0.7928,0.4464,136,0.000,0.879,1.000,2026-10-06T01:12:02.000Z
190.000,Amarr Citizen 2674287,Porpoise,67405,47673,56866,177,,,,205,0.000,0.540,1.000,2026-10-06T01:12:02.000Z
190.000,Amarr Citizen 5054432,Venture,61955,55695,62796,296,0.6397,-0.7685,-0.0149,235,1.000,1.000,1.000,2026-10-06T01:12:02.000Z
190.000,Amarr Citizen 4520313,Capsule,45085,144935,102229,0,,,,6,,,,2026-10-06T01:12:02.000Z
190.000,Minmatar Citizen 9978241,Retriever,58949,42793,68631,92,,,,84,1.000,1.000,1.000,2026-10-06T01:12:02.000Z
190.000,Minmatar Citizen 7162778,Capsule,26502,39999,55023,0,,,,3,,,,2026-10-06T01:12:02.000Z
190.000,Minmatar Citizen 9678938,Capsule,64492,39881,72628,0,,,,4,,,,2026-10-06T01:12:02.000Z
190.000,Minmatar Citizen 2250648,Porpoise,64618,48062,42347,96,0.2309,-0.6566,-0.7180,164,1.000,1.000,1.000,2026-10-06T01:12:02.000Z
190.000,Gallente Citizen 1635012,Venture,92636,86866,99637,3596,-0.8403,0.5404,0.0441,722,1.000,1.000,1.000,2026-10-06T01:12:02.000Z
190.000,Amarr Citizen 2281178,Procurer,75489,55341,59669,194,-0.1609,-0.6710,0.7238,155,1.000,1.000,1.000,2026-10-06T01:12:02.000Z
191.000,Caldari Citizen 9942864,Capsule,53793,702,68372,0,,,,1,,,,2026-10-06T01:12:03.000Z
191.000,Caldari Citizen 6206817,Orca,60049,54934,63633,130,0.1776,0.1123,-0.9777,272,0.590,1.000,1.000,2026-10-06T01:12:03.000Z
191.000,Minmatar Citizen 9745080,Skiff,50826,53884,67162,0,,,,10,1.000,1.000,1.000,2026-10-06T01:12:03.000Z
191.000,Amarr Citizen 0220922,Capsule,78692,58763,51704,0,,,,11,,,,2026-10-06T01:12:03.000Z
191.000,Minmatar Citizen 4351238,Venture,91303,43991,96174,2798,0.2866,0.9579,-0.0170,852,1.000,1.000,1.000,2026-10-06T01:12:03.000Z
191.000,Caldari Citizen 3216932,Capsule,62736,34886,82220,187,-0.3009,-0.6643,0.6843,107,,,,2026-10-06T01:12:03.000Z
191.000,Minmatar Citizen 9076035,Porpoise,67767,43539,59002,35,,,,125,1.000,1.000,1.000,2026-10-06T01:12:03.000Z
191.000,Minmatar Citizen 6662812,Procurer,50795,48564,70928,51,,,,109,0.000,0.700,1.000,2026-10-06T01:12:03.000Z
191.000,Caldari Citizen 3891005,Capsule,49353,50780,71980,0,,,,20,,,,2026-10-06T01:12:03.000Z
191.000,Caldari Citizen 8777524,Prospect,34296,46421,-2101,3978,0.9354,0.2165,-0.2795,219,0.000,0.232,1.000,2026-10-06T01:12:03.000Z
191.000,Amarr Citizen 2674287,Porpoise,67320,47680,56939,181,,,,196,0.000,0.480,1.000,2026-10-06T01:12:03.000Z
191.000,Amarr Citizen 5054432,Venture,62126,55424,62808,307,0.5389,-0.8329,-0.1262,289,1.000,1.000,1.000,2026-10-06T01:12:03.000Z
191.000,Amarr Citizen 4520313,Capsule,45085,144935,102229,0,,,,6,,,,2026-10-06T01:12:03.000Z
191.000,Minmatar Citizen 9978241,Retriever,58978,42791,68602,94,,,,80,1.000,1.000,1.000,2026-10-06T01:12:03.000Z
191.000,Minmatar Citizen 7162778,Capsule,26502,39999,55023,0,,,,3,,,,2026-10-06T01:12:03.000Z
191.000,Minmatar Citizen 9678938,Capsule,64492,39881,72628,0,,,,4,,,,2026-10-06T01:12:03.000Z
191.000,Minmatar Citizen 2250648,Porpoise,64639,47866,42148,82,-0.0288,-0.7558,-0.6541,294,1.000,1.000,1.000,2026-10-06T01:12:03.000Z
191.000,Gallente Citizen 1635012,Venture,89268,88753,99920,3723,-0.8988,0.4359,0.0471,424,1.000,1.000,1.000,2026-10-06T01:12:03.000Z
191.000,Amarr Citizen 2281178,Procurer,75476,55125,59929,199,-0.1095,-0.8395,0.5321,249,1.000,1.000,1.000,2026-10-06T01:12:03.000Z
192.000,Caldari Citizen 9942864,Capsule,53793,702,68372,0,,,,1,,,,2026-10-06T01:12:04.000Z
192.000,Caldari Citizen 6206817,Orca,60114,54877,63416,130,0.1488,-0.2533,-0.9559,292,0.590,1.000,1.000,2026-10-06T01:12:04.000Z
192.000,Minmatar Citizen 9745080,Skiff,50826,53884,67162,0,,,,10,1.000,1.000,1.000,2026-10-06T01:12:04.000Z
192.000,Amarr Citizen 0220922,Capsule,78692,58763,51704,0,,,,11,,,,2026-10-06T01:12:04.000Z
192.000,Minmatar Citizen 4351238,Venture,92060,46810,96194,2817,0.2237,0.9743,-0.0268,646,1.000,1.000,1.000,2026-10-06T01:12:04.000Z
192.000,Caldari Citizen 3216932,Capsule,62631,34774,82384,187,-0.5189,-0.6346,0.5728,157,,,,2026-10-06T01:12:04.000Z
192.000,Minmatar Citizen 9076035,Porpoise,67784,43543,58981,29,,,,123,1.000,1.000,1.000,2026-10-06T01:12:04.000Z
192.000,Minmatar Citizen 6662812,Procurer,50849,48488,70934,54,0.8877,-0.4257,0.1753,118,0.000,0.690,1.000,2026-10-06T01:12:04.000Z
192.000,Caldari Citizen 3891005,Capsule,49353,50780,71980,0,,,,20,,,,2026-10-06T01:12:04.000Z
192.000,Caldari Citizen 8777524,Prospect,38167,47135,-3031,4016,0.9504,0.1721,-0.2590,451,0.000,0.232,1.000,2026-10-06T01:12:04.000Z
192.000,Minmatar Citizen 0254120,Procurer,51562,50593,73179,123,0.2116,0.9285,0.3051,156,0.000,0.869,1.000,2026-10-06T01:12:04.000Z
192.000,Amarr Citizen 2674287,Porpoise,67236,47688,57012,184,,,,188,0.000,0.475,1.000,2026-10-06T01:12:04.000Z
192.000,Amarr Citizen 5054432,Venture,62331,55070,62782,319,0.4722,-0.8364,-0.2784,366,1.000,1.000,1.000,2026-10-06T01:12:04.000Z
192.000,Amarr Citizen 4520313,Capsule,45085,144935,102229,0,,,,6,,,,2026-10-06T01:12:04.000Z
192.000,Minmatar Citizen 9978241,Retriever,59011,42788,68574,96,,,,75,1.000,1.000,1.000,2026-10-06T01:12:04.000Z
192.000,Minmatar Citizen 7162778,Capsule,26502,39999,55023,0,,,,3,,,,2026-10-06T01:12:04.000Z
192.000,Minmatar Citizen 9678938,Capsule,64492,39881,72628,0,,,,4,,,,2026-10-06T01:12:04.000Z
192.000,Minmatar Citizen 2250648,Porpoise,64617,47734,42058,71,-0.2318,-0.7901,-0.5675,262,1.000,1.000,1.000,2026-10-06T01:12:04.000Z
192.000,Gallente Citizen 1635012,Venture,85637,90204,100160,3850,-0.9345,0.3528,0.0472,346,1.000,1.000,1.000,2026-10-06T01:12:04.000Z
192.000,Amarr Citizen 2281178,Procurer,75500,54927,60065,204,-0.1539,-0.9516,0.2661,113,1.000,1.000,1.000,2026-10-06T01:12:04.000Z
193.000,Caldari Citizen 9942864,Capsule,53793,702,68372,0,,,,1,,,,2026-10-06T01:12:05.000Z
193.000,Caldari Citizen 6206817,Orca,60131,54729,63174,130,0.0428,-0.4652,-0.8841,193,0.590,1.000,1.000,2026-10-06T01:12:05.000Z
193.000,Minmatar Citizen 9745080,Skiff,50826,53884,67162,0,,,,10,1.000,1.000,1.000,2026-10-06T01:12:05.000Z
193.000,Amarr Citizen 0220922,Capsule,78692,58763,51704,0,,,,11,,,,2026-10-06T01:12:05.000Z
193.000,Minmatar Citizen 4351238,Venture,92556,49529,96189,2685,0.1572,0.9860,-0.0561,1000,1.000,1.000,1.000,2026-10-06T01:12:05.000Z
193.000,Caldari Citizen 3216932,Capsule,62450,34614,82506,187,-0.6288,-0.5947,0.5010,242,,,,2026-10-06T01:12:05.000Z
193.000,Minmatar Citizen 9076035,Porpoise,67799,43542,58968,25,,,,122,1.000,1.000,1.000,2026-10-06T01:12:05.000Z
193.000,Minmatar Citizen 6662812,Procurer,51007,48342,71008,57,0.9660,-0.2469,-0.0772,204,0.000,0.600,1.000,2026-10-06T01:12:05.000Z
193.000,Caldari Citizen 3891005,Capsule,49353,50780,71980,0,,,,20,,,,2026-10-06T01:12:05.000Z
193.000,Caldari Citizen 8777524,Prospect,42073,47821,-3994,4053,0.9592,0.1236,-0.2542,195,0.000,0.232,1.000,2026-10-06T01:12:05.000Z
193.000,Minmatar Citizen 0254120,Procurer,51597,50783,73232,123,-0.0362,0.9910,0.1289,57,0.000,0.869,1.000,2026-10-06T01:12:05.000Z
193.000,Amarr Citizen 2674287,Porpoise,67158,47695,57080,171,,,,180,0.000,0.460,1.000,2026-10-06T01:12:05.000Z
193.000,Amarr Citizen 5054432,Venture,62501,54725,62647,333,0.4040,-0.7862,-0.4677,218,1.000,1.000,1.000,2026-10-06T01:12:05.000Z
193.000,Amarr Citizen 4520313,Capsule,45085,144935,102229,0,,,,6,,,,2026-10-06T01:12:05.000Z
193.000,Minmatar Citizen 9978241,Retriever,59047,42789,68545,101,,,,71,1.000,1.000,1.000,2026-10-06T01:12:05.000Z
193.000,Minmatar Citizen 7162778,Capsule,26502,39999,55023,0,,,,3,,,,2026-10-06T01:12:05.000Z
193.000,Minmatar Citizen 9678938,Capsule,64492,39881,72628,0,,,,4,,,,2026-10-06T01:12:05.000Z
193.000,Minmatar Citizen 2250648,Porpoise,64527,47608,42017,61,,,,291,1.000,1.000,1.000,2026-10-06T01:12:05.000Z
193.000,Gallente Citizen 1635012,Venture,81710,91327,100285,3966,-0.9562,0.2894,0.0427,259,1.000,1.000,1.000,2026-10-06T01:12:05.000Z
193.000,Amarr Citizen 2281178,Procurer,75516,54679,60051,210,-0.2613,-0.9645,-0.0386,123,1.000,1.000,1.000,2026-10-06T01:12:05.000Z
194.000,Caldari Citizen 9942864,Capsule,53793,702,68372,0,,,,1,,,,2026-10-06T01:12:06.000Z
194.000,Caldari Citizen 6206817,Orca,60133,54609,63023,130,-0.0438,-0.5489,-0.8347,151,0.580,1.000,1.000,2026-10-06T01:12:06.000Z
194.000,Minmatar Citizen 9745080,Skiff,50826,53884,67162,0,,,,10,1.000,1.000,1.000,2026-10-06T01:12:06.000Z
194.000,Amarr Citizen 0220922,Capsule,78692,58763,51704,0,,,,11,,,,2026-10-06T01:12:06.000Z
194.000,Minmatar Citizen 4351238,Venture,92839,52159,96063,2589,0.0964,0.9893,-0.1098,1026,1.000,1.000,1.000,2026-10-06T01:12:06.000Z
194.000,Caldari Citizen 3216932,Capsule,62236,34405,82571,187,-0.6742,-0.5440,0.4994,192,,,,2026-10-06T01:12:06.000Z
194.000,Minmatar Citizen 9076035,Porpoise,67807,43545,58959,21,,,,121,1.000,1.000,1.000,2026-10-06T01:12:06.000Z
194.000,Minmatar Citizen 6662812,Procurer,51294,48200,71166,59,0.9519,-0.1108,-0.2858,259,0.000,0.520,1.000,2026-10-06T01:12:06.000Z
194.000,Caldari Citizen 3891005,Capsule,49353,50780,71980,0,,,,20,,,,2026-10-06T01:12:06.000Z
194.000,Caldari Citizen 8777524,Prospect,45984,48353,-5046,4084,0.9609,0.0661,-0.2688,222,0.000,0.232,1.000,2026-10-06T01:12:06.000Z
194.000,Minmatar Citizen 0254120,Procurer,51503,51008,73190,122,-0.4348,0.8829,-0.1771,184,0.000,0.859,1.000,2026-10-06T01:12:06.000Z
194.000,Amarr Citizen 2674287,Porpoise,67086,47701,57142,172,,,,173,0.000,0.430,1.000,2026-10-06T01:12:06.000Z
194.000,Amarr Citizen 5054432,Venture,62639,54473,62457,346,0.3180,-0.6904,-0.6498,114,1.000,1.000,1.000,2026-10-06T01:12:06.000Z
194.000,Amarr Citizen 4520313,Capsule,45085,144935,102229,0,,,,6,,,,2026-10-06T01:12:06.000Z
194.000,Minmatar Citizen 9978241,Retriever,59086,42791,68509,111,,,,67,1.000,1.000,1.000,2026-10-06T01:12:06.000Z
194.000,Minmatar Citizen 7162778,Capsule,26502,39999,55023,0,,,,3,,,,2026-10-06T01:12:06.000Z
194.000,Minmatar Citizen 9678938,Capsule,64492,39881,72628,0,,,,4,,,,2026-10-06T01:12:06.000Z
194.000,Minmatar Citizen 2250648,Porpoise,64420,47444,41912,52,,,,185,1.000,1.000,1.000,2026-10-06T01:12:06.000Z
194.000,Gallente Citizen 1635012,Venture,77689,92343,100426,4067,-0.9704,0.2384,0.0383,235,1.000,1.000,1.000,2026-10-06T01:12:06.000Z
194.000,Amarr Citizen 2281178,Procurer,75396,54354,59969,216,-0.4231,-0.8535,-0.3042,372,1.000,1.000,1.000,2026-10-06T01:12:06.000Z
195.000,Caldari Citizen 9942864,Capsule,53793,702,68372,0,,,,1,,,,2026-10-06T01:12:07.000Z
195.000,Caldari Citizen 6206817,Orca,60089,54517,62912,130,-0.0445,-0.5690,-0.8211,197,0.580,1.000,1.000,2026-10-06T01:12:07.000Z
195.000,Minmatar Citizen 9745080,Skiff,50826,53884,67162,0,,,,10,1.000,1.000,1.000,2026-10-06T01:12:07.000Z
195.000,Amarr Citizen 0220922,Capsule,78692,58763,51704,0,,,,11,,,,2026-10-06T01:12:07.000Z
195.000,Minmatar Citizen 4351238,Venture,92957,54662,95737,2557,0.0409,0.9802,-0.1938,973,1.000,1.000,1.000,2026-10-06T01:12:07.000Z
195.000,Caldari Citizen 3216932,Capsule,62061,34253,82675,187,-0.6894,-0.4616,0.5583,100,,,,2026-10-06T01:12:07.000Z
195.000,Minmatar Citizen 9076035,Porpoise,67809,43549,58954,18,,,,121,1.000,1.000,1.000,2026-10-06T01:12:07.000Z
195.000,Minmatar Citizen 6662812,Procurer,51772,48235,71065,61,0.9027,-0.0074,-0.4303,307,0.000,0.520,1.000,2026-10-06T01:12:07.000Z
195.000,Caldari Citizen 3891005,Capsule,49353,50780,71980,0,,,,20,,,,2026-10-06T01:12:07.000Z
195.000,Caldari Citizen 8777524,Prospect,49978,48566,-6114,4102,0.9527,-0.0114,-0.3037,62,0.000,0.232,1.000,2026-10-06T01:12:07.000Z
195.000,Minmatar Citizen 0254120,Procurer,51323,51291,73122,122,-0.4752,0.8601,-0.1852,208,0.000,0.848,1.000,2026-10-06T01:12:07.000Z
195.000,Amarr Citizen 2674287,Porpoise,67015,47707,57203,177,,,,166,0.000,0.380,1.000,2026-10-06T01:12:07.000Z
195.000,Amarr Citizen 5054432,Venture,62729,54280,62175,359,0.2502,-0.5772,-0.7773,200,1.000,1.000,1.000,2026-10-06T01:12:07.000Z
195.000,Amarr Citizen 4520313,Capsule,45085,144935,102229,0,,,,6,,,,2026-10-06T01:12:07.000Z
195.000,Minmatar Citizen 9978241,Retriever,59114,42786,68448,123,,,,65,1.000,1.000,1.000,2026-10-06T01:12:07.000Z
195.000,Minmatar Citizen 7162778,Capsule,26502,39999,55023,0,,,,3,,,,2026-10-06T01:12:07.000Z
195.000,Minmatar Citizen 9678938,Capsule,64492,39881,72628,0,,,,4,,,,2026-10-06T01:12:07.000Z
195.000,Minmatar Citizen 2250648,Porpoise,64331,47354,41877,45,,,,142,1.000,1.000,1.000,2026-10-06T01:12:07.000Z
195.000,Gallente Citizen 1635012,Venture,73634,93305,100584,4151,-0.9790,0.2002,0.0378,208,1.000,1.000,1.000,2026-10-06T01:12:07.000Z
195.000,Amarr Citizen 2281178,Procurer,75233,54113,59828,222,-0.6188,-0.6711,-0.4083,234,1.000,1.000,1.000,2026-10-06T01:12:07.000Z
196.000,Caldari Citizen 9942864,Capsule,53793,702,68372,0,,,,1,,,,2026-10-06T01:12:08.000Z
196.000,Caldari Citizen 6206817,Orca,60023,54397,62755,130,,,,294,0.580,1.000,1.000,2026-10-06T01:12:08.000Z
196.000,Minmatar Citizen 9745080,Skiff,50826,53884,67162,0,,,,10,1.000,1.000,1.000,2026-10-06T01:12:08.000Z
196.000,Amarr Citizen 0220922,Capsule,78692,58763,51703,0,,,,11,,,,2026-10-06T01:12:08.000Z
196.000,Minmatar Citizen 4351238,Venture,92957,57148,95160,2566,-0.0059,0.9527,-0.3039,755,1.000,1.000,1.000,2026-10-06T01:12:08.000Z
196.000,Caldari Citizen 3216932,Capsule,61913,34174,82840,187,-0.6693,-0.3324,0.6645,54,,,,2026-10-06T01:12:08.000Z
196.000,Minmatar Citizen 9076035,Porpoise,67807,43549,58954,15,,,,121,1.000,1.000,1.000,2026-10-06T01:12:08.000Z
196.000,Minmatar Citizen 6662812,Procurer,52247,48320,70596,63,0.8267,0.0708,-0.5582,206,0.000,0.480,1.000,2026-10-06T01:12:08.000Z
196.000,Caldari Citizen 3891005,Capsule,49353,50780,71980,0,,,,20,,,,2026-10-06T01:12:08.000Z
196.000,Caldari Citizen 8777524,Prospect,53977,48409,-7321,4120,0.9263,-0.1161,-0.3584,315,0.000,0.232,1.000,2026-10-06T01:12:08.000Z
196.000,Minmatar Citizen 0254120,Procurer,51210,51458,73061,122,-0.5986,0.7779,-0.1913,99,0.000,0.838,1.000,2026-10-06T01:12:08.000Z
196.000,Amarr Citizen 2674287,Porpoise,66942,47713,57267,181,,,,159,0.000,0.330,1.000,2026-10-06T01:12:08.000Z
196.000,Amarr Citizen 5054432,Venture,62771,54087,61797,370,0.2185,-0.4880,-0.8450,306,1.000,1.000,1.000,2026-10-06T01:12:08.000Z
196.000,Amarr Citizen 4520313,Capsule,45085,144935,102229,0,,,,6,,,,2026-10-06T01:12:08.000Z
196.000,Minmatar Citizen 9978241,Retriever,59103,42751,68334,135,,,,111,1.000,1.000,1.000,2026-10-06T01:12:08.000Z
196.000,Minmatar Citizen 7162778,Capsule,26502,39999,55023,0,,,,3,,,,2026-10-06T01:12:08.000Z
196.000,Minmatar Citizen 9678938,Capsule,64492,39881,72628,0,,,,4,,,,2026-10-06T01:12:08.000Z
196.000,Minmatar Citizen 2250648,Porpoise,64225,47335,41940,39,,,,123,1.000,1.000,1.000,2026-10-06T01:12:08.000Z
196.000,Gallente Citizen 1635012,Venture,69432,94098,100724,4220,-0.9848,0.1695,0.0386,215,1.000,1.000,1.000,2026-10-06T01:12:08.000Z
196.000,Amarr Citizen 2281178,Procurer,75104,54057,59682,226,-0.8025,-0.4947,-0.3337,93,1.000,1.000,1.000,2026-10-06T01:12:08.000Z
197.000,Caldari Citizen 9942864,Capsule,53793,702,68372,0,,,,1,,,,2026-10-06T01:12:09.000Z
197.000,Caldari Citizen 6206817,Orca,60042,54305,62609,130,,,,266,0.580,1.000,1.000,2026-10-06T01:12:09.000Z
197.000,Minmatar Citizen 9745080,Skiff,50826,53884,67162,0,,,,10,1.000,1.000,1.000,2026-10-06T01:12:09.000Z
197.000,Amarr Citizen 0220922,Capsule,78692,58763,51703,0,,,,11,,,,2026-10-06T01:12:09.000Z
197.000,Minmatar Citizen 4351238,Venture,92925,59546,94332,2496,-0.0411,0.9011,-0.4317,859,1.000,1.000,1.000,2026-10-06T01:12:09.000Z
197.000,Caldari Citizen 3216932,Capsule,61790,34153,83011,187,-0.6246,-0.2086,0.7525,16,,,,2026-10-06T01:12:09.000Z
197.000,Minmatar Citizen 9076035,Porpoise,67803,43548,58959,13,,,,121,1.000,1.000,1.000,2026-10-06T01:12:09.000Z
197.000,Minmatar Citizen 6662812,Procurer,52462,48380,70278,64,0.7307,0.1208,-0.6720,155,0.000,0.440,1.000,2026-10-06T01:12:09.000Z
197.000,Caldari Citizen 3891005,Capsule,49353,50780,71980,0,,,,20,,,,2026-10-06T01:12:09.000Z
197.000,Caldari Citizen 8777524,Prospect,57484,47826,-8705,3354,0.8679,-0.2429,-0.4334,431,0.000,0.232,1.000,2026-10-06T01:12:09.000Z
197.000,Minmatar Citizen 0254120,Procurer,51145,51523,73015,122,,,,53,0.000,0.838,1.000,2026-10-06T01:12:09.000Z
197.000,Amarr Citizen 2674287,Porpoise,66869,47719,57331,184,,,,152,0.000,0.310,1.000,2026-10-06T01:12:09.000Z
197.000,Amarr Citizen 5054432,Venture,62829,53899,61430,381,0.1998,-0.4260,-0.8824,195,1.000,1.000,1.000,2026-10-06T01:12:09.000Z
197.000,Amarr Citizen 4520313,Capsule,45085,144935,102229,0,,,,6,,,,2026-10-06T01:12:09.000Z
197.000,Minmatar Citizen 9978241,Retriever,59052,42685,68171,147,,,,493,1.000,1.000,1.000,2026-10-06T01:12:09.000Z
197.000,Minmatar Citizen 7162778,Capsule,26502,39999,55023,0,,,,3,,,,2026-10-06T01:12:09.000Z
197.000,Minmatar Citizen 9678938,Capsule,64492,39881,72628,0,,,,4,,,,2026-10-06T01:12:09.000Z
197.000,Minmatar Citizen 2250648,Porpoise,64166,47347,41996,33,,,,111,1.000,1.000,1.000,2026-10-06T01:12:09.000Z
197.000,Gallente Citizen 1635012,Venture,65127,94744,100928,4277,-0.9889,0.1433,0.0386,163,1.000,1.000,1.000,2026-10-06T01:12:09.000Z
197.000,Amarr Citizen 2281178,Procurer,74940,54089,59615,231,-0.8781,-0.4583,-0.1376,48,1.000,1.000,1.000,2026-10-06T01:12:09.000Z
198.000,Caldari Citizen 9942864,Capsule,53793,702,68372,0,,,,1,,,,2026-10-06T01:12:10.000Z
198.000,Caldari Citizen 6206817,Orca,60134,54256,62476,130,,,,263,0.580,1.000,1.000,2026-10-06T01:12:10.000Z
198.000,Minmatar Citizen 9745080,Skiff,50826,53884,67162,0,,,,10,1.000,1.000,1.000,2026-10-06T01:12:10.000Z
198.000,Amarr Citizen 0220922,Capsule,78692,58763,51703,0,,,,11,,,,2026-10-06T01:12:10.000Z
198.000,Minmatar Citizen 4351238,Venture,92746,61739,93132,2477,-0.0614,0.8243,-0.5628,460,1.000,1.000,1.000,2026-10-06T01:12:10.000Z
198.000,Caldari Citizen 3216932,Capsule,61682,34157,83170,187,-0.6157,-0.2177,0.7573,26,,,,2026-10-06T01:12:10.000Z
198.000,Minmatar Citizen 9076035,Porpoise,67795,43548,58965,16,,,,122,1.000,1.000,1.000,2026-10-06T01:12:10.000Z
198.000,Minmatar Citizen 6662812,Procurer,52566,48399,70179,65,0.6522,0.1274,-0.7473,134,0.000,0.394,1.000,2026-10-06T01:12:10.000Z
198.000,Caldari Citizen 3891005,Capsule,49353,50780,71980,0,,,,20,,,,2026-10-06T01:12:10.000Z
198.000,Caldari Citizen 8777524,Prospect,60173,46694,-10270,2919,0.7585,-0.3848,-0.5259,186,0.000,0.232,1.000,2026-10-06T01:12:10.000Z
198.000,Minmatar Citizen 0254120,Procurer,51068,51566,73018,122,,,,47,0.000,0.838,1.000,2026-10-06T01:12:10.000Z
198.000,Amarr Citizen 2674287,Porpoise,66794,47725,57395,187,,,,145,0.000,0.310,1.000,2026-10-06T01:12:10.000Z
198.000,Amarr Citizen 5054432,Venture,62938,53742,61110,390,0.1838,-0.3566,-0.9160,94,1.000,1.000,1.000,2026-10-06T01:12:10.000Z
198.000,Amarr Citizen 4520313,Capsule,45085,144935,102229,0,,,,6,,,,2026-10-06T01:12:10.000Z
198.000,Minmatar Citizen 9978241,Retriever,58912,42599,68111,158,-0.6580,-0.6174,-0.4311,465,1.000,1.000,1.000,2026-10-06T01:12:10.000Z
198.000,Minmatar Citizen 7162778,Capsule,26502,39999,55023,0,,,,3,,,,2026-10-06T01:12:10.000Z
198.000,Minmatar Citizen 9678938,Capsule,64492,39881,72628,0,,,,4,,,,2026-10-06T01:12:10.000Z
198.000,Minmatar Citizen 2250648,Porpoise,64145,47358,42021,29,,,,105,1.000,1.000,1.000,2026-10-06T01:12:10.000Z
198.000,Gallente Citizen 1635012,Venture,60731,95258,101128,4323,-0.9920,0.1200,0.0397,331,1.000,1.000,1.000,2026-10-06T01:12:10.000Z
198.000,Amarr Citizen 2281178,Procurer,74751,54085,59639,234,-0.8124,-0.5761,0.0900,118,1.000,1.000,1.000,2026-10-06T01:12:10.000Z
199.000,Caldari Citizen 9942864,Capsule,53793,702,68372,0,,,,1,,,,2026-10-06T01:12:11.000Z
199.000,Caldari Citizen 6206817,Orca,60259,54250,62365,130,,,,259,0.576,1.000,1.000,2026-10-06T01:12:11.000Z
199.000,Minmatar Citizen 9745080,Skiff,50826,53884,67162,0,,,,10,1.000,1.000,1.000,2026-10-06T01:12:11.000Z
199.000,Amarr Citizen 0220922,Capsule,78692,58763,51703,0,,,,11,,,,2026-10-06T01:12:11.000Z
199.000,Minmatar Citizen 4351238,Venture,92492,63742,91522,2459,-0.0620,0.7299,-0.6808,879,1.000,1.000,1.000,2026-10-06T01:12:11.000Z
199.000,Caldari Citizen 3216932,Capsule,61573,34149,83322,187,-0.6377,-0.3699,0.6756,62,,,,2026-10-06T01:12:11.000Z
199.000,Minmatar Citizen 9076035,Porpoise,67787,43551,58971,20,,,,123,1.000,1.000,1.000,2026-10-06T01:12:11.000Z
199.000,Minmatar Citizen 6662812,Procurer,52658,48395,70086,66,,,,118,0.000,0.390,1.000,2026-10-06T01:12:11.000Z
199.000,Caldari Citizen 3891005,Capsule,49353,50780,71980,0,,,,20,,,,2026-10-06T01:12:11.000Z
199.000,Caldari Citizen 8777524,Prospect,62188,45154,-12057,2837,0.5782,-0.5304,-0.6200,516,0.010,0.232,1.000,2026-10-06T01:12:11.000Z
199.000,Minmatar Citizen 0254120,Procurer,50991,51576,73077,122,,,,51,0.000,0.838,1.000,2026-10-06T01:12:11.000Z
199.000,Amarr Citizen 2674287,Porpoise,66719,47732,57461,190,,,,138,0.000,0.250,1.000,2026-10-06T01:12:11.000Z
199.000,Amarr Citizen 5054432,Venture,63049,53597,60776,397,0.1571,-0.2470,-0.9562,201,1.000,1.000,1.000,2026-10-06T01:12:11.000Z
199.000,Amarr Citizen 4520313,Capsule,45085,144935,102229,0,,,,6,,,,2026-10-06T01:12:11.000Z
199.000,Minmatar Citizen 9978241,Retriever,58697,42462,68095,167,-0.6828,-0.6846,-0.2552,492,1.000,1.000,1.000,2026-10-06T01:12:11.000Z
199.000,Minmatar Citizen 7162778,Capsule,26502,39999,55023,0,,,,3,,,,2026-10-06T01:12:11.000Z
199.000,Minmatar Citizen 9678938,Capsule,64492,39881,72628,0,,,,4,,,,2026-10-06T01:12:11.000Z
199.000,Minmatar Citizen 2250648,Porpoise,64130,47363,42036,25,,,,102,1.000,1.000,1.000,2026-10-06T01:12:11.000Z
199.000,Gallente Citizen 1635012,Venture,56320,95710,101251,4360,-0.9940,0.1010,0.0412,210,1.000,1.000,1.000,2026-10-06T01:12:11.000Z
199.000,Amarr Citizen 2281178,Procurer,74500,53915,59700,238,-0.6667,-0.7074,0.2346,278,1.000,1.000,1.000,2026-10-06T01:12:11.000Z
200.000,Caldari Citizen 9942864,Capsule,53793,702,68372,0,,,,1,,,,2026-10-06T01:12:12.000Z
200.000,Caldari Citizen 6206817,Orca,60376,54259,62280,131,,,,256,0.576,1.000,1.000,2026-10-06T01:12:12.000Z
200.000,Minmatar Citizen 9745080,Skiff,50826,53884,67162,0,,,,10,1.000,1.000,1.000,2026-10-06T01:12:12.000Z
200.000,Amarr Citizen 0220922,Capsule,78692,58763,51703,0,,,,11,,,,2026-10-06T01:12:12.000Z
200.000,Minmatar Citizen 4351238,Venture,92266,65467,89539,2480,-0.0473,0.6325,-0.7731,695,1.000,1.000,1.000,2026-10-06T01:12:12.000Z
200.000,Caldari Citizen 3216932,Capsule,61447,34082,83465,187,-0.6380,-0.5180,0.5697,102,,,,2026-10-06T01:12:12.000Z
200.000,Minmatar Citizen 9076035,Porpoise,67781,43554,58980,23,,,,123,1.000,1.000,1.000,2026-10-06T01:12:12.000Z
200.000,Minmatar Citizen 6662812,Procurer,52723,48419,70002,66,,,,103,0.000,0.310,1.000,2026-10-06T01:12:12.000Z
200.000,Caldari Citizen 3891005,Capsule,49353,50780,71980,0,,,,20,,,,2026-10-06T01:12:12.000Z
200.000,Caldari Citizen 8777524,Prospect,63343,43486,-13866,2317,0.3316,-0.6453,-0.6882,438,0.010,0.232,1.000,2026-10-06T01:12:12.000Z
200.000,Minmatar Citizen 0254120,Procurer,50934,51550,73172,122,,,,34,0.000,0.828,1.000,2026-10-06T01:12:12.000Z
200.000,Amarr Citizen 2674287,Porpoise,66644,47738,57526,190,,,,131,0.000,0.240,1.000,2026-10-06T01:12:12.000Z
200.000,Amarr Citizen 5054432,Venture,63107,53472,60364,404,0.1056,-0.1246,-0.9866,329,1.000,1.000,1.000,2026-10-06T01:12:12.000Z
200.000,Amarr Citizen 4520313,Capsule,45085,144935,102229,0,,,,6,,,,2026-10-06T01:12:12.000Z
200.000,Minmatar Citizen 9978241,Retriever,58600,42313,68010,175,-0.6729,-0.7149,-0.1899,230,1.000,1.000,1.000,2026-10-06T01:12:12.000Z
200.000,Minmatar Citizen 7162778,Capsule,26502,39999,55023,0,,,,3,,,,2026-10-06T01:12:12.000Z
200.000,Minmatar Citizen 9678938,Capsule,64492,39881,72628,0,,,,4,,,,2026-10-06T01:12:12.000Z
200.000,Minmatar Citizen 2250648,Porpoise,64119,47355,42043,21,,,,101,1.000,1.000,1.000,2026-10-06T01:12:12.000Z
200.000,Gallente Citizen 1635012,Venture,51896,96185,101416,4390,-0.9954,0.0868,0.0395,309,1.000,1.000,1.000,2026-10-06T01:12:12.000Z
200.000,Amarr Citizen 2281178,Procurer,74185,53529,59784,240,-0.5249,-0.7961,0.3012,292,1.000,1.000,1.000,2026-10-06T01:12:12.000Z
201.000,Caldari Citizen 9942864,Capsule,53793,702,68372,0,,,,1,,,,2026-10-06T01:12:13.000Z
201.000,Caldari Citizen 6206817,Orca,60470,54231,62181,131,,,,255,0.570,1.000,1.000,2026-10-06T01:12:13.000Z
201.000,Minmatar Citizen 9745080,Skiff,50826,53884,67162,0,,,,10,1.000,1.000,1.000,2026-10-06T01:12:13.000Z
201.000,Amarr Citizen 0220922,Capsule,78692,58763,51703,0,,,,11,,,,2026-10-06T01:12:13.000Z
201.000,Minmatar Citizen 4351238,Venture,92130,66942,87296,2522,-0.0228,0.5456,-0.8377,472,1.000,1.000,1.000,2026-10-06T01:12:13.000Z
201.000,Caldari Citizen 3216932,Capsule,61282,33905,83584,187,-0.6276,-0.5858,0.5128,198,,,,2026-10-06T01:12:13.000Z
201.000,Minmatar Citizen 9076035,Porpoise,67778,43559,58993,26,,,,124,1.000,1.000,1.000,2026-10-06T01:12:13.000Z
201.000,Minmatar Citizen 6662812,Procurer,52788,48437,69922,67,,,,90,0.000,0.240,1.000,2026-10-06T01:12:13.000Z
201.000,Caldari Citizen 3891005,Capsule,49353,50780,71980,0,,,,20,,,,2026-10-06T01:12:13.000Z
201.000,Caldari Citizen 8777524,Prospect,63629,41849,-15514,2169,0.0490,-0.6950,-0.7173,419,0.010,0.232,1.000,2026-10-06T01:12:13.000Z
201.000,Minmatar Citizen 0254120,Procurer,50883,51528,73266,122,,,,26,0.000,0.828,1.000,2026-10-06T01:12:13.000Z
201.000,Amarr Citizen 2674287,Porpoise,66570,47744,57591,191,,,,125,0.000,0.180,1.000,2026-10-06T01:12:13.000Z
201.000,Amarr Citizen 5054432,Venture,63125,53446,59893,410,0.0251,-0.0164,-0.9996,277,1.000,1.000,1.000,2026-10-06T01:12:13.000Z
201.000,Amarr Citizen 4520313,Capsule,45085,144935,102229,0,,,,6,,,,2026-10-06T01:12:13.000Z
201.000,Minmatar Citizen 9978241,Retriever,58531,42179,68010,183,,,,166,1.000,1.000,1.000,2026-10-06T01:12:13.000Z
201.000,Minmatar Citizen 7162778,Capsule,26502,39999,55023,0,,,,3,,,,2026-10-06T01:12:13.000Z
201.000,Minmatar Citizen 9678938,Capsule,64492,39881,72628,0,,,,4,,,,2026-10-06T01:12:13.000Z
201.000,Minmatar Citizen 2250648,Porpoise,64115,47342,42040,11,,,,102,1.000,1.000,1.000,2026-10-06T01:12:13.000Z
201.000,Gallente Citizen 1635012,Venture,47426,96530,101648,4413,-0.9966,0.0754,0.0340,170,1.000,1.000,1.000,2026-10-06T01:12:13.000Z
201.000,Amarr Citizen 2281178,Procurer,74026,53130,59950,243,-0.4475,-0.8390,0.3095,255,1.000,1.000,1.000,2026-10-06T01:12:13.000Z
202.000,Caldari Citizen 9942864,Capsule,53793,702,68372,0,,,,1,,,,2026-10-06T01:12:14.000Z
202.000,Caldari Citizen 6206817,Orca,60526,54119,62027,131,0.2076,-0.4858,-0.8491,279,0.566,1.000,1.000,2026-10-06T01:12:14.000Z
202.000,Minmatar Citizen 9745080,Skiff,50826,53884,67162,0,,,,10,1.000,1.000,1.000,2026-10-06T01:12:14.000Z
202.000,Amarr Citizen 0220922,Capsule,78692,58763,51703,0,,,,11,,,,2026-10-06T01:12:14.000Z
202.000,Minmatar Citizen 4351238,Venture,92180,68258,84928,2573,-0.0018,0.4738,-0.8807,254,1.000,1.000,1.000,2026-10-06T01:12:14.000Z
202.000,Caldari Citizen 3216932,Capsule,61086,33643,83678,187,-0.6258,-0.5834,0.5177,214,,,,2026-10-06T01:12:14.000Z
202.000,Minmatar Citizen 9076035,Porpoise,67772,43561,59004,29,,,,126,1.000,1.000,1.000,2026-10-06T01:12:14.000Z
202.000,Minmatar Citizen 6662812,Procurer,52854,48442,69847,67,,,,77,0.000,0.220,1.000,2026-10-06T01:12:14.000Z
202.000,Caldari Citizen 3891005,Capsule,49353,50780,71980,0,,,,20,,,,2026-10-06T01:12:14.000Z
202.000,Caldari Citizen 8777524,Prospect,63260,40221,-17061,2234,-0.2506,-0.6534,-0.7143,594,0.010,0.232,1.000,2026-10-06T01:12:14.000Z
202.000,Minmatar Citizen 0254120,Procurer,50775,51565,73354,122,-0.8119,0.4342,0.3902,67,0.000,0.828,1.000,2026-10-06T01:12:14.000Z
202.000,Amarr Citizen 2674287,Porpoise,66496,47749,57656,192,,,,119,0.000,0.180,1.000,2026-10-06T01:12:14.000Z
202.000,Amarr Citizen 5054432,Venture,63121,53529,59394,418,-0.0620,0.0726,-0.9954,228,1.000,1.000,1.000,2026-10-06T01:12:14.000Z
202.000,Amarr Citizen 4520313,Capsule,45085,144935,102229,0,,,,6,,,,2026-10-06T01:12:14.000Z
202.000,Minmatar Citizen 9978241,Retriever,58411,42038,68047,189,,,,159,1.000,1.000,1.000,2026-10-06T01:12:14.000Z
202.000,Minmatar Citizen 7162778,Capsule,26502,39999,55023,0,,,,3,,,,2026-10-06T01:12:14.000Z
202.000,Minmatar Citizen 9678938,Capsule,64492,39881,72628,0,,,,4,,,,2026-10-06T01:12:14.000Z
202.000,Minmatar Citizen 2250648,Porpoise,64110,47347,42036,37,,,,101,1.000,1.000,1.000,2026-10-06T01:12:14.000Z
202.000,Gallente Citizen 1635012,Venture,42959,96788,101855,4432,-0.9977,0.0639,0.0245,232,1.000,1.000,1.000,2026-10-06T01:12:14.000Z
202.000,Amarr Citizen 2281178,Procurer,74009,52874,60077,245,-0.4712,-0.8412,0.2651,98,1.000,1.000,1.000,2026-10-06T01:12:14.000Z
203.000,Caldari Citizen 9942864,Capsule,53793,702,68372,0,,,,1,,,,2026-10-06T01:12:15.000Z
203.000,Caldari Citizen 6206817,Orca,60532,53942,61828,131,-0.0192,-0.3922,-0.9197,194,0.560,1.000,1.000,2026-10-06T01:12:15.000Z
203.000,Minmatar Citizen 9745080,Skiff,50826,53884,67162,0,,,,10,1.000,1.000,1.000,2026-10-06T01:12:15.000Z
203.000,Amarr Citizen 0220922,Capsule,78692,58763,51703,0,,,,11,,,,2026-10-06T01:12:15.000Z
203.000,Minmatar Citizen 4351238,Venture,92277,69445,82492,2624,0.0086,0.4182,-0.9083,56,1.000,1.000,1.000,2026-10-06T01:12:15.000Z
203.000,Caldari Citizen 3216932,Capsule,60920,33469,83804,187,-0.6316,-0.5170,0.5778,120,,,,2026-10-06T01:12:15.000Z
203.000,Minmatar Citizen 9076035,Porpoise,67742,43545,58993,31,,,,127,1.000,1.000,1.000,2026-10-06T01:12:15.000Z
203.000,Minmatar Citizen 6662812,Procurer,52916,48449,69774,68,,,,65,0.000,0.170,1.000,2026-10-06T01:12:15.000Z
203.000,Caldari Citizen 3891005,Capsule,49353,50780,71980,0,,,,20,,,,2026-10-06T01:12:15.000Z
203.000,Caldari Citizen 8777524,Prospect,62419,38700,-18535,2454,-0.5401,-0.4857,-0.6874,652,0.010,0.232,1.000,2026-10-06T01:12:15.000Z
203.000,Minmatar Citizen 0254120,Procurer,50554,51707,73432,122,-0.8108,0.5057,0.2947,189,0.000,0.818,1.000,2026-10-06T01:12:15.000Z
203.000,Amarr Citizen 2674287,Porpoise,66421,47755,57721,194,,,,112,0.000,0.130,1.000,2026-10-06T01:12:15.000Z
203.000,Amarr Citizen 5054432,Venture,63102,53595,58942,424,-0.1392,0.1490,-0.9790,227,1.000,1.000,1.000,2026-10-06T01:12:15.000Z
203.000,Amarr Citizen 4520313,Capsule,45085,144935,102229,0,,,,6,,,,2026-10-06T01:12:15.000Z
203.000,Minmatar Citizen 9978241,Retriever,58375,42021,67941,194,,,,215,1.000,1.000,1.000,2026-10-06T01:12:15.000Z
203.000,Minmatar Citizen 7162778,Capsule,26502,39999,55023,0,,,,3,,,,2026-10-06T01:12:15.000Z
203.000,Minmatar Citizen 9678938,Capsule,64492,39881,72628,0,,,,4,,,,2026-10-06T01:12:15.000Z
203.000,Minmatar Citizen 2250648,Porpoise,64108,47396,42052,61,,,,99,1.000,1.000,1.000,2026-10-06T01:12:15.000Z
203.000,Gallente Citizen 1635012,Venture,38451,97070,101956,4447,-0.9984,0.0557,0.0104,208,1.000,1.000,1.000,2026-10-06T01:12:15.000Z
203.000,Amarr Citizen 2281178,Procurer,73971,52699,60171,247,-0.5878,-0.7876,0.1850,61,1.000,1.000,1.000,2026-10-06T01:12:15.000Z
204.000,Caldari Citizen 9942864,Capsule,53793,702,68372,0,,,,1,,,,2026-10-06T01:12:16.000Z
204.000,Caldari Citizen 6206817,Orca,60532,53837,61672,131,-0.1945,-0.1489,-0.9695,151,0.560,1.000,1.000,2026-10-06T01:12:16.000Z
204.000,Minmatar Citizen 9745080,Skiff,50826,53884,67162,0,,,,10,1.000,1.000,1.000,2026-10-06T01:12:16.000Z
204.000,Amarr Citizen 0220922,Capsule,78692,58763,51703,0,,,,11,,,,2026-10-06T01:12:16.000Z
204.000,Minmatar Citizen 4351238,Venture,92354,70461,80028,2670,0.0098,0.3713,-0.9285,457,1.000,1.000,1.000,2026-10-06T01:12:16.000Z
204.000,Caldari Citizen 3216932,Capsule,60783,33399,83966,187,-0.6301,-0.3964,0.6677,72,,,,2026-10-06T01:12:16.000Z
204.000,Minmatar Citizen 9076035,Porpoise,67651,43482,58919,33,,,,177,1.000,1.000,1.000,2026-10-06T01:12:16.000Z
204.000,Minmatar Citizen 6662812,Procurer,52974,48461,69702,68,,,,53,0.000,0.091,1.000,2026-10-06T01:12:16.000Z
204.000,Caldari Citizen 3891005,Capsule,49353,50780,71980,0,,,,20,,,,2026-10-06T01:12:16.000Z
204.000,Caldari Citizen 8777524,Prospect,61072,37544,-19895,2472,-0.7589,-0.1701,-0.6286,872,0.020,0.232,1.000,2026-10-06T01:12:16.000Z
204.000,Minmatar Citizen 0254120,Procurer,50266,51920,73480,122,-0.8036,0.5444,0.2406,221,0.000,0.808,1.000,2026-10-06T01:12:16.000Z
204.000,Amarr Citizen 2674287,Porpoise,66346,47761,57787,195,,,,106,0.000,0.081,1.000,2026-10-06T01:12:16.000Z
204.000,Amarr Citizen 5054432,Venture,63003,53655,58487,420,-0.2126,0.2283,-0.9501,335,1.000,1.000,1.000,2026-10-06T01:12:16.000Z
204.000,Amarr Citizen 4520313,Capsule,45085,144935,102229,0,,,,6,,,,2026-10-06T01:12:16.000Z
204.000,Minmatar Citizen 9978241,Retriever,58378,42195,67742,198,-0.6100,0.7529,-0.2471,328,1.000,1.000,1.000,2026-10-06T01:12:16.000Z
204.000,Minmatar Citizen 7162778,Capsule,26502,39999,55023,0,,,,3,,,,2026-10-06T01:12:16.000Z
204.000,Minmatar Citizen 9678938,Capsule,64492,39881,72628,0,,,,4,,,,2026-10-06T01:12:16.000Z
204.000,Minmatar Citizen 2250648,Porpoise,64145,47520,42129,82,,,,155,1.000,1.000,1.000,2026-10-06T01:12:16.000Z
204.000,Gallente Citizen 1635012,Venture,33960,97303,101933,4459,-0.9984,0.0557,-0.0046,236,1.000,1.000,1.000,2026-10-06T01:12:16.000Z
204.000,Amarr Citizen 2281178,Procurer,73761,52486,60197,248,-0.7486,-0.6590,0.0723,248,1.000,1.000,1.000,2026-10-06T01:12:16.000Z
205.000,Caldari Citizen 9942864,Capsule,53793,702,68372,0,,,,1,,,,2026-10-06T01:12:17.000Z
205.000,Caldari Citizen 6206817,Orca,60475,53830,61495,131,-0.2562,0.1132,-0.9600,200,0.560,1.000,1.000,2026-10-06T01:12:17.000Z
205.000,Minmatar Citizen 9745080,Skiff,50826,53884,67162,0,,,,10,1.000,1.000,1.000,2026-10-06T01:12:17.000Z
205.000,Amarr Citizen 0220922,Capsule,78692,58763,51703,0,,,,11,,,,2026-10-06T01:12:17.000Z
205.000,Minmatar Citizen 4351238,Venture,92339,71418,77455,2711,0.0077,0.3269,-0.9450,208,1.000,1.000,1.000,2026-10-06T01:12:17.000Z
205.000,Caldari Citizen 3216932,Capsule,60668,33381,84129,187,-0.6236,-0.3107,0.7174,31,,,,2026-10-06T01:12:17.000Z
205.000,Minmatar Citizen 9076035,Porpoise,67501,43377,58790,35,,,,300,1.000,1.000,1.000,2026-10-06T01:12:17.000Z
205.000,Minmatar Citizen 6662812,Procurer,53031,48470,69632,68,,,,42,0.000,0.090,1.000,2026-10-06T01:12:17.000Z
205.000,Caldari Citizen 3891005,Capsule,49353,50780,71980,0,,,,20,,,,2026-10-06T01:12:17.000Z
205.000,Caldari Citizen 8777524,Prospect,59126,37181,-21223,2558,-0.8222,0.2175,-0.5259,790,0.020,0.232,1.000,2026-10-06T01:12:17.000Z
205.000,Minmatar Citizen 0254120,Procurer,50089,52048,73517,122,-0.7894,0.5788,0.2047,126,0.000,0.808,1.000,2026-10-06T01:12:17.000Z
205.000,Amarr Citizen 2674287,Porpoise,66271,47767,57853,196,,,,101,0.000,0.070,0.909,2026-10-06T01:12:17.000Z
205.000,Amarr Citizen 5054432,Venture,62857,53740,58016,393,-0.2724,0.3328,-0.9028,273,1.000,1.000,1.000,2026-10-06T01:12:17.000Z
205.000,Amarr Citizen 4520313,Capsule,45085,144935,102229,0,,,,6,,,,2026-10-06T01:12:17.000Z
205.000,Minmatar Citizen 9978241,Retriever,58247,42439,67699,200,-0.5420,0.8275,-0.1466,179,1.000,1.000,1.000,2026-10-06T01:12:17.000Z
205.000,Minmatar Citizen 7162778,Capsule,26502,39999,55023,0,,,,3,,,,2026-10-06T01:12:17.000Z
205.000,Minmatar Citizen 9678938,Capsule,64492,39881,72628,0,,,,4,,,,2026-10-06T01:12:17.000Z
205.000,Minmatar Citizen 2250648,Porpoise,64224,47708,42268,97,,,,340,1.000,1.000,1.000,2026-10-06T01:12:17.000Z
205.000,Gallente Citizen 1635012,Venture,29476,97461,101829,4461,-0.9982,0.0581,-0.0180,297,1.000,1.000,1.000,2026-10-06T01:12:17.000Z
205.000,Amarr Citizen 2281178,Procurer,73396,52246,60141,249,-0.8531,-0.5218,-0.0026,280,1.000,1.000,1.000,2026-10-06T01:12:17.000Z
206.000,Caldari Citizen 9942864,Capsule,53793,702,68372,0,,,,1,,,,2026-10-06T01:12:18.000Z
206.000,Caldari Citizen 6206817,Orca,60336,53910,61192,131,-0.2138,0.3135,-0.9252,342,0.560,1.000,1.000,2026-10-06T01:12:18.000Z
206.000,Minmatar Citizen 9745080,Skiff,50826,53884,67162,0,,,,10,1.000,1.000,1.000,2026-10-06T01:12:18.000Z
206.000,Amarr Citizen 0220922,Capsule,78692,58763,51703,0,,,,11,,,,2026-10-06T01:12:18.000Z
206.000,Minmatar Citizen 4351238,Venture,92285,72306,74801,2746,0.0107,0.2836,-0.9589,140,1.000,1.000,1.000,2026-10-06T01:12:18.000Z
206.000,Caldari Citizen 3216932,Capsule,60565,33372,84279,187,-0.6410,-0.3776,0.6682,10,,,,2026-10-06T01:12:18.000Z
206.000,Minmatar Citizen 9076035,Porpoise,67303,43316,58812,36,,,,273,1.000,1.000,1.000,2026-10-06T01:12:18.000Z
206.000,Minmatar Citizen 6662812,Procurer,53088,48478,69564,69,,,,31,0.000,0.040,0.720,2026-10-06T01:12:18.000Z
206.000,Caldari Citizen 3891005,Capsule,49353,50780,71980,0,,,,20,,,,2026-10-06T01:12:18.000Z
206.000,Caldari Citizen 8777524,Prospect,56567,38040,-22489,2680,-0.7273,0.5546,-0.4043,669,0.030,0.232,1.000,2026-10-06T01:12:18.000Z
206.000,Minmatar Citizen 0254120,Procurer,50003,52101,73556,122,,,,100,0.000,0.808,1.000,2026-10-06T01:12:18.000Z
206.000,Amarr Citizen 2674287,Porpoise,66196,47773,57920,197,,,,95,0.000,0.070,0.909,2026-10-06T01:12:18.000Z
206.000,Amarr Citizen 5054432,Venture,62727,53875,57705,350,-0.3019,0.4755,-0.8263,135,1.000,1.000,1.000,2026-10-06T01:12:18.000Z
206.000,Amarr Citizen 4520313,Capsule,45085,144935,102229,0,,,,6,,,,2026-10-06T01:12:18.000Z
206.000,Minmatar Citizen 9978241,Retriever,57983,42690,67790,201,-0.5225,0.8497,-0.0713,63,1.000,1.000,1.000,2026-10-06T01:12:18.000Z
206.000,Minmatar Citizen 7162778,Capsule,26502,39998,55023,0,,,,3,,,,2026-10-06T01:12:18.000Z
206.000,Minmatar Citizen 9678938,Capsule,64492,39881,72628,0,,,,4,,,,2026-10-06T01:12:18.000Z
206.000,Minmatar Citizen 2250648,Porpoise,64278,47843,42351,84,0.2856,0.7925,0.5390,333,1.000,1.000,1.000,2026-10-06T01:12:18.000Z
206.000,Gallente Citizen 1635012,Venture,25123,97723,101706,4251,-0.9981,0.0539,-0.0298,173,1.000,1.000,1.000,2026-10-06T01:12:18.000Z
206.000,Amarr Citizen 2281178,Procurer,73106,52128,60114,250,-0.8915,-0.4510,-0.0433,91,1.000,1.000,1.000,2026-10-06T01:12:18.000Z
207.000,Caldari Citizen 9942864,Capsule,53793,702,68372,0,,,,1,,,,2026-10-06T01:12:19.000Z
207.000,Caldari Citizen 6206817,Orca,60216,54101,60854,131,-0.0987,0.4154,-0.9043,268,0.560,1.000,1.000,2026-10-06T01:12:19.000Z
207.000,Minmatar Citizen 9745080,Skiff,50826,53884,67162,0,,,,10,1.000,1.000,1.000,2026-10-06T01:12:19.000Z
207.000,Amarr Citizen 0220922,Capsule,78692,58763,51703,0,,,,11,,,,2026-10-06T01:12:19.000Z
207.000,Minmatar Citizen 4351238,Venture,92288,73048,72063,2776,0.0201,0.2433,-0.9697,341,1.000,1.000,1.000,2026-10-06T01:12:19.000Z
207.000,Caldari Citizen 3216932,Capsule,60448,33318,84415,187,-0.6447,-0.5205,0.5600,53,,,,2026-10-06T01:12:19.000Z
207.000,Minmatar Citizen 9076035,Porpoise,67117,43329,58989,38,,,,256,1.000,1.000,1.000,2026-10-06T01:12:19.000Z
207.000,Minmatar Citizen 6662812,Procurer,53145,48485,69496,69,,,,20,0.000,0.040,0.720,2026-10-06T01:12:19.000Z
207.000,Caldari Citizen 3891005,Capsule,49353,50780,71980,0,,,,20,,,,2026-10-06T01:12:19.000Z
207.000,Caldari Citizen 8777524,Prospect,53982,40401,-23595,2818,-0.5366,0.7905,-0.2952,1049,0.030,0.232,1.000,2026-10-06T01:12:19.000Z
207.000,Minmatar Citizen 0254120,Procurer,49932,52154,73589,122,,,,89,0.000,0.798,1.000,2026-10-06T01:12:19.000Z
207.000,Amarr Citizen 2674287,Porpoise,66120,47779,57987,198,,,,90,0.000,0.020,0.909,2026-10-06T01:12:19.000Z
207.000,Amarr Citizen 5054432,Venture,62611,54089,57490,311,-0.2772,0.6557,-0.7023,233,1.000,1.000,1.000,2026-10-06T01:12:19.000Z
207.000,Amarr Citizen 4520313,Capsule,45085,144935,102229,0,,,,6,,,,2026-10-06T01:12:19.000Z
207.000,Minmatar Citizen 9978241,Retriever,57806,42905,67835,200,,,,148,0.990,1.000,1.000,2026-10-06T01:12:19.000Z
207.000,Minmatar Citizen 7162778,Capsule,26502,39998,55023,0,,,,3,,,,2026-10-06T01:12:19.000Z
207.000,Minmatar Citizen 9678938,Capsule,64492,39881,72628,0,,,,4,,,,2026-10-06T01:12:19.000Z
207.000,Minmatar Citizen 2250648,Porpoise,64304,47932,42415,72,,,,355,1.000,1.000,1.000,2026-10-06T01:12:19.000Z
207.000,Gallente Citizen 1635012,Venture,20965,98084,101599,4086,-0.9985,0.0342,-0.0439,142,1.000,1.000,1.000,2026-10-06T01:12:19.000Z
207.000,Amarr Citizen 2281178,Procurer,72895,52084,60121,251,-0.9233,-0.3803,-0.0528,64,1.000,1.000,1.000,2026-10-06T01:12:19.000Z
208.000,Caldari Citizen 9942864,Capsule,53793,702,68372,0,,,,1,,,,2026-10-06T01:12:20.000Z
208.000,Caldari Citizen 6206817,Orca,60216,54248,60639,131,0.0893,0.4246,-0.9010,212,0.560,1.000,1.000,2026-10-06T01:12:20.000Z
208.000,Minmatar Citizen 9745080,Skiff,50826,53884,67162,0,,,,10,1.000,1.000,1.000,2026-10-06T01:12:20.000Z
208.000,Amarr Citizen 0220922,Capsule,78692,58763,51703,0,,,,11,,,,2026-10-06T01:12:20.000Z
208.000,Minmatar Citizen 4351238,Venture,92395,73656,69297,2801,0.0340,0.2114,-0.9768,133,1.000,1.000,1.000,2026-10-06T01:12:20.000Z
208.000,Caldari Citizen 3216932,Capsule,60292,33164,84523,187,-0.5998,-0.6564,0.4575,154,,,,2026-10-06T01:12:20.000Z
208.000,Minmatar Citizen 9076035,Porpoise,67027,43348,59105,39,,,,247,1.000,1.000,1.000,2026-10-06T01:12:20.000Z
208.000,Minmatar Citizen 6662812,Procurer,53200,48493,69430,69,,,,10,,,,2026-10-06T01:12:20.000Z
208.000,Caldari Citizen 3891005,Capsule,49353,50780,71980,0,,,,20,,,,2026-10-06T01:12:20.000Z
208.000,Caldari Citizen 8777524,Prospect,52540,43643,-24238,2583,-0.2988,0.9319,-0.2055,886,0.030,0.232,1.000,2026-10-06T01:12:20.000Z
208.000,Minmatar Citizen 0254120,Procurer,49891,52223,73583,122,,,,90,0.000,0.798,1.000,2026-10-06T01:12:20.000Z
208.000,Amarr Citizen 2674287,Porpoise,66043,47785,58053,198,,,,85,0.000,0.000,0.869,2026-10-06T01:12:20.000Z
208.000,Amarr Citizen 5054432,Venture,62530,54361,57275,287,-0.1545,0.8354,-0.5275,269,1.000,1.000,1.000,2026-10-06T01:12:20.000Z
208.000,Amarr Citizen 4520313,Capsule,45085,144935,102229,0,,,,6,,,,2026-10-06T01:12:20.000Z
208.000,Minmatar Citizen 9978241,Retriever,57792,43009,67795,196,,,,204,0.980,1.000,1.000,2026-10-06T01:12:20.000Z
208.000,Minmatar Citizen 7162778,Capsule,26502,39998,55023,0,,,,3,,,,2026-10-06T01:12:20.000Z
208.000,Minmatar Citizen 9678938,Capsule,64492,39881,72628,0,,,,4,,,,2026-10-06T01:12:20.000Z
208.000,Minmatar Citizen 2250648,Porpoise,64371,48087,42524,61,,,,155,1.000,1.000,1.000,2026-10-06T01:12:20.000Z
208.000,Gallente Citizen 1635012,Venture,16989,98332,101437,3899,-0.9979,-0.0122,-0.0629,605,1.000,1.000,1.000,2026-10-06T01:12:20.000Z
208.000,Amarr Citizen 2281178,Procurer,72681,52019,60131,252,-0.7644,-0.6444,-0.0192,171,1.000,1.000,1.000,2026-10-06T01:12:20.000Z
209.000,Caldari Citizen 9942864,Capsule,53793,702,68372,0,,,,1,,,,2026-10-06T01:12:21.000Z
209.000,Caldari Citizen 6206817,Orca,60313,54334,60500,131,0.3244,0.2978,-0.8978,203,0.550,1.000,1.000,2026-10-06T01:12:21.000Z
209.000,Minmatar Citizen 9745080,Skiff,50826,53884,67162,0,,,,10,1.000,1.000,1.000,2026-10-06T01:12:21.000Z
209.000,Amarr Citizen 0220922,Capsule,78692,58763,51703,0,,,,11,,,,2026-10-06T01:12:21.000Z
209.000,Minmatar Citizen 4351238,Venture,92547,74157,66478,2821,0.0482,0.1944,-0.9797,163,1.000,1.000,1.000,2026-10-06T01:12:21.000Z
209.000,Caldari Citizen 3216932,Capsule,60103,32930,84605,187,-0.4916,-0.7631,0.4197,273,,,,2026-10-06T01:12:21.000Z
209.000,Minmatar Citizen 9076035,Porpoise,66968,43341,59141,41,,,,243,1.000,1.000,1.000,2026-10-06T01:12:21.000Z
209.000,Minmatar Citizen 6662812,Capsule,53231,48497,69392,0,,,,4,,,,2026-10-06T01:12:21.000Z
209.000,Caldari Citizen 3891005,Capsule,49353,50780,71980,0,,,,20,,,,2026-10-06T01:12:21.000Z
209.000,Caldari Citizen 8777524,Prospect,52522,46754,-24465,2558,-0.0433,0.9905,-0.1302,426,0.040,0.232,1.000,2026-10-06T01:12:21.000Z
209.000,Minmatar Citizen 0254120,Procurer,49901,52289,73530,122,,,,95,0.000,0.798,1.000,2026-10-06T01:12:21.000Z
209.000,Amarr Citizen 2674287,Porpoise,65967,47791,58120,199,,,,80,0.000,0.000,0.717,2026-10-06T01:12:21.000Z
209.000,Amarr Citizen 5054432,Venture,62484,54607,57149,277,0.0609,0.9336,-0.3532,180,1.000,1.000,1.000,2026-10-06T01:12:21.000Z
209.000,Amarr Citizen 4520313,Capsule,45085,144935,102229,0,,,,6,,,,2026-10-06T01:12:21.000Z
209.000,Minmatar Citizen 9978241,Retriever,57886,42994,67719,191,,,,189,0.980,1.000,1.000,2026-10-06T01:12:21.000Z
209.000,Minmatar Citizen 7162778,Capsule,26502,39998,55023,0,,,,3,,,,2026-10-06T01:12:21.000Z
209.000,Minmatar Citizen 9678938,Capsule,64492,39881,72628,0,,,,4,,,,2026-10-06T01:12:21.000Z
209.000,Minmatar Citizen 2250648,Porpoise,64392,48225,42612,53,,,,62,1.000,1.000,1.000,2026-10-06T01:12:21.000Z
209.000,Gallente Citizen 1635012,Venture,13551,98284,101198,3239,-0.9912,-0.0993,-0.0876,349,1.000,1.000,1.000,2026-10-06T01:12:21.000Z
210.000,Caldari Citizen 9942864,Capsule,53793,702,68372,0,,,,1,,,,2026-10-06T01:12:22.000Z
210.000,Caldari Citizen 6206817,Orca,60444,54381,60360,131,0.4629,-0.0172,-0.8862,204,0.550,1.000,1.000,2026-10-06T01:12:22.000Z
210.000,Minmatar Citizen 9745080,Skiff,50826,53884,67162,0,,,,10,1.000,1.000,1.000,2026-10-06T01:12:22.000Z
210.000,Amarr Citizen 0220922,Capsule,78692,58763,51703,0,,,,11,,,,2026-10-06T01:12:22.000Z
210.000,Minmatar Citizen 4351238,Venture,92709,74590,63657,2838,0.0584,0.1915,-0.9798,175,1.000,1.000,1.000,2026-10-06T01:12:22.000Z
210.000,Caldari Citizen 3216932,Capsule,59986,32749,84665,187,-0.3102,-0.8274,0.4682,189,,,,2026-10-06T01:12:22.000Z
210.000,Minmatar Citizen 9076035,Porpoise,66920,43342,59181,48,,,,239,1.000,1.000,1.000,2026-10-06T01:12:22.000Z
210.000,Minmatar Citizen 6662812,Capsule,53231,48497,69392,0,,,,4,,,,2026-10-06T01:12:22.000Z
210.000,Caldari Citizen 3891005,Capsule,49353,50780,71980,0,,,,20,,,,2026-10-06T01:12:22.000Z
210.000,Caldari Citizen 8777524,Prospect,53193,49364,-24645,2463,0.1877,0.9802,-0.0629,331,0.040,0.232,1.000,2026-10-06T01:12:22.000Z
210.000,Minmatar Citizen 0254120,Procurer,49951,52332,73447,122,,,,94,0.000,0.788,1.000,2026-10-06T01:12:22.000Z
210.000,Amarr Citizen 2674287,Porpoise,65891,47797,58189,199,,,,75,0.000,0.000,0.636,2026-10-06T01:12:22.000Z
210.000,Amarr Citizen 5054432,Venture,62494,54863,57123,275,0.3612,0.9186,-0.1605,202,1.000,1.000,1.000,2026-10-06T01:12:22.000Z
210.000,Amarr Citizen 4520313,Capsule,45085,144935,102229,0,,,,6,,,,2026-10-06T01:12:22.000Z
210.000,Minmatar Citizen 9978241,Retriever,57976,42956,67631,185,,,,171,0.960,1.000,1.000,2026-10-06T01:12:22.000Z
210.000,Minmatar Citizen 7162778,Capsule,26502,39998,55023,0,,,,3,,,,2026-10-06T01:12:22.000Z
210.000,Minmatar Citizen 9678938,Capsule,64492,39881,72628,0,,,,4,,,,2026-10-06T01:12:22.000Z
210.000,Minmatar Citizen 2250648,Porpoise,64309,48287,42696,45,,,,37,1.000,1.000,1.000,2026-10-06T01:12:22.000Z
210.000,Gallente Citizen 1635012,Venture,10680,97804,100835,2882,-0.9642,-0.2375,-0.1177,463,1.000,1.000,1.000,2026-10-06T01:12:22.000Z
211.000,Caldari Citizen 9942864,Capsule,53793,702,68372,0,,,,1,,,,2026-10-06T01:12:23.000Z
211.000,Caldari Citizen 6206817,Orca,60563,54355,60223,131,0.4203,-0.3103,-0.8527,204,0.550,1.000,1.000,2026-10-06T01:12:23.000Z
211.000,Minmatar Citizen 9745080,Skiff,50826,53884,67162,0,,,,10,1.000,1.000,1.000,2026-10-06T01:12:23.000Z
211.000,Amarr Citizen 0220922,Capsule,78692,58763,51703,0,,,,11,,,,2026-10-06T01:12:23.000Z
211.000,Minmatar Citizen 4351238,Venture,92874,75134,60828,2851,0.0578,0.1896,-0.9802,50,1.000,1.000,1.000,2026-10-06T01:12:23.000Z
211.000,Caldari Citizen 3216932,Capsule,59957,32601,84732,187,-0.0659,-0.8463,0.5286,165,,,,2026-10-06T01:12:23.000Z
211.000,Minmatar Citizen 9076035,Porpoise,66876,43351,59226,54,,,,235,1.000,1.000,1.000,2026-10-06T01:12:23.000Z
211.000,Minmatar Citizen 6662812,Capsule,53231,48497,69392,0,,,,4,,,,2026-10-06T01:12:23.000Z
211.000,Caldari Citizen 3891005,Capsule,49353,50780,71980,0,,,,20,,,,2026-10-06T01:12:23.000Z
211.000,Caldari Citizen 8777524,Prospect,54119,51665,-24820,2549,0.3373,0.9414,-0.0019,759,0.040,0.232,1.000,2026-10-06T01:12:23.000Z
211.000,Minmatar Citizen 0254120,Procurer,49992,52397,73333,122,0.0779,0.6068,-0.7910,113,0.000,0.778,1.000,2026-10-06T01:12:23.000Z
211.000,Amarr Citizen 2674287,Porpoise,65816,47798,58260,200,,,,69,0.000,0.000,0.434,2026-10-06T01:12:23.000Z
211.000,Amarr Citizen 5054432,Venture,62643,55132,57114,276,0.6925,0.7193,0.0556,291,1.000,1.000,1.000,2026-10-06T01:12:23.000Z
211.000,Amarr Citizen 4520313,Capsule,45085,144935,102229,0,,,,6,,,,2026-10-06T01:12:23.000Z
211.000,Minmatar Citizen 9978241,Retriever,58013,42997,67483,179,,,,220,0.939,1.000,1.000,2026-10-06T01:12:23.000Z
211.000,Minmatar Citizen 7162778,Capsule,26502,39998,55023,0,,,,3,,,,2026-10-06T01:12:23.000Z
211.000,Minmatar Citizen 9678938,Capsule,64492,39881,72628,0,,,,4,,,,2026-10-06T01:12:23.000Z
211.000,Minmatar Citizen 2250648,Porpoise,64232,48303,42755,39,,,,23,1.000,1.000,1.000,2026-10-06T01:12:23.000Z
211.000,Gallente Citizen 1635012,Venture,8195,96932,100438,2745,-0.8984,-0.4152,-0.1432,565,1.000,1.000,1.000,2026-10-06T01:12:23.000Z
211.000,Amarr Citizen 2281178,Procurer,72253,51298,60103,253,-0.3929,-0.9079,0.1465,230,1.000,1.000,1.000,2026-10-06T01:12:23.000Z
212.000,Caldari Citizen 9942864,Capsule,53793,702,68372,0,,,,1,,,,2026-10-06T01:12:24.000Z
212.000,Caldari Citizen 6206817,Orca,60621,54241,60066,131,0.3148,-0.4792,-0.8193,232,0.550,1.000,1.000,2026-10-06T01:12:24.000Z
212.000,Minmatar Citizen 9745080,Skiff,50826,53884,67162,0,,,,10,1.000,1.000,1.000,2026-10-06T01:12:24.000Z
212.000,Amarr Citizen 0220922,Capsule,78692,58763,51703,0,,,,11,,,,2026-10-06T01:12:24.000Z
212.000,Minmatar Citizen 4351238,Venture,93076,75793,58022,2853,0.0428,0.1788,-0.9829,193,1.000,1.000,1.000,2026-10-06T01:12:24.000Z
212.000,Caldari Citizen 3216932,Capsule,59999,32445,84870,187,0.1968,-0.8670,0.4578,198,,,,2026-10-06T01:12:24.000Z
212.000,Minmatar Citizen 9076035,Porpoise,66836,43360,59271,57,,,,232,1.000,1.000,1.000,2026-10-06T01:12:24.000Z
212.000,Minmatar Citizen 6662812,Capsule,53231,48498,69392,0,,,,4,,,,2026-10-06T01:12:24.000Z
212.000,Caldari Citizen 3891005,Capsule,49353,50780,71980,0,,,,20,,,,2026-10-06T01:12:24.000Z
212.000,Caldari Citizen 8777524,Prospect,55158,53772,-24843,2612,0.4119,0.9093,0.0589,571,0.050,0.232,1.000,2026-10-06T01:12:24.000Z
212.000,Minmatar Citizen 0254120,Procurer,50003,52554,73127,122,0.0122,0.6339,-0.7733,205,0.000,0.778,1.000,2026-10-06T01:12:24.000Z
212.000,Amarr Citizen 2674287,Porpoise,65744,47794,58335,201,,,,61,0.000,0.000,0.364,2026-10-06T01:12:24.000Z
212.000,Amarr Citizen 5054432,Venture,62867,55302,57139,277,0.9181,0.3357,0.2107,272,1.000,1.000,1.000,2026-10-06T01:12:24.000Z
212.000,Amarr Citizen 4520313,Capsule,45085,144935,102229,0,,,,6,,,,2026-10-06T01:12:24.000Z
212.000,Minmatar Citizen 9978241,Retriever,57999,43125,67283,176,-0.4788,0.8560,-0.1950,321,0.889,1.000,1.000,2026-10-06T01:12:24.000Z
212.000,Minmatar Citizen 7162778,Capsule,26502,39998,55023,0,,,,3,,,,2026-10-06T01:12:24.000Z
212.000,Minmatar Citizen 9678938,Capsule,64492,39881,72628,0,,,,4,,,,2026-10-06T01:12:24.000Z
212.000,Minmatar Citizen 2250648,Porpoise,64189,48300,42787,35,,,,15,1.000,1.000,1.000,2026-10-06T01:12:24.000Z
212.000,Gallente Citizen 1635012,Venture,6031,95691,100055,2741,-0.7881,-0.5964,-0.1523,255,1.000,1.000,1.000,2026-10-06T01:12:24.000Z
212.000,Amarr Citizen 2281178,Procurer,72164,50936,60322,253,-0.4218,-0.9007,0.1042,182,0.790,1.000,1.000,2026-10-06T01:12:24.000Z
213.000,Caldari Citizen 9942864,Capsule,53793,702,68372,0,,,,1,,,,2026-10-06T01:12:25.000Z
213.000,Caldari Citizen 6206817,Orca,60619,54071,59881,131,0.2050,-0.5628,-0.8008,239,0.550,1.000,1.000,2026-10-06T01:12:25.000Z
213.000,Minmatar Citizen 9745080,Skiff,50826,53884,67162,0,,,,10,1.000,1.000,1.000,2026-10-06T01:12:25.000Z
213.000,Amarr Citizen 0220922,Capsule,78692,58763,51703,0,,,,11,,,,2026-10-06T01:12:25.000Z
213.000,Minmatar Citizen 4351238,Venture,93286,76422,55242,2833,0.0124,0.1559,-0.9877,232,1.000,1.000,1.000,2026-10-06T01:12:25.000Z
213.000,Caldari Citizen 3216932,Capsule,60085,32286,85059,187,0.3139,-0.9316,0.1833,271,,,,2026-10-06T01:12:25.000Z
213.000,Minmatar Citizen 9076035,Porpoise,66796,43358,59315,61,,,,228,1.000,1.000,1.000,2026-10-06T01:12:25.000Z
213.000,Minmatar Citizen 6662812,Capsule,53231,48498,69392,0,,,,4,,,,2026-10-06T01:12:25.000Z
213.000,Caldari Citizen 3891005,Capsule,49353,50780,71980,0,,,,20,,,,2026-10-06T01:12:25.000Z
213.000,Caldari Citizen 8777524,Prospect,56282,55918,-24608,2814,0.4768,0.8705,0.1218,783,0.051,0.232,1.000,2026-10-06T01:12:25.000Z
213.000,Minmatar Citizen 0254120,Procurer,49984,52779,72854,122,-0.0792,0.6854,-0.7239,229,0.000,0.778,1.000,2026-10-06T01:12:25.000Z
213.000,Amarr Citizen 2674287,Porpoise,65671,47783,58409,201,,,,53,0.000,0.000,0.293,2026-10-06T01:12:25.000Z
213.000,Amarr Citizen 5054432,Venture,63148,55358,57230,278,0.9624,-0.0590,0.2650,221,1.000,1.000,1.000,2026-10-06T01:12:25.000Z
213.000,Amarr Citizen 4520313,Capsule,45085,144935,102229,0,,,,6,,,,2026-10-06T01:12:25.000Z
213.000,Minmatar Citizen 9978241,Retriever,57868,43302,67245,172,-0.5934,0.7822,0.1897,240,0.889,1.000,1.000,2026-10-06T01:12:25.000Z
213.000,Minmatar Citizen 7162778,Capsule,26502,39998,55023,0,,,,3,,,,2026-10-06T01:12:25.000Z
213.000,Minmatar Citizen 9678938,Capsule,64492,39881,72628,0,,,,4,,,,2026-10-06T01:12:25.000Z
213.000,Minmatar Citizen 2250648,Porpoise,64158,48307,42813,31,,,,9,1.000,1.000,1.000,2026-10-06T01:12:25.000Z
213.000,Gallente Citizen 1635012,Venture,4129,93910,99610,2774,-0.6446,-0.7517,-0.1395,125,1.000,1.000,1.000,2026-10-06T01:12:25.000Z
213.000,Amarr Citizen 2281178,Procurer,72087,50612,60399,236,-0.5149,-0.8560,0.0465,162,0.000,0.980,1.000,2026-10-06T01:12:25.000Z
214.000,Caldari Citizen 9942864,Capsule,53793,702,68372,0,,,,1,,,,2026-10-06T01:12:26.000Z
214.000,Caldari Citizen 6206817,Orca,60648,53957,59741,131,0.1054,-0.5751,-0.8112,199,0.540,1.000,1.000,2026-10-06T01:12:26.000Z
214.000,Minmatar Citizen 9745080,Skiff,50826,53884,67162,0,,,,10,1.000,1.000,1.000,2026-10-06T01:12:26.000Z
214.000,Amarr Citizen 0220922,Capsule,78692,58763,51703,0,,,,11,,,,2026-10-06T01:12:26.000Z
214.000,Minmatar Citizen 4351238,Venture,93327,76823,52411,2814,-0.0275,0.1221,-0.9921,458,1.000,1.000,1.000,2026-10-06T01:12:26.000Z
214.000,Caldari Citizen 3216932,Capsule,60179,32138,85125,187,0.2468,-0.9554,-0.1623,181,,,,2026-10-06T01:12:26.000Z
214.000,Minmatar Citizen 9076035,Porpoise,66745,43314,59346,65,,,,225,1.000,1.000,1.000,2026-10-06T01:12:26.000Z
214.000,Minmatar Citizen 6662812,Capsule,53231,48498,69392,0,,,,4,,,,2026-10-06T01:12:26.000Z
214.000,Caldari Citizen 3891005,Capsule,49353,50780,71980,0,,,,20,,,,2026-10-06T01:12:26.000Z
214.000,Caldari Citizen 8777524,Prospect,57289,58145,-24120,2903,0.6016,0.7781,0.1808,753,0.060,0.232,1.000,2026-10-06T01:12:26.000Z
214.000,Minmatar Citizen 0254120,Procurer,49961,52932,72694,122,-0.2107,0.7552,-0.6207,149,0.000,0.768,1.000,2026-10-06T01:12:26.000Z
214.000,Amarr Citizen 2674287,Porpoise,65580,47779,58466,202,,,,58,0.000,0.000,0.293,2026-10-06T01:12:26.000Z
214.000,Amarr Citizen 5054432,Venture,63443,55250,57334,280,0.8847,-0.3792,0.2710,188,1.000,1.000,1.000,2026-10-06T01:12:26.000Z
214.000,Amarr Citizen 4520313,Capsule,45085,144935,102229,0,,,,6,,,,2026-10-06T01:12:26.000Z
214.000,Minmatar Citizen 9978241,Retriever,57614,43581,67401,169,-0.6070,0.6495,0.4580,193,0.870,1.000,1.000,2026-10-06T01:12:26.000Z
214.000,Minmatar Citizen 7162778,Capsule,26502,39998,55023,0,,,,3,,,,2026-10-06T01:12:26.000Z
214.000,Minmatar Citizen 9678938,Capsule,64492,39881,72628,0,,,,4,,,,2026-10-06T01:12:26.000Z
214.000,Minmatar Citizen 2250648,Porpoise,64131,48316,42834,26,,,,4,1.000,1.000,1.000,2026-10-06T01:12:26.000Z
214.000,Gallente Citizen 1635012,Venture,2548,91658,99206,2858,-0.4898,-0.8648,-0.1105,470,1.000,1.000,1.000,2026-10-06T01:12:26.000Z
214.000,Amarr Citizen 2281178,Procurer,71904,50293,60347,216,-0.5149,-0.8560,0.0465,405,0.000,0.980,1.000,2026-10-06T01:12:26.000Z
215.000,Caldari Citizen 9942864,Capsule,53793,702,68372,0,,,,1,,,,2026-10-06T01:12:27.000Z
215.000,Caldari Citizen 6206817,Orca,60695,53894,59630,131,0.0849,-0.5323,-0.8423,199,0.540,1.000,1.000,2026-10-06T01:12:27.000Z
215.000,Minmatar Citizen 9745080,Skiff,50826,53884,67162,0,,,,10,1.000,1.000,1.000,2026-10-06T01:12:27.000Z
215.000,Amarr Citizen 0220922,Capsule,78692,58763,51703,0,,,,11,,,,2026-10-06T01:12:27.000Z
215.000,Minmatar Citizen 4351238,Venture,93139,77009,49617,2810,-0.0696,0.0807,-0.9943,287,1.000,1.000,1.000,2026-10-06T01:12:27.000Z
215.000,Caldari Citizen 3216932,Capsule,60279,31914,84996,187,0.0752,-0.9131,-0.4006,155,,,,2026-10-06T01:12:27.000Z
215.000,Minmatar Citizen 9076035,Porpoise,66656,43187,59338,69,,,,254,1.000,1.000,1.000,2026-10-06T01:12:27.000Z
215.000,Minmatar Citizen 6662812,Capsule,53231,48498,69392,0,,,,4,,,,2026-10-06T01:12:27.000Z
215.000,Caldari Citizen 3891005,Capsule,49353,50780,71980,0,,,,20,,,,2026-10-06T01:12:27.000Z
215.000,Caldari Citizen 8777524,Prospect,58326,59918,-23561,2431,0.8251,0.5206,0.2198,753,0.060,0.232,1.000,2026-10-06T01:12:27.000Z
215.000,Minmatar Citizen 0254120,Procurer,49922,53026,72650,122,,,,111,0.000,0.758,1.000,2026-10-06T01:12:27.000Z
215.000,Amarr Citizen 2674287,Porpoise,65444,47821,58477,202,-0.7032,0.7023,-0.1109,109,0.000,0.000,0.293,2026-10-06T01:12:27.000Z
215.000,Amarr Citizen 5054432,Venture,63749,55028,57444,286,0.7658,-0.6005,0.2302,297,1.000,1.000,1.000,2026-10-06T01:12:27.000Z
215.000,Amarr Citizen 4520313,Capsule,45085,144935,102229,0,,,,6,,,,2026-10-06T01:12:27.000Z
215.000,Minmatar Citizen 9978241,Retriever,57359,43934,67620,166,-0.5620,0.5535,0.6146,339,0.860,1.000,1.000,2026-10-06T01:12:27.000Z
215.000,Minmatar Citizen 7162778,Capsule,26502,39998,55023,0,,,,3,,,,2026-10-06T01:12:27.000Z
215.000,Minmatar Citizen 9678938,Capsule,64492,39881,72628,0,,,,4,,,,2026-10-06T01:12:27.000Z
215.000,Minmatar Citizen 2250648,Porpoise,64108,48321,42852,23,,,,1,1.000,1.000,1.000,2026-10-06T01:12:27.000Z
215.000,Gallente Citizen 1635012,Venture,1442,89097,98911,2954,-0.3482,-0.9344,-0.0746,144,1.000,1.000,1.000,2026-10-06T01:12:27.000Z
215.000,Amarr Citizen 2281178,Procurer,71648,50049,60272,199,-0.5995,-0.7956,-0.0869,144,0.000,0.960,1.000,2026-10-06T01:12:27.000Z
216.000,Caldari Citizen 9942864,Capsule,53793,702,68372,0,,,,1,,,,2026-10-06T01:12:28.000Z
216.000,Caldari Citizen 6206817,Orca,60697,53820,59493,131,0.1476,-0.4576,-0.8768,236,0.540,1.000,1.000,2026-10-06T01:12:28.000Z
216.000,Minmatar Citizen 9745080,Skiff,50826,53884,67162,0,,,,10,1.000,1.000,1.000,2026-10-06T01:12:28.000Z
216.000,Amarr Citizen 0220922,Capsule,78692,58763,51703,0,,,,11,,,,2026-10-06T01:12:28.000Z
216.000,Minmatar Citizen 4351238,Venture,92776,77127,46836,2813,-0.1047,0.0406,-0.9937,460,1.000,1.000,1.000,2026-10-06T01:12:28.000Z
216.000,Caldari Citizen 3216932,Capsule,60279,31623,84736,187,-0.1423,-0.8588,-0.4921,505,,,,2026-10-06T01:12:28.000Z
216.000,Minmatar Citizen 9076035,Porpoise,66532,42999,59295,72,,,,217,1.000,1.000,1.000,2026-10-06T01:12:28.000Z
216.000,Minmatar Citizen 6662812,Capsule,53231,48498,69392,0,,,,4,,,,2026-10-06T01:12:28.000Z
216.000,Caldari Citizen 3891005,Capsule,49353,50780,71980,0,,,,20,,,,2026-10-06T01:12:28.000Z
216.000,Caldari Citizen 8777524,Prospect,59709,60717,-23163,1814,0.9829,-0.0297,0.1820,843,0.061,0.232,1.000,2026-10-06T01:12:28.000Z
216.000,Minmatar Citizen 0254120,Procurer,49860,53105,72655,122,,,,90,0.000,0.758,1.000,2026-10-06T01:12:28.000Z
216.000,Amarr Citizen 2674287,Porpoise,65261,47996,58438,203,-0.5885,0.7785,-0.2181,559,,,,2026-10-06T01:12:28.000Z
216.000,Amarr Citizen 5054432,Venture,63953,54803,57496,295,0.6458,-0.7511,0.1367,170,1.000,1.000,1.000,2026-10-06T01:12:28.000Z
216.000,Amarr Citizen 4520313,Capsule,45085,144935,102229,0,,,,6,,,,2026-10-06T01:12:28.000Z
216.000,Minmatar Citizen 9978241,Retriever,57053,44139,67976,163,-0.4887,0.5064,0.7105,338,0.827,1.000,1.000,2026-10-06T01:12:28.000Z
216.000,Minmatar Citizen 7162778,Capsule,26502,39998,55023,0,,,,3,,,,2026-10-06T01:12:28.000Z
216.000,Minmatar Citizen 9678938,Capsule,64492,39881,72628,0,,,,4,,,,2026-10-06T01:12:28.000Z
216.000,Minmatar Citizen 2250648,Porpoise,64087,48324,42868,19,,,,4,1.000,1.000,1.000,2026-10-06T01:12:28.000Z
216.000,Gallente Citizen 1635012,Venture,716,86150,98755,3301,-0.2389,-0.9702,-0.0411,303,1.000,1.000,1.000,2026-10-06T01:12:28.000Z
216.000,Amarr Citizen 2281178,Procurer,71437,49961,60248,185,-0.8845,-0.4517,0.1169,37,0.000,0.960,1.000,2026-10-06T01:12:28.000Z
217.000,Caldari Citizen 9942864,Capsule,53793,702,68372,0,,,,1,,,,2026-10-06T01:12:29.000Z
217.000,Caldari Citizen 6206817,Orca,60667,53707,59296,131,0.2427,-0.3819,-0.8918,244,0.540,1.000,1.000,2026-10-06T01:12:29.000Z
217.000,Minmatar Citizen 9745080,Skiff,50826,53884,67162,0,,,,10,1.000,1.000,1.000,2026-10-06T01:12:29.000Z
217.000,Amarr Citizen 0220922,Capsule,78692,58763,51703,0,,,,11,,,,2026-10-06T01:12:29.000Z
217.000,Minmatar Citizen 4351238,Venture,92404,77248,44162,2821,-0.1267,0.0057,-0.9919,523,1.000,1.000,1.000,2026-10-06T01:12:29.000Z
217.000,Caldari Citizen 3216932,Capsule,60194,31380,84521,187,-0.3644,-0.8078,-0.4633,255,,,,2026-10-06T01:12:29.000Z
217.000,Minmatar Citizen 9076035,Porpoise,66486,42880,59253,74,,,,167,1.000,1.000,1.000,2026-10-06T01:12:29.000Z
217.000,Minmatar Citizen 6662812,Capsule,53231,48498,69392,0,,,,4,,,,2026-10-06T01:12:29.000Z
217.000,Caldari Citizen 3891005,Capsule,49353,50780,71980,0,,,,20,,,,2026-10-06T01:12:29.000Z
217.000,Caldari Citizen 8777524,Prospect,61691,60301,-22897,1683,0.8037,-0.5920,0.0592,1009,0.071,0.232,1.000,2026-10-06T01:12:29.000Z
217.000,Minmatar Citizen 0254120,Procurer,49771,53155,72723,122,,,,82,0.000,0.758,1.000,2026-10-06T01:12:29.000Z
217.000,Amarr Citizen 2674287,Capsule,65077,48320,58319,203,-0.4959,0.8228,-0.2777,654,,,,2026-10-06T01:12:29.000Z
217.000,Amarr Citizen 5054432,Venture,64070,54567,57525,306,0.5182,-0.8552,0.0104,114,1.000,1.000,1.000,2026-10-06T01:12:29.000Z
217.000,Amarr Citizen 4520313,Capsule,45085,144935,102229,0,,,,6,,,,2026-10-06T01:12:29.000Z
217.000,Minmatar Citizen 9978241,Retriever,56804,44259,68412,160,-0.3788,0.4565,0.8051,355,0.827,1.000,1.000,2026-10-06T01:12:29.000Z
217.000,Minmatar Citizen 7162778,Capsule,26502,39998,55023,0,,,,3,,,,2026-10-06T01:12:29.000Z
217.000,Minmatar Citizen 9678938,Capsule,64492,39881,72628,0,,,,4,,,,2026-10-06T01:12:29.000Z
217.000,Minmatar Citizen 2250648,Porpoise,64069,48327,42883,17,,,,7,1.000,1.000,1.000,2026-10-06T01:12:29.000Z
217.000,Gallente Citizen 1635012,Venture,157,82867,98722,3629,-0.1684,-0.9856,-0.0178,236,1.000,1.000,1.000,2026-10-06T01:12:29.000Z
218.000,Caldari Citizen 9942864,Capsule,53793,702,68372,0,,,,1,,,,2026-10-06T01:12:30.000Z
218.000,Caldari Citizen 6206817,Orca,60714,53635,59124,131,,,,220,0.540,1.000,1.000,2026-10-06T01:12:30.000Z
218.000,Minmatar Citizen 9745080,Skiff,50852,53889,67130,22,,,,15,1.000,1.000,1.000,2026-10-06T01:12:30.000Z
218.000,Amarr Citizen 0220922,Capsule,78692,58763,51703,0,,,,11,,,,2026-10-06T01:12:30.000Z
218.000,Minmatar Citizen 4351238,Venture,92041,77238,41451,2832,-0.1377,-0.0249,-0.9902,241,1.000,1.000,1.000,2026-10-06T01:12:30.000Z
218.000,Caldari Citizen 3216932,Capsule,60054,31253,84495,187,-0.5534,-0.7418,-0.3788,158,,,,2026-10-06T01:12:30.000Z
218.000,Minmatar Citizen 9076035,Porpoise,66525,42805,59198,76,,,,154,1.000,1.000,1.000,2026-10-06T01:12:30.000Z
218.000,Minmatar Citizen 6662812,Capsule,53231,48498,69392,0,,,,4,,,,2026-10-06T01:12:30.000Z
218.000,Caldari Citizen 3891005,Capsule,49353,50780,71980,0,,,,20,,,,2026-10-06T01:12:30.000Z
218.000,Caldari Citizen 8777524,Prospect,63896,58290,-22800,1580,0.4894,-0.8709,-0.0445,1211,0.071,0.232,1.000,2026-10-06T01:12:30.000Z
218.000,Minmatar Citizen 0254120,Procurer,49688,53161,72824,122,,,,72,0.000,0.750,1.000,2026-10-06T01:12:30.000Z
218.000,Amarr Citizen 2674287,Capsule,65029,48579,58212,0,,,,583,,,,2026-10-06T01:12:30.000Z
218.000,Amarr Citizen 5054432,Venture,64220,54303,57531,320,0.3699,-0.9226,-0.1094,205,1.000,1.000,1.000,2026-10-06T01:12:30.000Z
218.000,Amarr Citizen 4520313,Capsule,45085,144935,102229,0,,,,6,,,,2026-10-06T01:12:30.000Z
218.000,Minmatar Citizen 9978241,Retriever,56752,44412,68659,157,-0.1812,0.3763,0.9086,412,0.828,1.000,1.000,2026-10-06T01:12:30.000Z
218.000,Minmatar Citizen 7162778,Capsule,26502,39998,55023,0,,,,3,,,,2026-10-06T01:12:30.000Z
218.000,Minmatar Citizen 9678938,Capsule,64492,39881,72628,0,,,,4,,,,2026-10-06T01:12:30.000Z
218.000,Minmatar Citizen 2250648,Porpoise,64052,48330,42896,14,,,,11,1.000,1.000,1.000,2026-10-06T01:12:30.000Z
218.000,Gallente Citizen 1635012,Venture,-257,79272,98751,3915,-0.1275,-0.9918,-0.0069,325,1.000,1.000,1.000,2026-10-06T01:12:30.000Z
219.000,Caldari Citizen 9942864,Capsule,53793,702,68372,0,,,,1,,,,2026-10-06T01:12:31.000Z
219.000,Caldari Citizen 6206817,Orca,60821,53612,58994,131,,,,221,0.530,1.000,1.000,2026-10-06T01:12:31.000Z
219.000,Minmatar Citizen 9745080,Skiff,50894,53901,67075,47,,,,23,1.000,1.000,1.000,2026-10-06T01:12:31.000Z
219.000,Amarr Citizen 0220922,Capsule,78692,58763,51703,0,,,,11,,,,2026-10-06T01:12:31.000Z
219.000,Minmatar Citizen 4351238,Venture,91681,77114,38682,2843,-0.1413,-0.0546,-0.9885,98,1.000,1.000,1.000,2026-10-06T01:12:31.000Z
219.000,Caldari Citizen 3216932,Capsule,59883,31162,84553,187,,,,155,,,,2026-10-06T01:12:31.000Z
219.000,Minmatar Citizen 9076035,Porpoise,66606,42738,59135,78,,,,151,1.000,1.000,1.000,2026-10-06T01:12:31.000Z
219.000,Minmatar Citizen 6662812,Capsule,53231,48498,69392,0,,,,4,,,,2026-10-06T01:12:31.000Z
219.000,Caldari Citizen 3891005,Capsule,49353,50780,71980,0,,,,20,,,,2026-10-06T01:12:31.000Z
219.000,Caldari Citizen 8777524,Prospect,64793,55270,-23111,1664,0.1732,-0.9787,-0.1104,1100,0.081,0.232,1.000,2026-10-06T01:12:31.000Z
219.000,Minmatar Citizen 0254120,Procurer,49609,53158,72920,122,-0.7994,0.3739,0.4702,65,0.000,0.750,1.000,2026-10-06T01:12:31.000Z
219.000,Amarr Citizen 2674287,Capsule,65029,48579,58212,0,,,,79,,,,2026-10-06T01:12:31.000Z
219.000,Amarr Citizen 5054432,Venture,64397,53965,57468,334,0.2394,-0.9487,-0.2064,258,1.000,1.000,1.000,2026-10-06T01:12:31.000Z
219.000,Amarr Citizen 4520313,Capsule,45085,144935,102229,0,,,,6,,,,2026-10-06T01:12:31.000Z
219.000,Minmatar Citizen 9978241,Retriever,56853,44479,68725,154,,,,307,0.828,1.000,1.000,2026-10-06T01:12:31.000Z
219.000,Minmatar Citizen 7162778,Capsule,26502,39998,55023,0,,,,3,,,,2026-10-06T01:12:31.000Z
219.000,Minmatar Citizen 9678938,Capsule,64492,39881,72628,0,,,,4,,,,2026-10-06T01:12:31.000Z
219.000,Minmatar Citizen 2250648,Porpoise,64037,48333,42908,12,,,,13,1.000,1.000,1.000,2026-10-06T01:12:31.000Z
219.000,Gallente Citizen 1635012,Venture,-680,75379,98752,4144,-0.0988,-0.9951,-0.0050,421,1.000,1.000,1.000,2026-10-06T01:12:31.000Z
219.000,Amarr Citizen 2281178,Procurer,71121,50046,60516,120,,,,57,0.000,0.765,1.000,2026-10-06T01:12:31.000Z
220.000,Caldari Citizen 9942864,Capsule,53793,702,68372,0,,,,1,,,,2026-10-06T01:12:32.000Z
220.000,Caldari Citizen 6206817,Orca,60939,53608,58889,131,,,,223,0.530,1.000,1.000,2026-10-06T01:12:32.000Z
220.000,Minmatar Citizen 9745080,Skiff,50891,53912,67068,66,,,,26,1.000,1.000,1.000,2026-10-06T01:12:32.000Z
220.000,Amarr Citizen 0220922,Capsule,78692,58763,51703,0,,,,11,,,,2026-10-06T01:12:32.000Z
220.000,Minmatar Citizen 4351238,Venture,91280,76864,35931,2853,-0.1430,-0.0841,-0.9861,385,1.000,1.000,1.000,2026-10-06T01:12:32.000Z
220.000,Caldari Citizen 3216932,Capsule,59761,31083,84537,187,,,,194,,,,2026-10-06T01:12:32.000Z
220.000,Minmatar Citizen 9076035,Porpoise,66710,42715,59070,79,,,,145,1.000,1.000,1.000,2026-10-06T01:12:32.000Z
220.000,Minmatar Citizen 6662812,Capsule,53231,48498,69392,0,,,,4,,,,2026-10-06T01:12:32.000Z
220.000,Caldari Citizen 3891005,Capsule,49353,50780,71980,0,,,,20,,,,2026-10-06T01:12:32.000Z
220.000,Caldari Citizen 8777524,Prospect,64200,52758,-23613,1833,-0.1621,-0.9746,-0.1547,959,0.081,0.232,1.000,2026-10-06T01:12:32.000Z
220.000,Amarr Citizen 2674287,Capsule,65029,48579,58212,0,,,,79,,,,2026-10-06T01:12:32.000Z
220.000,Amarr Citizen 5054432,Venture,64469,53573,57337,348,0.1432,-0.9366,-0.3200,398,1.000,1.000,1.000,2026-10-06T01:12:32.000Z
220.000,Amarr Citizen 4520313,Capsule,45084,144935,102229,0,,,,6,,,,2026-10-06T01:12:32.000Z
220.000,Minmatar Citizen 9978241,Retriever,56952,44452,68776,151,,,,238,0.828,1.000,1.000,2026-10-06T01:12:32.000Z
220.000,Minmatar Citizen 7162778,Capsule,26502,39998,55023,0,,,,3,,,,2026-10-06T01:12:32.000Z
220.000,Minmatar Citizen 9678938,Capsule,64492,39881,72628,0,,,,4,,,,2026-10-06T01:12:32.000Z
220.000,Minmatar Citizen 2250648,Porpoise,64023,48336,42920,11,,,,16,1.000,1.000,1.000,2026-10-06T01:12:32.000Z
220.000,Gallente Citizen 1635012,Venture,-1152,71265,98738,4323,-0.0758,-0.9971,-0.0079,219,1.000,1.000,1.000,2026-10-06T01:12:32.000Z
220.000,Amarr Citizen 2281178,Procurer,71001,49996,60588,108,,,,74,0.000,0.758,1.000,2026-10-06T01:12:32.000Z
221.000,Caldari Citizen 9942864,Capsule,53793,702,68372,0,,,,1,,,,2026-10-06T01:12:33.000Z
221.000,Caldari Citizen 6206817,Orca,61026,53579,58788,121,,,,226,0.530,1.000,1.000,2026-10-06T01:12:33.000Z
221.000,Minmatar Citizen 9745080,Skiff,50846,53915,67110,82,,,,24,0.010,1.000,1.000,2026-10-06T01:12:33.000Z
221.000,Amarr Citizen 0220922,Capsule,78692,58763,51703,0,,,,11,,,,2026-10-06T01:12:33.000Z
221.000,Minmatar Citizen 4351238,Venture,90824,76585,33160,2862,-0.1462,-0.1125,-0.9828,313,1.000,1.000,1.000,2026-10-06T01:12:33.000Z
221.000,Caldari Citizen 3216932,Capsule,59765,31055,84459,187,,,,207,,,,2026-10-06T01:12:33.000Z
221.000,Minmatar Citizen 9076035,Porpoise,66793,42723,59015,81,,,,139,1.000,1.000,1.000,2026-10-06T01:12:33.000Z
221.000,Minmatar Citizen 6662812,Capsule,53231,48498,69392,0,,,,4,,,,2026-10-06T01:12:33.000Z
221.000,Caldari Citizen 3891005,Capsule,49353,50780,71980,0,,,,20,,,,2026-10-06T01:12:33.000Z
221.000,Caldari Citizen 8777524,Prospect,63206,51048,-24000,2029,-0.5274,-0.8306,-0.1789,580,0.081,0.232,1.000,2026-10-06T01:12:33.000Z
221.000,Minmatar Citizen 0254120,Procurer,49272,53348,73073,122,-0.8193,0.4892,0.2990,223,0.000,0.750,1.000,2026-10-06T01:12:33.000Z
221.000,Amarr Citizen 2674287,Capsule,65029,48579,58212,0,,,,79,,,,2026-10-06T01:12:33.000Z
221.000,Amarr Citizen 5054432,Venture,64434,53211,57232,360,0.0668,-0.8715,-0.4858,245,1.000,1.000,1.000,2026-10-06T01:12:33.000Z
221.000,Amarr Citizen 4520313,Capsule,45084,144935,102229,0,,,,6,,,,2026-10-06T01:12:33.000Z
221.000,Minmatar Citizen 9978241,Retriever,57035,44430,68863,149,,,,177,0.828,1.000,1.000,2026-10-06T01:12:33.000Z
221.000,Minmatar Citizen 7162778,Capsule,26502,39998,55023,0,,,,3,,,,2026-10-06T01:12:33.000Z
221.000,Minmatar Citizen 9678938,Capsule,64492,39881,72628,0,,,,4,,,,2026-10-06T01:12:33.000Z
221.000,Minmatar Citizen 2250648,Porpoise,64009,48339,42931,9,,,,19,1.000,1.000,1.000,2026-10-06T01:12:33.000Z
221.000,Gallente Citizen 1635012,Venture,-1479,66940,98672,4465,-0.0582,-0.9983,-0.0100,321,1.000,1.000,1.000,2026-10-06T01:12:33.000Z
221.000,Amarr Citizen 2281178,Procurer,70857,49844,60597,102,-0.8722,-0.4718,0.1289,185,0.040,0.758,1.000,2026-10-06T01:12:33.000Z
222.000,Caldari Citizen 9942864,Capsule,53793,702,68372,0,,,,1,,,,2026-10-06T01:12:34.000Z
222.000,Caldari Citizen 6206817,Orca,61061,53475,58639,110,0.2790,-0.5120,-0.8124,259,0.530,1.000,1.000,2026-10-06T01:12:34.000Z
222.000,Minmatar Citizen 9745080,Skiff,50804,53892,67170,94,,,,12,0.010,1.000,1.000,2026-10-06T01:12:34.000Z
222.000,Amarr Citizen 0220922,Capsule,78692,58763,51703,0,,,,11,,,,2026-10-06T01:12:34.000Z
222.000,Minmatar Citizen 4351238,Venture,90415,76276,30352,2870,-0.1521,-0.1493,-0.9770,205,1.000,1.000,1.000,2026-10-06T01:12:34.000Z
222.000,Caldari Citizen 3216932,Capsule,59860,31088,84389,187,,,,168,,,,2026-10-06T01:12:34.000Z
222.000,Minmatar Citizen 9076035,Porpoise,66837,42721,58939,82,,,,133,1.000,1.000,1.000,2026-10-06T01:12:34.000Z
222.000,Minmatar Citizen 6662812,Capsule,53231,48498,69392,0,,,,4,,,,2026-10-06T01:12:34.000Z
222.000,Caldari Citizen 3891005,Capsule,49353,50780,71980,0,,,,20,,,,2026-10-06T01:12:34.000Z
222.000,Caldari Citizen 8777524,Prospect,61967,49694,-24304,2011,-0.8571,-0.4859,-0.1711,717,0.081,0.232,1.000,2026-10-06T01:12:34.000Z
222.000,Minmatar Citizen 0254120,Procurer,48971,53544,73149,122,-0.8174,0.5231,0.2411,183,0.000,0.750,1.000,2026-10-06T01:12:34.000Z
222.000,Amarr Citizen 2674287,Capsule,65029,48579,58212,0,,,,79,,,,2026-10-06T01:12:34.000Z
222.000,Amarr Citizen 5054432,Venture,64381,52962,57106,372,0.0118,-0.7038,-0.7103,72,1.000,1.000,1.000,2026-10-06T01:12:34.000Z
222.000,Amarr Citizen 4520313,Capsule,45084,144935,102229,0,,,,6,,,,2026-10-06T01:12:34.000Z
222.000,Minmatar Citizen 9978241,Retriever,57118,44404,68859,149,,,,154,0.828,1.000,1.000,2026-10-06T01:12:34.000Z
222.000,Minmatar Citizen 7162778,Capsule,26502,39998,55023,0,,,,3,,,,2026-10-06T01:12:34.000Z
222.000,Minmatar Citizen 9678938,Capsule,64492,39881,72628,0,,,,4,,,,2026-10-06T01:12:34.000Z
222.000,Minmatar Citizen 2250648,Porpoise,63995,48341,42942,8,,,,21,1.000,1.000,1.000,2026-10-06T01:12:34.000Z
222.000,Gallente Citizen 1635012,Venture,-1568,62452,98608,4578,-0.0440,-0.9990,-0.0088,269,1.000,1.000,1.000,2026-10-06T01:12:34.000Z
222.000,Amarr Citizen 2281178,Procurer,70607,49599,60551,98,-0.9316,-0.3180,0.1761,479,0.040,0.737,1.000,2026-10-06T01:12:34.000Z
223.000,Caldari Citizen 9942864,Capsule,53793,702,68372,0,,,,1,,,,2026-10-06T01:12:35.000Z
223.000,Caldari Citizen 6206817,Orca,61048,53306,58446,103,,,,207,0.530,1.000,1.000,2026-10-06T01:12:35.000Z
223.000,Minmatar Citizen 9745080,Skiff,50795,53803,67263,104,0.1373,-0.7378,0.6610,45,0.010,1.000,1.000,2026-10-06T01:12:35.000Z
223.000,Amarr Citizen 0220922,Capsule,78692,58763,51703,0,,,,11,,,,2026-10-06T01:12:35.000Z
223.000,Minmatar Citizen 4351238,Venture,90025,75861,27555,2877,-0.1570,-0.2024,-0.9666,220,1.000,1.000,1.000,2026-10-06T01:12:35.000Z
223.000,Caldari Citizen 3216932,Capsule,59964,31119,84340,187,,,,125,,,,2026-10-06T01:12:35.000Z
223.000,Minmatar Citizen 9076035,Porpoise,66810,42689,58788,83,-0.1939,0.2146,-0.9573,173,1.000,1.000,1.000,2026-10-06T01:12:35.000Z
223.000,Minmatar Citizen 6662812,Capsule,53231,48498,69392,0,,,,4,,,,2026-10-06T01:12:35.000Z
223.000,Caldari Citizen 3891005,Capsule,49353,50780,71980,0,,,,20,,,,2026-10-06T01:12:35.000Z
223.000,Caldari Citizen 8777524,Prospect,60439,48994,-24525,1662,-0.9906,0.0494,-0.1273,451,0.101,0.232,1.000,2026-10-06T01:12:35.000Z
223.000,Minmatar Citizen 0254120,Procurer,48784,53678,73188,122,,,,83,0.000,0.750,1.000,2026-10-06T01:12:35.000Z
223.000,Amarr Citizen 2674287,Capsule,65029,48579,58212,0,,,,79,,,,2026-10-06T01:12:35.000Z
223.000,Amarr Citizen 5054432,Venture,64397,52790,56888,383,0.0066,-0.4354,-0.9002,149,1.000,1.000,1.000,2026-10-06T01:12:35.000Z
223.000,Amarr Citizen 4520313,Capsule,45084,144935,102229,0,,,,6,,,,2026-10-06T01:12:35.000Z
223.000,Minmatar Citizen 9978241,Retriever,57186,44357,68791,149,,,,142,0.828,1.000,1.000,2026-10-06T01:12:35.000Z
223.000,Minmatar Citizen 7162778,Capsule,26502,39998,55023,0,,,,3,,,,2026-10-06T01:12:35.000Z
223.000,Minmatar Citizen 9678938,Capsule,64492,39881,72628,0,,,,4,,,,2026-10-06T01:12:35.000Z
223.000,Minmatar Citizen 2250648,Porpoise,63981,48344,42953,7,,,,24,1.000,1.000,1.000,2026-10-06T01:12:35.000Z
223.000,Gallente Citizen 1635012,Venture,-1670,57857,98533,4666,-0.0334,-0.9994,-0.0061,164,1.000,1.000,1.000,2026-10-06T01:12:35.000Z
223.000,Amarr Citizen 2281178,Procurer,70329,49489,60593,114,-0.9807,-0.1408,0.1355,267,0.030,0.737,1.000,2026-10-06T01:12:35.000Z
224.000,Caldari Citizen 9942864,Capsule,53793,702,68372,0,,,,1,,,,2026-10-06T01:12:36.000Z
224.000,Caldari Citizen 6206817,Orca,61080,53202,58308,97,,,,171,0.530,1.000,1.000,2026-10-06T01:12:36.000Z
224.000,Minmatar Citizen 9745080,Skiff,50854,53610,67409,111,0.2028,-0.7556,0.6229,177,0.000,0.939,1.000,2026-10-06T01:12:36.000Z
224.000,Amarr Citizen 0220922,Capsule,78692,58763,51703,0,,,,11,,,,2026-10-06T01:12:36.000Z
224.000,Minmatar Citizen 4351238,Venture,89593,75314,24910,2574,-0.1600,-0.2825,-0.9458,263,1.000,1.000,1.000,2026-10-06T01:12:36.000Z
224.000,Caldari Citizen 3216932,Capsule,60046,31074,84247,187,,,,123,,,,2026-10-06T01:12:36.000Z
224.000,Minmatar Citizen 9076035,Porpoise,66697,42670,58556,84,-0.2186,0.3376,-0.9156,313,1.000,1.000,1.000,2026-10-06T01:12:36.000Z
224.000,Minmatar Citizen 6662812,Capsule,53231,48498,69392,0,,,,4,,,,2026-10-06T01:12:36.000Z
224.000,Caldari Citizen 3891005,Capsule,49353,50780,71980,0,,,,20,,,,2026-10-06T01:12:36.000Z
224.000,Caldari Citizen 8777524,Prospect,58521,49286,-24688,1605,-0.8270,0.5577,-0.0710,661,0.101,0.232,1.000,2026-10-06T01:12:36.000Z
224.000,Minmatar Citizen 0254120,Procurer,48705,53734,73200,82,,,,62,0.000,0.750,1.000,2026-10-06T01:12:36.000Z
224.000,Amarr Citizen 2674287,Capsule,65029,48579,58212,0,,,,79,,,,2026-10-06T01:12:36.000Z
224.000,Amarr Citizen 5054432,Venture,64449,52685,56542,392,0.0114,-0.2001,-0.9797,325,1.000,1.000,1.000,2026-10-06T01:12:36.000Z
224.000,Amarr Citizen 4520313,Capsule,45084,144935,102229,0,,,,6,,,,2026-10-06T01:12:36.000Z
224.000,Minmatar Citizen 9978241,Retriever,57271,44270,68733,151,0.7154,-0.6968,-0.0515,128,0.828,1.000,1.000,2026-10-06T01:12:36.000Z
224.000,Minmatar Citizen 7162778,Capsule,26502,39998,55023,0,,,,3,,,,2026-10-06T01:12:36.000Z
224.000,Minmatar Citizen 9678938,Capsule,64492,39881,72628,0,,,,4,,,,2026-10-06T01:12:36.000Z
224.000,Minmatar Citizen 2250648,Porpoise,63968,48346,42964,6,,,,26,1.000,1.000,1.000,2026-10-06T01:12:36.000Z
224.000,Gallente Citizen 1635012,Venture,-1830,53211,98533,4735,-0.0239,-0.9997,-0.0022,70,1.000,1.000,1.000,2026-10-06T01:12:36.000Z
224.000,Amarr Citizen 2281178,Procurer,70031,49566,60749,134,-0.9977,0.0661,0.0139,251,0.000,0.697,1.000,2026-10-06T01:12:36.000Z
225.000,Caldari Citizen 9942864,Capsule,53793,702,68372,0,,,,1,,,,2026-10-06T01:12:37.000Z
225.000,Caldari Citizen 6206817,Orca,61160,53166,58214,94,,,,168,0.530,1.000,1.000,2026-10-06T01:12:37.000Z
225.000,Minmatar Citizen 9745080,Skiff,50962,53357,67596,117,0.2282,-0.7663,0.6007,226,0.000,0.939,1.000,2026-10-06T01:12:37.000Z
225.000,Amarr Citizen 0220922,Capsule,78692,58763,51703,0,,,,11,,,,2026-10-06T01:12:37.000Z
225.000,Minmatar Citizen 4351238,Venture,89132,74524,22595,2348,-0.1602,-0.3903,-0.9066,241,1.000,1.000,1.000,2026-10-06T01:12:37.000Z
225.000,Caldari Citizen 3216932,Capsule,60092,30935,84100,187,,,,390,,,,2026-10-06T01:12:37.000Z
225.000,Minmatar Citizen 9076035,Porpoise,66608,42800,58334,84,-0.1727,0.4165,-0.8926,349,1.000,1.000,1.000,2026-10-06T01:12:37.000Z
225.000,Minmatar Citizen 6662812,Capsule,53231,48498,69392,0,,,,4,,,,2026-10-06T01:12:37.000Z
225.000,Caldari Citizen 3891005,Capsule,49353,50780,71980,0,,,,20,,,,2026-10-06T01:12:37.000Z
225.000,Caldari Citizen 8777524,Prospect,56600,50955,-24796,1732,-0.5229,0.8517,-0.0341,785,0.101,0.232,1.000,2026-10-06T01:12:37.000Z
225.000,Minmatar Citizen 0254120,Procurer,48648,53761,73222,50,,,,69,0.000,0.750,1.000,2026-10-06T01:12:37.000Z
225.000,Amarr Citizen 2674287,Capsule,65029,48579,58212,0,,,,79,,,,2026-10-06T01:12:37.000Z
225.000,Amarr Citizen 5054432,Venture,64457,52641,56038,400,-0.0107,-0.0659,-0.9978,279,1.000,1.000,1.000,2026-10-06T01:12:37.000Z
225.000,Amarr Citizen 4520313,Capsule,45084,144935,102229,0,,,,6,,,,2026-10-06T01:12:37.000Z
225.000,Minmatar Citizen 9978241,Retriever,57432,44113,68730,154,0.5849,-0.8040,0.1069,152,0.828,1.000,1.000,2026-10-06T01:12:37.000Z
225.000,Minmatar Citizen 7162778,Capsule,26502,39998,55023,0,,,,3,,,,2026-10-06T01:12:37.000Z
225.000,Minmatar Citizen 9678938,Capsule,64492,39881,72628,0,,,,4,,,,2026-10-06T01:12:37.000Z
225.000,Minmatar Citizen 2250648,Porpoise,63953,48349,42975,5,,,,29,1.000,1.000,1.000,2026-10-06T01:12:37.000Z
225.000,Gallente Citizen 1635012,Venture,-2013,48501,98564,4789,-0.0072,-1.0000,0.0028,182,1.000,1.000,1.000,2026-10-06T01:12:37.000Z
225.000,Amarr Citizen 2281178,Procurer,69625,49661,60847,304,-0.9164,0.3223,-0.2372,229,0.000,0.616,1.000,2026-10-06T01:12:37.000Z
226.000,Caldari Citizen 9942864,Capsule,53793,702,68372,0,,,,1,,,,2026-10-06T01:12:38.000Z
226.000,Caldari Citizen 6206817,Orca,61247,53159,58138,92,,,,165,0.530,1.000,1.000,2026-10-06T01:12:38.000Z
226.000,Minmatar Citizen 9745080,Skiff,51016,53204,67716,122,0.2290,-0.7865,0.5736,129,0.000,0.929,1.000,2026-10-06T01:12:38.000Z
226.000,Amarr Citizen 0220922,Capsule,78692,58763,51703,0,,,,11,,,,2026-10-06T01:12:38.000Z
226.000,Minmatar Citizen 4351238,Venture,88740,73479,20531,2229,-0.1473,-0.5151,-0.8444,291,1.000,1.000,1.000,2026-10-06T01:12:38.000Z
226.000,Caldari Citizen 3216932,Capsule,60035,30719,84064,187,-0.5281,-0.7424,0.4122,300,,,,2026-10-06T01:12:38.000Z
226.000,Minmatar Citizen 9076035,Porpoise,66564,43031,58090,85,-0.1426,0.4579,-0.8775,251,0.990,1.000,1.000,2026-10-06T01:12:38.000Z
226.000,Minmatar Citizen 6662812,Capsule,53231,48498,69392,0,,,,4,,,,2026-10-06T01:12:38.000Z
226.000,Caldari Citizen 3891005,Capsule,49353,50780,71980,0,,,,20,,,,2026-10-06T01:12:38.000Z
226.000,Caldari Citizen 8777524,Prospect,55667,53659,-24765,1947,-0.2461,0.9690,-0.0196,502,0.110,0.232,1.000,2026-10-06T01:12:38.000Z
226.000,Minmatar Citizen 0254120,Procurer,48628,53804,73281,39,,,,76,0.000,0.750,1.000,2026-10-06T01:12:38.000Z
226.000,Amarr Citizen 2674287,Capsule,65029,48579,58212,0,,,,79,,,,2026-10-06T01:12:38.000Z
226.000,Amarr Citizen 5054432,Venture,64452,52699,55539,409,-0.0604,0.0001,-0.9982,250,1.000,1.000,1.000,2026-10-06T01:12:38.000Z
226.000,Amarr Citizen 4520313,Capsule,45084,144935,102229,0,,,,6,,,,2026-10-06T01:12:38.000Z
226.000,Minmatar Citizen 9978241,Retriever,57651,43910,68770,158,0.3584,-0.8992,0.2511,317,0.828,1.000,1.000,2026-10-06T01:12:38.000Z
226.000,Minmatar Citizen 7162778,Capsule,26502,39998,55023,0,,,,3,,,,2026-10-06T01:12:38.000Z
226.000,Minmatar Citizen 9678938,Capsule,64492,39881,72628,0,,,,4,,,,2026-10-06T01:12:38.000Z
226.000,Minmatar Citizen 2250648,Porpoise,63939,48352,42987,4,,,,32,1.000,1.000,1.000,2026-10-06T01:12:38.000Z
226.000,Gallente Citizen 1635012,Venture,-2139,43867,98573,4546,0.0297,-0.9995,0.0088,279,1.000,1.000,1.000,2026-10-06T01:12:38.000Z
226.000,Amarr Citizen 2281178,Procurer,69198,49725,60744,471,-0.6399,0.5096,-0.5753,392,0.000,0.566,1.000,2026-10-06T01:12:38.000Z
227.000,Caldari Citizen 9942864,Capsule,53793,702,68372,0,,,,1,,,,2026-10-06T01:12:39.000Z
227.000,Caldari Citizen 6206817,Orca,61323,53165,58075,92,,,,163,0.530,1.000,1.000,2026-10-06T01:12:39.000Z
227.000,Minmatar Citizen 9745080,Skiff,51023,53130,67783,126,,,,96,0.000,0.929,1.000,2026-10-06T01:12:39.000Z
227.000,Amarr Citizen 0220922,Capsule,78692,58763,51703,0,,,,11,,,,2026-10-06T01:12:39.000Z
227.000,Minmatar Citizen 4351238,Venture,88415,72148,18768,2182,-0.1132,-0.6405,-0.7596,323,0.949,1.000,1.000,2026-10-06T01:12:39.000Z
227.000,Caldari Citizen 3216932,Capsule,59819,30453,84244,187,-0.6020,-0.5084,0.6157,212,,,,2026-10-06T01:12:39.000Z
227.000,Minmatar Citizen 9076035,Porpoise,66601,43162,57881,85,-0.2003,0.3962,-0.8961,191,0.960,1.000,1.000,2026-10-06T01:12:39.000Z
227.000,Minmatar Citizen 6662812,Capsule,53231,48498,69392,0,,,,4,,,,2026-10-06T01:12:39.000Z
227.000,Caldari Citizen 3891005,Capsule,49353,50780,71981,0,,,,20,,,,2026-10-06T01:12:39.000Z
227.000,Caldari Citizen 8777524,Prospect,55940,56346,-24697,2134,-0.0126,0.9997,-0.0228,674,0.110,0.232,1.000,2026-10-06T01:12:39.000Z
227.000,Minmatar Citizen 0254120,Procurer,48705,53933,73415,47,0.4969,0.7057,0.5051,185,0.000,0.750,1.000,2026-10-06T01:12:39.000Z
227.000,Amarr Citizen 2674287,Capsule,65029,48579,58212,0,,,,79,,,,2026-10-06T01:12:39.000Z
227.000,Amarr Citizen 5054432,Venture,64407,52737,55141,419,-0.1234,0.0307,-0.9919,189,1.000,1.000,1.000,2026-10-06T01:12:39.000Z
227.000,Amarr Citizen 4520313,Capsule,45084,144935,102229,0,,,,6,,,,2026-10-06T01:12:39.000Z
227.000,Minmatar Citizen 9978241,Retriever,57732,43737,68861,163,0.0661,-0.9504,0.3040,196,0.828,1.000,1.000,2026-10-06T01:12:39.000Z
227.000,Minmatar Citizen 7162778,Capsule,26502,39998,55023,0,,,,3,,,,2026-10-06T01:12:39.000Z
227.000,Minmatar Citizen 9678938,Capsule,64492,39881,72628,0,,,,4,,,,2026-10-06T01:12:39.000Z
227.000,Minmatar Citizen 2250648,Porpoise,63924,48354,42999,3,,,,34,1.000,1.000,1.000,2026-10-06T01:12:39.000Z
227.000,Gallente Citizen 1635012,Venture,-2012,39485,98590,4316,0.0930,-0.9955,0.0153,342,1.000,1.000,1.000,2026-10-06T01:12:39.000Z
227.000,Amarr Citizen 2281178,Procurer,68945,49907,60427,624,-0.2934,0.5751,-0.7637,366,0.000,0.566,1.000,2026-10-06T01:12:39.000Z
228.000,Caldari Citizen 9942864,Capsule,53793,702,68372,0,,,,1,,,,2026-10-06T01:12:40.000Z
228.000,Caldari Citizen 6206817,Orca,61394,53174,58017,93,,,,161,0.520,1.000,1.000,2026-10-06T01:12:40.000Z
228.000,Minmatar Citizen 9745080,Skiff,51021,53056,67834,129,,,,79,0.000,0.869,1.000,2026-10-06T01:12:40.000Z
228.000,Amarr Citizen 0220922,Capsule,78692,58763,51703,0,,,,11,,,,2026-10-06T01:12:40.000Z
228.000,Minmatar Citizen 4351238,Venture,88171,70590,17290,2113,-0.0595,-0.7482,-0.6607,361,0.949,1.000,1.000,2026-10-06T01:12:40.000Z
228.000,Caldari Citizen 3216932,Capsule,59568,30341,84566,187,-0.6122,-0.3632,0.7024,144,,,,2026-10-06T01:12:40.000Z
228.000,Minmatar Citizen 9076035,Porpoise,66642,43199,57741,86,,,,188,0.960,1.000,1.000,2026-10-06T01:12:40.000Z
228.000,Minmatar Citizen 6662812,Capsule,53231,48498,69392,0,,,,4,,,,2026-10-06T01:12:40.000Z
228.000,Caldari Citizen 3891005,Capsule,49353,50780,71981,0,,,,20,,,,2026-10-06T01:12:40.000Z
228.000,Caldari Citizen 8777524,Prospect,56555,58584,-24773,2151,0.2268,0.9725,-0.0530,672,0.120,0.232,1.000,2026-10-06T01:12:40.000Z
228.000,Minmatar Citizen 0254120,Procurer,48916,54180,73606,60,0.5950,0.7000,0.3949,337,0.000,0.750,1.000,2026-10-06T01:12:40.000Z
228.000,Amarr Citizen 2674287,Capsule,65029,48579,58212,0,,,,79,,,,2026-10-06T01:12:40.000Z
228.000,Amarr Citizen 5054432,Venture,64332,52737,54736,419,-0.1918,0.0623,-0.9795,370,1.000,1.000,1.000,2026-10-06T01:12:40.000Z
228.000,Amarr Citizen 4520313,Capsule,45084,144935,102229,0,,,,6,,,,2026-10-06T01:12:40.000Z
228.000,Minmatar Citizen 9978241,Retriever,57651,43532,68988,168,-0.2634,-0.9388,0.2222,140,0.837,1.000,1.000,2026-10-06T01:12:40.000Z
228.000,Minmatar Citizen 7162778,Capsule,26502,39998,55023,0,,,,3,,,,2026-10-06T01:12:40.000Z
228.000,Minmatar Citizen 9678938,Capsule,64492,39881,72628,0,,,,4,,,,2026-10-06T01:12:40.000Z
228.000,Minmatar Citizen 2250648,Porpoise,63908,48357,43012,3,,,,37,1.000,1.000,1.000,2026-10-06T01:12:40.000Z
228.000,Gallente Citizen 1635012,Venture,-1540,35555,98674,3746,0.1843,-0.9826,0.0233,546,1.000,1.000,1.000,2026-10-06T01:12:40.000Z
228.000,Amarr Citizen 2281178,Procurer,68934,50278,59920,758,-0.0537,0.6184,-0.7840,489,0.000,0.566,1.000,2026-10-06T01:12:40.000Z
229.000,Caldari Citizen 9942864,Capsule,53793,702,68372,0,,,,1,,,,2026-10-06T01:12:41.000Z
229.000,Caldari Citizen 6206817,Orca,61461,53178,57954,94,,,,159,0.520,1.000,1.000,2026-10-06T01:12:41.000Z
229.000,Minmatar Citizen 9745080,Skiff,51034,52973,67847,131,,,,81,0.000,0.869,1.000,2026-10-06T01:12:41.000Z
229.000,Amarr Citizen 0220922,Capsule,78692,58763,51703,0,,,,11,,,,2026-10-06T01:12:41.000Z
229.000,Minmatar Citizen 4351238,Venture,88106,68941,16107,2097,0.0031,-0.8290,-0.5592,197,0.949,1.000,1.000,2026-10-06T01:12:41.000Z
229.000,Caldari Citizen 3216932,Capsule,59388,30383,84848,187,-0.6179,-0.3385,0.7097,55,,,,2026-10-06T01:12:41.000Z
229.000,Minmatar Citizen 9076035,Porpoise,66556,43159,57675,86,,,,220,0.960,1.000,1.000,2026-10-06T01:12:41.000Z
229.000,Minmatar Citizen 6662812,Capsule,53231,48498,69392,0,,,,4,,,,2026-10-06T01:12:41.000Z
229.000,Caldari Citizen 3891005,Capsule,49353,50780,71981,0,,,,20,,,,2026-10-06T01:12:41.000Z
229.000,Caldari Citizen 8777524,Prospect,57076,60262,-24891,1464,0.5462,0.8257,-0.1408,785,0.120,0.232,1.000,2026-10-06T01:12:41.000Z
229.000,Minmatar Citizen 0254120,Procurer,49101,54375,73698,73,0.6738,0.6966,0.2466,147,0.000,0.750,1.000,2026-10-06T01:12:41.000Z
229.000,Amarr Citizen 2674287,Capsule,65029,48579,58212,0,,,,79,,,,2026-10-06T01:12:41.000Z
229.000,Amarr Citizen 5054432,Venture,64245,52724,54327,387,-0.2592,0.1389,-0.9558,296,1.000,1.000,1.000,2026-10-06T01:12:41.000Z
229.000,Amarr Citizen 4520313,Capsule,45084,144935,102229,0,,,,6,,,,2026-10-06T01:12:41.000Z
229.000,Minmatar Citizen 9978241,Retriever,57510,43277,69052,173,-0.5115,-0.8592,0.0099,473,0.837,1.000,1.000,2026-10-06T01:12:41.000Z
229.000,Minmatar Citizen 7162778,Capsule,26502,39998,55023,0,,,,3,,,,2026-10-06T01:12:41.000Z
229.000,Minmatar Citizen 9678938,Capsule,64492,39881,72628,0,,,,4,,,,2026-10-06T01:12:41.000Z
229.000,Minmatar Citizen 2250648,Porpoise,63891,48361,43025,2,,,,40,1.000,1.000,1.000,2026-10-06T01:12:41.000Z
229.000,Gallente Citizen 1635012,Venture,-661,32213,98788,3363,0.3017,-0.9529,0.0316,547,1.000,1.000,1.000,2026-10-06T01:12:41.000Z
229.000,Amarr Citizen 2281178,Procurer,69056,50710,59280,759,0.0644,0.6741,-0.7358,108,0.000,0.535,1.000,2026-10-06T01:12:41.000Z
230.000,Caldari Citizen 9942864,Capsule,53793,702,68372,0,,,,1,,,,2026-10-06T01:12:42.000Z
230.000,Caldari Citizen 6206817,Orca,61507,53159,57870,96,,,,157,0.520,1.000,1.000,2026-10-06T01:12:42.000Z
230.000,Minmatar Citizen 9745080,Skiff,51087,52896,67819,133,,,,102,0.000,0.848,1.000,2026-10-06T01:12:42.000Z
230.000,Amarr Citizen 0220922,Capsule,78692,58763,51703,0,,,,11,,,,2026-10-06T01:12:42.000Z
230.000,Minmatar Citizen 4351238,Venture,88202,67183,15116,2105,0.0666,-0.8823,-0.4660,158,0.929,1.000,1.000,2026-10-06T01:12:42.000Z
230.000,Caldari Citizen 3216932,Capsule,59242,30361,85043,187,-0.6239,-0.3899,0.6773,39,,,,2026-10-06T01:12:42.000Z
230.000,Minmatar Citizen 9076035,Porpoise,66383,43015,57665,87,,,,273,0.960,1.000,1.000,2026-10-06T01:12:42.000Z
230.000,Minmatar Citizen 6662812,Capsule,53231,48498,69392,0,,,,4,,,,2026-10-06T01:12:42.000Z
230.000,Caldari Citizen 3891005,Capsule,49353,50780,71981,0,,,,20,,,,2026-10-06T01:12:42.000Z
230.000,Caldari Citizen 8777524,Prospect,57658,61166,-25071,1174,0.9069,0.3192,-0.2749,827,0.130,0.232,1.000,2026-10-06T01:12:42.000Z
230.000,Minmatar Citizen 0254120,Procurer,49194,54460,73676,83,,,,76,0.000,0.750,1.000,2026-10-06T01:12:42.000Z
230.000,Amarr Citizen 2674287,Capsule,65029,48579,58212,0,,,,79,,,,2026-10-06T01:12:42.000Z
230.000,Amarr Citizen 5054432,Venture,64137,52741,53985,326,-0.2975,0.3028,-0.9054,211,1.000,1.000,1.000,2026-10-06T01:12:42.000Z
230.000,Amarr Citizen 4520313,Capsule,45084,144935,102229,0,,,,6,,,,2026-10-06T01:12:42.000Z
230.000,Minmatar Citizen 9978241,Retriever,57348,43104,69037,178,-0.5846,-0.7768,-0.2343,460,0.838,1.000,1.000,2026-10-06T01:12:42.000Z
230.000,Minmatar Citizen 7162778,Capsule,26502,39998,55023,0,,,,3,,,,2026-10-06T01:12:42.000Z
230.000,Minmatar Citizen 9678938,Capsule,64492,39880,72628,0,,,,4,,,,2026-10-06T01:12:42.000Z
230.000,Minmatar Citizen 2250648,Porpoise,63871,48365,43038,2,,,,44,1.000,1.000,1.000,2026-10-06T01:12:42.000Z
230.000,Gallente Citizen 1635012,Venture,573,29346,98925,3163,0.4398,-0.8973,0.0383,403,1.000,1.000,1.000,2026-10-06T01:12:42.000Z
230.000,Amarr Citizen 2281178,Procurer,69209,51211,58711,748,0.0797,0.7374,-0.6707,246,0.000,0.500,1.000,2026-10-06T01:12:42.000Z
231.000,Caldari Citizen 9942864,Capsule,53793,702,68372,0,,,,1,,,,2026-10-06T01:12:43.000Z
231.000,Caldari Citizen 6206817,Orca,61503,53083,57736,98,,,,193,0.520,1.000,1.000,2026-10-06T01:12:43.000Z
231.000,Minmatar Citizen 9745080,Skiff,51225,52872,67803,135,0.9665,0.0294,0.2549,128,0.000,0.828,1.000,2026-10-06T01:12:43.000Z
231.000,Amarr Citizen 0220922,Capsule,78692,58763,51703,0,,,,11,,,,2026-10-06T01:12:43.000Z
231.000,Minmatar Citizen 4351238,Venture,88444,65320,14314,2134,0.1250,-0.9158,-0.3817,239,0.909,1.000,1.000,2026-10-06T01:12:43.000Z
231.000,Caldari Citizen 3216932,Capsule,59034,30170,85232,187,-0.6206,-0.4788,0.6210,171,,,,2026-10-06T01:12:43.000Z
231.000,Minmatar Citizen 9076035,Porpoise,66313,42872,57659,87,,,,225,0.960,1.000,1.000,2026-10-06T01:12:43.000Z
231.000,Minmatar Citizen 6662812,Capsule,53231,48498,69392,0,,,,4,,,,2026-10-06T01:12:43.000Z
231.000,Caldari Citizen 3891005,Capsule,49353,50780,71981,0,,,,20,,,,2026-10-06T01:12:43.000Z
231.000,Caldari Citizen 8777524,Prospect,58771,61266,-25433,1383,0.8917,-0.3515,-0.2852,451,0.130,0.232,1.000,2026-10-06T01:12:43.000Z
231.000,Minmatar Citizen 0254120,Procurer,49282,54523,73624,88,,,,33,0.000,0.750,1.000,2026-10-06T01:12:43.000Z
231.000,Amarr Citizen 2674287,Capsule,65029,48579,58212,0,,,,79,,,,2026-10-06T01:12:43.000Z
231.000,Amarr Citizen 5054432,Venture,64024,52845,53784,276,-0.2785,0.5231,-0.8055,138,1.000,1.000,1.000,2026-10-06T01:12:43.000Z
231.000,Amarr Citizen 4520313,Capsule,45084,144935,102229,0,,,,6,,,,2026-10-06T01:12:43.000Z
231.000,Minmatar Citizen 9978241,Retriever,57207,43015,68912,182,-0.5433,-0.7246,-0.4240,490,0.838,1.000,1.000,2026-10-06T01:12:43.000Z
231.000,Minmatar Citizen 7162778,Capsule,26502,39998,55023,0,,,,3,,,,2026-10-06T01:12:43.000Z
231.000,Minmatar Citizen 9678938,Capsule,64492,39880,72628,0,,,,4,,,,2026-10-06T01:12:43.000Z
231.000,Minmatar Citizen 2250648,Porpoise,63848,48369,43050,2,,,,48,1.000,1.000,1.000,2026-10-06T01:12:43.000Z
231.000,Gallente Citizen 1635012,Venture,2060,26845,99063,3085,0.5793,-0.8141,0.0400,404,1.000,1.000,1.000,2026-10-06T01:12:43.000Z
231.000,Amarr Citizen 2281178,Procurer,69288,51772,58313,739,0.0029,0.8035,-0.5953,492,0.000,0.475,1.000,2026-10-06T01:12:43.000Z
232.000,Caldari Citizen 9942864,Capsule,53793,702,68372,0,,,,1,,,,2026-10-06T01:12:44.000Z
232.000,Caldari Citizen 6206817,Orca,61456,52959,57560,100,,,,289,0.520,1.000,1.000,2026-10-06T01:12:44.000Z
232.000,Minmatar Citizen 9745080,Skiff,51540,52922,67904,136,0.9583,0.0978,0.2685,321,0.000,0.828,1.000,2026-10-06T01:12:44.000Z
232.000,Amarr Citizen 0220922,Capsule,78692,58763,51703,0,,,,11,,,,2026-10-06T01:12:44.000Z
232.000,Minmatar Citizen 4351238,Venture,88769,63405,13592,2174,0.1724,-0.9376,-0.3021,326,0.909,1.000,1.000,2026-10-06T01:12:44.000Z
232.000,Caldari Citizen 3216932,Capsule,58798,29877,85393,187,-0.6100,-0.5296,0.5894,222,,,,2026-10-06T01:12:44.000Z
232.000,Minmatar Citizen 9076035,Porpoise,66361,42760,57630,87,,,,205,0.960,1.000,1.000,2026-10-06T01:12:44.000Z
232.000,Minmatar Citizen 6662812,Capsule,53231,48498,69392,0,,,,4,,,,2026-10-06T01:12:44.000Z
232.000,Caldari Citizen 3891005,Capsule,49353,50780,71981,0,,,,20,,,,2026-10-06T01:12:44.000Z
232.000,Caldari Citizen 8777524,Prospect,60568,60335,-26020,1766,0.6966,-0.6828,-0.2203,245,0.140,0.232,1.000,2026-10-06T01:12:44.000Z
232.000,Minmatar Citizen 0254120,Procurer,49346,54554,73556,74,,,,17,0.000,0.737,1.000,2026-10-06T01:12:44.000Z
232.000,Amarr Citizen 2674287,Capsule,65029,48579,58212,0,,,,79,,,,2026-10-06T01:12:44.000Z
232.000,Amarr Citizen 5054432,Venture,63953,53065,53673,252,-0.1900,0.7036,-0.6848,125,1.000,1.000,1.000,2026-10-06T01:12:44.000Z
232.000,Amarr Citizen 4520313,Capsule,45084,144935,102229,0,,,,6,,,,2026-10-06T01:12:44.000Z
232.000,Minmatar Citizen 9978241,Retriever,57150,42932,68738,183,,,,176,0.838,1.000,1.000,2026-10-06T01:12:44.000Z
232.000,Minmatar Citizen 7162778,Capsule,26502,39998,55023,0,,,,3,,,,2026-10-06T01:12:44.000Z
232.000,Minmatar Citizen 9678938,Capsule,64492,39880,72628,0,,,,4,,,,2026-10-06T01:12:44.000Z
232.000,Minmatar Citizen 2250648,Porpoise,63827,48373,43061,1,,,,52,1.000,1.000,1.000,2026-10-06T01:12:44.000Z
232.000,Gallente Citizen 1635012,Venture,3851,24650,99159,3082,0.6984,-0.7148,0.0377,459,1.000,1.000,1.000,2026-10-06T01:12:44.000Z
232.000,Amarr Citizen 2281178,Procurer,69277,52363,57980,731,-0.1391,0.8533,-0.5025,415,0.000,0.404,1.000,2026-10-06T01:12:44.000Z
233.000,Caldari Citizen 9942864,Capsule,53793,702,68372,0,,,,1,,,,2026-10-06T01:12:45.000Z
233.000,Caldari Citizen 6206817,Orca,61466,52876,57432,102,,,,265,0.510,1.000,1.000,2026-10-06T01:12:45.000Z
233.000,Minmatar Citizen 9745080,Skiff,52020,53027,68102,137,0.9573,0.1146,0.2653,292,0.000,0.818,1.000,2026-10-06T01:12:45.000Z
233.000,Amarr Citizen 0220922,Capsule,78692,58763,51703,0,,,,11,,,,2026-10-06T01:12:45.000Z
233.000,Minmatar Citizen 4351238,Venture,89167,61399,12987,2215,0.2058,-0.9545,-0.2159,117,0.909,1.000,1.000,2026-10-06T01:12:45.000Z
233.000,Caldari Citizen 3216932,Capsule,58624,29692,85547,187,-0.6061,-0.4983,0.6200,119,,,,2026-10-06T01:12:45.000Z
233.000,Minmatar Citizen 9076035,Porpoise,66459,42682,57583,87,,,,197,0.960,1.000,1.000,2026-10-06T01:12:45.000Z
233.000,Minmatar Citizen 6662812,Capsule,53231,48498,69392,0,,,,4,,,,2026-10-06T01:12:45.000Z
233.000,Caldari Citizen 3891005,Capsule,49353,50780,71981,0,,,,20,,,,2026-10-06T01:12:45.000Z
233.000,Caldari Citizen 8777524,Prospect,62388,58254,-26621,2123,0.5304,-0.8329,-0.1576,884,0.141,0.232,1.000,2026-10-06T01:12:45.000Z
233.000,Minmatar Citizen 0254120,Procurer,49391,54565,73492,70,,,,6,0.000,0.730,1.000,2026-10-06T01:12:45.000Z
233.000,Amarr Citizen 2674287,Capsule,65029,48579,58212,0,,,,79,,,,2026-10-06T01:12:45.000Z
233.000,Amarr Citizen 5054432,Venture,63918,53308,53548,252,-0.0192,0.8024,-0.5965,228,1.000,1.000,1.000,2026-10-06T01:12:45.000Z
233.000,Amarr Citizen 4520313,Capsule,45084,144935,102229,0,,,,6,,,,2026-10-06T01:12:45.000Z
233.000,Minmatar Citizen 9978241,Retriever,57121,42833,68654,163,,,,139,0.838,1.000,1.000,2026-10-06T01:12:45.000Z
233.000,Minmatar Citizen 7162778,Capsule,26502,39998,55023,0,,,,3,,,,2026-10-06T01:12:45.000Z
233.000,Minmatar Citizen 9678938,Capsule,64492,39880,72628,0,,,,4,,,,2026-10-06T01:12:45.000Z
233.000,Minmatar Citizen 2250648,Porpoise,63827,48373,43061,1,,,,52,1.000,1.000,1.000,2026-10-06T01:12:45.000Z
233.000,Gallente Citizen 1635012,Venture,6152,22705,99278,3110,0.7891,-0.6133,0.0347,423,1.000,1.000,1.000,2026-10-06T01:12:45.000Z
233.000,Amarr Citizen 2281178,Procurer,69153,52925,57711,725,-0.3099,0.8608,-0.4038,436,0.000,0.384,1.000,2026-10-06T01:12:45.000Z
234.000,Caldari Citizen 9942864,Capsule,53793,702,68372,0,,,,1,,,,2026-10-06T01:12:46.000Z
234.000,Caldari Citizen 6206817,Orca,61531,52829,57338,104,,,,267,0.510,1.000,1.000,2026-10-06T01:12:46.000Z
234.000,Minmatar Citizen 9745080,Skiff,52308,53076,68188,137,0.9709,0.0937,0.2204,87,0.000,0.818,1.000,2026-10-06T01:12:46.000Z
234.000,Amarr Citizen 0220922,Capsule,78692,58763,51703,0,,,,11,,,,2026-10-06T01:12:46.000Z
234.000,Minmatar Citizen 4351238,Venture,89670,59332,12565,2233,0.2256,-0.9676,-0.1139,176,0.869,1.000,1.000,2026-10-06T01:12:46.000Z
234.000,Caldari Citizen 3216932,Capsule,58496,29629,85714,187,-0.6003,-0.4060,0.6891,63,,,,2026-10-06T01:12:46.000Z
234.000,Minmatar Citizen 9076035,Porpoise,66563,42660,57516,87,,,,190,0.960,1.000,1.000,2026-10-06T01:12:46.000Z
234.000,Minmatar Citizen 6662812,Capsule,53231,48498,69392,0,,,,4,,,,2026-10-06T01:12:46.000Z
234.000,Caldari Citizen 3891005,Capsule,49353,50780,71981,0,,,,20,,,,2026-10-06T01:12:46.000Z
234.000,Caldari Citizen 8777524,Prospect,63486,55690,-26962,2425,0.3918,-0.9154,-0.0922,575,0.152,0.232,1.000,2026-10-06T01:12:46.000Z
234.000,Minmatar Citizen 0254120,Procurer,49432,54571,73432,73,,,,11,0.000,0.730,1.000,2026-10-06T01:12:46.000Z
234.000,Amarr Citizen 2674287,Capsule,65029,48579,58212,0,,,,79,,,,2026-10-06T01:12:46.000Z
234.000,Amarr Citizen 5054432,Venture,63921,53538,53359,267,0.2921,0.7974,-0.5280,209,1.000,1.000,1.000,2026-10-06T01:12:46.000Z
234.000,Amarr Citizen 4520313,Capsule,45084,144935,102229,0,,,,6,,,,2026-10-06T01:12:46.000Z
234.000,Minmatar Citizen 9978241,Retriever,57092,42706,68663,112,,,,126,0.838,1.000,1.000,2026-10-06T01:12:46.000Z
234.000,Minmatar Citizen 7162778,Capsule,26502,39998,55023,0,,,,3,,,,2026-10-06T01:12:46.000Z
234.000,Minmatar Citizen 9678938,Capsule,64492,39880,72628,0,,,,4,,,,2026-10-06T01:12:46.000Z
234.000,Minmatar Citizen 2250648,Porpoise,63827,48373,43061,1,,,,52,1.000,1.000,1.000,2026-10-06T01:12:46.000Z
234.000,Gallente Citizen 1635012,Venture,8782,21034,99370,3157,0.8539,-0.5192,0.0346,438,1.000,1.000,1.000,2026-10-06T01:12:46.000Z
234.000,Amarr Citizen 2281178,Procurer,68864,53513,57434,725,-0.4700,0.8287,-0.3039,311,0.000,0.384,1.000,2026-10-06T01:12:46.000Z
235.000,Caldari Citizen 9942864,Capsule,53793,702,68372,0,,,,1,,,,2026-10-06T01:12:47.000Z
235.000,Caldari Citizen 6206817,Orca,61602,52788,57247,106,,,,273,0.510,1.000,1.000,2026-10-06T01:12:47.000Z
235.000,Minmatar Citizen 9745080,Skiff,52427,53054,68193,137,,,,43,0.000,0.798,1.000,2026-10-06T01:12:47.000Z
235.000,Amarr Citizen 0220922,Capsule,78692,58763,51703,0,,,,11,,,,2026-10-06T01:12:47.000Z
235.000,Minmatar Citizen 4351238,Venture,90239,57258,12378,2200,0.2322,-0.9727,0.0016,250,0.869,1.000,1.000,2026-10-06T01:12:47.000Z
235.000,Caldari Citizen 3216932,Capsule,58387,29611,85876,187,-0.5902,-0.3467,0.7290,16,,,,2026-10-06T01:12:47.000Z
235.000,Minmatar Citizen 9076035,Porpoise,66622,42657,57427,88,,,,182,0.960,1.000,1.000,2026-10-06T01:12:47.000Z
235.000,Minmatar Citizen 6662812,Capsule,53231,48498,69392,0,,,,4,,,,2026-10-06T01:12:47.000Z
235.000,Caldari Citizen 3891005,Capsule,49353,50780,71981,0,,,,20,,,,2026-10-06T01:12:47.000Z
235.000,Caldari Citizen 8777524,Prospect,63986,53154,-27030,2601,0.2802,-0.9599,-0.0089,336,0.153,0.232,1.000,2026-10-06T01:12:47.000Z
235.000,Minmatar Citizen 0254120,Procurer,49482,54578,73358,106,,,,26,0.000,0.710,1.000,2026-10-06T01:12:47.000Z
235.000,Amarr Citizen 2674287,Capsule,65029,48579,58212,0,,,,79,,,,2026-10-06T01:12:47.000Z
235.000,Amarr Citizen 5054432,Venture,63972,53715,53191,279,0.6680,0.6421,-0.3760,97,1.000,1.000,1.000,2026-10-06T01:12:47.000Z
235.000,Amarr Citizen 4520313,Capsule,45084,144935,102229,0,,,,6,,,,2026-10-06T01:12:47.000Z
235.000,Minmatar Citizen 9978241,Retriever,57153,42634,68640,176,0.5158,0.2271,-0.8261,112,0.838,1.000,1.000,2026-10-06T01:12:47.000Z
235.000,Minmatar Citizen 7162778,Capsule,26502,39998,55023,0,,,,3,,,,2026-10-06T01:12:47.000Z
235.000,Minmatar Citizen 9678938,Capsule,64492,39880,72628,0,,,,4,,,,2026-10-06T01:12:47.000Z
235.000,Minmatar Citizen 2250648,Porpoise,63827,48373,43061,1,,,,52,1.000,1.000,1.000,2026-10-06T01:12:47.000Z
235.000,Gallente Citizen 1635012,Venture,11547,19643,99447,3193,0.8980,-0.4385,0.0362,369,1.000,1.000,1.000,2026-10-06T01:12:47.000Z
235.000,Amarr Citizen 2281178,Procurer,68464,54110,57200,741,-0.5983,0.7755,-0.2015,251,0.000,0.374,1.000,2026-10-06T01:12:47.000Z
236.000,Caldari Citizen 9942864,Capsule,53793,702,68372,0,,,,1,,,,2026-10-06T01:12:48.000Z
236.000,Caldari Citizen 6206817,Orca,61615,52703,57125,108,,,,302,0.510,1.000,1.000,2026-10-06T01:12:48.000Z
236.000,Minmatar Citizen 9745080,Skiff,52519,53021,68153,113,,,,41,0.000,0.786,1.000,2026-10-06T01:12:48.000Z
236.000,Amarr Citizen 0220922,Capsule,78692,58763,51703,0,,,,11,,,,2026-10-06T01:12:48.000Z
236.000,Minmatar Citizen 4351238,Venture,90748,55171,12510,2162,0.2224,-0.9675,0.1201,178,0.869,1.000,1.000,2026-10-06T01:12:48.000Z
236.000,Caldari Citizen 3216932,Capsule,58286,29594,86028,187,-0.5960,-0.4416,0.6706,31,,,,2026-10-06T01:12:48.000Z
236.000,Minmatar Citizen 9076035,Porpoise,66610,42621,57281,88,,,,208,0.960,1.000,1.000,2026-10-06T01:12:48.000Z
236.000,Minmatar Citizen 6662812,Capsule,53231,48498,69392,0,,,,4,,,,2026-10-06T01:12:48.000Z
236.000,Caldari Citizen 3891005,Capsule,49353,50780,71981,0,,,,20,,,,2026-10-06T01:12:48.000Z
236.000,Caldari Citizen 8777524,Prospect,64387,50570,-27015,2805,0.2080,-0.9728,0.1023,214,0.160,0.232,1.000,2026-10-06T01:12:48.000Z
236.000,Minmatar Citizen 0254120,Procurer,49553,54591,73251,148,,,,48,0.000,0.710,1.000,2026-10-06T01:12:48.000Z
236.000,Amarr Citizen 2674287,Capsule,65029,48579,58212,0,,,,79,,,,2026-10-06T01:12:48.000Z
236.000,Amarr Citizen 5054432,Venture,64137,53894,53080,299,0.9075,0.3872,-0.1629,114,1.000,1.000,1.000,2026-10-06T01:12:48.000Z
236.000,Amarr Citizen 4520313,Capsule,45084,144935,102229,0,,,,6,,,,2026-10-06T01:12:48.000Z
236.000,Minmatar Citizen 9978241,Retriever,57317,42673,68473,352,0.4387,0.4932,-0.7512,89,0.838,1.000,1.000,2026-10-06T01:12:48.000Z
236.000,Minmatar Citizen 7162778,Capsule,26502,39998,55023,0,,,,3,,,,2026-10-06T01:12:48.000Z
236.000,Minmatar Citizen 9678938,Capsule,64492,39880,72628,0,,,,4,,,,2026-10-06T01:12:48.000Z
236.000,Minmatar Citizen 2250648,Porpoise,63690,48388,43162,23,,,,77,1.000,1.000,1.000,2026-10-06T01:12:48.000Z
236.000,Gallente Citizen 1635012,Venture,14409,18407,99558,3243,0.9264,-0.3746,0.0378,335,1.000,1.000,1.000,2026-10-06T01:12:48.000Z
236.000,Amarr Citizen 2281178,Procurer,67957,54658,57107,768,-0.6917,0.7131,-0.1141,340,0.000,0.374,1.000,2026-10-06T01:12:48.000Z
237.000,Caldari Citizen 9942864,Capsule,53793,702,68372,0,,,,1,,,,2026-10-06T01:12:49.000Z
237.000,Caldari Citizen 6206817,Orca,61592,52549,56938,110,,,,171,0.510,1.000,1.000,2026-10-06T01:12:49.000Z
237.000,Minmatar Citizen 9745080,Skiff,52574,53003,68091,88,,,,36,0.000,0.778,1.000,2026-10-06T01:12:49.000Z
237.000,Amarr Citizen 0220922,Capsule,78692,58763,51703,0,,,,11,,,,2026-10-06T01:12:49.000Z
237.000,Minmatar Citizen 4351238,Venture,91218,53096,12991,2157,0.1980,-0.9516,0.2352,299,0.869,1.000,1.000,2026-10-06T01:12:49.000Z
237.000,Caldari Citizen 3216932,Capsule,58174,29520,86168,187,-0.5888,-0.5751,0.5680,82,,,,2026-10-06T01:12:49.000Z
237.000,Minmatar Citizen 9076035,Porpoise,66547,42542,57087,88,,,,276,0.960,1.000,1.000,2026-10-06T01:12:49.000Z
237.000,Minmatar Citizen 6662812,Capsule,53231,48498,69392,0,,,,4,,,,2026-10-06T01:12:49.000Z
237.000,Caldari Citizen 3891005,Capsule,49353,50780,71981,0,,,,20,,,,2026-10-06T01:12:49.000Z
237.000,Caldari Citizen 8777524,Prospect,64810,48173,-26780,2358,0.1704,-0.9547,0.2441,348,0.162,0.232,1.000,2026-10-06T01:12:49.000Z
237.000,Minmatar Citizen 0254120,Procurer,49649,54615,73114,182,0.7195,0.2913,-0.6305,77,0.000,0.710,1.000,2026-10-06T01:12:49.000Z
237.000,Amarr Citizen 2674287,Capsule,65029,48579,58212,0,,,,79,,,,2026-10-06T01:12:49.000Z
237.000,Amarr Citizen 5054432,Venture,64579,54057,53040,317,0.9948,0.0965,0.0330,482,1.000,1.000,1.000,2026-10-06T01:12:49.000Z
237.000,Amarr Citizen 4520313,Capsule,45084,144935,102229,0,,,,6,,,,2026-10-06T01:12:49.000Z
237.000,Minmatar Citizen 9978241,Retriever,57538,42893,68107,517,0.3238,0.6331,-0.7030,157,0.838,1.000,1.000,2026-10-06T01:12:49.000Z
237.000,Minmatar Citizen 7162778,Capsule,26502,39998,55023,0,,,,3,,,,2026-10-06T01:12:49.000Z
237.000,Minmatar Citizen 9678938,Capsule,64492,39880,72628,0,,,,4,,,,2026-10-06T01:12:49.000Z
237.000,Minmatar Citizen 2250648,Porpoise,63509,48415,43386,140,0.5101,0.0891,0.8555,118,1.000,1.000,1.000,2026-10-06T01:12:49.000Z
237.000,Gallente Citizen 1635012,Venture,17421,17314,99722,3288,0.9450,-0.3251,0.0366,408,1.000,1.000,1.000,2026-10-06T01:12:49.000Z
237.000,Amarr Citizen 2281178,Procurer,67359,55207,57099,791,-0.7584,0.6491,-0.0583,134,0.000,0.323,1.000,2026-10-06T01:12:49.000Z
238.000,Caldari Citizen 9942864,Capsule,53793,702,68372,0,,,,1,,,,2026-10-06T01:12:50.000Z
238.000,Caldari Citizen 6206817,Orca,61635,52427,56800,112,0.4326,-0.8429,-0.3201,122,0.500,1.000,1.000,2026-10-06T01:12:50.000Z
238.000,Minmatar Citizen 9745080,Skiff,52599,53004,68031,68,,,,24,0.000,0.778,1.000,2026-10-06T01:12:50.000Z
238.000,Amarr Citizen 0220922,Capsule,78692,58763,51703,0,,,,11,,,,2026-10-06T01:12:50.000Z
238.000,Minmatar Citizen 4351238,Venture,91630,51112,13640,2170,0.1659,-0.9244,0.3435,399,0.869,1.000,1.000,2026-10-06T01:12:50.000Z
238.000,Caldari Citizen 3216932,Capsule,58025,29332,86285,187,-0.5736,-0.6473,0.5020,192,,,,2026-10-06T01:12:50.000Z
238.000,Minmatar Citizen 9076035,Porpoise,66562,42492,56941,88,0.2818,-0.3465,-0.8947,259,0.960,1.000,1.000,2026-10-06T01:12:50.000Z
238.000,Minmatar Citizen 6662812,Capsule,53232,48498,69392,0,,,,4,,,,2026-10-06T01:12:50.000Z
238.000,Caldari Citizen 3891005,Capsule,49353,50780,71981,0,,,,20,,,,2026-10-06T01:12:50.000Z
238.000,Caldari Citizen 8777524,Prospect,65252,46155,-26107,2080,0.1259,-0.9076,0.4005,315,0.172,0.232,1.000,2026-10-06T01:12:50.000Z
238.000,Minmatar Citizen 0254120,Procurer,49787,54667,72968,209,0.7396,0.3188,-0.5927,110,0.000,0.710,1.000,2026-10-06T01:12:50.000Z
238.000,Amarr Citizen 2674287,Capsule,65029,48579,58212,0,,,,79,,,,2026-10-06T01:12:50.000Z
238.000,Amarr Citizen 5054432,Venture,65167,54108,53132,331,0.9637,-0.1953,0.1820,385,1.000,1.000,1.000,2026-10-06T01:12:50.000Z
238.000,Amarr Citizen 4520313,Capsule,45084,144935,102229,0,,,,6,,,,2026-10-06T01:12:50.000Z
238.000,Minmatar Citizen 9978241,Retriever,57787,43339,67581,663,0.1960,0.7297,-0.6551,262,0.838,1.000,1.000,2026-10-06T01:12:50.000Z
238.000,Minmatar Citizen 7162778,Capsule,26502,39998,55023,0,,,,3,,,,2026-10-06T01:12:50.000Z
238.000,Minmatar Citizen 9678938,Capsule,64492,39880,72628,0,,,,4,,,,2026-10-06T01:12:50.000Z
238.000,Minmatar Citizen 2250648,Porpoise,63661,48432,43605,270,0.7041,0.0917,0.7042,272,1.000,1.000,1.000,2026-10-06T01:12:50.000Z
238.000,Gallente Citizen 1635012,Venture,20609,16353,99855,3327,0.9570,-0.2886,0.0283,243,1.000,1.000,1.000,2026-10-06T01:12:50.000Z
238.000,Amarr Citizen 2281178,Procurer,66719,55718,57130,811,-0.7991,0.6001,-0.0368,130,0.000,0.306,1.000,2026-10-06T01:12:50.000Z
239.000,Caldari Citizen 9942864,Capsule,53793,702,68372,0,,,,1,,,,2026-10-06T01:12:51.000Z
239.000,Caldari Citizen 6206817,Orca,61740,52307,56765,114,0.5474,-0.8341,-0.0682,125,0.500,1.000,1.000,2026-10-06T01:12:51.000Z
239.000,Minmatar Citizen 9745080,Skiff,52612,53017,67988,54,,,,13,0.000,0.778,1.000,2026-10-06T01:12:51.000Z
239.000,Amarr Citizen 0220922,Capsule,78692,58763,51703,0,,,,11,,,,2026-10-06T01:12:51.000Z
239.000,Minmatar Citizen 4351238,Venture,91927,49147,14439,2199,0.1377,-0.8849,0.4451,159,0.879,1.000,1.000,2026-10-06T01:12:51.000Z
239.000,Caldari Citizen 3216932,Capsule,57841,29055,86383,187,-0.5697,-0.6535,0.4984,209,,,,2026-10-06T01:12:51.000Z
239.000,Minmatar Citizen 9076035,Porpoise,66675,42465,56811,88,0.3332,-0.4575,-0.8244,270,0.960,1.000,1.000,2026-10-06T01:12:51.000Z
239.000,Minmatar Citizen 6662812,Capsule,53232,48498,69392,0,,,,4,,,,2026-10-06T01:12:51.000Z
239.000,Caldari Citizen 3891005,Capsule,49353,50780,71981,0,,,,20,,,,2026-10-06T01:12:51.000Z
239.000,Caldari Citizen 8777524,Prospect,65618,44378,-24973,2098,0.0391,-0.8433,0.5359,43,0.182,0.232,1.000,2026-10-06T01:12:51.000Z
239.000,Minmatar Citizen 0254120,Procurer,49999,54776,72849,230,0.7183,0.3402,-0.6069,186,0.000,0.700,1.000,2026-10-06T01:12:51.000Z
239.000,Amarr Citizen 2674287,Capsule,65030,48580,58212,0,,,,79,,,,2026-10-06T01:12:51.000Z
239.000,Amarr Citizen 5054432,Venture,65574,53961,53267,343,0.8416,-0.4597,0.2835,209,1.000,1.000,1.000,2026-10-06T01:12:51.000Z
239.000,Amarr Citizen 4520313,Capsule,45084,144935,102229,0,,,,6,,,,2026-10-06T01:12:51.000Z
239.000,Minmatar Citizen 9978241,Retriever,57981,43956,67068,792,0.0582,0.8087,-0.5853,250,0.838,1.000,1.000,2026-10-06T01:12:51.000Z
239.000,Minmatar Citizen 7162778,Capsule,26502,39998,55023,0,,,,3,,,,2026-10-06T01:12:51.000Z
239.000,Minmatar Citizen 9678938,Capsule,64492,39880,72628,0,,,,4,,,,2026-10-06T01:12:51.000Z
239.000,Minmatar Citizen 2250648,Porpoise,64151,48447,43787,386,0.8213,0.1148,0.5588,391,1.000,1.000,1.000,2026-10-06T01:12:51.000Z
239.000,Gallente Citizen 1635012,Venture,23838,15471,99986,3360,0.9652,-0.2612,0.0142,209,1.000,1.000,1.000,2026-10-06T01:12:51.000Z
239.000,Amarr Citizen 2281178,Procurer,66052,56140,57138,783,-0.8153,0.5778,-0.0394,241,0.000,0.306,1.000,2026-10-06T01:12:51.000Z
240.000,Caldari Citizen 9942864,Capsule,53793,702,68372,0,,,,1,,,,2026-10-06T01:12:52.000Z
240.000,Caldari Citizen 6206817,Orca,61900,52097,56831,115,0.6272,-0.7757,0.0698,224,0.500,1.000,1.000,2026-10-06T01:12:52.000Z
240.000,Minmatar Citizen 9745080,Skiff,52621,53033,67960,42,,,,6,0.000,0.758,1.000,2026-10-06T01:12:52.000Z
240.000,Amarr Citizen 0220922,Capsule,78692,58763,51703,0,,,,11,,,,2026-10-06T01:12:52.000Z
240.000,Minmatar Citizen 4351238,Venture,92174,47236,15476,2229,0.1150,-0.8337,0.5401,183,0.879,1.000,1.000,2026-10-06T01:12:52.000Z
240.000,Caldari Citizen 3216932,Capsule,57696,28865,86497,187,-0.5811,-0.5893,0.5613,100,,,,2026-10-06T01:12:52.000Z
240.000,Minmatar Citizen 9076035,Porpoise,66819,42405,56651,88,,,,288,0.960,1.000,1.000,2026-10-06T01:12:52.000Z
240.000,Minmatar Citizen 6662812,Capsule,53232,48498,69392,0,,,,4,,,,2026-10-06T01:12:52.000Z
240.000,Caldari Citizen 3891005,Capsule,49353,50780,71981,0,,,,20,,,,2026-10-06T01:12:52.000Z
240.000,Caldari Citizen 8777524,Prospect,65727,42741,-23453,2267,-0.0820,-0.7854,0.6135,219,0.182,0.232,1.000,2026-10-06T01:12:52.000Z
240.000,Minmatar Citizen 0254120,Procurer,50276,54927,72755,238,0.6533,0.3549,-0.6688,259,0.000,0.700,1.000,2026-10-06T01:12:52.000Z
240.000,Amarr Citizen 2674287,Capsule,65030,48580,58212,0,,,,79,,,,2026-10-06T01:12:52.000Z
240.000,Amarr Citizen 5054432,Venture,65801,53621,53400,353,0.6470,-0.6749,0.3547,197,1.000,1.000,1.000,2026-10-06T01:12:52.000Z
240.000,Amarr Citizen 4520313,Capsule,45084,144935,102229,0,,,,6,,,,2026-10-06T01:12:52.000Z
240.000,Minmatar Citizen 9978241,Retriever,57978,44720,66547,909,-0.0894,0.8709,-0.4832,83,0.847,1.000,1.000,2026-10-06T01:12:52.000Z
240.000,Minmatar Citizen 7162778,Capsule,26502,39998,55023,0,,,,3,,,,2026-10-06T01:12:52.000Z
240.000,Minmatar Citizen 9678938,Capsule,64492,39880,72628,0,,,,4,,,,2026-10-06T01:12:52.000Z
240.000,Minmatar Citizen 2250648,Porpoise,64513,48465,43928,369,0.8717,0.1654,0.4613,124,1.000,1.000,1.000,2026-10-06T01:12:52.000Z
240.000,Gallente Citizen 1635012,Venture,27140,14656,100022,3388,0.9695,-0.2451,-0.0054,293,1.000,1.000,1.000,2026-10-06T01:12:52.000Z
240.000,Amarr Citizen 2281178,Procurer,65343,56549,57041,746,-0.8109,0.5834,-0.0453,345,0.000,0.306,1.000,2026-10-06T01:12:52.000Z
241.000,Caldari Citizen 9942864,Capsule,53793,702,68372,0,,,,1,,,,2026-10-06T01:12:53.000Z
241.000,Caldari Citizen 6206817,Orca,62110,51816,56947,117,0.6814,-0.7279,0.0768,183,0.495,1.000,1.000,2026-10-06T01:12:53.000Z
241.000,Minmatar Citizen 9745080,Skiff,52629,53045,67943,32,,,,6,0.000,0.747,1.000,2026-10-06T01:12:53.000Z
241.000,Amarr Citizen 0220922,Capsule,78692,58763,51703,0,,,,11,,,,2026-10-06T01:12:53.000Z
241.000,Minmatar Citizen 4351238,Venture,92355,45456,16759,2192,0.0983,-0.7695,0.6311,218,0.879,1.000,1.000,2026-10-06T01:12:53.000Z
241.000,Caldari Citizen 3216932,Capsule,57583,28775,86637,187,-0.5912,-0.4414,0.6750,46,,,,2026-10-06T01:12:53.000Z
241.000,Minmatar Citizen 9076035,Porpoise,66897,42265,56486,101,,,,329,0.960,1.000,1.000,2026-10-06T01:12:53.000Z
241.000,Minmatar Citizen 6662812,Capsule,53232,48498,69392,0,,,,4,,,,2026-10-06T01:12:53.000Z
241.000,Caldari Citizen 3891005,Capsule,49353,50780,71981,0,,,,20,,,,2026-10-06T01:12:53.000Z
241.000,Caldari Citizen 8777524,Prospect,65409,40993,-21779,2478,-0.2089,-0.7474,0.6307,408,0.184,0.232,1.000,2026-10-06T01:12:53.000Z
241.000,Amarr Citizen 2674287,Capsule,65030,48580,58212,0,,,,79,,,,2026-10-06T01:12:53.000Z
241.000,Amarr Citizen 5054432,Venture,65986,53229,53554,361,0.4478,-0.7991,0.4011,301,1.000,1.000,1.000,2026-10-06T01:12:53.000Z
241.000,Amarr Citizen 4520313,Capsule,45084,144935,102229,0,,,,6,,,,2026-10-06T01:12:53.000Z
241.000,Minmatar Citizen 9978241,Retriever,57824,45607,66059,1011,-0.2393,0.9088,-0.3418,197,0.847,1.000,1.000,2026-10-06T01:12:53.000Z
241.000,Minmatar Citizen 7162778,Capsule,26502,39998,55023,0,,,,3,,,,2026-10-06T01:12:53.000Z
241.000,Minmatar Citizen 9678938,Capsule,64492,39880,72628,0,,,,4,,,,2026-10-06T01:12:53.000Z
241.000,Minmatar Citizen 2250648,Porpoise,64738,48529,44091,326,0.8394,0.2739,0.4694,153,1.000,1.000,1.000,2026-10-06T01:12:53.000Z
241.000,Gallente Citizen 1635012,Venture,30434,13859,99922,3410,0.9696,-0.2416,-0.0377,269,1.000,1.000,1.000,2026-10-06T01:12:53.000Z
241.000,Amarr Citizen 2281178,Procurer,64710,56993,56958,714,-0.7823,0.6219,-0.0345,340,0.000,0.242,1.000,2026-10-06T01:12:53.000Z
242.000,Caldari Citizen 9942864,Capsule,53793,702,68372,0,,,,1,,,,2026-10-06T01:12:54.000Z
242.000,Caldari Citizen 6206817,Orca,62273,51638,56972,118,0.7460,-0.6649,-0.0379,71,0.490,1.000,1.000,2026-10-06T01:12:54.000Z
242.000,Minmatar Citizen 9745080,Skiff,52637,53053,67934,27,,,,8,0.000,0.747,1.000,2026-10-06T01:12:54.000Z
242.000,Amarr Citizen 0220922,Capsule,78692,58763,51703,0,,,,11,,,,2026-10-06T01:12:54.000Z
242.000,Minmatar Citizen 4351238,Venture,92556,43900,18266,2176,0.0852,-0.6988,0.7102,245,0.879,1.000,1.000,2026-10-06T01:12:54.000Z
242.000,Caldari Citizen 3216932,Capsule,57480,28743,86792,187,-0.5816,-0.2769,0.7649,14,,,,2026-10-06T01:12:54.000Z
242.000,Minmatar Citizen 9076035,Porpoise,66844,42076,56410,115,,,,172,0.960,1.000,1.000,2026-10-06T01:12:54.000Z
242.000,Minmatar Citizen 6662812,Capsule,53232,48498,69392,0,,,,4,,,,2026-10-06T01:12:54.000Z
242.000,Caldari Citizen 3891005,Capsule,49353,50780,71981,0,,,,20,,,,2026-10-06T01:12:54.000Z
242.000,Caldari Citizen 8777524,Prospect,64635,39076,-20163,2677,-0.3177,-0.7242,0.6120,495,0.190,0.232,1.000,2026-10-06T01:12:54.000Z
242.000,Minmatar Citizen 0254120,Procurer,50983,55256,71954,524,0.4784,0.4152,-0.7737,49,0.000,0.700,1.000,2026-10-06T01:12:54.000Z
242.000,Amarr Citizen 2674287,Capsule,65030,48580,58212,0,,,,79,,,,2026-10-06T01:12:54.000Z
242.000,Amarr Citizen 5054432,Venture,66105,52906,53698,368,0.3196,-0.8302,0.4568,204,1.000,1.000,1.000,2026-10-06T01:12:54.000Z
242.000,Amarr Citizen 4520313,Capsule,45084,144935,102229,0,,,,6,,,,2026-10-06T01:12:54.000Z
242.000,Minmatar Citizen 9978241,Retriever,57508,46600,65698,1100,-0.3718,0.9107,-0.1800,251,0.848,1.000,1.000,2026-10-06T01:12:54.000Z
242.000,Minmatar Citizen 7162778,Capsule,26502,39998,55023,0,,,,3,,,,2026-10-06T01:12:54.000Z
242.000,Minmatar Citizen 9678938,Capsule,64492,39880,72628,0,,,,4,,,,2026-10-06T01:12:54.000Z
242.000,Minmatar Citizen 2250648,Porpoise,64995,48638,44223,289,0.7002,0.4471,0.5566,399,1.000,1.000,1.000,2026-10-06T01:12:54.000Z
242.000,Gallente Citizen 1635012,Venture,33772,13101,99814,3417,0.9639,-0.2486,-0.0957,336,1.000,1.000,1.000,2026-10-06T01:12:54.000Z
242.000,Amarr Citizen 2281178,Procurer,64184,57441,56941,686,-0.7230,0.6909,0.0007,279,0.000,0.242,1.000,2026-10-06T01:12:54.000Z
243.000,Caldari Citizen 9942864,Capsule,53793,702,68372,0,,,,1,,,,2026-10-06T01:12:55.000Z
243.000,Caldari Citizen 6206817,Orca,62395,51567,56912,119,,,,44,0.490,1.000,1.000,2026-10-06T01:12:55.000Z
243.000,Minmatar Citizen 9745080,Skiff,52646,53054,67927,28,,,,8,0.000,0.626,1.000,2026-10-06T01:12:55.000Z
243.000,Amarr Citizen 0220922,Capsule,78692,58763,51703,0,,,,11,,,,2026-10-06T01:12:55.000Z
243.000,Minmatar Citizen 4351238,Venture,92749,42535,19887,2186,0.0701,-0.6348,0.7695,86,0.879,1.000,1.000,2026-10-06T01:12:55.000Z
243.000,Caldari Citizen 3216932,Capsule,57380,28745,86948,187,-0.5854,-0.2769,0.7620,53,,,,2026-10-06T01:12:55.000Z
243.000,Minmatar Citizen 9076035,Porpoise,66758,41957,56439,129,,,,105,0.960,1.000,1.000,2026-10-06T01:12:55.000Z
243.000,Minmatar Citizen 6662812,Capsule,53232,48498,69392,0,,,,4,,,,2026-10-06T01:12:55.000Z
243.000,Caldari Citizen 3891005,Capsule,49353,50780,71981,0,,,,20,,,,2026-10-06T01:12:55.000Z
243.000,Caldari Citizen 8777524,Prospect,63522,37075,-18571,2852,-0.4023,-0.7095,0.5786,318,0.190,0.232,1.000,2026-10-06T01:12:55.000Z
243.000,Minmatar Citizen 0254120,Procurer,51343,55573,71246,813,0.3945,0.4594,-0.7958,170,0.000,0.700,1.000,2026-10-06T01:12:55.000Z
243.000,Amarr Citizen 2674287,Capsule,65030,48580,58212,0,,,,79,,,,2026-10-06T01:12:55.000Z
243.000,Amarr Citizen 5054432,Venture,66191,52625,53869,374,0.2285,-0.8127,0.5360,269,1.000,1.000,1.000,2026-10-06T01:12:55.000Z
243.000,Amarr Citizen 4520313,Capsule,45084,144935,102229,0,,,,6,,,,2026-10-06T01:12:55.000Z
243.000,Minmatar Citizen 9978241,Retriever,57007,47656,65545,1178,-0.4725,0.8812,-0.0184,100,0.848,1.000,1.000,2026-10-06T01:12:55.000Z
243.000,Minmatar Citizen 7162778,Capsule,26502,39998,55023,0,,,,3,,,,2026-10-06T01:12:55.000Z
243.000,Minmatar Citizen 9678938,Capsule,64492,39880,72628,0,,,,4,,,,2026-10-06T01:12:55.000Z
243.000,Minmatar Citizen 2250648,Porpoise,65202,48778,44342,256,0.5276,0.5770,0.6235,255,1.000,1.000,1.000,2026-10-06T01:12:55.000Z
243.000,Gallente Citizen 1635012,Venture,37021,12288,99601,3192,0.9481,-0.2619,-0.1805,99,1.000,1.000,1.000,2026-10-06T01:12:55.000Z
243.000,Amarr Citizen 2281178,Procurer,63725,57926,56963,662,-0.6496,0.7594,0.0365,253,0.000,0.232,1.000,2026-10-06T01:12:55.000Z
244.000,Caldari Citizen 9942864,Capsule,53793,702,68372,0,,,,1,,,,2026-10-06T01:12:56.000Z
244.000,Caldari Citizen 6206817,Orca,62520,51529,56818,120,,,,38,0.490,1.000,1.000,2026-10-06T01:12:56.000Z
244.000,Minmatar Citizen 9745080,Skiff,52657,53052,67918,30,,,,7,0.000,0.606,1.000,2026-10-06T01:12:56.000Z
244.000,Amarr Citizen 0220922,Capsule,78692,58763,51703,0,,,,11,,,,2026-10-06T01:12:56.000Z
244.000,Minmatar Citizen 4351238,Venture,92910,41321,21635,2212,0.0543,-0.5818,0.8115,118,0.879,1.000,1.000,2026-10-06T01:12:56.000Z
244.000,Caldari Citizen 3216932,Capsule,57276,28737,87099,187,-0.5831,-0.4305,0.6890,102,,,,2026-10-06T01:12:56.000Z
244.000,Minmatar Citizen 9076035,Porpoise,66668,41902,56496,132,-0.9857,-0.0124,0.1679,91,0.960,1.000,1.000,2026-10-06T01:12:56.000Z
244.000,Minmatar Citizen 6662812,Capsule,53232,48498,69392,0,,,,4,,,,2026-10-06T01:12:56.000Z
244.000,Caldari Citizen 3891005,Capsule,49353,50780,71981,0,,,,20,,,,2026-10-06T01:12:56.000Z
244.000,Caldari Citizen 8777524,Prospect,62203,35031,-16945,2997,-0.4682,-0.6957,0.5448,245,0.200,0.232,1.000,2026-10-06T01:12:56.000Z
244.000,Minmatar Citizen 0254120,Procurer,51680,56072,70387,1053,0.3014,0.5108,-0.8051,268,0.000,0.657,1.000,2026-10-06T01:12:56.000Z
244.000,Amarr Citizen 2674287,Capsule,65030,48580,58212,0,,,,79,,,,2026-10-06T01:12:56.000Z
244.000,Amarr Citizen 5054432,Venture,66281,52333,54089,380,0.1111,-0.7882,0.6053,307,1.000,1.000,1.000,2026-10-06T01:12:56.000Z
244.000,Amarr Citizen 4520313,Capsule,45084,144935,102229,0,,,,6,,,,2026-10-06T01:12:56.000Z
244.000,Minmatar Citizen 9978241,Retriever,56338,48808,65660,1248,-0.5413,0.8322,0.1200,468,0.848,1.000,1.000,2026-10-06T01:12:56.000Z
244.000,Minmatar Citizen 7162778,Capsule,26502,39998,55023,0,,,,3,,,,2026-10-06T01:12:56.000Z
244.000,Minmatar Citizen 9678938,Capsule,64492,39880,72628,0,,,,4,,,,2026-10-06T01:12:56.000Z
244.000,Minmatar Citizen 2250648,Porpoise,65218,48943,44488,228,0.4734,0.5891,0.6549,150,1.000,1.000,1.000,2026-10-06T01:12:56.000Z
244.000,Gallente Citizen 1635012,Venture,40044,11409,98998,3057,0.9177,-0.2709,-0.2906,349,1.000,1.000,1.000,2026-10-06T01:12:56.000Z
244.000,Amarr Citizen 2281178,Procurer,63365,58436,57047,641,-0.5930,0.8050,0.0159,263,0.000,0.222,1.000,2026-10-06T01:12:56.000Z
245.000,Caldari Citizen 9942864,Capsule,53793,702,68372,0,,,,1,,,,2026-10-06T01:12:57.000Z
245.000,Caldari Citizen 6206817,Orca,62628,51524,56715,121,,,,32,0.490,1.000,1.000,2026-10-06T01:12:57.000Z
245.000,Minmatar Citizen 9745080,Skiff,52669,53049,67908,32,,,,7,0.000,0.596,1.000,2026-10-06T01:12:57.000Z
245.000,Amarr Citizen 0220922,Capsule,78692,58763,51703,0,,,,11,,,,2026-10-06T01:12:57.000Z
245.000,Minmatar Citizen 4351238,Venture,93004,40132,23449,2243,0.0414,-0.5419,0.8394,300,0.879,1.000,1.000,2026-10-06T01:12:57.000Z
245.000,Caldari Citizen 3216932,Capsule,57149,28656,87245,187,-0.5304,-0.5336,0.6587,158,,,,2026-10-06T01:12:57.000Z
245.000,Minmatar Citizen 9076035,Porpoise,66494,41915,56584,114,-0.9635,0.2611,0.0595,110,0.960,1.000,1.000,2026-10-06T01:12:57.000Z
245.000,Minmatar Citizen 6662812,Capsule,53232,48498,69392,0,,,,4,,,,2026-10-06T01:12:57.000Z
245.000,Caldari Citizen 3891005,Capsule,49353,50780,71981,0,,,,20,,,,2026-10-06T01:12:57.000Z
245.000,Caldari Citizen 8777524,Prospect,60776,32999,-15318,3037,-0.5300,-0.6772,0.5104,149,0.204,0.232,1.000,2026-10-06T01:12:57.000Z
245.000,Minmatar Citizen 0254120,Procurer,52098,56721,69432,1253,0.2775,0.5137,-0.8118,410,0.000,0.650,1.000,2026-10-06T01:12:57.000Z
245.000,Amarr Citizen 2674287,Capsule,65030,48580,58212,0,,,,79,,,,2026-10-06T01:12:57.000Z
245.000,Amarr Citizen 5054432,Venture,66319,52076,54323,385,-0.0304,-0.7835,0.6207,239,1.000,1.000,1.000,2026-10-06T01:12:57.000Z
245.000,Amarr Citizen 4520313,Capsule,45084,144935,102229,0,,,,6,,,,2026-10-06T01:12:57.000Z
245.000,Minmatar Citizen 9978241,Retriever,55476,50030,65956,1308,-0.5879,0.7777,0.2226,220,0.848,1.000,1.000,2026-10-06T01:12:57.000Z
245.000,Minmatar Citizen 7162778,Capsule,26502,39998,55023,0,,,,3,,,,2026-10-06T01:12:57.000Z
245.000,Minmatar Citizen 9678938,Capsule,64492,39880,72628,0,,,,4,,,,2026-10-06T01:12:57.000Z
245.000,Minmatar Citizen 2250648,Porpoise,65173,49097,44638,203,0.5170,0.4881,0.7031,144,1.000,1.000,1.000,2026-10-06T01:12:57.000Z
245.000,Gallente Citizen 1635012,Venture,42930,10448,97809,3029,0.8692,-0.2678,-0.4157,227,1.000,1.000,1.000,2026-10-06T01:12:57.000Z
245.000,Amarr Citizen 2281178,Procurer,63055,59008,57137,622,-0.5601,0.8238,-0.0868,613,0.020,0.214,1.000,2026-10-06T01:12:57.000Z
246.000,Caldari Citizen 9942864,Capsule,53793,702,68372,0,,,,1,,,,2026-10-06T01:12:58.000Z
246.000,Caldari Citizen 6206817,Orca,62712,51543,56617,122,,,,25,0.490,1.000,1.000,2026-10-06T01:12:58.000Z
246.000,Minmatar Citizen 9745080,Skiff,52682,53046,67895,34,,,,9,0.000,0.566,1.000,2026-10-06T01:12:58.000Z
246.000,Amarr Citizen 0220922,Capsule,78692,58763,51703,0,,,,11,,,,2026-10-06T01:12:58.000Z
246.000,Minmatar Citizen 4351238,Venture,93027,38939,25296,2270,0.0376,-0.5160,0.8558,311,0.808,1.000,1.000,2026-10-06T01:12:58.000Z
246.000,Caldari Citizen 3216932,Capsule,56980,28439,87386,187,-0.4554,-0.5129,0.7277,272,,,,2026-10-06T01:12:58.000Z
246.000,Minmatar Citizen 9076035,Porpoise,66195,42050,56637,98,-0.9318,0.3543,-0.0789,210,0.960,1.000,1.000,2026-10-06T01:12:58.000Z
246.000,Minmatar Citizen 6662812,Capsule,53232,48498,69392,0,,,,4,,,,2026-10-06T01:12:58.000Z
246.000,Caldari Citizen 3891005,Capsule,49353,50780,71981,0,,,,20,,,,2026-10-06T01:12:58.000Z
246.000,Caldari Citizen 8777524,Prospect,59237,31094,-13891,2704,-0.6050,-0.6493,0.4607,234,0.210,0.232,1.000,2026-10-06T01:12:58.000Z
246.000,Minmatar Citizen 0254120,Procurer,52486,57506,68353,1390,0.2490,0.5259,-0.8133,249,0.000,0.650,1.000,2026-10-06T01:12:58.000Z
246.000,Amarr Citizen 2674287,Capsule,65030,48580,58212,0,,,,79,,,,2026-10-06T01:12:58.000Z
246.000,Amarr Citizen 5054432,Venture,66298,51814,54581,389,-0.1815,-0.8004,0.5713,298,1.000,1.000,1.000,2026-10-06T01:12:58.000Z
246.000,Amarr Citizen 4520313,Capsule,45084,144935,102229,0,,,,6,,,,2026-10-06T01:12:58.000Z
246.000,Minmatar Citizen 9978241,Retriever,54450,51263,66415,1353,-0.6251,0.7238,0.2923,275,0.848,1.000,1.000,2026-10-06T01:12:58.000Z
246.000,Minmatar Citizen 7162778,Capsule,26502,39998,55023,0,,,,3,,,,2026-10-06T01:12:58.000Z
246.000,Minmatar Citizen 9678938,Capsule,64492,39880,72628,0,,,,4,,,,2026-10-06T01:12:58.000Z
246.000,Minmatar Citizen 2250648,Porpoise,65259,49199,44786,184,0.6231,0.2783,0.7309,274,1.000,1.000,1.000,2026-10-06T01:12:58.000Z
246.000,Gallente Citizen 1635012,Venture,45596,9516,96206,3043,0.8103,-0.2468,-0.5315,298,1.000,1.000,1.000,2026-10-06T01:12:58.000Z
246.000,Amarr Citizen 2281178,Procurer,62739,59527,57110,593,-0.5121,0.8171,-0.2648,596,0.020,0.214,1.000,2026-10-06T01:12:58.000Z
247.000,Caldari Citizen 9942864,Capsule,53793,702,68372,0,,,,1,,,,2026-10-06T01:12:59.000Z
247.000,Caldari Citizen 6206817,Orca,62791,51558,56524,123,,,,25,0.490,1.000,1.000,2026-10-06T01:12:59.000Z
247.000,Minmatar Citizen 9745080,Skiff,52695,53045,67880,36,,,,11,0.000,0.505,1.000,2026-10-06T01:12:59.000Z
247.000,Amarr Citizen 0220922,Capsule,78692,58763,51703,0,,,,11,,,,2026-10-06T01:12:59.000Z
247.000,Minmatar Citizen 4351238,Venture,93053,37805,27287,2300,0.0369,-0.5099,0.8595,155,0.808,1.000,1.000,2026-10-06T01:12:59.000Z
247.000,Caldari Citizen 3216932,Capsule,56805,28130,87546,187,-0.3952,-0.4272,0.8132,142,,,,2026-10-06T01:12:59.000Z
247.000,Minmatar Citizen 9076035,Porpoise,65822,42277,56558,91,-0.9036,0.3802,-0.1974,362,0.960,1.000,1.000,2026-10-06T01:12:59.000Z
247.000,Minmatar Citizen 6662812,Capsule,53232,48498,69392,0,,,,4,,,,2026-10-06T01:12:59.000Z
247.000,Caldari Citizen 3891005,Capsule,49353,50780,71981,0,,,,20,,,,2026-10-06T01:12:59.000Z
247.000,Caldari Citizen 8777524,Prospect,57660,29452,-12775,2444,-0.7026,-0.5982,0.3855,232,0.220,0.232,1.000,2026-10-06T01:12:59.000Z
247.000,Minmatar Citizen 0254120,Procurer,52773,58304,67044,1529,0.2330,0.5328,-0.8135,207,0.000,0.650,1.000,2026-10-06T01:12:59.000Z
247.000,Amarr Citizen 2674287,Capsule,65030,48580,58212,0,,,,79,,,,2026-10-06T01:12:59.000Z
247.000,Amarr Citizen 5054432,Venture,66189,51483,54854,394,-0.3510,-0.8200,0.4521,334,1.000,1.000,1.000,2026-10-06T01:12:59.000Z
247.000,Amarr Citizen 4520313,Capsule,45084,144935,102229,0,,,,6,,,,2026-10-06T01:12:59.000Z
247.000,Minmatar Citizen 9978241,Retriever,53350,52506,67000,1256,-0.6538,0.6775,0.3370,617,0.848,1.000,1.000,2026-10-06T01:12:59.000Z
247.000,Minmatar Citizen 7162778,Capsule,26502,39998,55023,0,,,,3,,,,2026-10-06T01:12:59.000Z
247.000,Minmatar Citizen 9678938,Capsule,64492,39880,72628,0,,,,4,,,,2026-10-06T01:12:59.000Z
247.000,Minmatar Citizen 2250648,Porpoise,65510,49215,44914,159,0.7307,0.0608,0.6800,483,1.000,1.000,1.000,2026-10-06T01:12:59.000Z
247.000,Gallente Citizen 1635012,Venture,47995,8769,94242,3090,0.7532,-0.2159,-0.6214,125,1.000,1.000,1.000,2026-10-06T01:12:59.000Z
247.000,Amarr Citizen 2281178,Procurer,62358,60045,56882,562,-0.4185,0.7716,-0.4791,574,0.010,0.204,1.000,2026-10-06T01:12:59.000Z
248.000,Caldari Citizen 9942864,Capsule,53793,702,68372,0,,,,1,,,,2026-10-06T01:13:00.000Z
248.000,Caldari Citizen 6206817,Orca,62883,51544,56442,124,,,,18,0.490,1.000,1.000,2026-10-06T01:13:00.000Z
248.000,Minmatar Citizen 9745080,Skiff,52709,53046,67863,37,,,,13,0.000,0.475,1.000,2026-10-06T01:13:00.000Z
248.000,Amarr Citizen 0220922,Capsule,78692,58763,51703,0,,,,11,,,,2026-10-06T01:13:00.000Z
248.000,Minmatar Citizen 4351238,Venture,93163,36736,29327,2326,0.0315,-0.5175,0.8551,212,0.808,1.000,1.000,2026-10-06T01:13:00.000Z
248.000,Caldari Citizen 3216932,Capsule,56673,27955,87898,187,-0.3556,-0.3180,0.8789,154,,,,2026-10-06T01:13:00.000Z
248.000,Minmatar Citizen 9076035,Porpoise,65566,42372,56410,93,-0.8838,0.3711,-0.2849,199,0.960,1.000,1.000,2026-10-06T01:13:00.000Z
248.000,Minmatar Citizen 6662812,Capsule,53232,48498,69392,0,,,,4,,,,2026-10-06T01:13:00.000Z
248.000,Caldari Citizen 3891005,Capsule,49353,50780,71981,0,,,,20,,,,2026-10-06T01:13:00.000Z
248.000,Caldari Citizen 8777524,Prospect,55891,28040,-11910,2435,-0.8147,-0.5071,0.2813,490,0.220,0.232,1.000,2026-10-06T01:13:00.000Z
248.000,Minmatar Citizen 0254120,Procurer,53106,59150,65648,1645,0.2149,0.5423,-0.8123,73,0.000,0.650,1.000,2026-10-06T01:13:00.000Z
248.000,Amarr Citizen 2674287,Capsule,65030,48580,58212,0,,,,79,,,,2026-10-06T01:13:00.000Z
248.000,Amarr Citizen 5054432,Venture,65995,51113,55038,400,-0.5026,-0.8124,0.2955,228,1.000,1.000,1.000,2026-10-06T01:13:00.000Z
248.000,Amarr Citizen 4520313,Capsule,45084,144935,102229,0,,,,6,,,,2026-10-06T01:13:00.000Z
248.000,Minmatar Citizen 9978241,Retriever,52248,53565,67629,1110,-0.6655,0.6463,0.3734,426,0.848,1.000,1.000,2026-10-06T01:13:00.000Z
248.000,Minmatar Citizen 7162778,Capsule,26502,39998,55023,0,,,,3,,,,2026-10-06T01:13:00.000Z
248.000,Minmatar Citizen 9678938,Capsule,64492,39880,72628,0,,,,4,,,,2026-10-06T01:13:00.000Z
248.000,Minmatar Citizen 2250648,Porpoise,65702,49135,45002,137,0.7692,-0.0692,0.6353,446,1.000,1.000,1.000,2026-10-06T01:13:00.000Z
248.000,Gallente Citizen 1635012,Venture,50254,8176,92050,3146,0.7043,-0.1840,-0.6856,190,1.000,1.000,1.000,2026-10-06T01:13:00.000Z
248.000,Amarr Citizen 2281178,Procurer,62022,60493,56465,540,-0.2872,0.7068,-0.6465,314,0.000,0.143,1.000,2026-10-06T01:13:00.000Z
249.000,Caldari Citizen 9942864,Capsule,53793,702,68372,0,,,,1,,,,2026-10-06T01:13:01.000Z
249.000,Caldari Citizen 6206817,Orca,63012,51453,56397,124,0.7537,-0.6562,-0.0358,47,0.480,1.000,1.000,2026-10-06T01:13:01.000Z
249.000,Minmatar Citizen 9745080,Skiff,52724,53050,67844,39,,,,16,0.000,0.404,1.000,2026-10-06T01:13:01.000Z
249.000,Amarr Citizen 0220922,Capsule,78692,58763,51703,0,,,,11,,,,2026-10-06T01:13:01.000Z
249.000,Minmatar Citizen 4351238,Venture,93348,35599,31338,2313,0.0158,-0.5315,0.8469,349,0.808,1.000,1.000,2026-10-06T01:13:01.000Z
249.000,Caldari Citizen 3216932,Capsule,56584,27962,88413,187,-0.3333,-0.2108,0.9189,225,,,,2026-10-06T01:13:01.000Z
249.000,Minmatar Citizen 9076035,Porpoise,65472,42377,56314,101,,,,137,0.960,1.000,1.000,2026-10-06T01:13:01.000Z
249.000,Minmatar Citizen 6662812,Capsule,53232,48498,69392,0,,,,4,,,,2026-10-06T01:13:01.000Z
249.000,Caldari Citizen 3891005,Capsule,49353,50780,71981,0,,,,20,,,,2026-10-06T01:13:01.000Z
249.000,Caldari Citizen 8777524,Prospect,53779,26832,-11362,2547,-0.9142,-0.3702,0.1651,293,0.232,0.232,1.000,2026-10-06T01:13:01.000Z
249.000,Minmatar Citizen 0254120,Procurer,53523,60082,64239,1742,0.1881,0.5558,-0.8098,48,0.000,0.657,1.000,2026-10-06T01:13:01.000Z
249.000,Amarr Citizen 2674287,Capsule,65030,48580,58212,0,,,,79,,,,2026-10-06T01:13:01.000Z
249.000,Amarr Citizen 5054432,Venture,65779,50786,55094,404,-0.6214,-0.7694,0.1479,183,1.000,1.000,1.000,2026-10-06T01:13:01.000Z
249.000,Amarr Citizen 4520313,Capsule,45084,144935,102229,0,,,,6,,,,2026-10-06T01:13:01.000Z
249.000,Minmatar Citizen 9978241,Retriever,51242,54313,68186,966,-0.6602,0.6280,0.4120,365,0.857,1.000,1.000,2026-10-06T01:13:01.000Z
249.000,Minmatar Citizen 7162778,Capsule,26502,39998,55023,0,,,,3,,,,2026-10-06T01:13:01.000Z
249.000,Minmatar Citizen 9678938,Capsule,64492,39880,72628,0,,,,4,,,,2026-10-06T01:13:01.000Z
249.000,Minmatar Citizen 2250648,Porpoise,65808,49075,45130,118,,,,439,1.000,1.000,1.000,2026-10-06T01:13:01.000Z
249.000,Gallente Citizen 1635012,Venture,52417,7726,89750,3203,0.6614,-0.1571,-0.7333,280,1.000,1.000,1.000,2026-10-06T01:13:01.000Z
249.000,Amarr Citizen 2281178,Procurer,61935,60866,55926,572,-0.1726,0.6675,-0.7243,236,0.000,0.061,1.000,2026-10-06T01:13:01.000Z
250.000,Caldari Citizen 9942864,Capsule,53793,702,68372,0,,,,1,,,,2026-10-06T01:13:02.000Z
250.000,Caldari Citizen 6206817,Orca,63205,51244,56430,125,0.7065,-0.7065,0.0418,192,0.480,1.000,1.000,2026-10-06T01:13:02.000Z
250.000,Minmatar Citizen 9745080,Skiff,52740,53054,67824,40,,,,19,0.000,0.404,1.000,2026-10-06T01:13:02.000Z
250.000,Amarr Citizen 0220922,Capsule,78692,58763,51703,0,,,,11,,,,2026-10-06T01:13:02.000Z
250.000,Minmatar Citizen 4351238,Venture,93418,34250,33282,2309,-0.0131,-0.5521,0.8337,180,0.808,1.000,1.000,2026-10-06T01:13:02.000Z
250.000,Caldari Citizen 3216932,Capsule,56487,27989,88760,187,-0.3537,-0.1782,0.9182,106,,,,2026-10-06T01:13:02.000Z
250.000,Minmatar Citizen 9076035,Porpoise,65398,42396,56279,111,,,,127,0.960,1.000,1.000,2026-10-06T01:13:02.000Z
250.000,Minmatar Citizen 6662812,Capsule,53232,48498,69392,0,,,,4,,,,2026-10-06T01:13:02.000Z
250.000,Caldari Citizen 3891005,Capsule,49353,50780,71981,0,,,,20,,,,2026-10-06T01:13:02.000Z
250.000,Caldari Citizen 8777524,Prospect,51305,25959,-11092,2698,-0.9785,-0.1986,0.0557,329,0.232,0.232,1.000,2026-10-06T01:13:02.000Z
250.000,Minmatar Citizen 0254120,Procurer,53945,61107,62805,1800,0.1477,0.5684,-0.8094,122,0.000,0.660,1.000,2026-10-06T01:13:02.000Z
250.000,Amarr Citizen 2674287,Capsule,65030,48580,58212,0,,,,79,,,,2026-10-06T01:13:02.000Z
250.000,Amarr Citizen 5054432,Venture,65484,50488,55043,401,-0.7159,-0.6973,0.0361,249,1.000,1.000,1.000,2026-10-06T01:13:02.000Z
250.000,Amarr Citizen 4520313,Capsule,45084,144935,102229,0,,,,6,,,,2026-10-06T01:13:02.000Z
250.000,Minmatar Citizen 9978241,Retriever,50550,54869,68585,684,-0.6389,0.6187,0.4572,251,0.857,1.000,1.000,2026-10-06T01:13:02.000Z
250.000,Minmatar Citizen 7162778,Capsule,26502,39998,55023,0,,,,3,,,,2026-10-06T01:13:02.000Z
250.000,Minmatar Citizen 9678938,Capsule,64492,39880,72628,0,,,,4,,,,2026-10-06T01:13:02.000Z
250.000,Minmatar Citizen 2250648,Porpoise,65922,49084,45275,102,,,,130,1.000,1.000,1.000,2026-10-06T01:13:02.000Z
250.000,Gallente Citizen 1635012,Venture,54480,7275,87348,3254,0.6233,-0.1382,-0.7696,168,1.000,1.000,1.000,2026-10-06T01:13:02.000Z
250.000,Amarr Citizen 2281178,Procurer,61932,61334,55300,621,-0.1275,0.6597,-0.7406,224,0.000,0.061,1.000,2026-10-06T01:13:02.000Z
251.000,Caldari Citizen 9942864,Capsule,53793,702,68372,0,,,,1,,,,2026-10-06T01:13:03.000Z
251.000,Caldari Citizen 6206817,Orca,63446,50960,56523,126,0.6608,-0.7503,0.0195,187,0.480,1.000,1.000,2026-10-06T01:13:03.000Z
251.000,Minmatar Citizen 9745080,Skiff,52758,53057,67802,41,,,,22,0.000,0.343,1.000,2026-10-06T01:13:03.000Z
251.000,Amarr Citizen 0220922,Capsule,78692,58763,51703,0,,,,11,,,,2026-10-06T01:13:03.000Z
251.000,Minmatar Citizen 4351238,Venture,93322,32860,35171,2316,-0.0551,-0.5755,0.8160,249,0.816,1.000,1.000,2026-10-06T01:13:03.000Z
251.000,Caldari Citizen 3216932,Capsule,56373,27958,88953,187,-0.4441,-0.3183,0.8375,41,,,,2026-10-06T01:13:03.000Z
251.000,Minmatar Citizen 9076035,Porpoise,65314,42418,56315,121,,,,124,0.960,1.000,1.000,2026-10-06T01:13:03.000Z
251.000,Minmatar Citizen 6662812,Capsule,53232,48498,69392,0,,,,4,,,,2026-10-06T01:13:03.000Z
251.000,Caldari Citizen 3891005,Capsule,49353,50780,71981,0,,,,20,,,,2026-10-06T01:13:03.000Z
251.000,Caldari Citizen 8777524,Prospect,48531,25576,-11154,2850,-0.9993,-0.0038,-0.0360,535,0.242,0.232,1.000,2026-10-06T01:13:03.000Z
251.000,Minmatar Citizen 0254120,Procurer,54243,62228,61334,1853,0.0887,0.5755,-0.8130,258,0.000,0.660,1.000,2026-10-06T01:13:03.000Z
251.000,Amarr Citizen 2674287,Capsule,65030,48580,58212,0,,,,79,,,,2026-10-06T01:13:03.000Z
251.000,Amarr Citizen 5054432,Venture,65177,50249,55006,381,-0.8033,-0.5952,-0.0210,249,1.000,1.000,1.000,2026-10-06T01:13:03.000Z
251.000,Amarr Citizen 4520313,Capsule,45084,144935,102229,0,,,,6,,,,2026-10-06T01:13:03.000Z
251.000,Minmatar Citizen 9978241,Retriever,50228,55328,68912,397,-0.5594,0.6601,0.5013,318,0.857,1.000,1.000,2026-10-06T01:13:03.000Z
251.000,Minmatar Citizen 7162778,Capsule,26502,39998,55023,0,,,,3,,,,2026-10-06T01:13:03.000Z
251.000,Minmatar Citizen 9678938,Capsule,64492,39880,72628,0,,,,4,,,,2026-10-06T01:13:03.000Z
251.000,Minmatar Citizen 2250648,Porpoise,65995,49097,45366,88,,,,58,1.000,1.000,1.000,2026-10-06T01:13:03.000Z
251.000,Gallente Citizen 1635012,Venture,56463,6822,84839,3300,0.5881,-0.1258,-0.7989,358,1.000,1.000,1.000,2026-10-06T01:13:03.000Z
251.000,Amarr Citizen 2281178,Procurer,61962,61890,54675,669,-0.1411,0.6659,-0.7326,445,0.000,0.000,0.960,2026-10-06T01:13:03.000Z
252.000,Caldari Citizen 9942864,Capsule,53793,702,68372,0,,,,1,,,,2026-10-06T01:13:04.000Z
252.000,Caldari Citizen 6206817,Orca,63615,50782,56553,126,0.5762,-0.8092,-0.1147,93,0.480,1.000,1.000,2026-10-06T01:13:04.000Z
252.000,Minmatar Citizen 9745080,Skiff,52776,53060,67779,41,,,,25,0.000,0.323,1.000,2026-10-06T01:13:04.000Z
252.000,Amarr Citizen 0220922,Capsule,78692,58763,51703,0,,,,11,,,,2026-10-06T01:13:04.000Z
252.000,Minmatar Citizen 4351238,Venture,93107,31532,37097,2335,-0.1048,-0.5986,0.7941,222,0.818,1.000,1.000,2026-10-06T01:13:04.000Z
252.000,Caldari Citizen 3216932,Capsule,56261,27867,89110,187,-0.5283,-0.5504,0.6465,34,,,,2026-10-06T01:13:04.000Z
252.000,Minmatar Citizen 9076035,Porpoise,65241,42422,56405,129,,,,113,0.960,1.000,1.000,2026-10-06T01:13:04.000Z
252.000,Minmatar Citizen 6662812,Capsule,53232,48498,69392,0,,,,4,,,,2026-10-06T01:13:04.000Z
252.000,Caldari Citizen 3891005,Capsule,49353,50780,71981,0,,,,20,,,,2026-10-06T01:13:04.000Z
252.000,Caldari Citizen 8777524,Prospect,45628,25776,-11411,2987,-0.9719,0.2095,-0.1076,416,0.242,0.232,1.000,2026-10-06T01:13:04.000Z
252.000,Minmatar Citizen 0254120,Procurer,54300,63320,59874,1571,0.0215,0.5833,-0.8120,221,0.000,0.660,1.000,2026-10-06T01:13:04.000Z
252.000,Amarr Citizen 2674287,Capsule,65030,48580,58212,0,,,,79,,,,2026-10-06T01:13:04.000Z
252.000,Amarr Citizen 5054432,Venture,64914,50086,55009,346,-0.8894,-0.4546,-0.0472,195,1.000,1.000,1.000,2026-10-06T01:13:04.000Z
252.000,Amarr Citizen 4520313,Capsule,45084,144935,102229,0,,,,6,,,,2026-10-06T01:13:04.000Z
252.000,Minmatar Citizen 9978241,Retriever,50126,55578,69172,155,-0.2044,0.8806,0.4275,349,0.857,1.000,1.000,2026-10-06T01:13:04.000Z
252.000,Minmatar Citizen 7162778,Capsule,26502,39998,55023,0,,,,3,,,,2026-10-06T01:13:04.000Z
252.000,Minmatar Citizen 9678938,Capsule,64492,39880,72628,0,,,,4,,,,2026-10-06T01:13:04.000Z
252.000,Minmatar Citizen 2250648,Porpoise,66028,49136,45400,75,,,,41,1.000,1.000,1.000,2026-10-06T01:13:04.000Z
252.000,Gallente Citizen 1635012,Venture,58281,6426,82158,3339,0.5571,-0.1189,-0.8219,721,1.000,1.000,1.000,2026-10-06T01:13:04.000Z
252.000,Amarr Citizen 2281178,Procurer,61854,62575,54024,715,-0.1864,0.6764,-0.7125,436,0.000,0.000,0.960,2026-10-06T01:13:04.000Z
253.000,Caldari Citizen 9942864,Capsule,53793,702,68372,0,,,,1,,,,2026-10-06T01:13:05.000Z
253.000,Caldari Citizen 6206817,Orca,63709,50680,56500,127,0.4168,-0.8415,-0.3438,84,0.470,1.000,1.000,2026-10-06T01:13:05.000Z
253.000,Minmatar Citizen 9745080,Skiff,52797,53063,67754,46,,,,28,0.000,0.253,1.000,2026-10-06T01:13:05.000Z
253.000,Amarr Citizen 0220922,Capsule,78692,58763,51703,0,,,,11,,,,2026-10-06T01:13:05.000Z
253.000,Minmatar Citizen 4351238,Venture,92813,30145,39013,2355,-0.1528,-0.6219,0.7681,242,0.818,1.000,1.000,2026-10-06T01:13:05.000Z
253.000,Caldari Citizen 3216932,Capsule,56122,27672,89228,187,-0.5345,-0.6799,0.5020,162,,,,2026-10-06T01:13:05.000Z
253.000,Minmatar Citizen 9076035,Porpoise,65163,42428,56493,136,,,,104,0.960,1.000,1.000,2026-10-06T01:13:05.000Z
253.000,Minmatar Citizen 6662812,Capsule,53232,48498,69392,0,,,,4,,,,2026-10-06T01:13:05.000Z
253.000,Caldari Citizen 3891005,Capsule,49353,50780,71981,0,,,,20,,,,2026-10-06T01:13:05.000Z
253.000,Caldari Citizen 8777524,Prospect,42905,26641,-11847,2805,-0.8925,0.4225,-0.1579,447,0.253,0.232,1.000,2026-10-06T01:13:05.000Z
253.000,Minmatar Citizen 0254120,Procurer,54164,64147,58564,1286,-0.0342,0.5950,-0.8030,331,0.000,0.660,1.000,2026-10-06T01:13:05.000Z
253.000,Amarr Citizen 2674287,Capsule,65030,48580,58212,0,,,,79,,,,2026-10-06T01:13:05.000Z
253.000,Amarr Citizen 5054432,Venture,64660,49960,55027,311,-0.9630,-0.2562,-0.0835,283,1.000,1.000,1.000,2026-10-06T01:13:05.000Z
253.000,Amarr Citizen 4520313,Capsule,45084,144935,102229,0,,,,6,,,,2026-10-06T01:13:05.000Z
253.000,Minmatar Citizen 9978241,Retriever,50159,55613,69267,133,0.7087,0.6075,-0.3587,309,0.859,1.000,1.000,2026-10-06T01:13:05.000Z
253.000,Minmatar Citizen 7162778,Capsule,26502,39998,55023,0,,,,3,,,,2026-10-06T01:13:05.000Z
253.000,Minmatar Citizen 9678938,Capsule,64492,39880,72628,0,,,,4,,,,2026-10-06T01:13:05.000Z
253.000,Minmatar Citizen 2250648,Porpoise,66018,49182,45419,65,,,,42,1.000,1.000,1.000,2026-10-06T01:13:05.000Z
253.000,Gallente Citizen 1635012,Venture,59978,6094,79406,3371,0.5329,-0.1140,-0.8385,477,1.000,1.000,1.000,2026-10-06T01:13:05.000Z
253.000,Amarr Citizen 2281178,Procurer,61504,63265,53370,757,-0.2478,0.6779,-0.6922,530,,,,2026-10-06T01:13:05.000Z
254.000,Caldari Citizen 9942864,Capsule,53793,702,68372,0,,,,1,,,,2026-10-06T01:13:06.000Z
254.000,Caldari Citizen 6206817,Orca,63753,50543,56376,127,0.1497,-0.7995,-0.5817,147,0.470,1.000,1.000,2026-10-06T01:13:06.000Z
254.000,Minmatar Citizen 9745080,Skiff,52821,53067,67724,50,,,,32,0.000,0.253,1.000,2026-10-06T01:13:06.000Z
254.000,Amarr Citizen 0220922,Capsule,78692,58763,51703,0,,,,11,,,,2026-10-06T01:13:06.000Z
254.000,Minmatar Citizen 4351238,Venture,92415,28658,40830,2431,-0.1935,-0.6448,0.7394,105,0.818,1.000,1.000,2026-10-06T01:13:06.000Z
254.000,Caldari Citizen 3216932,Capsule,55953,27398,89318,187,-0.5240,-0.7089,0.4721,246,,,,2026-10-06T01:13:06.000Z
254.000,Minmatar Citizen 9076035,Porpoise,65040,42497,56542,144,-0.4861,0.8530,0.1899,107,0.960,1.000,1.000,2026-10-06T01:13:06.000Z
254.000,Minmatar Citizen 6662812,Capsule,53232,48498,69392,0,,,,4,,,,2026-10-06T01:13:06.000Z
254.000,Caldari Citizen 3891005,Capsule,49353,50780,71981,0,,,,20,,,,2026-10-06T01:13:06.000Z
254.000,Caldari Citizen 8777524,Prospect,40634,28135,-12359,2709,-0.7717,0.6094,-0.1819,95,0.260,0.232,1.000,2026-10-06T01:13:06.000Z
254.000,Minmatar Citizen 0254120,Procurer,53968,64840,57501,1067,-0.0543,0.6080,-0.7921,141,0.000,0.660,1.000,2026-10-06T01:13:06.000Z
254.000,Amarr Citizen 2674287,Capsule,65030,48580,58212,0,,,,79,,,,2026-10-06T01:13:06.000Z
254.000,Amarr Citizen 5054432,Venture,64357,49891,55027,287,-0.9944,-0.0044,-0.1060,194,1.000,1.000,1.000,2026-10-06T01:13:06.000Z
254.000,Amarr Citizen 4520313,Capsule,45084,144935,102229,0,,,,6,,,,2026-10-06T01:13:06.000Z
254.000,Minmatar Citizen 9978241,Retriever,50388,55676,69154,313,0.7417,0.0411,-0.6695,262,0.859,1.000,1.000,2026-10-06T01:13:06.000Z
254.000,Minmatar Citizen 7162778,Capsule,26502,39998,55023,0,,,,3,,,,2026-10-06T01:13:06.000Z
254.000,Minmatar Citizen 9678938,Capsule,64492,39880,72628,0,,,,4,,,,2026-10-06T01:13:06.000Z
254.000,Minmatar Citizen 2250648,Porpoise,65981,49216,45421,56,,,,34,1.000,1.000,1.000,2026-10-06T01:13:06.000Z
254.000,Gallente Citizen 1635012,Venture,61627,5765,76657,3397,0.5134,-0.1130,-0.8507,412,1.000,1.000,1.000,2026-10-06T01:13:06.000Z
254.000,Amarr Citizen 2281178,Capsule,61260,63557,53010,0,-0.3233,0.6633,-0.6749,592,,,,2026-10-06T01:13:06.000Z
255.000,Caldari Citizen 9942864,Capsule,53793,702,68372,0,,,,1,,,,2026-10-06T01:13:07.000Z
255.000,Caldari Citizen 6206817,Orca,63735,50363,56207,127,-0.0999,-0.7256,-0.6808,328,0.470,1.000,1.000,2026-10-06T01:13:07.000Z
255.000,Minmatar Citizen 9745080,Skiff,52851,53075,67693,53,,,,37,0.000,0.242,1.000,2026-10-06T01:13:07.000Z
255.000,Amarr Citizen 0220922,Capsule,78692,58763,51703,0,,,,11,,,,2026-10-06T01:13:07.000Z
255.000,Minmatar Citizen 4351238,Venture,91873,27014,42559,2503,-0.2331,-0.6645,0.7100,180,0.818,1.000,1.000,2026-10-06T01:13:07.000Z
255.000,Caldari Citizen 3216932,Capsule,55827,27205,89413,187,-0.5268,-0.6715,0.5212,141,,,,2026-10-06T01:13:07.000Z
255.000,Minmatar Citizen 9076035,Porpoise,64863,42717,56536,150,-0.2032,0.9754,0.0850,203,0.960,1.000,1.000,2026-10-06T01:13:07.000Z
255.000,Minmatar Citizen 6662812,Capsule,53232,48498,69392,0,,,,4,,,,2026-10-06T01:13:07.000Z
255.000,Caldari Citizen 3891005,Capsule,49353,50780,71981,0,,,,20,,,,2026-10-06T01:13:07.000Z
255.000,Caldari Citizen 8777524,Prospect,38782,30197,-12943,2745,-0.6323,0.7526,-0.1839,156,0.263,0.232,1.000,2026-10-06T01:13:07.000Z
255.000,Minmatar Citizen 0254120,Procurer,53852,65584,56687,896,-0.0170,0.6212,-0.7834,91,0.000,0.660,1.000,2026-10-06T01:13:07.000Z
255.000,Amarr Citizen 2674287,Capsule,65030,48580,58212,0,,,,79,,,,2026-10-06T01:13:07.000Z
255.000,Amarr Citizen 5054432,Venture,64044,49922,54956,276,-0.9636,0.2607,-0.0594,251,1.000,1.000,1.000,2026-10-06T01:13:07.000Z
255.000,Amarr Citizen 4520313,Capsule,45084,144935,102229,0,,,,6,,,,2026-10-06T01:13:07.000Z
255.000,Minmatar Citizen 9978241,Retriever,50873,55837,68736,485,0.6838,-0.2086,-0.6992,207,0.859,1.000,1.000,2026-10-06T01:13:07.000Z
255.000,Minmatar Citizen 7162778,Capsule,26502,39998,55023,0,,,,3,,,,2026-10-06T01:13:07.000Z
255.000,Minmatar Citizen 9678938,Capsule,64492,39880,72628,0,,,,4,,,,2026-10-06T01:13:07.000Z
255.000,Minmatar Citizen 2250648,Porpoise,65940,49230,45420,48,,,,27,1.000,1.000,1.000,2026-10-06T01:13:07.000Z
255.000,Gallente Citizen 1635012,Venture,63279,5391,73908,3419,0.4997,-0.1145,-0.8586,356,1.000,1.000,1.000,2026-10-06T01:13:07.000Z
255.000,Amarr Citizen 2281178,Capsule,61260,63557,53010,0,-0.4025,0.6261,-0.6678,29,,,,2026-10-06T01:13:07.000Z
256.000,Caldari Citizen 9942864,Capsule,53793,702,68372,0,,,,1,,,,2026-10-06T01:13:08.000Z
256.000,Caldari Citizen 6206817,Orca,63700,50242,56095,128,-0.2399,-0.6898,-0.6831,298,0.470,1.000,1.000,2026-10-06T01:13:08.000Z
256.000,Minmatar Citizen 9745080,Skiff,52887,53088,67664,55,,,,44,0.000,0.222,1.000,2026-10-06T01:13:08.000Z
256.000,Amarr Citizen 0220922,Capsule,78692,58763,51703,0,,,,11,,,,2026-10-06T01:13:08.000Z
256.000,Minmatar Citizen 4351238,Venture,91209,25245,44230,2560,-0.2793,-0.6723,0.6855,337,0.828,1.000,1.000,2026-10-06T01:13:08.000Z
256.000,Caldari Citizen 3216932,Capsule,55737,27100,89526,187,-0.5300,-0.5705,0.6274,85,,,,2026-10-06T01:13:08.000Z
256.000,Minmatar Citizen 9076035,Porpoise,64704,43118,56539,156,0.0778,0.9966,-0.0264,234,0.960,1.000,1.000,2026-10-06T01:13:08.000Z
256.000,Minmatar Citizen 6662812,Capsule,53232,48498,69392,0,,,,4,,,,2026-10-06T01:13:08.000Z
256.000,Caldari Citizen 3891005,Capsule,49353,50780,71981,0,,,,20,,,,2026-10-06T01:13:08.000Z
256.000,Caldari Citizen 8777524,Prospect,37291,32591,-13507,2839,-0.5080,0.8444,-0.1698,428,0.270,0.232,1.000,2026-10-06T01:13:08.000Z
256.000,Minmatar Citizen 0254120,Procurer,53861,66285,56004,766,0.0693,0.6268,-0.7761,105,0.000,0.660,1.000,2026-10-06T01:13:08.000Z
256.000,Amarr Citizen 2674287,Capsule,65030,48580,58212,0,,,,79,,,,2026-10-06T01:13:08.000Z
256.000,Amarr Citizen 5054432,Venture,63703,50047,54834,275,-0.8860,0.4593,0.0634,395,1.000,1.000,1.000,2026-10-06T01:13:08.000Z
256.000,Amarr Citizen 4520313,Capsule,45084,144935,102229,0,,,,6,,,,2026-10-06T01:13:08.000Z
256.000,Minmatar Citizen 9978241,Retriever,51569,55814,67931,635,0.6551,-0.3735,-0.6568,324,0.859,1.000,1.000,2026-10-06T01:13:08.000Z
256.000,Minmatar Citizen 7162778,Capsule,26502,39998,55023,0,,,,3,,,,2026-10-06T01:13:08.000Z
256.000,Minmatar Citizen 9678938,Capsule,64492,39880,72628,0,,,,4,,,,2026-10-06T01:13:08.000Z
256.000,Minmatar Citizen 2250648,Porpoise,65907,49231,45426,41,,,,28,1.000,1.000,1.000,2026-10-06T01:13:08.000Z
256.000,Gallente Citizen 1635012,Venture,64914,5006,71145,3435,0.4896,-0.1153,-0.8643,508,1.000,1.000,1.000,2026-10-06T01:13:08.000Z
256.000,Amarr Citizen 2281178,Capsule,61260,63557,53010,0,,,,29,,,,2026-10-06T01:13:08.000Z
257.000,Caldari Citizen 9942864,Capsule,53793,702,68372,0,,,,1,,,,2026-10-06T01:13:09.000Z
257.000,Caldari Citizen 6206817,Orca,63618,50157,56003,115,,,,322,0.470,1.000,1.000,2026-10-06T01:13:09.000Z
257.000,Minmatar Citizen 9745080,Skiff,52927,53099,67632,57,,,,53,0.000,0.212,1.000,2026-10-06T01:13:09.000Z
257.000,Amarr Citizen 0220922,Capsule,78692,58763,51703,0,,,,11,,,,2026-10-06T01:13:09.000Z
257.000,Minmatar Citizen 4351238,Venture,90520,23498,45973,2606,-0.3339,-0.6645,0.6686,415,0.828,1.000,1.000,2026-10-06T01:13:09.000Z
257.000,Caldari Citizen 3216932,Capsule,55657,27051,89662,187,-0.5283,-0.4758,0.7032,40,,,,2026-10-06T01:13:09.000Z
257.000,Minmatar Citizen 9076035,Porpoise,64795,43573,56592,162,0.3578,0.9216,-0.1506,473,0.969,1.000,1.000,2026-10-06T01:13:09.000Z
257.000,Minmatar Citizen 6662812,Capsule,53232,48498,69392,0,,,,4,,,,2026-10-06T01:13:09.000Z
257.000,Caldari Citizen 3891005,Capsule,49353,50780,71981,0,,,,20,,,,2026-10-06T01:13:09.000Z
257.000,Caldari Citizen 8777524,Prospect,36121,35123,-13950,2950,-0.4109,0.8993,-0.1499,239,0.270,0.232,1.000,2026-10-06T01:13:09.000Z
257.000,Minmatar Citizen 0254120,Procurer,54008,66841,55329,664,0.1733,0.6012,-0.7801,271,0.000,0.660,1.000,2026-10-06T01:13:09.000Z
257.000,Amarr Citizen 2674287,Capsule,65030,48580,58212,0,,,,79,,,,2026-10-06T01:13:09.000Z
257.000,Amarr Citizen 5054432,Venture,63412,50276,54850,279,-0.7983,0.5514,0.2424,341,1.000,1.000,1.000,2026-10-06T01:13:09.000Z
257.000,Amarr Citizen 4520313,Capsule,45084,144935,102229,0,,,,6,,,,2026-10-06T01:13:09.000Z
257.000,Minmatar Citizen 9978241,Retriever,52175,55270,67076,767,0.6353,-0.5361,-0.5558,470,0.859,1.000,1.000,2026-10-06T01:13:09.000Z
257.000,Minmatar Citizen 7162778,Capsule,26502,39998,55023,0,,,,3,,,,2026-10-06T01:13:09.000Z
257.000,Minmatar Citizen 9678938,Capsule,64492,39880,72628,0,,,,4,,,,2026-10-06T01:13:09.000Z
257.000,Minmatar Citizen 2250648,Porpoise,65881,49227,45442,36,,,,32,1.000,1.000,1.000,2026-10-06T01:13:09.000Z
257.000,Gallente Citizen 1635012,Venture,66458,4587,68305,3449,0.4802,-0.1156,-0.8695,321,1.000,1.000,1.000,2026-10-06T01:13:09.000Z
257.000,Amarr Citizen 2281178,Capsule,61260,63557,53010,0,,,,29,,,,2026-10-06T01:13:09.000Z
258.000,Caldari Citizen 9942864,Capsule,53793,702,68372,0,,,,1,,,,2026-10-06T01:13:10.000Z
258.000,Caldari Citizen 6206817,Orca,63529,50043,55864,103,,,,170,0.470,1.000,1.000,2026-10-06T01:13:10.000Z
258.000,Minmatar Citizen 9745080,Skiff,52952,53079,67575,59,0.1654,-0.4002,-0.9014,54,0.000,0.202,1.000,2026-10-06T01:13:10.000Z
258.000,Amarr Citizen 0220922,Capsule,78692,58763,51703,0,,,,11,,,,2026-10-06T01:13:10.000Z
258.000,Minmatar Citizen 4351238,Venture,89674,21808,47665,2644,-0.3990,-0.6407,0.6559,422,0.828,1.000,1.000,2026-10-06T01:13:10.000Z
258.000,Caldari Citizen 3216932,Capsule,55581,27027,89802,187,-0.5464,-0.5068,0.6668,24,,,,2026-10-06T01:13:10.000Z
258.000,Minmatar Citizen 9076035,Porpoise,65089,43898,56552,167,0.6112,0.7401,-0.2804,152,0.970,1.000,1.000,2026-10-06T01:13:10.000Z
258.000,Minmatar Citizen 6662812,Capsule,53232,48498,69392,0,,,,4,,,,2026-10-06T01:13:10.000Z
258.000,Caldari Citizen 3891005,Capsule,49353,50780,71981,0,,,,20,,,,2026-10-06T01:13:10.000Z
258.000,Caldari Citizen 8777524,Prospect,35145,37824,-14316,3008,-0.3296,0.9351,-0.1301,360,0.273,0.232,1.000,2026-10-06T01:13:10.000Z
258.000,Minmatar Citizen 0254120,Procurer,54268,67331,54598,584,0.2505,0.5409,-0.8029,242,0.000,0.660,1.000,2026-10-06T01:13:10.000Z
258.000,Amarr Citizen 2674287,Capsule,65030,48580,58212,0,,,,79,,,,2026-10-06T01:13:10.000Z
258.000,Amarr Citizen 5054432,Venture,63181,50576,55019,286,-0.7164,0.5330,0.4502,193,1.000,1.000,1.000,2026-10-06T01:13:10.000Z
258.000,Amarr Citizen 4520313,Capsule,45084,144935,102229,0,,,,6,,,,2026-10-06T01:13:10.000Z
258.000,Minmatar Citizen 9978241,Retriever,52693,54447,66638,735.5,0.6037,-0.6992,-0.3828,339,0.000,1.000,1.000,2026-10-06T01:13:10.000Z
258.000,Minmatar Citizen 7162778,Capsule,26502,39998,55023,0,,,,3,,,,2026-10-06T01:13:10.000Z
258.000,Minmatar Citizen 9678938,Capsule,64492,39880,72628,0,,,,4,,,,2026-10-06T01:13:10.000Z
258.000,Minmatar Citizen 2250648,Porpoise,65863,49221,45463,31,,,,34,1.000,1.000,1.000,2026-10-06T01:13:10.000Z
258.000,Gallente Citizen 1635012,Venture,67977,4222,65432,3460,0.4680,-0.1144,-0.8763,347,1.000,1.000,1.000,2026-10-06T01:13:10.000Z
258.000,Amarr Citizen 2281178,Capsule,61260,63557,53010,0,,,,29,,,,2026-10-06T01:13:10.000Z
259.000,Caldari Citizen 9942864,Capsule,53793,702,68372,0,,,,1,,,,2026-10-06T01:13:11.000Z
259.000,Caldari Citizen 6206817,Orca,63501,49944,55782,95,,,,122,0.470,1.000,1.000,2026-10-06T01:13:11.000Z
259.000,Minmatar Citizen 9745080,Skiff,52992,52980,67350,321,0.1088,-0.4513,-0.8857,149,0.000,0.202,1.000,2026-10-06T01:13:11.000Z
259.000,Amarr Citizen 0220922,Capsule,78692,58763,51703,0,,,,11,,,,2026-10-06T01:13:11.000Z
259.000,Minmatar Citizen 4351238,Venture,88576,20202,49309,2667,-0.4690,-0.6067,0.6418,288,0.828,1.000,1.000,2026-10-06T01:13:11.000Z
259.000,Caldari Citizen 3216932,Capsule,55491,26964,89930,187,-0.5578,-0.6008,0.5725,77,,,,2026-10-06T01:13:11.000Z
259.000,Minmatar Citizen 9076035,Porpoise,65371,44012,56393,170,0.7749,0.4787,-0.4129,60,0.970,1.000,1.000,2026-10-06T01:13:11.000Z
259.000,Minmatar Citizen 6662812,Capsule,53232,48498,69392,0,,,,4,,,,2026-10-06T01:13:11.000Z
259.000,Caldari Citizen 3891005,Capsule,49353,50780,71981,0,,,,20,,,,2026-10-06T01:13:11.000Z
259.000,Caldari Citizen 8777524,Prospect,34361,40298,-14581,2492,-0.2431,0.9634,-0.1126,72,0.280,0.232,1.000,2026-10-06T01:13:11.000Z
259.000,Minmatar Citizen 0254120,Procurer,54538,67723,53948,446,0.2664,0.4625,-0.8457,325,0.000,0.660,1.000,2026-10-06T01:13:11.000Z
259.000,Amarr Citizen 2674287,Capsule,65030,48580,58212,0,,,,79,,,,2026-10-06T01:13:11.000Z
259.000,Amarr Citizen 5054432,Venture,62982,50770,55259,290,-0.6270,0.4380,0.6442,109,1.000,1.000,1.000,2026-10-06T01:13:11.000Z
259.000,Amarr Citizen 4520313,Capsule,45084,144935,102229,0,,,,6,,,,2026-10-06T01:13:11.000Z
259.000,Minmatar Citizen 9978241,Retriever,53107,53817,66566,565,0.5587,-0.8193,-0.1285,211,0.000,1.000,1.000,2026-10-06T01:13:11.000Z
259.000,Minmatar Citizen 7162778,Capsule,26502,39998,55023,0,,,,3,,,,2026-10-06T01:13:11.000Z
259.000,Minmatar Citizen 9678938,Capsule,64492,39880,72628,0,,,,4,,,,2026-10-06T01:13:11.000Z
259.000,Minmatar Citizen 2250648,Porpoise,65850,49216,45483,27,,,,36,1.000,1.000,1.000,2026-10-06T01:13:11.000Z
259.000,Gallente Citizen 1635012,Venture,69518,3900,62575,3466,0.4491,-0.1064,-0.8871,532,1.000,1.000,1.000,2026-10-06T01:13:11.000Z
259.000,Amarr Citizen 2281178,Capsule,61260,63557,53010,0,,,,29,,,,2026-10-06T01:13:11.000Z
260.000,Caldari Citizen 9942864,Capsule,53793,702,68372,0,,,,1,,,,2026-10-06T01:13:12.000Z
260.000,Caldari Citizen 6206817,Orca,63514,49813,55799,85,0.2618,-0.9401,0.2182,133,0.470,1.000,1.000,2026-10-06T01:13:12.000Z
260.000,Minmatar Citizen 9745080,Skiff,53038,52777,66920,371,0.0756,-0.4801,-0.8739,304,0.000,0.192,1.000,2026-10-06T01:13:12.000Z
260.000,Amarr Citizen 0220922,Capsule,78692,58763,51703,0,,,,11,,,,2026-10-06T01:13:12.000Z
260.000,Minmatar Citizen 4351238,Venture,87259,18688,50939,2695,-0.5340,-0.5686,0.6257,178,0.828,1.000,1.000,2026-10-06T01:13:12.000Z
260.000,Caldari Citizen 3216932,Capsule,55359,26799,90040,187,-0.5459,-0.6890,0.4768,184,,,,2026-10-06T01:13:12.000Z
260.000,Minmatar Citizen 9076035,Porpoise,65606,44036,56198,174,0.8099,0.2242,-0.5421,35,0.970,1.000,1.000,2026-10-06T01:13:12.000Z
260.000,Minmatar Citizen 6662812,Capsule,53232,48498,69392,0,,,,4,,,,2026-10-06T01:13:12.000Z
260.000,Caldari Citizen 3891005,Capsule,49353,50780,71981,0,,,,20,,,,2026-10-06T01:13:12.000Z
260.000,Caldari Citizen 8777524,Prospect,33915,42375,-14784,2058,-0.1229,0.9874,-0.0997,296,0.293,0.232,1.000,2026-10-06T01:13:12.000Z
260.000,Minmatar Citizen 0254120,Procurer,54786,67958,53445,291,0.2345,0.3593,-0.9033,299,0.000,0.660,1.000,2026-10-06T01:13:12.000Z
260.000,Amarr Citizen 2674287,Capsule,65030,48580,58212,0,,,,79,,,,2026-10-06T01:13:12.000Z
260.000,Amarr Citizen 5054432,Venture,62802,50832,55504,300,-0.5306,0.3120,0.7882,73,1.000,1.000,1.000,2026-10-06T01:13:12.000Z
260.000,Amarr Citizen 4520313,Capsule,45084,144935,102229,0,,,,6,,,,2026-10-06T01:13:12.000Z
260.000,Minmatar Citizen 9978241,Retriever,53444,53326,66727,466,0.5159,-0.8445,0.1437,208,0.000,1.000,1.000,2026-10-06T01:13:12.000Z
260.000,Minmatar Citizen 7162778,Capsule,26502,39998,55023,0,,,,3,,,,2026-10-06T01:13:12.000Z
260.000,Minmatar Citizen 9678938,Capsule,64492,39880,72628,0,,,,4,,,,2026-10-06T01:13:12.000Z
260.000,Minmatar Citizen 2250648,Porpoise,65836,49215,45500,23,,,,39,1.000,1.000,1.000,2026-10-06T01:13:12.000Z
260.000,Gallente Citizen 1635012,Venture,71047,3506,59680,3474,0.4177,-0.0860,-0.9045,724,1.000,1.000,1.000,2026-10-06T01:13:12.000Z
260.000,Amarr Citizen 2281178,Capsule,61260,63557,53009,0,,,,29,,,,2026-10-06T01:13:12.000Z
261.000,Caldari Citizen 9942864,Capsule,53793,702,68372,0,,,,1,,,,2026-10-06T01:13:13.000Z
261.000,Caldari Citizen 6206817,Orca,63613,49581,55912,68,0.3795,-0.8551,0.3532,243,0.460,1.000,1.000,2026-10-06T01:13:13.000Z
261.000,Minmatar Citizen 9745080,Skiff,53045,52556,66558,292,0.0421,-0.4982,-0.8660,197,0.000,0.182,1.000,2026-10-06T01:13:13.000Z
261.000,Amarr Citizen 0220922,Capsule,78692,58763,51703,0,,,,11,,,,2026-10-06T01:13:13.000Z
261.000,Minmatar Citizen 4351238,Venture,85701,17304,52512,2718,-0.5825,-0.5297,0.6165,368,0.837,1.000,1.000,2026-10-06T01:13:13.000Z
261.000,Caldari Citizen 3216932,Capsule,55185,26553,90140,187,-0.5217,-0.7392,0.4259,230,,,,2026-10-06T01:13:13.000Z
261.000,Minmatar Citizen 9076035,Porpoise,65777,44025,56047,138,0.7758,0.0462,-0.6293,19,0.970,1.000,1.000,2026-10-06T01:13:13.000Z
261.000,Minmatar Citizen 6662812,Capsule,53232,48498,69392,0,,,,4,,,,2026-10-06T01:13:13.000Z
261.000,Caldari Citizen 3891005,Capsule,49353,50780,71981,0,,,,20,,,,2026-10-06T01:13:13.000Z
261.000,Caldari Citizen 8777524,Prospect,33740,44308,-14991,2015,0.0663,0.9936,-0.0919,199,0.293,0.232,1.000,2026-10-06T01:13:13.000Z
261.000,Minmatar Citizen 0254120,Procurer,54876,68098,53029,223,0.1953,0.2200,-0.9557,369,0.000,0.660,1.000,2026-10-06T01:13:13.000Z
261.000,Amarr Citizen 2674287,Capsule,65030,48580,58212,0,,,,79,,,,2026-10-06T01:13:13.000Z
261.000,Amarr Citizen 5054432,Venture,62617,50848,55738,310,-0.4120,0.1829,0.8927,58,1.000,1.000,1.000,2026-10-06T01:13:13.000Z
261.000,Amarr Citizen 4520313,Capsule,45084,144935,102229,0,,,,6,,,,2026-10-06T01:13:13.000Z
261.000,Minmatar Citizen 9978241,Retriever,53687,52914,66935,455,0.4743,-0.8145,0.3343,218,0.000,0.929,1.000,2026-10-06T01:13:13.000Z
261.000,Minmatar Citizen 7162778,Capsule,26502,39998,55023,0,,,,3,,,,2026-10-06T01:13:13.000Z
261.000,Minmatar Citizen 9678938,Capsule,64492,39880,72628,0,,,,4,,,,2026-10-06T01:13:13.000Z
261.000,Minmatar Citizen 2250648,Porpoise,65819,49219,45514,20,,,,42,1.000,1.000,1.000,2026-10-06T01:13:13.000Z
261.000,Gallente Citizen 1635012,Venture,72471,3126,56686,3479,0.3594,-0.0541,-0.9316,324,1.000,1.000,1.000,2026-10-06T01:13:13.000Z
261.000,Amarr Citizen 2281178,Capsule,61260,63557,53009,0,,,,29,,,,2026-10-06T01:13:13.000Z
262.000,Caldari Citizen 9942864,Capsule,53793,702,68372,0,,,,1,,,,2026-10-06T01:13:14.000Z
262.000,Caldari Citizen 6206817,Orca,63771,49299,56096,50,0.4412,-0.8045,0.3978,248,0.460,1.000,1.000,2026-10-06T01:13:14.000Z
262.000,Minmatar Citizen 9745080,Skiff,53056,52403,66346,229,0.0026,-0.5138,-0.8579,140,0.000,0.182,1.000,2026-10-06T01:13:14.000Z
262.000,Amarr Citizen 0220922,Capsule,78692,58763,51703,0,,,,11,,,,2026-10-06T01:13:14.000Z
262.000,Minmatar Citizen 4351238,Venture,84040,15944,54085,2738,-0.6196,-0.4965,0.6079,159,0.837,1.000,1.000,2026-10-06T01:13:14.000Z
262.000,Caldari Citizen 3216932,Capsule,55071,26372,90210,187,-0.4995,-0.7420,0.4471,118,,,,2026-10-06T01:13:14.000Z
262.000,Minmatar Citizen 9076035,Porpoise,65875,44004,55956,95,,,,7,0.970,1.000,1.000,2026-10-06T01:13:14.000Z
262.000,Minmatar Citizen 6662812,Capsule,53232,48498,69392,0,,,,4,,,,2026-10-06T01:13:14.000Z
262.000,Caldari Citizen 3891005,Capsule,49353,50780,71981,0,,,,20,,,,2026-10-06T01:13:14.000Z
262.000,Caldari Citizen 8777524,Prospect,33918,46234,-15144,2042,0.3305,0.9389,-0.0959,487,0.300,0.232,1.000,2026-10-06T01:13:14.000Z
262.000,Minmatar Citizen 0254120,Procurer,54803,68178,52546,408,0.1938,0.1129,-0.9745,266,0.000,0.660,1.000,2026-10-06T01:13:14.000Z
262.000,Amarr Citizen 2674287,Capsule,65030,48580,58212,0,,,,79,,,,2026-10-06T01:13:14.000Z
262.000,Amarr Citizen 5054432,Venture,62475,50896,56016,320,-0.2510,0.0814,0.9646,117,1.000,1.000,1.000,2026-10-06T01:13:14.000Z
262.000,Amarr Citizen 4520313,Capsule,45084,144935,102229,0,,,,6,,,,2026-10-06T01:13:14.000Z
262.000,Minmatar Citizen 9978241,Retriever,53883,52522,67174,466,0.4409,-0.7944,0.4177,163,0.000,0.929,1.000,2026-10-06T01:13:14.000Z
262.000,Minmatar Citizen 7162778,Capsule,26502,39998,55023,0,,,,3,,,,2026-10-06T01:13:14.000Z
262.000,Minmatar Citizen 9678938,Capsule,64492,39880,72628,0,,,,4,,,,2026-10-06T01:13:14.000Z
262.000,Minmatar Citizen 2250648,Porpoise,65799,49231,45525,17,,,,45,1.000,1.000,1.000,2026-10-06T01:13:14.000Z
262.000,Gallente Citizen 1635012,Venture,73496,2994,53917,2610,0.2589,-0.0155,-0.9658,287,1.000,1.000,1.000,2026-10-06T01:13:14.000Z
262.000,Amarr Citizen 2281178,Capsule,61260,63557,53009,0,,,,29,,,,2026-10-06T01:13:14.000Z
263.000,Caldari Citizen 9942864,Capsule,53793,702,68372,0,,,,1,,,,2026-10-06T01:13:15.000Z
263.000,Caldari Citizen 6206817,Orca,63871,49155,56180,35,,,,203,0.460,1.000,1.000,2026-10-06T01:13:15.000Z
263.000,Minmatar Citizen 9745080,Skiff,53060,52295,66175,181,-0.0329,-0.5176,-0.8550,205,0.000,0.163,1.000,2026-10-06T01:13:15.000Z
263.000,Amarr Citizen 0220922,Capsule,78692,58763,51703,0,,,,11,,,,2026-10-06T01:13:15.000Z
263.000,Minmatar Citizen 4351238,Venture,82372,14679,55695,2756,-0.6515,-0.4709,0.5948,337,0.778,1.000,1.000,2026-10-06T01:13:15.000Z
263.000,Caldari Citizen 3216932,Capsule,55012,26252,90269,187,-0.4799,-0.6936,0.5373,60,,,,2026-10-06T01:13:15.000Z
263.000,Minmatar Citizen 9076035,Porpoise,65941,43997,55897,65,,,,2,0.970,1.000,1.000,2026-10-06T01:13:15.000Z
263.000,Minmatar Citizen 6662812,Capsule,53232,48498,69392,0,,,,4,,,,2026-10-06T01:13:15.000Z
263.000,Caldari Citizen 3891005,Capsule,49353,50780,71981,0,,,,20,,,,2026-10-06T01:13:15.000Z
263.000,Caldari Citizen 8777524,Prospect,34669,48077,-15270,2199,0.6082,0.7853,-0.1153,491,0.300,0.232,1.000,2026-10-06T01:13:15.000Z
263.000,Minmatar Citizen 0254120,Procurer,54893,68227,51788,702,0.1812,0.0727,-0.9808,221,0.000,0.650,1.000,2026-10-06T01:13:15.000Z
263.000,Amarr Citizen 2674287,Capsule,65030,48580,58212,0,,,,79,,,,2026-10-06T01:13:15.000Z
263.000,Amarr Citizen 5054432,Venture,62411,50973,56392,330,-0.1088,-0.0076,0.9940,437,1.000,1.000,1.000,2026-10-06T01:13:15.000Z
263.000,Amarr Citizen 4520313,Capsule,45084,144935,102229,0,,,,6,,,,2026-10-06T01:13:15.000Z
263.000,Minmatar Citizen 9978241,Retriever,54071,52137,67399,479,0.4278,-0.7972,0.4259,160,0.000,0.929,1.000,2026-10-06T01:13:15.000Z
263.000,Minmatar Citizen 7162778,Capsule,26502,39998,55023,0,,,,3,,,,2026-10-06T01:13:15.000Z
263.000,Minmatar Citizen 9678938,Capsule,64492,39880,72628,0,,,,3,,,,2026-10-06T01:13:15.000Z
263.000,Minmatar Citizen 2250648,Porpoise,65778,49250,45530,15,,,,50,1.000,1.000,1.000,2026-10-06T01:13:15.000Z
263.000,Gallente Citizen 1635012,Venture,73966,3158,51585,2182,0.1078,0.0114,-0.9941,248,1.000,1.000,1.000,2026-10-06T01:13:15.000Z
263.000,Amarr Citizen 2281178,Capsule,61260,63557,53009,0,,,,29,,,,2026-10-06T01:13:15.000Z
264.000,Caldari Citizen 9942864,Capsule,53793,702,68372,0,,,,1,,,,2026-10-06T01:13:16.000Z
264.000,Caldari Citizen 6206817,Orca,63917,49120,56168,25,,,,203,0.460,1.000,1.000,2026-10-06T01:13:16.000Z
264.000,Minmatar Citizen 9745080,Skiff,53025,52195,66003,144,,,,280,0.000,0.152,1.000,2026-10-06T01:13:16.000Z
264.000,Amarr Citizen 0220922,Capsule,78692,58763,51703,0,,,,11,,,,2026-10-06T01:13:16.000Z
264.000,Minmatar Citizen 4351238,Venture,80696,13503,57375,2771,-0.6831,-0.4513,0.5742,453,0.778,1.000,1.000,2026-10-06T01:13:16.000Z
264.000,Caldari Citizen 3216932,Capsule,54956,26171,90368,187,,,,31,,,,2026-10-06T01:13:16.000Z
264.000,Minmatar Citizen 9076035,Porpoise,65992,44000,55851,51,,,,5,0.970,1.000,1.000,2026-10-06T01:13:16.000Z
264.000,Minmatar Citizen 6662812,Capsule,53232,48498,69392,0,,,,4,,,,2026-10-06T01:13:16.000Z
264.000,Caldari Citizen 3891005,Capsule,49353,50780,71981,0,,,,20,,,,2026-10-06T01:13:16.000Z
264.000,Caldari Citizen 8777524,Prospect,36167,49759,-15439,2416,0.8204,0.5530,-0.1451,665,0.310,0.230,1.000,2026-10-06T01:13:16.000Z
264.000,Minmatar Citizen 0254120,Procurer,55179,68222,50694,959,0.2490,-0.0016,-0.9685,303,0.000,0.650,1.000,2026-10-06T01:13:16.000Z
264.000,Amarr Citizen 2674287,Capsule,65030,48580,58212,0,,,,79,,,,2026-10-06T01:13:16.000Z
264.000,Amarr Citizen 5054432,Venture,62423,50973,56795,339,-0.0131,-0.1265,0.9919,470,1.000,1.000,1.000,2026-10-06T01:13:16.000Z
264.000,Amarr Citizen 4520313,Capsule,45084,144935,102229,0,,,,6,,,,2026-10-06T01:13:16.000Z
264.000,Minmatar Citizen 9978241,Retriever,54292,51736,67617,494,0.4183,-0.8210,0.3885,151,0.000,0.929,1.000,2026-10-06T01:13:16.000Z
264.000,Minmatar Citizen 7162778,Capsule,26502,39998,55023,0,,,,3,,,,2026-10-06T01:13:16.000Z
264.000,Minmatar Citizen 9678938,Capsule,64492,39880,72628,0,,,,3,,,,2026-10-06T01:13:16.000Z
264.000,Minmatar Citizen 2250648,Porpoise,65759,49269,45533,13,,,,56,1.000,1.000,1.000,2026-10-06T01:13:16.000Z
264.000,Gallente Citizen 1635012,Venture,73940,3421,49415,2163,-0.0889,-0.0148,-0.9959,56,1.000,1.000,1.000,2026-10-06T01:13:16.000Z
264.000,Amarr Citizen 2281178,Capsule,61260,63557,53009,0,,,,29,,,,2026-10-06T01:13:16.000Z
265.000,Caldari Citizen 9942864,Capsule,53793,702,68372,0,,,,1,,,,2026-10-06T01:13:17.000Z
265.000,Caldari Citizen 6206817,Orca,63945,49093,56166,22,,,,204,0.460,1.000,1.000,2026-10-06T01:13:17.000Z
265.000,Minmatar Citizen 9745080,Skiff,53003,52131,65879,117,,,,246,0.000,0.131,1.000,2026-10-06T01:13:17.000Z
265.000,Amarr Citizen 0220922,Capsule,78692,58763,51703,0,,,,11,,,,2026-10-06T01:13:17.000Z
265.000,Minmatar Citizen 4351238,Venture,78834,12330,58899,2782,-0.7187,-0.4327,0.5443,150,0.778,1.000,1.000,2026-10-06T01:13:17.000Z
265.000,Caldari Citizen 3216932,Capsule,54899,26120,90490,187,-0.4989,-0.6089,0.6167,48,,,,2026-10-06T01:13:17.000Z
265.000,Minmatar Citizen 9076035,Porpoise,66039,44007,55809,56,,,,13,0.970,1.000,1.000,2026-10-06T01:13:17.000Z
265.000,Minmatar Citizen 6662812,Capsule,53232,48498,69392,0,,,,4,,,,2026-10-06T01:13:17.000Z
265.000,Caldari Citizen 3891005,Capsule,49353,50780,71981,0,,,,20,,,,2026-10-06T01:13:17.000Z
265.000,Caldari Citizen 8777524,Prospect,38530,51108,-15786,2626,0.9371,0.3030,-0.1733,411,0.313,0.232,1.000,2026-10-06T01:13:17.000Z
265.000,Minmatar Citizen 0254120,Procurer,55608,68284,49465,1173,0.2745,-0.0414,-0.9607,228,0.000,0.650,1.000,2026-10-06T01:13:17.000Z
265.000,Amarr Citizen 2674287,Capsule,65030,48580,58212,0,,,,79,,,,2026-10-06T01:13:17.000Z
265.000,Amarr Citizen 5054432,Venture,62506,50893,57243,346,0.0271,-0.2932,0.9557,214,1.000,1.000,1.000,2026-10-06T01:13:17.000Z
265.000,Amarr Citizen 4520313,Capsule,45084,144935,102229,0,,,,6,,,,2026-10-06T01:13:17.000Z
265.000,Minmatar Citizen 9978241,Retriever,54520,51341,67814,509,0.3866,-0.8698,0.3066,138,0.000,0.798,1.000,2026-10-06T01:13:17.000Z
265.000,Minmatar Citizen 7162778,Capsule,26502,39998,55023,0,,,,3,,,,2026-10-06T01:13:17.000Z
265.000,Minmatar Citizen 9678938,Capsule,64492,39880,72628,0,,,,3,,,,2026-10-06T01:13:17.000Z
265.000,Minmatar Citizen 2250648,Porpoise,65738,49277,45544,11,,,,60,1.000,1.000,1.000,2026-10-06T01:13:17.000Z
265.000,Gallente Citizen 1635012,Venture,73461,3565,47353,1994,-0.2947,-0.1317,-0.9465,276,1.000,1.000,1.000,2026-10-06T01:13:17.000Z
265.000,Amarr Citizen 2281178,Capsule,61260,63557,53009,0,,,,29,,,,2026-10-06T01:13:17.000Z
266.000,Caldari Citizen 9942864,Capsule,53793,702,68372,0,,,,1,,,,2026-10-06T01:13:18.000Z
266.000,Caldari Citizen 6206817,Orca,63942,49093,56177,26,,,,204,0.460,1.000,1.000,2026-10-06T01:13:18.000Z
266.000,Minmatar Citizen 9745080,Skiff,53011,52106,65797,96,,,,240,0.000,0.131,1.000,2026-10-06T01:13:18.000Z
266.000,Amarr Citizen 0220922,Capsule,78692,58763,51703,0,,,,11,,,,2026-10-06T01:13:18.000Z
266.000,Minmatar Citizen 4351238,Venture,76843,11175,60291,2790,-0.7568,-0.4152,0.5048,252,0.778,1.000,1.000,2026-10-06T01:13:18.000Z
266.000,Caldari Citizen 3216932,Capsule,54825,26053,90608,187,-0.5328,-0.6397,0.5540,100,,,,2026-10-06T01:13:18.000Z
266.000,Minmatar Citizen 9076035,Porpoise,66095,44014,55768,65,,,,22,0.970,1.000,1.000,2026-10-06T01:13:18.000Z
266.000,Minmatar Citizen 6662812,Capsule,53232,48498,69392,0,,,,4,,,,2026-10-06T01:13:18.000Z
266.000,Caldari Citizen 3891005,Capsule,49353,50780,71981,0,,,,20,,,,2026-10-06T01:13:18.000Z
266.000,Caldari Citizen 8777524,Prospect,41775,51906,-16393,2811,0.9784,0.0782,-0.1912,1031,0.320,0.230,1.000,2026-10-06T01:13:18.000Z
266.000,Amarr Citizen 2674287,Capsule,65030,48580,58212,0,,,,79,,,,2026-10-06T01:13:18.000Z
266.000,Amarr Citizen 5054432,Venture,62522,50750,57631,351,-0.0055,-0.4773,0.8787,15,1.000,1.000,1.000,2026-10-06T01:13:18.000Z
266.000,Amarr Citizen 4520313,Capsule,45084,144935,102229,0,,,,6,,,,2026-10-06T01:13:18.000Z
266.000,Minmatar Citizen 9978241,Retriever,54759,50896,67992,524,0.3319,-0.9220,0.1994,146,0.000,0.798,1.000,2026-10-06T01:13:18.000Z
266.000,Minmatar Citizen 7162778,Capsule,26502,39998,55023,0,,,,3,,,,2026-10-06T01:13:18.000Z
266.000,Minmatar Citizen 9678938,Capsule,64492,39880,72628,0,,,,3,,,,2026-10-06T01:13:18.000Z
266.000,Minmatar Citizen 2250648,Porpoise,65693,49259,45587,9,,,,64,1.000,1.000,1.000,2026-10-06T01:13:18.000Z
266.000,Gallente Citizen 1635012,Venture,72617,3321,45483,2031,-0.4633,-0.3178,-0.8273,474,1.000,1.000,1.000,2026-10-06T01:13:18.000Z
266.000,Amarr Citizen 2281178,Capsule,61260,63557,53009,0,,,,29,,,,2026-10-06T01:13:18.000Z
267.000,Caldari Citizen 9942864,Capsule,53793,702,68372,0,,,,1,,,,2026-10-06T01:13:19.000Z
267.000,Caldari Citizen 6206817,Orca,63900,49174,56145,33,,,,208,0.460,1.000,1.000,2026-10-06T01:13:19.000Z
267.000,Minmatar Citizen 9745080,Skiff,53051,52109,65755,67,,,,234,0.000,0.112,1.000,2026-10-06T01:13:19.000Z
267.000,Amarr Citizen 0220922,Capsule,78692,58763,51703,0,,,,11,,,,2026-10-06T01:13:19.000Z
267.000,Minmatar Citizen 4351238,Venture,74757,10088,61529,2797,-0.7953,-0.3991,0.4563,209,0.737,1.000,1.000,2026-10-06T01:13:19.000Z
267.000,Caldari Citizen 3216932,Capsule,54704,25903,90709,187,-0.5421,-0.6939,0.4741,199,,,,2026-10-06T01:13:19.000Z
267.000,Minmatar Citizen 9076035,Porpoise,66164,44006,55724,79,,,,31,0.970,1.000,1.000,2026-10-06T01:13:19.000Z
267.000,Minmatar Citizen 6662812,Capsule,53232,48498,69392,0,,,,4,,,,2026-10-06T01:13:19.000Z
267.000,Caldari Citizen 3891005,Capsule,49353,50780,71981,0,,,,20,,,,2026-10-06T01:13:19.000Z
267.000,Caldari Citizen 8777524,Prospect,45475,51825,-17216,2965,0.9719,-0.1256,-0.1989,874,0.320,0.232,1.000,2026-10-06T01:13:19.000Z
267.000,Minmatar Citizen 0254120,Procurer,56501,68064,46495,1503,0.2415,-0.0851,-0.9667,74,0.000,0.650,1.000,2026-10-06T01:13:19.000Z
267.000,Amarr Citizen 2674287,Capsule,65030,48580,58212,0,,,,79,,,,2026-10-06T01:13:19.000Z
267.000,Amarr Citizen 5054432,Venture,62507,50518,57938,352,-0.1076,-0.6337,0.7660,192,1.000,1.000,1.000,2026-10-06T01:13:19.000Z
267.000,Amarr Citizen 4520313,Capsule,45084,144935,102229,0,,,,6,,,,2026-10-06T01:13:19.000Z
267.000,Minmatar Citizen 9978241,Retriever,54932,50379,68089,538,0.2788,-0.9559,0.0930,203,0.000,0.707,1.000,2026-10-06T01:13:19.000Z
267.000,Minmatar Citizen 7162778,Capsule,26502,39998,55023,0,-0.6384,-0.5555,0.5328,3,,,,2026-10-06T01:13:19.000Z
267.000,Minmatar Citizen 9678938,Capsule,64492,39880,72628,0,,,,3,,,,2026-10-06T01:13:19.000Z
267.000,Minmatar Citizen 2250648,Porpoise,65596,49232,45685,8,,,,83,1.000,1.000,1.000,2026-10-06T01:13:19.000Z
267.000,Gallente Citizen 1635012,Venture,71442,2475,43741,2203,-0.5755,-0.4930,-0.6525,480,1.000,1.000,1.000,2026-10-06T01:13:19.000Z
267.000,Amarr Citizen 2281178,Capsule,61260,63557,53009,0,,,,29,,,,2026-10-06T01:13:19.000Z
268.000,Caldari Citizen 9942864,Capsule,53793,702,68372,0,,,,1,,,,2026-10-06T01:13:20.000Z
268.000,Caldari Citizen 6206817,Orca,63787,49365,56048,42,-0.3223,0.7803,-0.5360,273,0.460,1.000,1.000,2026-10-06T01:13:20.000Z
268.000,Minmatar Citizen 9745080,Skiff,53091,52119,65752,46,,,,230,0.000,0.010,1.000,2026-10-06T01:13:20.000Z
268.000,Amarr Citizen 0220922,Capsule,78692,58763,51703,0,,,,11,,,,2026-10-06T01:13:20.000Z
268.000,Minmatar Citizen 4351238,Venture,72612,9069,62697,2803,-0.8284,-0.3864,0.4054,229,0.737,1.000,1.000,2026-10-06T01:13:20.000Z
268.000,Caldari Citizen 3216932,Capsule,54532,25682,90811,187,-0.5277,-0.7374,0.4215,227,,,,2026-10-06T01:13:20.000Z
268.000,Minmatar Citizen 9076035,Porpoise,66229,43945,55658,94,0.0728,-0.7199,-0.6903,36,0.970,1.000,1.000,2026-10-06T01:13:20.000Z
268.000,Minmatar Citizen 6662812,Capsule,53232,48498,69392,0,,,,4,,,,2026-10-06T01:13:20.000Z
268.000,Caldari Citizen 3891005,Capsule,49353,50780,71981,0,,,,20,,,,2026-10-06T01:13:20.000Z
268.000,Caldari Citizen 8777524,Prospect,48955,50814,-17987,3003,0.9241,-0.3261,-0.1992,532,0.323,0.232,1.000,2026-10-06T01:13:20.000Z
268.000,Minmatar Citizen 0254120,Procurer,56894,67815,44916,1626,0.2100,-0.1067,-0.9719,288,0.000,0.650,1.000,2026-10-06T01:13:20.000Z
268.000,Amarr Citizen 2674287,Capsule,65030,48580,58212,0,,,,79,,,,2026-10-06T01:13:20.000Z
268.000,Amarr Citizen 5054432,Venture,62478,50193,58228,349,-0.2312,-0.7210,0.6532,187,1.000,1.000,1.000,2026-10-06T01:13:20.000Z
268.000,Amarr Citizen 4520313,Capsule,45084,144935,102229,0,,,,6,,,,2026-10-06T01:13:20.000Z
268.000,Minmatar Citizen 9978241,Retriever,55033,49744,68080,552,0.2424,-0.9702,-0.0078,327,0.000,0.707,1.000,2026-10-06T01:13:20.000Z
268.000,Minmatar Citizen 7162778,Capsule,26502,39998,55023,0,-0.6940,-0.5429,0.4730,3,,,,2026-10-06T01:13:20.000Z
268.000,Minmatar Citizen 9678938,Capsule,64492,39880,72628,0,,,,3,,,,2026-10-06T01:13:20.000Z
268.000,Minmatar Citizen 2250648,Porpoise,65453,49277,45832,7,,,,111,1.000,1.000,1.000,2026-10-06T01:13:20.000Z
268.000,Gallente Citizen 1635012,Venture,69962,953,42287,2412,-0.6453,-0.5944,-0.4798,322,1.000,1.000,1.000,2026-10-06T01:13:20.000Z
268.000,Amarr Citizen 2281178,Capsule,61260,63557,53009,0,,,,29,,,,2026-10-06T01:13:20.000Z
269.000,Caldari Citizen 9942864,Capsule,53793,702,68372,0,,,,1,,,,2026-10-06T01:13:21.000Z
269.000,Caldari Citizen 6206817,Orca,63618,49604,55932,50,-0.1407,0.7404,-0.6573,239,0.460,1.000,1.000,2026-10-06T01:13:21.000Z
269.000,Minmatar Citizen 9745080,Skiff,53087,52087,65746,32,,,,231,0.000,0.010,1.000,2026-10-06T01:13:21.000Z
269.000,Amarr Citizen 0220922,Capsule,78692,58763,51703,0,,,,11,,,,2026-10-06T01:13:21.000Z
269.000,Minmatar Citizen 4351238,Venture,70394,8110,63760,2807,-0.8540,-0.3812,0.3542,347,0.747,1.000,1.000,2026-10-06T01:13:21.000Z
269.000,Caldari Citizen 3216932,Capsule,54416,25517,90882,187,-0.5002,-0.7513,0.4306,119,,,,2026-10-06T01:13:21.000Z
269.000,Minmatar Citizen 9076035,Porpoise,66243,43771,55521,108,-0.1026,-0.7420,-0.6625,158,0.970,1.000,1.000,2026-10-06T01:13:21.000Z
269.000,Minmatar Citizen 6662812,Capsule,53232,48498,69392,0,,,,4,,,,2026-10-06T01:13:21.000Z
269.000,Caldari Citizen 3891005,Capsule,49353,50780,71981,0,,,,20,,,,2026-10-06T01:13:21.000Z
269.000,Caldari Citizen 8777524,Prospect,51622,49355,-18527,2453,0.8250,-0.5315,-0.1921,255,0.333,0.232,1.000,2026-10-06T01:13:21.000Z
269.000,Minmatar Citizen 0254120,Procurer,57203,67656,43224,1729,0.1912,-0.1221,-0.9739,265,0.000,0.650,1.000,2026-10-06T01:13:21.000Z
269.000,Amarr Citizen 2674287,Capsule,65030,48580,58212,0,,,,79,,,,2026-10-06T01:13:21.000Z
269.000,Amarr Citizen 5054432,Venture,62354,49859,58443,341,-0.3255,-0.7228,0.6096,134,1.000,1.000,1.000,2026-10-06T01:13:21.000Z
269.000,Amarr Citizen 4520313,Capsule,45084,144935,102229,0,,,,6,,,,2026-10-06T01:13:21.000Z
269.000,Minmatar Citizen 9978241,Retriever,55124,49106,68010,565,0.2326,-0.9673,-0.1010,242,0.000,0.707,1.000,2026-10-06T01:13:21.000Z
269.000,Minmatar Citizen 7162778,Capsule,26215,39680,55291,187,-0.6965,-0.5416,0.4707,162,,,,2026-10-06T01:13:21.000Z
269.000,Minmatar Citizen 9678938,Capsule,64492,39880,72628,0,,,,3,,,,2026-10-06T01:13:21.000Z
269.000,Minmatar Citizen 2250648,Porpoise,65392,49448,45973,6,,,,183,1.000,1.000,1.000,2026-10-06T01:13:21.000Z
269.000,Gallente Citizen 1635012,Venture,68199,-1071,41305,2614,-0.6995,-0.6201,-0.3552,473,1.000,1.000,1.000,2026-10-06T01:13:21.000Z
269.000,Amarr Citizen 2281178,Capsule,61260,63557,53010,0,,,,29,,,,2026-10-06T01:13:21.000Z
270.000,Caldari Citizen 9942864,Capsule,53793,702,68372,0,,,,1,,,,2026-10-06T01:13:22.000Z
270.000,Caldari Citizen 6206817,Orca,63596,49742,55795,58,0.0480,0.6714,-0.7395,162,0.460,1.000,1.000,2026-10-06T01:13:22.000Z
270.000,Minmatar Citizen 9745080,Skiff,53005,51968,65703,22,,,,268,0.000,0.010,1.000,2026-10-06T01:13:22.000Z
270.000,Amarr Citizen 0220922,Capsule,78692,58763,51703,0,,,,11,,,,2026-10-06T01:13:22.000Z
270.000,Minmatar Citizen 4351238,Venture,68056,7146,64622,2808,-0.8717,-0.3866,0.3011,254,0.747,1.000,1.000,2026-10-06T01:13:22.000Z
270.000,Caldari Citizen 3216932,Capsule,54360,25395,90928,187,,,,55,,,,2026-10-06T01:13:22.000Z
270.000,Minmatar Citizen 9076035,Porpoise,66178,43489,55286,120,-0.2654,-0.7408,-0.6171,335,0.970,1.000,1.000,2026-10-06T01:13:22.000Z
270.000,Minmatar Citizen 6662812,Capsule,53232,48498,69392,0,,,,4,,,,2026-10-06T01:13:22.000Z
270.000,Caldari Citizen 3891005,Capsule,49353,50780,71981,0,,,,20,,,,2026-10-06T01:13:22.000Z
270.000,Caldari Citizen 8777524,Prospect,53412,47625,-18885,2135,0.6678,-0.7241,-0.1726,162,0.340,0.232,1.000,2026-10-06T01:13:22.000Z
270.000,Minmatar Citizen 0254120,Procurer,57430,67457,41396,1814,0.2028,-0.1247,-0.9712,363,0.000,0.650,1.000,2026-10-06T01:13:22.000Z
270.000,Amarr Citizen 2674287,Capsule,65030,48580,58212,0,,,,79,,,,2026-10-06T01:13:22.000Z
270.000,Amarr Citizen 5054432,Venture,62147,49540,58586,329,-0.4415,-0.6416,0.6272,358,1.000,1.000,1.000,2026-10-06T01:13:22.000Z
270.000,Amarr Citizen 4520313,Capsule,45084,144935,102229,0,,,,6,,,,2026-10-06T01:13:22.000Z
270.000,Minmatar Citizen 9978241,Retriever,55286,48507,67953,576,0.2458,-0.9515,-0.1848,294,0.000,0.707,1.000,2026-10-06T01:13:22.000Z
270.000,Minmatar Citizen 7162778,Capsule,25294,38992,56013,187,-0.7007,-0.5395,0.4668,596,,,,2026-10-06T01:13:22.000Z
270.000,Minmatar Citizen 9678938,Capsule,64492,39880,72628,0,,,,3,,,,2026-10-06T01:13:22.000Z
270.000,Minmatar Citizen 2250648,Porpoise,65465,49627,46111,5,,,,286,1.000,1.000,1.000,2026-10-06T01:13:22.000Z
270.000,Gallente Citizen 1635012,Venture,66084,-3192,40625,2789,-0.7550,-0.5891,-0.2879,356,1.000,1.000,1.000,2026-10-06T01:13:22.000Z
270.000,Amarr Citizen 2281178,Capsule,61260,63557,53010,0,,,,29,,,,2026-10-06T01:13:22.000Z
271.000,Caldari Citizen 9942864,Capsule,53793,702,68372,0,,,,1,,,,2026-10-06T01:13:23.000Z
271.000,Caldari Citizen 6206817,Orca,63727,49829,55590,65,0.2280,0.5832,-0.7797,143,0.470,1.000,1.000,2026-10-06T01:13:23.000Z
271.000,Minmatar Citizen 9745080,Skiff,52879,51787,65628,16,,,,195,0.000,0.010,1.000,2026-10-06T01:13:23.000Z
271.000,Amarr Citizen 0220922,Capsule,78692,58763,51703,0,,,,11,,,,2026-10-06T01:13:23.000Z
271.000,Minmatar Citizen 4351238,Venture,65642,6112,65303,2807,-0.8849,-0.3976,0.2424,485,0.747,1.000,1.000,2026-10-06T01:13:23.000Z
271.000,Caldari Citizen 3216932,Capsule,54314,25302,91011,187,,,,24,,,,2026-10-06T01:13:23.000Z
271.000,Minmatar Citizen 9076035,Porpoise,66074,43289,55098,131,-0.4584,-0.7203,-0.5206,189,0.970,1.000,1.000,2026-10-06T01:13:23.000Z
271.000,Minmatar Citizen 6662812,Capsule,53232,48498,69392,0,,,,4,,,,2026-10-06T01:13:23.000Z
271.000,Caldari Citizen 3891005,Capsule,49353,50780,71981,0,,,,20,,,,2026-10-06T01:13:23.000Z
271.000,Caldari Citizen 8777524,Prospect,54630,45643,-19273,2140,0.4710,-0.8701,-0.1452,377,0.343,0.232,1.000,2026-10-06T01:13:23.000Z
271.000,Minmatar Citizen 0254120,Procurer,57803,67201,39551,1885,0.2146,-0.1248,-0.9687,233,0.000,0.650,1.000,2026-10-06T01:13:23.000Z
271.000,Amarr Citizen 2674287,Capsule,65030,48580,58212,0,,,,79,,,,2026-10-06T01:13:23.000Z
271.000,Amarr Citizen 5054432,Venture,61963,49287,58823,318,-0.5991,-0.5032,0.6228,377,1.000,1.000,1.000,2026-10-06T01:13:23.000Z
271.000,Amarr Citizen 4520313,Capsule,45084,144935,102229,0,,,,6,,,,2026-10-06T01:13:23.000Z
271.000,Minmatar Citizen 9978241,Retriever,55453,47963,67823,580,0.2671,-0.9264,-0.2653,200,0.000,0.707,1.000,2026-10-06T01:13:23.000Z
271.000,Minmatar Citizen 7162778,Capsule,23746,37913,56767,550,-0.7088,-0.5354,0.4592,972,,,,2026-10-06T01:13:23.000Z
271.000,Minmatar Citizen 9678938,Capsule,64492,39880,72628,0,,,,3,,,,2026-10-06T01:13:23.000Z
271.000,Minmatar Citizen 2250648,Porpoise,65489,49698,46193,4,,,,263,1.000,1.000,1.000,2026-10-06T01:13:23.000Z
271.000,Gallente Citizen 1635012,Venture,63619,-4986,40043,2788,-0.8131,-0.5148,-0.2718,302,1.000,1.000,1.000,2026-10-06T01:13:23.000Z
271.000,Amarr Citizen 2281178,Capsule,61260,63557,53010,0,,,,29,,,,2026-10-06T01:13:23.000Z
272.000,Caldari Citizen 9942864,Capsule,53793,702,68372,0,,,,1,,,,2026-10-06T01:13:24.000Z
272.000,Caldari Citizen 6206817,Orca,63856,49923,55396,71,,,,153,0.470,1.000,1.000,2026-10-06T01:13:24.000Z
272.000,Minmatar Citizen 9745080,Skiff,52757,51685,65674,11,,,,155,,,,2026-10-06T01:13:24.000Z
272.000,Amarr Citizen 0220922,Capsule,78692,58763,51703,0,,,,11,,,,2026-10-06T01:13:24.000Z
272.000,Minmatar Citizen 4351238,Venture,63305,5033,65898,2799,-0.8959,-0.4055,0.1816,418,0.747,1.000,1.000,2026-10-06T01:13:24.000Z
272.000,Caldari Citizen 3216932,Capsule,54267,25235,91121,187,,,,55,,,,2026-10-06T01:13:24.000Z
272.000,Minmatar Citizen 9076035,Porpoise,65975,43217,55035,141,,,,104,0.970,1.000,1.000,2026-10-06T01:13:24.000Z
272.000,Minmatar Citizen 6662812,Capsule,53232,48498,69392,0,,,,4,,,,2026-10-06T01:13:24.000Z
272.000,Caldari Citizen 3891005,Capsule,49353,50780,71981,0,,,,20,,,,2026-10-06T01:13:24.000Z
272.000,Caldari Citizen 8777524,Prospect,55405,43419,-19662,2302,0.2740,-0.9547,-0.1162,206,0.350,0.232,1.000,2026-10-06T01:13:24.000Z
272.000,Minmatar Citizen 0254120,Procurer,58341,66920,37696,1944,0.2335,-0.1364,-0.9627,421,0.000,0.650,1.000,2026-10-06T01:13:24.000Z
272.000,Amarr Citizen 2674287,Capsule,65030,48580,58212,0,,,,79,,,,2026-10-06T01:13:24.000Z
272.000,Amarr Citizen 5054432,Venture,61795,49124,59170,312,-0.7413,-0.3778,0.5547,394,1.000,1.000,1.000,2026-10-06T01:13:24.000Z
272.000,Amarr Citizen 4520313,Capsule,45084,144935,102229,0,,,,6,,,,2026-10-06T01:13:24.000Z
272.000,Minmatar Citizen 9978241,Retriever,55636,47477,67644,512,0.2854,-0.8961,-0.3399,321,0.000,0.646,1.000,2026-10-06T01:13:24.000Z
272.000,Minmatar Citizen 9678938,Capsule,64492,39880,72628,0,,,,3,,,,2026-10-06T01:13:24.000Z
272.000,Minmatar Citizen 2250648,Porpoise,65466,49731,46206,4,,,,258,1.000,1.000,1.000,2026-10-06T01:13:24.000Z
272.000,Gallente Citizen 1635012,Venture,61033,-6362,39316,2832,-0.8641,-0.4096,-0.2926,378,1.000,1.000,1.000,2026-10-06T01:13:24.000Z
272.000,Amarr Citizen 2281178,Capsule,61260,63557,53010,0,,,,29,,,,2026-10-06T01:13:24.000Z
273.000,Caldari Citizen 9942864,Capsule,53793,702,68372,0,,,,1,,,,2026-10-06T01:13:25.000Z
273.000,Caldari Citizen 6206817,Orca,63908,49998,55295,77,,,,175,0.470,1.000,1.000,2026-10-06T01:13:25.000Z
273.000,Minmatar Citizen 9745080,Capsule,52679,51665,65761,0,,,,143,,,,2026-10-06T01:13:25.000Z
273.000,Amarr Citizen 0220922,Capsule,78692,58763,51703,0,,,,11,,,,2026-10-06T01:13:25.000Z
273.000,Minmatar Citizen 4351238,Venture,60969,3874,66335,2786,-0.9082,-0.4015,0.1182,414,0.750,1.000,1.000,2026-10-06T01:13:25.000Z
273.000,Caldari Citizen 3216932,Capsule,54204,25158,91230,187,-0.5021,-0.6854,0.5274,109,,,,2026-10-06T01:13:25.000Z
273.000,Minmatar Citizen 9076035,Porpoise,65856,43165,55041,149,,,,84,0.970,1.000,1.000,2026-10-06T01:13:25.000Z
273.000,Minmatar Citizen 6662812,Capsule,53232,48498,69392,0,,,,4,,,,2026-10-06T01:13:25.000Z
273.000,Caldari Citizen 3891005,Capsule,49353,50780,71981,0,,,,20,,,,2026-10-06T01:13:25.000Z
273.000,Caldari Citizen 8777524,Prospect,55872,40970,-19908,2507,0.0981,-0.9915,-0.0855,186,0.354,0.232,1.000,2026-10-06T01:13:25.000Z
273.000,Minmatar Citizen 0254120,Procurer,58835,66661,35778,1960,0.2587,-0.1654,-0.9517,477,0.000,0.650,1.000,2026-10-06T01:13:25.000Z
273.000,Amarr Citizen 2674287,Capsule,65030,48580,58212,0,,,,79,,,,2026-10-06T01:13:25.000Z
273.000,Amarr Citizen 5054432,Venture,61440,49019,59532,309,-0.8501,-0.2639,0.4558,365,1.000,1.000,1.000,2026-10-06T01:13:25.000Z
273.000,Amarr Citizen 4520313,Capsule,45084,144935,102229,0,,,,6,,,,2026-10-06T01:13:25.000Z
273.000,Minmatar Citizen 9978241,Retriever,55781,47006,67420,465,0.2919,-0.8708,-0.3956,316,0.000,0.633,1.000,2026-10-06T01:13:25.000Z
273.000,Minmatar Citizen 9678938,Capsule,64492,39880,72628,0,,,,3,,,,2026-10-06T01:13:25.000Z
273.000,Minmatar Citizen 2250648,Porpoise,65483,49749,46174,3,,,,261,1.000,1.000,1.000,2026-10-06T01:13:25.000Z
273.000,Gallente Citizen 1635012,Venture,58327,-7411,38288,2912,-0.8981,-0.2942,-0.3270,220,1.000,1.000,1.000,2026-10-06T01:13:25.000Z
274.000,Caldari Citizen 9942864,Capsule,53793,702,68372,0,,,,1,,,,2026-10-06T01:13:26.000Z
274.000,Caldari Citizen 6206817,Orca,63889,50019,55301,82,,,,179,0.470,1.000,1.000,2026-10-06T01:13:26.000Z
274.000,Minmatar Citizen 9745080,Capsule,52679,51665,65761,0,,,,143,,,,2026-10-06T01:13:26.000Z
274.000,Amarr Citizen 0220922,Capsule,78692,58763,51703,0,,,,11,,,,2026-10-06T01:13:26.000Z
274.000,Minmatar Citizen 4351238,Venture,58532,2736,66567,2770,-0.9227,-0.3826,0.0464,444,0.758,1.000,1.000,2026-10-06T01:13:26.000Z
274.000,Caldari Citizen 3216932,Capsule,54094,25010,91323,187,-0.5215,-0.7217,0.4551,206,,,,2026-10-06T01:13:26.000Z
274.000,Minmatar Citizen 9076035,Porpoise,65728,43142,55123,156,,,,86,0.970,1.000,1.000,2026-10-06T01:13:26.000Z
274.000,Minmatar Citizen 6662812,Capsule,53232,48498,69392,0,,,,4,,,,2026-10-06T01:13:26.000Z
274.000,Caldari Citizen 3891005,Capsule,49353,50780,71981,0,,,,20,,,,2026-10-06T01:13:26.000Z
274.000,Caldari Citizen 8777524,Prospect,55970,38389,-20047,2584,-0.0712,-0.9959,-0.0563,323,0.360,0.232,1.000,2026-10-06T01:13:26.000Z
274.000,Minmatar Citizen 0254120,Procurer,59297,66451,33990,1776,0.2844,-0.2204,-0.9330,491,0.000,0.650,1.000,2026-10-06T01:13:26.000Z
274.000,Amarr Citizen 2674287,Capsule,65030,48580,58212,0,,,,79,,,,2026-10-06T01:13:26.000Z
274.000,Amarr Citizen 5054432,Venture,60811,48881,59797,315,-0.9305,-0.1356,0.3404,519,1.000,1.000,1.000,2026-10-06T01:13:26.000Z
274.000,Amarr Citizen 4520313,Capsule,45084,144935,102229,0,,,,6,,,,2026-10-06T01:13:26.000Z
274.000,Minmatar Citizen 9978241,Retriever,55885,46612,67180,428,0.2837,-0.8687,-0.4061,215,0.000,0.626,1.000,2026-10-06T01:13:26.000Z
274.000,Minmatar Citizen 9678938,Capsule,64492,39880,72628,0,,,,3,,,,2026-10-06T01:13:26.000Z
274.000,Minmatar Citizen 2250648,Porpoise,65532,49737,46147,2,,,,269,1.000,1.000,1.000,2026-10-06T01:13:26.000Z
274.000,Gallente Citizen 1635012,Venture,55529,-8133,37146,3002,-0.9144,-0.1888,-0.3582,335,1.000,1.000,1.000,2026-10-06T01:13:26.000Z
274.000,Amarr Citizen 2281178,Capsule,61260,63557,53010,0,,,,29,,,,2026-10-06T01:13:26.000Z
275.000,Caldari Citizen 9942864,Capsule,53793,702,68372,0,,,,1,,,,2026-10-06T01:13:27.000Z
275.000,Caldari Citizen 6206817,Orca,63862,49985,55351,87,,,,166,0.470,1.000,1.000,2026-10-06T01:13:27.000Z
275.000,Minmatar Citizen 9745080,Capsule,52679,51665,65761,0,,,,143,,,,2026-10-06T01:13:27.000Z
275.000,Amarr Citizen 0220922,Capsule,78692,58763,51703,0,,,,11,,,,2026-10-06T01:13:27.000Z
275.000,Minmatar Citizen 4351238,Venture,56083,1738,66622,2750,-0.9352,-0.3521,-0.0372,220,0.758,1.000,1.000,2026-10-06T01:13:27.000Z
275.000,Caldari Citizen 3216932,Capsule,53930,24798,91420,187,-0.5152,-0.7555,0.4047,226,,,,2026-10-06T01:13:27.000Z
275.000,Minmatar Citizen 9076035,Porpoise,65619,43161,55239,159,,,,67,0.970,1.000,1.000,2026-10-06T01:13:27.000Z
275.000,Minmatar Citizen 6662812,Capsule,53232,48498,69392,0,,,,4,,,,2026-10-06T01:13:27.000Z
275.000,Caldari Citizen 3891005,Capsule,49353,50780,71981,0,,,,20,,,,2026-10-06T01:13:27.000Z
275.000,Caldari Citizen 8777524,Prospect,55584,35886,-20118,2301,-0.2396,-0.9705,-0.0259,459,0.367,0.232,1.000,2026-10-06T01:13:27.000Z
275.000,Minmatar Citizen 0254120,Procurer,59747,66092,32377,1689,0.3108,-0.3114,-0.8980,253,0.000,0.650,1.000,2026-10-06T01:13:27.000Z
275.000,Amarr Citizen 2674287,Capsule,65030,48580,58212,0,,,,79,,,,2026-10-06T01:13:27.000Z
275.000,Amarr Citizen 5054432,Venture,60176,48735,59826,323,-0.9736,0.0225,0.2271,435,1.000,1.000,1.000,2026-10-06T01:13:27.000Z
275.000,Amarr Citizen 4520313,Capsule,45084,144935,102229,0,,,,6,,,,2026-10-06T01:13:27.000Z
275.000,Minmatar Citizen 9978241,Retriever,56021,46276,66986,398,0.2445,-0.8925,-0.3790,142,0.000,0.586,1.000,2026-10-06T01:13:27.000Z
275.000,Minmatar Citizen 9678938,Capsule,64492,39880,72628,0,,,,3,,,,2026-10-06T01:13:27.000Z
275.000,Minmatar Citizen 2250648,Porpoise,65609,49731,46082,2,,,,282,1.000,1.000,1.000,2026-10-06T01:13:27.000Z
275.000,Gallente Citizen 1635012,Venture,52641,-8515,35959,3087,-0.9197,-0.0981,-0.3801,296,1.000,1.000,1.000,2026-10-06T01:13:27.000Z
275.000,Amarr Citizen 2281178,Capsule,61260,63557,53010,0,,,,29,,,,2026-10-06T01:13:27.000Z
276.000,Caldari Citizen 9942864,Capsule,53793,702,68372,0,,,,1,,,,2026-10-06T01:13:28.000Z
276.000,Caldari Citizen 6206817,Orca,63838,49942,55403,90,,,,154,0.470,1.000,1.000,2026-10-06T01:13:28.000Z
276.000,Minmatar Citizen 9745080,Capsule,52679,51665,65761,0,,,,143,,,,2026-10-06T01:13:28.000Z
276.000,Amarr Citizen 0220922,Capsule,78692,58763,51703,0,,,,11,,,,2026-10-06T01:13:28.000Z
276.000,Minmatar Citizen 4351238,Venture,53609,920,66436,2736,-0.9393,-0.3184,-0.1276,365,0.758,1.000,1.000,2026-10-06T01:13:28.000Z
276.000,Caldari Citizen 3216932,Capsule,53817,24638,91487,187,-0.4896,-0.7689,0.4112,121,,,,2026-10-06T01:13:28.000Z
276.000,Minmatar Citizen 9076035,Porpoise,65531,43173,55355,154,-0.3478,-0.3765,0.8586,46,0.970,1.000,1.000,2026-10-06T01:13:28.000Z
276.000,Minmatar Citizen 6662812,Capsule,53232,48498,69392,0,,,,4,,,,2026-10-06T01:13:28.000Z
276.000,Caldari Citizen 3891005,Capsule,49353,50780,71981,0,,,,20,,,,2026-10-06T01:13:28.000Z
276.000,Caldari Citizen 8777524,Prospect,54774,33712,-20099,2215,-0.4125,-0.9108,0.0156,521,0.370,0.232,1.000,2026-10-06T01:13:28.000Z
276.000,Minmatar Citizen 0254120,Procurer,60303,65484,30904,1672,0.3397,-0.4344,-0.8342,182,0.000,0.650,1.000,2026-10-06T01:13:28.000Z
276.000,Amarr Citizen 2674287,Capsule,65030,48580,58212,0,,,,79,,,,2026-10-06T01:13:28.000Z
276.000,Amarr Citizen 5054432,Venture,59707,48760,59831,329,-0.9669,0.2052,0.1519,350,1.000,1.000,1.000,2026-10-06T01:13:28.000Z
276.000,Amarr Citizen 4520313,Capsule,45084,144935,102229,0,,,,6,,,,2026-10-06T01:13:28.000Z
276.000,Minmatar Citizen 9978241,Retriever,56161,45931,66854,380,0.1864,-0.9294,-0.3187,299,0.000,0.576,1.000,2026-10-06T01:13:28.000Z
276.000,Minmatar Citizen 9678938,Capsule,64493,39880,72628,0,,,,3,,,,2026-10-06T01:13:28.000Z
276.000,Minmatar Citizen 2250648,Porpoise,65707,49694,46009,2,,,,300,1.000,1.000,1.000,2026-10-06T01:13:28.000Z
276.000,Gallente Citizen 1635012,Venture,49712,-8611,34776,3138,-0.9177,-0.0223,-0.3966,263,1.000,1.000,1.000,2026-10-06T01:13:28.000Z
276.000,Amarr Citizen 2281178,Capsule,61260,63557,53010,0,,,,29,,,,2026-10-06T01:13:28.000Z
277.000,Caldari Citizen 9942864,Capsule,53793,702,68372,0,,,,1,,,,2026-10-06T01:13:29.000Z
277.000,Caldari Citizen 6206817,Orca,63805,49914,55451,94,,,,148,0.470,1.000,1.000,2026-10-06T01:13:29.000Z
277.000,Minmatar Citizen 9745080,Capsule,52679,51665,65761,0,,,,143,,,,2026-10-06T01:13:29.000Z
277.000,Amarr Citizen 0220922,Capsule,78692,58763,51703,0,,,,11,,,,2026-10-06T01:13:29.000Z
277.000,Minmatar Citizen 4351238,Venture,51100,179,65986,2720,-0.9307,-0.2906,-0.2222,444,0.758,1.000,1.000,2026-10-06T01:13:29.000Z
277.000,Caldari Citizen 3216932,Capsule,53763,24516,91526,187,,,,56,,,,2026-10-06T01:13:29.000Z
277.000,Minmatar Citizen 9076035,Porpoise,65470,43118,55495,144,-0.1128,-0.5657,0.8169,55,0.970,1.000,1.000,2026-10-06T01:13:29.000Z
277.000,Minmatar Citizen 6662812,Capsule,53232,48498,69392,0,,,,4,,,,2026-10-06T01:13:29.000Z
277.000,Caldari Citizen 3891005,Capsule,49353,50780,71981,0,,,,20,,,,2026-10-06T01:13:29.000Z
277.000,Caldari Citizen 8777524,Prospect,53572,31781,-20157,2252,-0.5867,-0.8044,0.0932,356,0.374,0.230,1.000,2026-10-06T01:13:29.000Z
277.000,Minmatar Citizen 0254120,Procurer,60954,64658,29588,1686,0.3610,-0.5631,-0.7434,253,0.000,0.650,1.000,2026-10-06T01:13:29.000Z
277.000,Amarr Citizen 2674287,Capsule,65030,48580,58212,0,,,,79,,,,2026-10-06T01:13:29.000Z
277.000,Amarr Citizen 5054432,Venture,59302,48973,59921,340,-0.9061,0.4032,0.1283,399,1.000,1.000,1.000,2026-10-06T01:13:29.000Z
277.000,Amarr Citizen 4520313,Capsule,45084,144935,102229,0,,,,6,,,,2026-10-06T01:13:29.000Z
277.000,Minmatar Citizen 9978241,Retriever,56243,45497,66746,357,0.1003,-0.9665,-0.2363,394,0.000,0.576,1.000,2026-10-06T01:13:29.000Z
277.000,Minmatar Citizen 9678938,Capsule,64493,39880,72628,0,,,,3,,,,2026-10-06T01:13:29.000Z
277.000,Minmatar Citizen 2250648,Porpoise,65832,49673,45911,2,,,,322,1.000,1.000,1.000,2026-10-06T01:13:29.000Z
277.000,Gallente Citizen 1635012,Venture,46809,-8540,33562,3206,-0.9090,0.0319,-0.4156,338,1.000,1.000,1.000,2026-10-06T01:13:29.000Z
277.000,Amarr Citizen 2281178,Capsule,61260,63557,53010,0,,,,29,,,,2026-10-06T01:13:29.000Z
278.000,Caldari Citizen 9942864,Capsule,53793,702,68372,0,,,,1,,,,2026-10-06T01:13:30.000Z
278.000,Caldari Citizen 6206817,Orca,63766,49902,55497,98,,,,143,0.470,1.000,1.000,2026-10-06T01:13:30.000Z
278.000,Minmatar Citizen 9745080,Capsule,52679,51665,65761,0,-0.8033,-0.5470,0.2357,143,,,,2026-10-06T01:13:30.000Z
278.000,Amarr Citizen 0220922,Capsule,78692,58763,51703,0,,,,11,,,,2026-10-06T01:13:30.000Z
278.000,Minmatar Citizen 4351238,Venture,48617,-523,65262,2707,-0.9095,-0.2723,-0.3140,231,0.768,1.000,1.000,2026-10-06T01:13:30.000Z
278.000,Caldari Citizen 3216932,Capsule,53721,24419,91602,187,,,,24,,,,2026-10-06T01:13:30.000Z
278.000,Minmatar Citizen 9076035,Porpoise,65468,42951,55700,136,0.0870,-0.7661,0.6368,179,0.970,1.000,1.000,2026-10-06T01:13:30.000Z
278.000,Minmatar Citizen 6662812,Capsule,53232,48498,69392,0,,,,4,,,,2026-10-06T01:13:30.000Z
278.000,Caldari Citizen 3891005,Capsule,49353,50780,71981,0,,,,20,,,,2026-10-06T01:13:30.000Z
278.000,Caldari Citizen 8777524,Prospect,52182,30223,-20036,1972,-0.7430,-0.6319,0.2205,370,0.380,0.230,1.000,2026-10-06T01:13:30.000Z
278.000,Minmatar Citizen 0254120,Procurer,61585,63576,28427,1727,0.3729,-0.6679,-0.6441,91,0.000,0.640,1.000,2026-10-06T01:13:30.000Z
278.000,Amarr Citizen 2674287,Capsule,65030,48580,58212,0,,,,79,,,,2026-10-06T01:13:30.000Z
278.000,Amarr Citizen 5054432,Venture,58938,49303,59984,351,-0.8199,0.5561,0.1363,459,1.000,1.000,1.000,2026-10-06T01:13:30.000Z
278.000,Amarr Citizen 4520313,Capsule,45084,144935,102229,0,,,,6,,,,2026-10-06T01:13:30.000Z
278.000,Minmatar Citizen 9978241,Retriever,56232,45069,66657,339,-0.0191,-0.9868,-0.1609,188,0.000,0.566,1.000,2026-10-06T01:13:30.000Z
278.000,Minmatar Citizen 9678938,Capsule,64493,39880,72628,0,,,,3,,,,2026-10-06T01:13:30.000Z
278.000,Minmatar Citizen 2250648,Porpoise,65928,49691,45803,1,,,,340,1.000,1.000,1.000,2026-10-06T01:13:30.000Z
278.000,Gallente Citizen 1635012,Venture,43891,-8304,32199,3262,-0.8975,0.0620,-0.4366,348,1.000,1.000,1.000,2026-10-06T01:13:30.000Z
278.000,Amarr Citizen 2281178,Capsule,61260,63557,53010,0,,,,29,,,,2026-10-06T01:13:30.000Z
279.000,Caldari Citizen 9942864,Capsule,53793,702,68372,0,,,,1,,,,2026-10-06T01:13:31.000Z
279.000,Caldari Citizen 6206817,Orca,63724,49901,55541,97,,,,139,0.470,1.000,1.000,2026-10-06T01:13:31.000Z
279.000,Minmatar Citizen 9745080,Capsule,52618,51622,65806,187,0.7975,-0.6006,-0.0578,136,,,,2026-10-06T01:13:31.000Z
279.000,Amarr Citizen 0220922,Capsule,78692,58763,51703,0,,,,11,,,,2026-10-06T01:13:31.000Z
279.000,Minmatar Citizen 4351238,Venture,46261,-1223,64296,2698,-0.8818,-0.2620,-0.3923,332,0.768,1.000,1.000,2026-10-06T01:13:31.000Z
279.000,Caldari Citizen 3216932,Capsule,53680,24345,91705,187,,,,57,,,,2026-10-06T01:13:31.000Z
279.000,Minmatar Citizen 9076035,Porpoise,65523,42704,55944,110,0.2173,-0.9136,0.3437,242,0.970,1.000,1.000,2026-10-06T01:13:31.000Z
279.000,Minmatar Citizen 6662812,Capsule,53232,48498,69392,0,,,,4,,,,2026-10-06T01:13:31.000Z
279.000,Caldari Citizen 3891005,Capsule,49353,50780,71981,0,,,,20,,,,2026-10-06T01:13:31.000Z
279.000,Caldari Citizen 8777524,Prospect,50649,29193,-19585,1896,-0.8454,-0.3929,0.3618,516,0.380,0.230,1.000,2026-10-06T01:13:31.000Z
279.000,Minmatar Citizen 0254120,Procurer,62203,62282,27409,1780,0.3745,-0.7505,-0.5446,158,0.000,0.640,1.000,2026-10-06T01:13:31.000Z
279.000,Amarr Citizen 2674287,Capsule,65030,48580,58212,0,,,,79,,,,2026-10-06T01:13:31.000Z
279.000,Amarr Citizen 5054432,Venture,58614,49585,60061,362,-0.7733,0.6188,0.1378,427,1.000,1.000,1.000,2026-10-06T01:13:31.000Z
279.000,Amarr Citizen 4520313,Capsule,45084,144935,102229,0,,,,6,,,,2026-10-06T01:13:31.000Z
279.000,Minmatar Citizen 9978241,Retriever,56187,44743,66632,323,-0.1221,-0.9876,-0.0986,30,0.000,0.505,1.000,2026-10-06T01:13:31.000Z
279.000,Minmatar Citizen 9678938,Capsule,64493,39880,72628,0,,,,3,,,,2026-10-06T01:13:31.000Z
279.000,Minmatar Citizen 2250648,Porpoise,66077,49621,45634,115,,,,376,1.000,1.000,1.000,2026-10-06T01:13:31.000Z
279.000,Gallente Citizen 1635012,Venture,40942,-7947,30680,3309,-0.8886,0.0721,-0.4529,524,1.000,1.000,1.000,2026-10-06T01:13:31.000Z
279.000,Amarr Citizen 2281178,Capsule,61260,63557,53010,0,,,,29,,,,2026-10-06T01:13:31.000Z
280.000,Caldari Citizen 9942864,Capsule,53793,702,68372,0,,,,1,,,,2026-10-06T01:13:32.000Z
280.000,Caldari Citizen 6206817,Orca,63676,49923,55575,96,,,,137,0.470,1.000,1.000,2026-10-06T01:13:32.000Z
280.000,Minmatar Citizen 9745080,Capsule,52380,51421,65820,187,0.5183,-0.8222,0.2352,249,,,,2026-10-06T01:13:32.000Z
280.000,Amarr Citizen 0220922,Capsule,78692,58763,51703,0,,,,11,,,,2026-10-06T01:13:32.000Z
280.000,Minmatar Citizen 4351238,Venture,43983,-1915,63075,2695,-0.8538,-0.2498,-0.4567,84,0.768,1.000,1.000,2026-10-06T01:13:32.000Z
280.000,Caldari Citizen 3216932,Capsule,53622,24264,91810,187,-0.4836,-0.7081,0.5146,112,,,,2026-10-06T01:13:32.000Z
280.000,Minmatar Citizen 9076035,Porpoise,65610,42502,56008,101,0.3080,-0.9509,0.0297,164,0.970,1.000,1.000,2026-10-06T01:13:32.000Z
280.000,Minmatar Citizen 6662812,Capsule,53232,48498,69392,0,,,,4,,,,2026-10-06T01:13:32.000Z
280.000,Caldari Citizen 3891005,Capsule,49353,50780,71981,0,,,,20,,,,2026-10-06T01:13:32.000Z
280.000,Caldari Citizen 8777524,Prospect,48940,28680,-18647,2061,-0.8755,-0.1256,0.4667,535,0.390,0.230,1.000,2026-10-06T01:13:32.000Z
280.000,Minmatar Citizen 0254120,Procurer,62859,60850,26540,1834,0.3736,-0.8142,-0.4444,335,0.000,0.640,1.000,2026-10-06T01:13:32.000Z
280.000,Amarr Citizen 2674287,Capsule,65030,48580,58212,0,,,,79,,,,2026-10-06T01:13:32.000Z
280.000,Amarr Citizen 5054432,Venture,58303,49826,60128,372,-0.7681,0.6256,0.1365,464,1.000,1.000,1.000,2026-10-06T01:13:32.000Z
280.000,Amarr Citizen 4520313,Capsule,45084,144935,102229,0,,,,6,,,,2026-10-06T01:13:32.000Z
280.000,Minmatar Citizen 9978241,Retriever,56111,44443,66632,310,-0.1674,-0.9848,-0.0473,223,0.000,0.505,1.000,2026-10-06T01:13:32.000Z
280.000,Minmatar Citizen 9678938,Capsule,64493,39880,72628,0,,,,3,,,,2026-10-06T01:13:32.000Z
280.000,Minmatar Citizen 2250648,Porpoise,66108,49584,45449,250,-0.6289,0.0896,-0.7723,282,1.000,1.000,1.000,2026-10-06T01:13:32.000Z
280.000,Gallente Citizen 1635012,Venture,38037,-7657,29074,3348,-0.8865,0.0687,-0.4576,399,1.000,1.000,1.000,2026-10-06T01:13:32.000Z
280.000,Amarr Citizen 2281178,Capsule,61260,63557,53010,0,,,,29,,,,2026-10-06T01:13:32.000Z
281.000,Caldari Citizen 9942864,Capsule,53793,702,68372,0,,,,1,,,,2026-10-06T01:13:33.000Z
281.000,Caldari Citizen 6206817,Orca,63602,50000,55577,95,,,,148,0.470,1.000,1.000,2026-10-06T01:13:33.000Z
281.000,Minmatar Citizen 9745080,Capsule,51634,50981,66078,1242,0.4967,-0.8649,-0.0724,159,,,,2026-10-06T01:13:33.000Z
281.000,Amarr Citizen 0220922,Capsule,78692,58763,51703,0,,,,11,,,,2026-10-06T01:13:33.000Z
281.000,Minmatar Citizen 4351238,Venture,41772,-2592,61712,2695,-0.8276,-0.2219,-0.5155,361,0.778,1.000,1.000,2026-10-06T01:13:33.000Z
281.000,Caldari Citizen 3216932,Capsule,53518,24116,91900,187,-0.5074,-0.7373,0.4460,208,,,,2026-10-06T01:13:33.000Z
281.000,Minmatar Citizen 9076035,Porpoise,65716,42270,55882,99,0.3947,-0.8720,-0.2894,203,0.970,1.000,1.000,2026-10-06T01:13:33.000Z
281.000,Minmatar Citizen 6662812,Capsule,53232,48498,69392,0,,,,4,,,,2026-10-06T01:13:33.000Z
281.000,Caldari Citizen 3891005,Capsule,49353,50780,71981,0,,,,20,,,,2026-10-06T01:13:33.000Z
281.000,Caldari Citizen 8777524,Prospect,47050,28708,-17301,2214,-0.8591,0.1125,0.4992,668,0.390,0.230,1.000,2026-10-06T01:13:33.000Z
281.000,Minmatar Citizen 0254120,Procurer,63535,59391,25809,1803,0.3769,-0.8602,-0.3436,211,0.000,0.630,1.000,2026-10-06T01:13:33.000Z
281.000,Amarr Citizen 2674287,Capsule,65030,48580,58212,0,,,,79,,,,2026-10-06T01:13:33.000Z
281.000,Amarr Citizen 5054432,Venture,57968,50108,60142,381,-0.7758,0.6132,0.1489,523,1.000,1.000,1.000,2026-10-06T01:13:33.000Z
281.000,Amarr Citizen 4520313,Capsule,45084,144935,102229,0,,,,6,,,,2026-10-06T01:13:33.000Z
281.000,Minmatar Citizen 9978241,Retriever,56007,44108,66616,298,-0.1372,-0.9904,-0.0161,396,0.000,0.505,1.000,2026-10-06T01:13:33.000Z
281.000,Minmatar Citizen 9678938,Capsule,64493,39880,72628,0,,,,3,,,,2026-10-06T01:13:33.000Z
281.000,Minmatar Citizen 2250648,Porpoise,65887,49624,45351,372,-0.8253,0.2898,-0.4846,236,1.000,1.000,1.000,2026-10-06T01:13:33.000Z
281.000,Gallente Citizen 1635012,Venture,35137,-7466,27467,3379,-0.8916,0.0570,-0.4493,268,1.000,1.000,1.000,2026-10-06T01:13:33.000Z
281.000,Amarr Citizen 2281178,Capsule,61260,63557,53010,0,,,,29,,,,2026-10-06T01:13:33.000Z
282.000,Caldari Citizen 9942864,Capsule,53793,702,68372,0,,,,1,,,,2026-10-06T01:13:34.000Z
282.000,Caldari Citizen 6206817,Orca,63475,50166,55519,94,-0.2920,0.7709,-0.5661,227,0.470,1.000,1.000,2026-10-06T01:13:34.000Z
282.000,Minmatar Citizen 9745080,Capsule,157636,-26245,57984,,0.5230,-0.7755,-0.3536,0,,,,2026-10-06T01:13:34.000Z
282.000,Amarr Citizen 0220922,Capsule,78692,58763,51703,0,,,,11,,,,2026-10-06T01:13:34.000Z
282.000,Minmatar Citizen 4351238,Venture,39910,-3144,60467,2181,-0.7989,-0.1518,-0.5820,333,0.778,1.000,1.000,2026-10-06T01:13:34.000Z
282.000,Caldari Citizen 3216932,Capsule,53360,23907,91995,187,-0.5042,-0.7681,0.3947,227,,,,2026-10-06T01:13:34.000Z
282.000,Minmatar Citizen 9076035,Porpoise,65781,41950,55725,97,0.4594,-0.7090,-0.5351,229,0.970,1.000,1.000,2026-10-06T01:13:34.000Z
282.000,Minmatar Citizen 6662812,Capsule,53232,48498,69392,0,,,,4,,,,2026-10-06T01:13:34.000Z
282.000,Caldari Citizen 3891005,Capsule,49353,50780,71981,0,,,,20,,,,2026-10-06T01:13:34.000Z
282.000,Caldari Citizen 8777524,Prospect,45081,29246,-15996,2410,-0.8317,0.2987,0.4681,385,0.400,0.230,1.000,2026-10-06T01:13:34.000Z
282.000,Minmatar Citizen 0254120,Procurer,64192,57811,25277,1796,0.3711,-0.8941,-0.2508,23,0.000,0.630,1.000,2026-10-06T01:13:34.000Z
282.000,Amarr Citizen 2674287,Capsule,65030,48580,58212,0,,,,79,,,,2026-10-06T01:13:34.000Z
282.000,Amarr Citizen 5054432,Venture,57619,50380,60204,388,-0.7681,0.6103,0.1936,487,1.000,1.000,1.000,2026-10-06T01:13:34.000Z
282.000,Amarr Citizen 4520313,Capsule,45084,144935,102229,0,,,,6,,,,2026-10-06T01:13:34.000Z
282.000,Minmatar Citizen 9978241,Retriever,55947,43732,66616,284,-0.0398,-0.9987,-0.0324,357,0.000,0.455,1.000,2026-10-06T01:13:34.000Z
282.000,Minmatar Citizen 9678938,Capsule,64493,39880,72628,0,,,,3,,,,2026-10-06T01:13:34.000Z
282.000,Minmatar Citizen 2250648,Porpoise,65539,49653,45235,476,-0.8344,0.4284,-0.3467,269,1.000,1.000,1.000,2026-10-06T01:13:34.000Z
282.000,Gallente Citizen 1635012,Venture,32218,-7334,26003,3404,-0.9000,0.0491,-0.4331,645,1.000,1.000,1.000,2026-10-06T01:13:34.000Z
282.000,Amarr Citizen 2281178,Capsule,61260,63557,53010,0,,,,29,,,,2026-10-06T01:13:34.000Z
283.000,Caldari Citizen 9942864,Capsule,53793,702,68372,0,,,,1,,,,2026-10-06T01:13:35.000Z
283.000,Caldari Citizen 6206817,Orca,63315,50381,55416,94,0.0138,0.6731,-0.7394,231,0.475,1.000,1.000,2026-10-06T01:13:35.000Z
283.000,Minmatar Citizen 9745080,Capsule,143821,-151277,143821,,-0.1415,-0.9878,0.0648,28240,,,,2026-10-06T01:13:35.000Z
283.000,Amarr Citizen 0220922,Capsule,78692,58763,51703,0,,,,11,,,,2026-10-06T01:13:35.000Z
283.000,Minmatar Citizen 4351238,Venture,38502,-3440,59400,1822,-0.7516,-0.0034,-0.6596,671,0.778,1.000,1.000,2026-10-06T01:13:35.000Z
283.000,Caldari Citizen 3216932,Capsule,53250,23750,92059,187,-0.4777,-0.7841,0.3962,123,,,,2026-10-06T01:13:35.000Z
283.000,Minmatar Citizen 9076035,Porpoise,65895,41774,55568,95,0.5230,-0.5451,-0.6553,186,0.970,1.000,1.000,2026-10-06T01:13:35.000Z
283.000,Minmatar Citizen 6662812,Capsule,53232,48498,69392,0,,,,4,,,,2026-10-06T01:13:35.000Z
283.000,Caldari Citizen 3891005,Capsule,49353,50780,71981,0,,,,20,,,,2026-10-06T01:13:35.000Z
283.000,Caldari Citizen 8777524,Prospect,43180,30252,-14909,2434,-0.8040,0.4375,0.4028,209,0.404,0.232,1.000,2026-10-06T01:13:35.000Z
283.000,Minmatar Citizen 0254120,Procurer,64886,56140,24948,1848,0.3491,-0.9203,-0.1767,255,0.000,0.630,1.000,2026-10-06T01:13:35.000Z
283.000,Amarr Citizen 2674287,Capsule,65030,48580,58212,0,,,,79,,,,2026-10-06T01:13:35.000Z
283.000,Amarr Citizen 5054432,Venture,57262,50633,60304,398,-0.7387,0.6054,0.2963,518,1.000,1.000,1.000,2026-10-06T01:13:35.000Z
283.000,Amarr Citizen 4520313,Capsule,45084,144935,102229,0,,,,6,,,,2026-10-06T01:13:35.000Z
283.000,Minmatar Citizen 9978241,Retriever,55955,43433,66627,272,0.1076,-0.9871,-0.1189,222,0.000,0.444,1.000,2026-10-06T01:13:35.000Z
283.000,Minmatar Citizen 9678938,Capsule,64493,39880,72628,0,,,,3,,,,2026-10-06T01:13:35.000Z
283.000,Minmatar Citizen 2250648,Porpoise,65155,49840,45155,569,-0.7841,0.5122,-0.3505,224,1.000,1.000,1.000,2026-10-06T01:13:35.000Z
283.000,Gallente Citizen 1635012,Venture,29326,-7239,24722,3423,-0.9050,0.0624,-0.4209,1058,1.000,1.000,1.000,2026-10-06T01:13:35.000Z
283.000,Amarr Citizen 2281178,Capsule,61260,63557,53010,0,,,,29,,,,2026-10-06T01:13:35.000Z
284.000,Caldari Citizen 9942864,Capsule,53793,702,68372,0,,,,1,,,,2026-10-06T01:13:36.000Z
284.000,Caldari Citizen 6206817,Orca,63346,50520,55223,95,0.2309,0.5595,-0.7960,136,0.480,1.000,1.000,2026-10-06T01:13:36.000Z
284.000,Minmatar Citizen 9745080,Capsule,189199,-191825,-17519,,-0.7380,-0.5300,0.4177,0,,,,2026-10-06T01:13:36.000Z
284.000,Amarr Citizen 0220922,Capsule,78692,58763,51703,0,,,,11,,,,2026-10-06T01:13:36.000Z
284.000,Minmatar Citizen 4351238,Venture,37359,-3404,58316,1704,-0.6478,0.2419,-0.7224,278,0.778,1.000,1.000,2026-10-06T01:13:36.000Z
284.000,Caldari Citizen 3216932,Capsule,53196,23628,92094,187,,,,56,,,,2026-10-06T01:13:36.000Z
284.000,Minmatar Citizen 9076035,Porpoise,66071,41747,55379,94,0.6109,-0.3526,-0.7089,165,0.970,1.000,1.000,2026-10-06T01:13:36.000Z
284.000,Minmatar Citizen 6662812,Capsule,53232,48498,69392,0,,,,4,,,,2026-10-06T01:13:36.000Z
284.000,Caldari Citizen 3891005,Capsule,49353,50780,71981,0,,,,20,,,,2026-10-06T01:13:36.000Z
284.000,Caldari Citizen 8777524,Prospect,41307,31574,-14078,2496,-0.7766,0.5293,0.3417,253,0.410,0.232,1.000,2026-10-06T01:13:36.000Z
284.000,Minmatar Citizen 0254120,Procurer,65590,54449,24803,1895,0.3178,-0.9400,-0.1244,270,0.000,0.610,1.000,2026-10-06T01:13:36.000Z
284.000,Amarr Citizen 2674287,Capsule,65030,48580,58212,0,,,,79,,,,2026-10-06T01:13:36.000Z
284.000,Amarr Citizen 5054432,Venture,56918,50909,60401,405,-0.7008,0.5691,0.4302,572,1.000,1.000,1.000,2026-10-06T01:13:36.000Z
284.000,Amarr Citizen 4520313,Capsule,45084,144935,102229,0,,,,6,,,,2026-10-06T01:13:36.000Z
284.000,Minmatar Citizen 9978241,Retriever,56032,43223,66617,263,0.2715,-0.9211,-0.2791,168,0.000,0.444,1.000,2026-10-06T01:13:36.000Z
284.000,Minmatar Citizen 9678938,Capsule,64493,39880,72628,0,,,,3,,,,2026-10-06T01:13:36.000Z
284.000,Minmatar Citizen 2250648,Porpoise,64751,50218,45031,639,-0.6987,0.5558,-0.4504,466,1.000,1.000,1.000,2026-10-06T01:13:36.000Z
284.000,Gallente Citizen 1635012,Venture,26354,-7141,23478,3437,-0.8999,0.1095,-0.4222,838,1.000,1.000,1.000,2026-10-06T01:13:36.000Z
284.000,Amarr Citizen 2281178,Capsule,61260,63557,53010,0,,,,29,,,,2026-10-06T01:13:36.000Z
285.000,Caldari Citizen 9942864,Capsule,53793,702,68372,0,,,,1,,,,2026-10-06T01:13:37.000Z
285.000,Caldari Citizen 6206817,Orca,63560,50642,54900,95,0.3723,0.4697,-0.8005,95,0.480,1.000,1.000,2026-10-06T01:13:37.000Z
285.000,Minmatar Citizen 9745080,Capsule,218710,-145840,-99285,,-0.8762,-0.0933,0.4728,0,,,,2026-10-06T01:13:37.000Z
285.000,Amarr Citizen 0220922,Capsule,78692,58763,51703,0,,,,11,,,,2026-10-06T01:13:37.000Z
285.000,Minmatar Citizen 4351238,Venture,36402,-2868,57045,1724,-0.4694,0.5084,-0.7220,277,0.778,1.000,1.000,2026-10-06T01:13:37.000Z
285.000,Caldari Citizen 3216932,Capsule,53159,23527,92163,187,,,,23,,,,2026-10-06T01:13:37.000Z
285.000,Minmatar Citizen 9076035,Porpoise,66203,41756,55248,93,,,,148,0.970,1.000,1.000,2026-10-06T01:13:37.000Z
285.000,Minmatar Citizen 6662812,Capsule,53232,48498,69392,0,,,,4,,,,2026-10-06T01:13:37.000Z
285.000,Caldari Citizen 3891005,Capsule,49353,50780,71981,0,,,,20,,,,2026-10-06T01:13:37.000Z
285.000,Caldari Citizen 8777524,Prospect,39345,33100,-13476,2681,-0.7549,0.5764,0.3130,121,0.420,0.232,1.000,2026-10-06T01:13:37.000Z
285.000,Minmatar Citizen 0254120,Procurer,66157,52633,24647,1946,0.2860,-0.9540,-0.0898,136,0.000,0.590,1.000,2026-10-06T01:13:37.000Z
285.000,Amarr Citizen 2674287,Capsule,65030,48580,58212,0,,,,79,,,,2026-10-06T01:13:37.000Z
285.000,Amarr Citizen 5054432,Venture,56595,51213,60626,407,-0.6566,0.5145,0.5515,537,1.000,1.000,1.000,2026-10-06T01:13:37.000Z
285.000,Amarr Citizen 4520313,Capsule,45084,144935,102229,0,,,,6,,,,2026-10-06T01:13:37.000Z
285.000,Minmatar Citizen 9978241,Retriever,56149,43051,66549,256,0.4138,-0.8070,-0.4213,179,0.000,0.408,1.000,2026-10-06T01:13:37.000Z
285.000,Minmatar Citizen 9678938,Capsule,64493,39880,72628,0,,,,3,,,,2026-10-06T01:13:37.000Z
285.000,Minmatar Citizen 2250648,Porpoise,64364,50595,44789,713,-0.5784,0.5500,-0.6024,225,1.000,1.000,1.000,2026-10-06T01:13:37.000Z
285.000,Gallente Citizen 1635012,Venture,23212,-6870,22113,3450,-0.8782,0.1977,-0.4355,570,1.000,1.000,1.000,2026-10-06T01:13:37.000Z
285.000,Amarr Citizen 2281178,Capsule,61260,63557,53010,0,,,,29,,,,2026-10-06T01:13:37.000Z
286.000,Caldari Citizen 9942864,Capsule,53793,702,68372,0,,,,1,,,,2026-10-06T01:13:38.000Z
286.000,Caldari Citizen 6206817,Orca,63776,50780,54584,96,0.4770,0.3914,-0.7869,137,0.480,1.000,1.000,2026-10-06T01:13:38.000Z
286.000,Minmatar Citizen 9745080,Capsule,-121546,-125377,225045,1489,-0.8526,0.1116,0.5105,374,,,,2026-10-06T01:13:38.000Z
286.000,Amarr Citizen 0220922,Capsule,78692,58763,51703,0,,,,11,,,,2026-10-06T01:13:38.000Z
286.000,Minmatar Citizen 4351238,Venture,35633,-1703,55687,1836,-0.2698,0.6944,-0.6671,193,0.786,1.000,1.000,2026-10-06T01:13:38.000Z
286.000,Caldari Citizen 3216932,Capsule,53123,23447,92259,187,,,,58,,,,2026-10-06T01:13:38.000Z
286.000,Minmatar Citizen 9076035,Porpoise,66281,41773,55176,92,,,,138,0.970,1.000,1.000,2026-10-06T01:13:38.000Z
286.000,Minmatar Citizen 6662812,Capsule,53232,48498,69392,0,,,,4,,,,2026-10-06T01:13:38.000Z
286.000,Caldari Citizen 3891005,Capsule,49353,50780,71981,0,,,,20,,,,2026-10-06T01:13:38.000Z
286.000,Caldari Citizen 8777524,Prospect,37335,34772,-12819,2849,-0.7431,0.5867,0.3219,380,0.420,0.232,1.000,2026-10-06T01:13:38.000Z
286.000,Minmatar Citizen 0254120,Procurer,66618,50729,24449,1990,0.2493,-0.9665,-0.0603,172,0.000,0.590,1.000,2026-10-06T01:13:38.000Z
286.000,Amarr Citizen 2674287,Capsule,65030,48580,58212,0,,,,79,,,,2026-10-06T01:13:38.000Z
286.000,Amarr Citizen 5054432,Venture,56295,51500,61006,381,-0.5797,0.4642,0.6697,182,1.000,1.000,1.000,2026-10-06T01:13:38.000Z
286.000,Amarr Citizen 4520313,Capsule,45084,144935,102229,0,,,,6,,,,2026-10-06T01:13:38.000Z
286.000,Minmatar Citizen 9978241,Retriever,56252,42897,66384,251,0.5070,-0.7328,-0.4539,241,0.000,0.408,1.000,2026-10-06T01:13:38.000Z
286.000,Minmatar Citizen 9678938,Capsule,64493,39880,72628,0,,,,3,,,,2026-10-06T01:13:38.000Z
286.000,Minmatar Citizen 2250648,Porpoise,63985,50969,44372,776,-0.4231,0.4744,-0.7719,400,1.000,1.000,1.000,2026-10-06T01:13:38.000Z
286.000,Gallente Citizen 1635012,Venture,20289,-6212,20626,3155,-0.8322,0.3283,-0.4469,539,1.000,1.000,1.000,2026-10-06T01:13:38.000Z
286.000,Amarr Citizen 2281178,Capsule,61260,63557,53010,0,,,,29,,,,2026-10-06T01:13:38.000Z
287.000,Caldari Citizen 9942864,Capsule,53793,702,68372,0,-0.0681,-0.9966,0.0456,1,,,,2026-10-06T01:13:39.000Z
287.000,Caldari Citizen 6206817,Orca,63893,50894,54396,97,,,,199,0.480,1.000,1.000,2026-10-06T01:13:39.000Z
287.000,Minmatar Citizen 9745080,Capsule,-122441,-125493,225498,383,-0.7565,0.1122,0.6443,478,,,,2026-10-06T01:13:39.000Z
287.000,Amarr Citizen 0220922,Capsule,78692,58763,51703,0,,,,11,,,,2026-10-06T01:13:39.000Z
287.000,Minmatar Citizen 4351238,Venture,35273,10,54475,1979,-0.0868,0.7931,-0.6028,313,0.788,1.000,1.000,2026-10-06T01:13:39.000Z
287.000,Caldari Citizen 3216932,Capsule,53072,23360,92360,187,-0.4620,-0.7343,0.4974,115,,,,2026-10-06T01:13:39.000Z
287.000,Minmatar Citizen 9076035,Porpoise,66351,41775,55111,91,,,,130,0.970,1.000,1.000,2026-10-06T01:13:39.000Z
287.000,Minmatar Citizen 6662812,Capsule,53232,48498,69392,0,,,,4,,,,2026-10-06T01:13:39.000Z
287.000,Caldari Citizen 3891005,Capsule,49353,50780,71981,0,,,,20,,,,2026-10-06T01:13:39.000Z
287.000,Caldari Citizen 8777524,Prospect,35269,36494,-11879,2990,-0.7310,0.5786,0.3618,192,0.429,0.232,1.000,2026-10-06T01:13:39.000Z
287.000,Minmatar Citizen 0254120,Procurer,67064,48802,24280,2028,0.2095,-0.9775,-0.0251,265,0.000,0.576,1.000,2026-10-06T01:13:39.000Z
287.000,Amarr Citizen 2674287,Capsule,65030,48580,58212,0,,,,79,,,,2026-10-06T01:13:39.000Z
287.000,Amarr Citizen 5054432,Venture,56020,51647,61375,330,-0.4399,0.4175,0.7951,109,1.000,1.000,1.000,2026-10-06T01:13:39.000Z
287.000,Amarr Citizen 4520313,Capsule,45084,144935,102229,0,,,,6,,,,2026-10-06T01:13:39.000Z
287.000,Minmatar Citizen 9978241,Retriever,56357,42695,66161,248,0.5348,-0.7171,-0.4469,283,0.000,0.384,1.000,2026-10-06T01:13:39.000Z
287.000,Minmatar Citizen 9678938,Capsule,64493,39880,72628,0,,,,3,,,,2026-10-06T01:13:39.000Z
287.000,Minmatar Citizen 2250648,Porpoise,63696,51271,43799,830,-0.2357,0.3437,-0.9090,256,1.000,1.000,1.000,2026-10-06T01:13:39.000Z
287.000,Gallente Citizen 1635012,Venture,17807,-5012,19103,2950,-0.7553,0.4855,-0.4403,424,1.000,1.000,1.000,2026-10-06T01:13:39.000Z
287.000,Amarr Citizen 2281178,Capsule,61260,63557,53010,0,,,,29,,,,2026-10-06T01:13:39.000Z
288.000,Caldari Citizen 9942864,Capsule,53804,552,68398,187,-0.0705,-0.9966,0.0435,71,,,,2026-10-06T01:13:40.000Z
288.000,Caldari Citizen 6206817,Orca,63894,50933,54375,98,,,,217,0.480,1.000,1.000,2026-10-06T01:13:40.000Z
288.000,Minmatar Citizen 9745080,Capsule,-122798,-125402,225696,98,-0.7243,0.0435,0.6881,87,,,,2026-10-06T01:13:40.000Z
288.000,Amarr Citizen 0220922,Capsule,78692,58763,51703,0,,,,11,,,,2026-10-06T01:13:40.000Z
288.000,Minmatar Citizen 4351238,Venture,35351,1881,53418,2122,0.0718,0.8290,-0.5546,470,0.788,1.000,1.000,2026-10-06T01:13:40.000Z
288.000,Caldari Citizen 3216932,Capsule,52973,23212,92445,187,-0.4904,-0.7565,0.4327,210,,,,2026-10-06T01:13:40.000Z
288.000,Minmatar Citizen 9076035,Porpoise,66419,41772,55049,91,,,,122,0.970,1.000,1.000,2026-10-06T01:13:40.000Z
288.000,Minmatar Citizen 6662812,Capsule,53232,48498,69392,0,,,,4,,,,2026-10-06T01:13:40.000Z
288.000,Caldari Citizen 3891005,Capsule,49353,50780,71981,0,,,,20,,,,2026-10-06T01:13:40.000Z
288.000,Caldari Citizen 8777524,Prospect,33106,38201,-10733,3107,-0.7094,0.5647,0.4218,291,0.430,0.232,1.000,2026-10-06T01:13:40.000Z
288.000,Minmatar Citizen 0254120,Procurer,67523,46845,24231,2060,0.1748,-0.9845,0.0151,219,0.000,0.560,1.000,2026-10-06T01:13:40.000Z
288.000,Amarr Citizen 2674287,Capsule,65030,48580,58212,0,,,,79,,,,2026-10-06T01:13:40.000Z
288.000,Amarr Citizen 5054432,Venture,55824,51725,61666,283,-0.2807,0.3284,0.9019,108,1.000,1.000,1.000,2026-10-06T01:13:40.000Z
288.000,Amarr Citizen 4520313,Capsule,45084,144935,102229,0,,,,6,,,,2026-10-06T01:13:40.000Z
288.000,Minmatar Citizen 9978241,Retriever,56574,42443,66018,245,0.4960,-0.7386,-0.4565,327,0.000,0.384,1.000,2026-10-06T01:13:40.000Z
288.000,Minmatar Citizen 9678938,Capsule,64493,39880,72628,0,,,,3,,,,2026-10-06T01:13:40.000Z
288.000,Minmatar Citizen 2250648,Porpoise,63460,51593,42914,916,-0.0557,0.1972,-0.9788,561,1.000,1.000,1.000,2026-10-06T01:13:40.000Z
288.000,Gallente Citizen 1635012,Venture,15694,-3224,17697,2890,-0.6556,0.6347,-0.4090,738,1.000,1.000,1.000,2026-10-06T01:13:40.000Z
288.000,Amarr Citizen 2281178,Capsule,61260,63557,53010,0,,,,29,,,,2026-10-06T01:13:40.000Z
289.000,Caldari Citizen 9942864,Capsule,53775,1,68431,187,-0.0742,-0.9964,0.0400,347,,,,2026-10-06T01:13:41.000Z
289.000,Caldari Citizen 6206817,Orca,63878,50875,54434,98,,,,185,0.480,1.000,1.000,2026-10-06T01:13:41.000Z
289.000,Minmatar Citizen 9745080,Capsule,-122924,-125345,225764,0,-0.8819,0.0756,0.4653,11,,,,2026-10-06T01:13:41.000Z
289.000,Amarr Citizen 0220922,Capsule,78692,58763,51702,0,,,,11,,,,2026-10-06T01:13:41.000Z
289.000,Minmatar Citizen 4351238,Venture,35704,3696,52362,2253,0.2068,0.8215,-0.5315,311,0.788,1.000,1.000,2026-10-06T01:13:41.000Z
289.000,Caldari Citizen 3216932,Capsule,52821,23005,92537,187,-0.4910,-0.7829,0.3821,227,,,,2026-10-06T01:13:41.000Z
289.000,Minmatar Citizen 9076035,Porpoise,66484,41771,54995,90,,,,114,0.970,1.000,1.000,2026-10-06T01:13:41.000Z
289.000,Minmatar Citizen 6662812,Capsule,53232,48498,69392,0,,,,4,,,,2026-10-06T01:13:41.000Z
289.000,Caldari Citizen 3891005,Capsule,49353,50780,71981,0,,,,20,,,,2026-10-06T01:13:41.000Z
289.000,Caldari Citizen 8777524,Prospect,30768,39893,-9336,3476,-0.6788,0.5500,0.4866,332,0.434,0.230,1.000,2026-10-06T01:13:41.000Z
289.000,Minmatar Citizen 0254120,Procurer,67866,44767,24346,2088,0.1485,-0.9877,0.0483,246,0.000,0.550,1.000,2026-10-06T01:13:41.000Z
289.000,Amarr Citizen 2674287,Capsule,65030,48580,58212,0,,,,79,,,,2026-10-06T01:13:41.000Z
289.000,Amarr Citizen 5054432,Venture,55784,51865,61984,256,-0.1496,0.1629,0.9752,254,1.000,1.000,1.000,2026-10-06T01:13:41.000Z
289.000,Amarr Citizen 4520313,Capsule,45084,144935,102229,0,,,,6,,,,2026-10-06T01:13:41.000Z
289.000,Minmatar Citizen 9978241,Retriever,56858,42143,65961,243,0.4168,-0.7763,-0.4729,238,0.000,0.374,1.000,2026-10-06T01:13:41.000Z
289.000,Minmatar Citizen 9678938,Capsule,64493,39880,72628,0,,,,3,,,,2026-10-06T01:13:41.000Z
289.000,Minmatar Citizen 2250648,Porpoise,63400,51881,41718,1001,0.0893,0.0631,-0.9940,115,1.000,1.000,1.000,2026-10-06T01:13:41.000Z
289.000,Gallente Citizen 1635012,Venture,13952,-891,16539,2913,-0.5586,0.7488,-0.3566,659,1.000,1.000,1.000,2026-10-06T01:13:41.000Z
289.000,Amarr Citizen 2281178,Capsule,61260,63557,53010,0,,,,29,,,,2026-10-06T01:13:41.000Z
290.000,Caldari Citizen 9942864,Capsule,53653,-948,68423,343,-0.0814,-0.9961,0.0335,306,,,,2026-10-06T01:13:42.000Z
290.000,Caldari Citizen 6206817,Orca,63879,50788,54495,99,,,,147,0.480,1.000,1.000,2026-10-06T01:13:42.000Z
290.000,Minmatar Citizen 9745080,Capsule,-122924,-125345,225764,0,,,,11,,,,2026-10-06T01:13:42.000Z
290.000,Amarr Citizen 0220922,Capsule,78692,58763,51702,0,,,,11,,,,2026-10-06T01:13:42.000Z
290.000,Minmatar Citizen 4351238,Venture,36339,5463,51221,2366,0.3093,0.7871,-0.5337,225,0.798,1.000,1.000,2026-10-06T01:13:42.000Z
290.000,Caldari Citizen 3216932,Capsule,52714,22850,92599,187,-0.4650,-0.7991,0.3812,124,,,,2026-10-06T01:13:42.000Z
290.000,Minmatar Citizen 9076035,Porpoise,66550,41773,54947,90,,,,108,0.970,1.000,1.000,2026-10-06T01:13:42.000Z
290.000,Minmatar Citizen 6662812,Capsule,53232,48498,69392,0,,,,4,,,,2026-10-06T01:13:42.000Z
290.000,Caldari Citizen 3891005,Capsule,49353,50780,71981,0,,,,20,,,,2026-10-06T01:13:42.000Z
290.000,Caldari Citizen 8777524,Prospect,28357,41793,-7596,3716,-0.6380,0.5325,0.5563,165,0.440,0.230,1.000,2026-10-06T01:13:42.000Z
290.000,Minmatar Citizen 0254120,Procurer,68094,42584,24603,2111,0.1340,-0.9890,0.0629,163,0.000,0.550,1.000,2026-10-06T01:13:42.000Z
290.000,Amarr Citizen 2674287,Capsule,65031,48580,58212,0,,,,79,,,,2026-10-06T01:13:42.000Z
290.000,Amarr Citizen 5054432,Venture,55871,52055,62430,253,-0.1073,-0.0314,0.9937,252,1.000,1.000,1.000,2026-10-06T01:13:42.000Z
290.000,Amarr Citizen 4520313,Capsule,45084,144935,102229,0,,,,6,,,,2026-10-06T01:13:42.000Z
290.000,Minmatar Citizen 9978241,Retriever,57023,41872,65818,238,0.3054,-0.8144,-0.4935,218,0.000,0.354,1.000,2026-10-06T01:13:42.000Z
290.000,Minmatar Citizen 9678938,Capsule,64493,39880,72628,0,,,,3,,,,2026-10-06T01:13:42.000Z
290.000,Minmatar Citizen 2250648,Porpoise,63659,51938,40199,1073,0.1845,-0.0514,-0.9815,326,1.000,1.000,1.000,2026-10-06T01:13:42.000Z
290.000,Gallente Citizen 1635012,Venture,12502,1733,15605,2975,-0.4819,0.8258,-0.2929,383,1.000,1.000,1.000,2026-10-06T01:13:42.000Z
290.000,Amarr Citizen 2281178,Capsule,61260,63557,53010,0,,,,29,,,,2026-10-06T01:13:42.000Z
291.000,Caldari Citizen 6206817,Orca,63874,50728,54552,100,,,,126,0.480,1.000,1.000,2026-10-06T01:13:43.000Z
291.000,Minmatar Citizen 9745080,Capsule,-122924,-125345,225764,0,,,,11,,,,2026-10-06T01:13:43.000Z
291.000,Amarr Citizen 0220922,Capsule,78692,58763,51702,0,,,,11,,,,2026-10-06T01:13:43.000Z
291.000,Minmatar Citizen 4351238,Venture,37182,7209,49969,2462,0.3856,0.7470,-0.5416,568,0.798,1.000,1.000,2026-10-06T01:13:43.000Z
291.000,Caldari Citizen 3216932,Capsule,52662,22728,92630,187,,,,57,,,,2026-10-06T01:13:43.000Z
291.000,Minmatar Citizen 9076035,Porpoise,66613,41777,54900,90,,,,102,0.970,1.000,1.000,2026-10-06T01:13:43.000Z
291.000,Minmatar Citizen 6662812,Capsule,53232,48498,69392,0,,,,4,,,,2026-10-06T01:13:43.000Z
291.000,Caldari Citizen 3891005,Capsule,49353,50780,71981,0,,,,20,,,,2026-10-06T01:13:43.000Z
291.000,Caldari Citizen 8777524,Prospect,26018,43854,-5430,3943,-0.5831,0.5040,0.6372,334,0.450,0.232,1.000,2026-10-06T01:13:43.000Z
291.000,Minmatar Citizen 0254120,Procurer,68276,40424,24814,2131,0.1304,-0.9899,0.0553,90,0.000,0.530,1.000,2026-10-06T01:13:43.000Z
291.000,Amarr Citizen 2674287,Capsule,65031,48580,58212,0,,,,79,,,,2026-10-06T01:13:43.000Z
291.000,Amarr Citizen 5054432,Venture,55893,52015,62892,264,-0.1795,-0.2326,0.9558,213,1.000,1.000,1.000,2026-10-06T01:13:43.000Z
291.000,Amarr Citizen 4520313,Capsule,45084,144935,102229,0,,,,6,,,,2026-10-06T01:13:43.000Z
291.000,Minmatar Citizen 9978241,Retriever,57037,41582,65549,215,0.1314,-0.8453,-0.5179,250,0.000,0.343,1.000,2026-10-06T01:13:43.000Z
291.000,Minmatar Citizen 9678938,Capsule,64493,39880,72628,0,,,,3,,,,2026-10-06T01:13:43.000Z
291.000,Minmatar Citizen 2250648,Porpoise,64133,51682,38660,1132,0.2402,-0.1568,-0.9580,500,1.000,1.000,1.000,2026-10-06T01:13:43.000Z
291.000,Gallente Citizen 1635012,Venture,11170,4386,14762,3050,-0.4300,0.8727,-0.2314,130,1.000,1.000,1.000,2026-10-06T01:13:43.000Z
291.000,Amarr Citizen 2281178,Capsule,61260,63557,53010,0,,,,29,,,,2026-10-06T01:13:43.000Z
292.000,Caldari Citizen 6206817,Orca,63846,50725,54603,101,,,,119,0.480,1.000,1.000,2026-10-06T01:13:44.000Z
292.000,Minmatar Citizen 9745080,Capsule,-122924,-125345,225764,0,,,,11,,,,2026-10-06T01:13:44.000Z
292.000,Amarr Citizen 0220922,Capsule,78692,58763,51702,0,,,,11,,,,2026-10-06T01:13:44.000Z
292.000,Minmatar Citizen 4351238,Venture,38220,8946,48657,2540,0.4491,0.7114,-0.5406,613,0.798,1.000,1.000,2026-10-06T01:13:44.000Z
292.000,Caldari Citizen 3216932,Capsule,52627,22625,92694,187,,,,23,,,,2026-10-06T01:13:44.000Z
292.000,Minmatar Citizen 9076035,Porpoise,66648,41758,54832,89,,,,94,0.960,1.000,1.000,2026-10-06T01:13:44.000Z
292.000,Minmatar Citizen 6662812,Capsule,53232,48498,69392,0,,,,4,,,,2026-10-06T01:13:44.000Z
292.000,Caldari Citizen 3891005,Capsule,49353,50780,71981,0,,,,20,,,,2026-10-06T01:13:44.000Z
292.000,Caldari Citizen 8777524,Prospect,23823,45895,-2922,3970,-0.5174,0.4533,0.7258,121,0.450,0.232,1.000,2026-10-06T01:13:44.000Z
292.000,Minmatar Citizen 0254120,Procurer,68544,38288,24920,2147,0.1309,-0.9902,0.0478,233,0.000,0.530,1.000,2026-10-06T01:13:44.000Z
292.000,Amarr Citizen 2674287,Capsule,65031,48580,58212,0,,,,79,,,,2026-10-06T01:13:44.000Z
292.000,Amarr Citizen 5054432,Venture,55808,51750,63366,281,-0.3288,-0.4128,0.8494,166,1.000,1.000,1.000,2026-10-06T01:13:44.000Z
292.000,Amarr Citizen 4520313,Capsule,45084,144935,102229,0,,,,6,,,,2026-10-06T01:13:44.000Z
292.000,Minmatar Citizen 9978241,Retriever,56992,41330,65336,199,-0.0866,-0.8610,-0.5011,243,0.000,0.343,1.000,2026-10-06T01:13:44.000Z
292.000,Minmatar Citizen 9678938,Capsule,64493,39880,72628,0,,,,3,,,,2026-10-06T01:13:44.000Z
292.000,Minmatar Citizen 2250648,Porpoise,64645,51300,37371,1181,0.2532,-0.2565,-0.9328,317,1.000,1.000,1.000,2026-10-06T01:13:44.000Z
292.000,Gallente Citizen 1635012,Venture,9906,7145,14084,3123,-0.3986,0.8998,-0.1776,447,1.000,1.000,1.000,2026-10-06T01:13:44.000Z
292.000,Amarr Citizen 2281178,Capsule,61260,63557,53010,0,,,,29,,,,2026-10-06T01:13:44.000Z
293.000,Caldari Citizen 6206817,Orca,63775,50797,54618,102,,,,133,0.480,1.000,1.000,2026-10-06T01:13:45.000Z
293.000,Minmatar Citizen 9745080,Capsule,-122924,-125345,225764,0,,,,11,,,,2026-10-06T01:13:45.000Z
293.000,Amarr Citizen 0220922,Capsule,78692,58763,51702,0,,,,11,,,,2026-10-06T01:13:45.000Z
293.000,Minmatar Citizen 4351238,Venture,39353,10635,47254,2603,0.5040,0.6788,-0.5341,264,0.798,1.000,1.000,2026-10-06T01:13:45.000Z
293.000,Caldari Citizen 3216932,Capsule,52596,22539,92785,187,,,,59,,,,2026-10-06T01:13:45.000Z
293.000,Minmatar Citizen 9076035,Porpoise,66614,41667,54695,89,-0.2532,-0.7217,-0.6442,157,0.960,1.000,1.000,2026-10-06T01:13:45.000Z
293.000,Minmatar Citizen 6662812,Capsule,53232,48498,69392,0,,,,4,,,,2026-10-06T01:13:45.000Z
293.000,Caldari Citizen 3891005,Capsule,49353,50780,71981,0,,,,20,,,,2026-10-06T01:13:45.000Z
293.000,Caldari Citizen 8777524,Prospect,21893,47696,53,4037,-0.4463,0.3706,0.8145,411,0.450,0.232,1.000,2026-10-06T01:13:45.000Z
293.000,Minmatar Citizen 0254120,Procurer,68933,36123,24926,2161,0.1586,-0.9870,0.0275,264,0.000,0.520,1.000,2026-10-06T01:13:45.000Z
293.000,Amarr Citizen 2674287,Capsule,65031,48580,58212,0,,,,79,,,,2026-10-06T01:13:45.000Z
293.000,Amarr Citizen 5054432,Venture,55587,51461,63705,300,-0.4971,-0.5252,0.6907,88,1.000,1.000,1.000,2026-10-06T01:13:45.000Z
293.000,Amarr Citizen 4520313,Capsule,45084,144935,102229,0,,,,6,,,,2026-10-06T01:13:45.000Z
293.000,Minmatar Citizen 9978241,Retriever,56937,41177,65270,192,-0.3202,-0.8704,-0.3741,155,0.000,0.303,1.000,2026-10-06T01:13:45.000Z
293.000,Minmatar Citizen 9678938,Capsule,64493,39880,72628,0,,,,3,,,,2026-10-06T01:13:45.000Z
293.000,Minmatar Citizen 2250648,Porpoise,64975,50888,36204,1188,0.2321,-0.3527,-0.9065,177,1.000,1.000,1.000,2026-10-06T01:13:45.000Z
293.000,Gallente Citizen 1635012,Venture,8712,10102,13667,3190,-0.3750,0.9180,-0.1288,293,1.000,1.000,1.000,2026-10-06T01:13:45.000Z
293.000,Amarr Citizen 2281178,Capsule,61260,63557,53010,0,,,,29,,,,2026-10-06T01:13:45.000Z
294.000,Caldari Citizen 6206817,Orca,63613,50934,54533,102,-0.1623,0.2336,-0.9587,231,0.490,1.000,1.000,2026-10-06T01:13:46.000Z
294.000,Minmatar Citizen 9745080,Capsule,-122924,-125345,225764,0,,,,11,,,,2026-10-06T01:13:46.000Z
294.000,Amarr Citizen 0220922,Capsule,78692,58763,51702,0,,,,11,,,,2026-10-06T01:13:46.000Z
294.000,Minmatar Citizen 4351238,Venture,40670,12324,45908,2655,0.5545,0.6455,-0.5253,354,0.798,1.000,1.000,2026-10-06T01:13:46.000Z
294.000,Caldari Citizen 3216932,Capsule,52550,22448,92881,187,-0.4413,-0.7573,0.4815,118,,,,2026-10-06T01:13:46.000Z
294.000,Minmatar Citizen 9076035,Porpoise,66502,41477,54488,88,-0.2913,-0.8082,-0.5119,338,0.960,1.000,1.000,2026-10-06T01:13:46.000Z
294.000,Minmatar Citizen 6662812,Capsule,53232,48498,69392,0,,,,4,,,,2026-10-06T01:13:46.000Z
294.000,Caldari Citizen 3891005,Capsule,49353,50780,71981,0,,,,20,,,,2026-10-06T01:13:46.000Z
294.000,Caldari Citizen 8777524,Prospect,20277,49141,3587,4112,-0.3718,0.2511,0.8937,713,0.460,0.232,1.000,2026-10-06T01:13:46.000Z
294.000,Minmatar Citizen 0254120,Procurer,69313,33917,24863,2172,0.1717,-0.9848,0.0273,200,0.000,0.500,1.000,2026-10-06T01:13:46.000Z
294.000,Amarr Citizen 2674287,Capsule,65031,48580,58212,0,,,,79,,,,2026-10-06T01:13:46.000Z
294.000,Amarr Citizen 5054432,Venture,55287,51203,63873,318,-0.6438,-0.5451,0.5370,367,1.000,1.000,1.000,2026-10-06T01:13:46.000Z
294.000,Amarr Citizen 4520313,Capsule,45084,144935,102229,0,,,,6,,,,2026-10-06T01:13:46.000Z
294.000,Minmatar Citizen 9978241,Retriever,56878,41041,65275,190,-0.5519,-0.8162,-0.1707,136,0.000,0.283,1.000,2026-10-06T01:13:46.000Z
294.000,Minmatar Citizen 9678938,Capsule,64493,39880,72628,0,,,,3,,,,2026-10-06T01:13:46.000Z
294.000,Minmatar Citizen 2250648,Porpoise,65203,50429,35083,1186,0.1987,-0.4449,-0.8733,311,1.000,1.000,1.000,2026-10-06T01:13:46.000Z
294.000,Gallente Citizen 1635012,Venture,7477,13166,13353,3248,-0.3491,0.9333,-0.0844,343,1.000,1.000,1.000,2026-10-06T01:13:46.000Z
294.000,Amarr Citizen 2281178,Capsule,61260,63557,53010,0,,,,29,,,,2026-10-06T01:13:46.000Z
295.000,Caldari Citizen 6206817,Orca,63329,51052,54301,103,0.2421,0.0972,-0.9654,284,0.490,1.000,1.000,2026-10-06T01:13:47.000Z
295.000,Minmatar Citizen 9745080,Capsule,-122924,-125345,225764,0,,,,11,,,,2026-10-06T01:13:47.000Z
295.000,Amarr Citizen 0220922,Capsule,78692,58763,51702,0,,,,11,,,,2026-10-06T01:13:47.000Z
295.000,Minmatar Citizen 4351238,Venture,42209,14003,44632,2695,0.5982,0.6105,-0.5190,311,0.798,1.000,1.000,2026-10-06T01:13:47.000Z
295.000,Caldari Citizen 3216932,Capsule,52456,22297,92963,187,-0.4732,-0.7733,0.4220,213,,,,2026-10-06T01:13:47.000Z
295.000,Minmatar Citizen 9076035,Porpoise,66402,41268,54388,88,-0.2288,-0.9091,-0.3481,377,0.970,1.000,1.000,2026-10-06T01:13:47.000Z
295.000,Minmatar Citizen 6662812,Capsule,53232,48498,69392,0,,,,4,,,,2026-10-06T01:13:47.000Z
295.000,Caldari Citizen 3891005,Capsule,49353,50780,71981,0,,,,20,,,,2026-10-06T01:13:47.000Z
295.000,Caldari Citizen 8777524,Prospect,18977,49967,7408,3963,-0.2928,0.0968,0.9513,739,0.470,0.232,1.000,2026-10-06T01:13:47.000Z
295.000,Amarr Citizen 2674287,Capsule,65031,48580,58213,0,,,,79,,,,2026-10-06T01:13:47.000Z
295.000,Amarr Citizen 5054432,Venture,55007,51027,64024,334,-0.7506,-0.5148,0.4142,310,1.000,1.000,1.000,2026-10-06T01:13:47.000Z
295.000,Amarr Citizen 4520313,Capsule,45084,144935,102229,0,,,,6,,,,2026-10-06T01:13:47.000Z
295.000,Minmatar Citizen 9978241,Retriever,56795,40914,65300,192,-0.6911,-0.7222,-0.0294,172,0.000,0.273,1.000,2026-10-06T01:13:47.000Z
295.000,Minmatar Citizen 9678938,Capsule,64493,39880,72628,0,,,,3,,,,2026-10-06T01:13:47.000Z
295.000,Minmatar Citizen 2250648,Porpoise,65335,49865,33995,1193,0.1689,-0.5375,-0.8261,202,1.000,1.000,1.000,2026-10-06T01:13:47.000Z
295.000,Gallente Citizen 1635012,Venture,6277,16320,13129,3297,-0.3208,0.9457,-0.0526,191,1.000,1.000,1.000,2026-10-06T01:13:47.000Z
295.000,Amarr Citizen 2281178,Capsule,61260,63557,53010,0,,,,29,,,,2026-10-06T01:13:47.000Z
296.000,Caldari Citizen 6206817,Orca,63328,51050,53727,104,0.4520,0.0195,-0.8918,332,0.490,1.000,1.000,2026-10-06T01:13:48.000Z
296.000,Minmatar Citizen 9745080,Capsule,-122924,-125345,225764,0,,,,11,,,,2026-10-06T01:13:48.000Z
296.000,Amarr Citizen 0220922,Capsule,78692,58763,51702,0,,,,11,,,,2026-10-06T01:13:48.000Z
296.000,Minmatar Citizen 4351238,Venture,43865,15556,43303,2725,0.6333,0.5755,-0.5174,383,0.808,1.000,1.000,2026-10-06T01:13:48.000Z
296.000,Caldari Citizen 3216932,Capsule,52309,22090,93052,187,-0.4775,-0.7941,0.3761,225,,,,2026-10-06T01:13:48.000Z
296.000,Minmatar Citizen 9076035,Porpoise,66335,41053,54374,88,-0.0544,-0.9959,-0.0729,131,0.970,1.000,1.000,2026-10-06T01:13:48.000Z
296.000,Minmatar Citizen 6662812,Capsule,53232,48498,69392,0,,,,4,,,,2026-10-06T01:13:48.000Z
296.000,Caldari Citizen 3891005,Capsule,49353,50780,71981,0,,,,20,,,,2026-10-06T01:13:48.000Z
296.000,Caldari Citizen 8777524,Prospect,18019,50100,11266,3927,-0.2116,-0.0775,0.9743,492,0.470,0.230,1.000,2026-10-06T01:13:48.000Z
296.000,Minmatar Citizen 0254120,Procurer,70153,29514,25060,2189,0.1471,-0.9876,0.0546,119,0.000,0.480,1.000,2026-10-06T01:13:48.000Z
296.000,Amarr Citizen 2674287,Capsule,65031,48580,58213,0,,,,79,,,,2026-10-06T01:13:48.000Z
296.000,Amarr Citizen 5054432,Venture,54728,50882,64155,348,-0.7981,-0.4897,0.3511,316,1.000,1.000,1.000,2026-10-06T01:13:48.000Z
296.000,Amarr Citizen 4520313,Capsule,45084,144935,102229,0,,,,6,,,,2026-10-06T01:13:48.000Z
296.000,Minmatar Citizen 9978241,Retriever,56605,40737,65284,191,-0.7536,-0.6561,0.0414,312,0.000,0.242,1.000,2026-10-06T01:13:48.000Z
296.000,Minmatar Citizen 9678938,Capsule,64493,39880,72628,0,,,,3,,,,2026-10-06T01:13:48.000Z
296.000,Minmatar Citizen 2250648,Porpoise,65511,49126,32986,1205,0.1573,-0.6266,-0.7633,167,1.000,1.000,1.000,2026-10-06T01:13:48.000Z
296.000,Gallente Citizen 1635012,Venture,5238,19516,13045,3337,-0.2879,0.9569,-0.0373,172,1.000,1.000,1.000,2026-10-06T01:13:48.000Z
296.000,Amarr Citizen 2281178,Capsule,61260,63557,53010,0,,,,29,,,,2026-10-06T01:13:48.000Z
297.000,Caldari Citizen 6206817,Orca,63954,51023,52793,105,0.5664,-0.0281,-0.8236,275,0.490,1.000,1.000,2026-10-06T01:13:49.000Z
297.000,Minmatar Citizen 9745080,Capsule,-122924,-125345,225764,0,,,,11,,,,2026-10-06T01:13:49.000Z
297.000,Amarr Citizen 0220922,Capsule,78692,58763,51702,0,,,,11,,,,2026-10-06T01:13:49.000Z
297.000,Minmatar Citizen 4351238,Venture,45632,17006,41940,2747,0.6603,0.5404,-0.5215,251,0.808,1.000,1.000,2026-10-06T01:13:49.000Z
297.000,Caldari Citizen 3216932,Capsule,52204,21934,93114,187,-0.4539,-0.8066,0.3786,122,,,,2026-10-06T01:13:49.000Z
297.000,Minmatar Citizen 9076035,Porpoise,66351,40877,54356,88,0.1490,-0.9698,0.1930,72,0.970,1.000,1.000,2026-10-06T01:13:49.000Z
297.000,Minmatar Citizen 6662812,Capsule,53232,48498,69392,0,,,,4,,,,2026-10-06T01:13:49.000Z
297.000,Caldari Citizen 3891005,Capsule,49353,50780,71981,0,,,,20,,,,2026-10-06T01:13:49.000Z
297.000,Caldari Citizen 8777524,Prospect,17347,49416,15134,3940,-0.1295,-0.2563,0.9579,668,0.470,0.230,1.000,2026-10-06T01:13:49.000Z
297.000,Minmatar Citizen 0254120,Procurer,70499,27313,25249,2196,0.1209,-0.9899,0.0741,276,0.000,0.480,1.000,2026-10-06T01:13:49.000Z
297.000,Amarr Citizen 2674287,Capsule,65031,48580,58213,0,,,,79,,,,2026-10-06T01:13:49.000Z
297.000,Amarr Citizen 5054432,Venture,54409,50709,64258,360,-0.8078,-0.4762,0.3474,171,1.000,1.000,1.000,2026-10-06T01:13:49.000Z
297.000,Amarr Citizen 4520313,Capsule,45084,144935,102229,0,,,,6,,,,2026-10-06T01:13:49.000Z
297.000,Minmatar Citizen 9978241,Retriever,56273,40485,65243,193,-0.7883,-0.6030,0.1221,246,0.000,0.212,1.000,2026-10-06T01:13:49.000Z
297.000,Minmatar Citizen 9678938,Capsule,64493,39880,72628,0,,,,3,,,,2026-10-06T01:13:49.000Z
297.000,Minmatar Citizen 2250648,Porpoise,65763,48262,32094,1223,0.1598,-0.7042,-0.6918,202,1.000,1.000,1.000,2026-10-06T01:13:49.000Z
297.000,Gallente Citizen 1635012,Venture,4355,22776,13039,3371,-0.2396,0.9701,-0.0384,505,1.000,1.000,1.000,2026-10-06T01:13:49.000Z
297.000,Amarr Citizen 2281178,Capsule,61260,63557,53010,0,,,,29,,,,2026-10-06T01:13:49.000Z
298.000,Caldari Citizen 6206817,Orca,64930,50981,51668,106,0.6375,-0.0644,-0.7678,402,0.490,1.000,1.000,2026-10-06T01:13:50.000Z
298.000,Minmatar Citizen 9745080,Capsule,-122924,-125345,225764,0,,,,11,,,,2026-10-06T01:13:50.000Z
298.000,Amarr Citizen 0220922,Capsule,78692,58763,51702,0,,,,11,,,,2026-10-06T01:13:50.000Z
298.000,Minmatar Citizen 4351238,Venture,47431,18381,40521,2760,0.6849,0.5047,-0.5255,291,0.808,1.000,1.000,2026-10-06T01:13:50.000Z
298.000,Caldari Citizen 3216932,Capsule,52152,21812,93146,187,,,,54,,,,2026-10-06T01:13:50.000Z
298.000,Minmatar Citizen 9076035,Porpoise,66438,40670,54423,88,0.2831,-0.9029,0.3235,175,0.970,1.000,1.000,2026-10-06T01:13:50.000Z
298.000,Minmatar Citizen 6662812,Capsule,53232,48498,69392,0,,,,4,,,,2026-10-06T01:13:50.000Z
298.000,Caldari Citizen 3891005,Capsule,49353,50780,71981,0,,,,20,,,,2026-10-06T01:13:50.000Z
298.000,Caldari Citizen 8777524,Prospect,16994,47937,18948,3928,-0.0488,-0.4195,0.9064,1032,0.475,0.230,1.000,2026-10-06T01:13:50.000Z
298.000,Minmatar Citizen 0254120,Procurer,70685,25044,25416,2201,0.0885,-0.9921,0.0894,189,0.000,0.460,1.000,2026-10-06T01:13:50.000Z
298.000,Amarr Citizen 2674287,Capsule,65031,48580,58213,0,,,,79,,,,2026-10-06T01:13:50.000Z
298.000,Amarr Citizen 5054432,Venture,54105,50524,64379,370,-0.8164,-0.4636,0.3444,189,1.000,1.000,1.000,2026-10-06T01:13:50.000Z
298.000,Amarr Citizen 4520313,Capsule,45084,144935,102229,0,,,,6,,,,2026-10-06T01:13:50.000Z
298.000,Minmatar Citizen 9978241,Retriever,56027,40328,65287,196,-0.7976,-0.5565,0.2327,89,0.000,0.212,1.000,2026-10-06T01:13:50.000Z
298.000,Minmatar Citizen 9678938,Capsule,64493,39880,72628,0,,,,3,,,,2026-10-06T01:13:50.000Z
298.000,Minmatar Citizen 2250648,Porpoise,65962,47297,31300,1209,0.1703,-0.7685,-0.6168,54,1.000,1.000,1.000,2026-10-06T01:13:50.000Z
298.000,Gallente Citizen 1635012,Venture,3549,26082,12964,3363,-0.1558,0.9858,-0.0632,440,1.000,1.000,1.000,2026-10-06T01:13:50.000Z
298.000,Amarr Citizen 2281178,Capsule,61260,63557,53010,0,,,,29,,,,2026-10-06T01:13:50.000Z
299.000,Caldari Citizen 6206817,Orca,65986,50917,50522,107,0.6846,-0.0944,-0.7228,590,0.490,1.000,1.000,2026-10-06T01:13:51.000Z
299.000,Minmatar Citizen 9745080,Capsule,-122924,-125345,225764,0,,,,11,,,,2026-10-06T01:13:51.000Z
299.000,Amarr Citizen 0220922,Capsule,78692,58763,51702,0,,,,11,,,,2026-10-06T01:13:51.000Z
299.000,Minmatar Citizen 4351238,Venture,49237,19709,39054,2764,0.7146,0.4637,-0.5237,192,0.808,1.000,1.000,2026-10-06T01:13:51.000Z
299.000,Caldari Citizen 3216932,Capsule,52118,21709,93210,187,,,,20,,,,2026-10-06T01:13:51.000Z
299.000,Minmatar Citizen 9076035,Porpoise,66569,40415,54608,86,0.3411,-0.8532,0.3947,221,0.970,1.000,1.000,2026-10-06T01:13:51.000Z
299.000,Minmatar Citizen 6662812,Capsule,53232,48498,69392,0,,,,4,,,,2026-10-06T01:13:51.000Z
299.000,Caldari Citizen 3891005,Capsule,49353,50780,71981,0,,,,20,,,,2026-10-06T01:13:51.000Z
299.000,Caldari Citizen 8777524,Prospect,16999,45889,22345,3717,0.0241,-0.5546,0.8317,730,0.480,0.232,1.000,2026-10-06T01:13:51.000Z
299.000,Minmatar Citizen 0254120,Procurer,70832,22786,25636,2206,0.0970,-0.9913,0.0884,187,0.000,0.444,1.000,2026-10-06T01:13:51.000Z
299.000,Amarr Citizen 2674287,Capsule,65031,48580,58213,0,,,,79,,,,2026-10-06T01:13:51.000Z
299.000,Amarr Citizen 5054432,Venture,53813,50325,64504,378,-0.8504,-0.4235,0.3123,260,1.000,1.000,1.000,2026-10-06T01:13:51.000Z
299.000,Amarr Citizen 4520313,Capsule,45084,144935,102229,0,,,,6,,,,2026-10-06T01:13:51.000Z
299.000,Minmatar Citizen 9978241,Retriever,55892,40241,65379,200,-0.7812,-0.5282,0.3327,39,0.000,0.212,1.000,2026-10-06T01:13:51.000Z
299.000,Minmatar Citizen 9678938,Capsule,64493,39880,72628,0,,,,3,,,,2026-10-06T01:13:51.000Z
299.000,Minmatar Citizen 2250648,Porpoise,66135,46306,30584,1202,0.1806,-0.8195,-0.5439,199,1.000,1.000,1.000,2026-10-06T01:13:51.000Z
299.000,Gallente Citizen 1635012,Venture,3057,28970,12801,2489,-0.0009,0.9928,-0.1201,387,1.000,1.000,1.000,2026-10-06T01:13:51.000Z
299.000,Amarr Citizen 2281178,Capsule,61260,63557,53010,0,,,,29,,,,2026-10-06T01:13:51.000Z
300.000,Caldari Citizen 6206817,Orca,66917,50768,49581,107,0.7163,-0.1233,-0.6868,752,0.490,1.000,1.000,2026-10-06T01:13:52.000Z
300.000,Minmatar Citizen 9745080,Capsule,-122924,-125345,225764,0,,,,11,,,,2026-10-06T01:13:52.000Z
300.000,Amarr Citizen 0220922,Capsule,78692,58763,51702,0,,,,11,,,,2026-10-06T01:13:52.000Z
300.000,Minmatar Citizen 4351238,Venture,51143,20956,37643,2759,0.7518,0.4065,-0.5191,97,0.816,1.000,1.000,2026-10-06T01:13:52.000Z
300.000,Caldari Citizen 3216932,Capsule,52089,21621,93301,187,,,,63,,,,2026-10-06T01:13:52.000Z
300.000,Minmatar Citizen 9076035,Porpoise,66652,40254,54706,86,,,,137,0.970,1.000,1.000,2026-10-06T01:13:52.000Z
300.000,Minmatar Citizen 6662812,Capsule,53232,48498,69392,0,,,,4,,,,2026-10-06T01:13:52.000Z
300.000,Caldari Citizen 3891005,Capsule,49353,50780,71981,0,,,,20,,,,2026-10-06T01:13:52.000Z
300.000,Caldari Citizen 8777524,Prospect,17326,43452,25183,3584,0.0840,-0.6572,0.7490,898,0.490,0.232,1.000,2026-10-06T01:13:52.000Z
300.000,Minmatar Citizen 0254120,Procurer,70973,20539,25850,2210,0.1081,-0.9904,0.0858,360,0.000,0.420,1.000,2026-10-06T01:13:52.000Z
300.000,Amarr Citizen 2674287,Capsule,65031,48580,58213,0,,,,79,,,,2026-10-06T01:13:52.000Z
300.000,Amarr Citizen 5054432,Venture,53524,50159,64668,386,-0.9075,-0.3444,0.2405,184,1.000,1.000,1.000,2026-10-06T01:13:52.000Z
300.000,Amarr Citizen 4520313,Capsule,45084,144935,102229,0,,,,6,,,,2026-10-06T01:13:52.000Z
300.000,Minmatar Citizen 9978241,Retriever,55779,40177,65515,204,-0.7672,-0.5501,0.3300,24,0.000,0.162,1.000,2026-10-06T01:13:52.000Z
300.000,Minmatar Citizen 9678938,Capsule,64493,39880,72628,0,,,,3,,,,2026-10-06T01:13:52.000Z
300.000,Minmatar Citizen 2250648,Porpoise,66358,45306,29957,1201,0.1857,-0.8555,-0.4834,147,1.000,1.000,1.000,2026-10-06T01:13:52.000Z
300.000,Gallente Citizen 1635012,Venture,3118,31170,12465,2042,0.2568,0.9435,-0.2094,584,1.000,1.000,1.000,2026-10-06T01:13:52.000Z
300.000,Amarr Citizen 2281178,Capsule,61260,63557,53010,0,,,,29,,,,2026-10-06T01:13:52.000Z
301.000,Caldari Citizen 6206817,Orca,67543,50539,49049,108,0.7361,-0.1633,-0.6569,832,0.490,1.000,1.000,2026-10-06T01:13:53.000Z
301.000,Minmatar Citizen 9745080,Capsule,-122924,-125345,225764,0,,,,11,,,,2026-10-06T01:13:53.000Z
301.000,Amarr Citizen 0220922,Capsule,78692,58763,51702,0,,,,11,,,,2026-10-06T01:13:53.000Z
301.000,Minmatar Citizen 4351238,Venture,53183,22051,36300,2741,0.7935,0.3249,-0.5146,56,0.818,1.000,1.000,2026-10-06T01:13:53.000Z
301.000,Caldari Citizen 3216932,Capsule,52044,21524,93397,187,-0.4182,-0.7786,0.4679,125,,,,2026-10-06T01:13:53.000Z
301.000,Minmatar Citizen 9076035,Porpoise,66679,40165,54723,85,,,,118,0.970,1.000,1.000,2026-10-06T01:13:53.000Z
301.000,Minmatar Citizen 6662812,Capsule,53232,48498,69392,0,,,,4,,,,2026-10-06T01:13:53.000Z
301.000,Caldari Citizen 3891005,Capsule,49353,50780,71981,0,,,,20,,,,2026-10-06T01:13:53.000Z
301.000,Caldari Citizen 8777524,Prospect,17838,40828,27593,3516,0.1230,-0.7321,0.6700,369,0.490,0.232,1.000,2026-10-06T01:13:53.000Z
301.000,Minmatar Citizen 0254120,Procurer,71239,18339,26069,2213,0.1310,-0.9883,0.0781,259,0.000,0.420,1.000,2026-10-06T01:13:53.000Z
301.000,Amarr Citizen 2674287,Capsule,65031,48580,58213,0,,,,79,,,,2026-10-06T01:13:53.000Z
301.000,Amarr Citizen 5054432,Venture,53186,50034,64791,393,-0.9583,-0.2504,0.1375,220,1.000,1.000,1.000,2026-10-06T01:13:53.000Z
301.000,Amarr Citizen 4520313,Capsule,45084,144935,102229,0,,,,6,,,,2026-10-06T01:13:53.000Z
301.000,Minmatar Citizen 9978241,Retriever,55649,40096,65632,208,-0.7648,-0.5966,0.2431,63,0.000,0.143,1.000,2026-10-06T01:13:53.000Z
301.000,Minmatar Citizen 9678938,Capsule,64493,39880,72628,0,,,,3,,,,2026-10-06T01:13:53.000Z
301.000,Minmatar Citizen 2250648,Porpoise,66603,44228,29426,1204,0.1922,-0.8780,-0.4383,192,1.000,1.000,1.000,2026-10-06T01:13:53.000Z
301.000,Gallente Citizen 1635012,Venture,3937,32971,11897,1950,0.5733,0.7627,-0.2994,483,1.000,1.000,1.000,2026-10-06T01:13:53.000Z
301.000,Amarr Citizen 2281178,Capsule,61260,63557,53010,0,,,,29,,,,2026-10-06T01:13:53.000Z
302.000,Caldari Citizen 6206817,Orca,67812,50404,48959,115,0.6864,-0.3159,-0.6550,826,0.490,1.000,1.000,2026-10-06T01:13:54.000Z
302.000,Minmatar Citizen 9745080,Capsule,-122924,-125345,225764,0,,,,11,,,,2026-10-06T01:13:54.000Z
302.000,Amarr Citizen 0220922,Capsule,78692,58763,51702,0,,,,11,,,,2026-10-06T01:13:54.000Z
302.000,Minmatar Citizen 4351238,Venture,55375,22874,34990,2711,0.8308,0.2158,-0.5131,287,0.818,1.000,1.000,2026-10-06T01:13:54.000Z
302.000,Caldari Citizen 3216932,Capsule,51952,21364,93475,187,-0.4458,-0.7865,0.4275,224,,,,2026-10-06T01:13:54.000Z
302.000,Minmatar Citizen 9076035,Porpoise,66667,40110,54754,84,,,,112,0.970,1.000,1.000,2026-10-06T01:13:54.000Z
302.000,Minmatar Citizen 6662812,Capsule,53232,48498,69392,0,,,,4,,,,2026-10-06T01:13:54.000Z
302.000,Caldari Citizen 3891005,Capsule,49353,50780,71981,0,,,,20,,,,2026-10-06T01:13:54.000Z
302.000,Caldari Citizen 8777524,Prospect,18417,38111,29690,3488,0.1338,-0.7861,0.6035,447,0.495,0.232,1.000,2026-10-06T01:13:54.000Z
302.000,Minmatar Citizen 0254120,Procurer,71604,16159,26227,2216,0.1498,-0.9871,0.0571,228,0.000,0.420,1.000,2026-10-06T01:13:54.000Z
302.000,Amarr Citizen 2674287,Capsule,65031,48580,58213,0,,,,79,,,,2026-10-06T01:13:54.000Z
302.000,Amarr Citizen 5054432,Venture,52713,49947,64814,401,-0.9866,-0.1615,0.0244,309,1.000,1.000,1.000,2026-10-06T01:13:54.000Z
302.000,Amarr Citizen 4520313,Capsule,45084,144935,102229,0,,,,6,,,,2026-10-06T01:13:54.000Z
302.000,Minmatar Citizen 9978241,Retriever,55414,39903,65668,212,-0.7610,-0.6238,0.1781,243,0.000,0.131,1.000,2026-10-06T01:13:54.000Z
302.000,Minmatar Citizen 9678938,Capsule,64493,39880,72628,0,,,,3,,,,2026-10-06T01:13:54.000Z
302.000,Minmatar Citizen 2250648,Porpoise,66884,43105,28991,1210,0.1971,-0.8941,-0.4022,321,1.000,1.000,1.000,2026-10-06T01:13:54.000Z
302.000,Gallente Citizen 1635012,Venture,5638,34605,11119,2079,0.7940,0.5018,-0.3432,475,1.000,1.000,1.000,2026-10-06T01:13:54.000Z
302.000,Amarr Citizen 2281178,Capsule,61260,63557,53010,0,,,,29,,,,2026-10-06T01:13:54.000Z
303.000,Caldari Citizen 6206817,Orca,67800,50452,49062,216,,,,797,0.490,1.000,1.000,2026-10-06T01:13:55.000Z
303.000,Minmatar Citizen 9745080,Capsule,-122924,-125345,225764,0,,,,11,,,,2026-10-06T01:13:55.000Z
303.000,Amarr Citizen 0220922,Capsule,78692,58763,51702,0,,,,11,,,,2026-10-06T01:13:55.000Z
303.000,Minmatar Citizen 4351238,Venture,57698,23330,33649,2667,0.8507,0.0838,-0.5189,169,0.818,1.000,1.000,2026-10-06T01:13:55.000Z
303.000,Caldari Citizen 3216932,Capsule,51806,21136,93563,187,-0.4490,-0.7956,0.4067,204,,,,2026-10-06T01:13:55.000Z
303.000,Minmatar Citizen 9076035,Porpoise,66623,40098,54803,83,,,,107,0.970,1.000,1.000,2026-10-06T01:13:55.000Z
303.000,Minmatar Citizen 6662812,Capsule,53232,48498,69392,0,,,,4,,,,2026-10-06T01:13:55.000Z
303.000,Caldari Citizen 3891005,Capsule,49353,50780,71981,0,,,,20,,,,2026-10-06T01:13:55.000Z
303.000,Caldari Citizen 8777524,Prospect,18967,35377,31615,3477,0.1207,-0.8251,0.5519,172,0.500,0.232,1.000,2026-10-06T01:13:55.000Z
303.000,Minmatar Citizen 0254120,Procurer,72016,13973,26361,2218,0.1574,-0.9870,0.0310,206,0.000,0.404,1.000,2026-10-06T01:13:55.000Z
303.000,Amarr Citizen 2674287,Capsule,65031,48580,58213,0,,,,79,,,,2026-10-06T01:13:55.000Z
303.000,Amarr Citizen 5054432,Venture,52185,49915,64763,410,-0.9929,-0.0875,-0.0809,298,1.000,1.000,1.000,2026-10-06T01:13:55.000Z
303.000,Amarr Citizen 4520313,Capsule,45084,144935,102229,0,,,,6,,,,2026-10-06T01:13:55.000Z
303.000,Minmatar Citizen 9978241,Retriever,55072,39604,65632,216,-0.7612,-0.6250,0.1733,268,0.000,0.091,1.000,2026-10-06T01:13:55.000Z
303.000,Minmatar Citizen 9678938,Capsule,64493,39880,72628,0,,,,3,,,,2026-10-06T01:13:55.000Z
303.000,Minmatar Citizen 2250648,Porpoise,67108,41997,28509,1218,0.2031,-0.9073,-0.3683,198,1.000,1.000,1.000,2026-10-06T01:13:55.000Z
303.000,Gallente Citizen 1635012,Venture,8087,35664,10152,2288,0.8989,0.2676,-0.3470,730,1.000,1.000,1.000,2026-10-06T01:13:55.000Z
303.000,Amarr Citizen 2281178,Capsule,61260,63557,53010,0,,,,29,,,,2026-10-06T01:13:55.000Z
304.000,Caldari Citizen 6206817,Orca,67560,50495,49156,316,-0.8344,-0.5199,0.1830,791,0.490,1.000,1.000,2026-10-06T01:13:56.000Z
304.000,Minmatar Citizen 9745080,Capsule,-122924,-125345,225764,0,,,,11,,,,2026-10-06T01:13:56.000Z
304.000,Amarr Citizen 0220922,Capsule,78692,58763,51702,0,,,,11,,,,2026-10-06T01:13:56.000Z
304.000,Minmatar Citizen 4351238,Venture,60011,23366,32276,2614,0.8435,-0.0572,-0.5341,114,0.818,1.000,1.000,2026-10-06T01:13:56.000Z
304.000,Caldari Citizen 3216932,Capsule,51700,20966,93642,187,-0.4282,-0.8019,0.4166,93,,,,2026-10-06T01:13:56.000Z
304.000,Minmatar Citizen 9076035,Porpoise,66573,40117,54852,83,,,,100,0.970,1.000,1.000,2026-10-06T01:13:56.000Z
304.000,Minmatar Citizen 6662812,Capsule,53232,48498,69392,0,,,,4,,,,2026-10-06T01:13:56.000Z
304.000,Caldari Citizen 3891005,Capsule,49353,50780,71981,0,,,,20,,,,2026-10-06T01:13:56.000Z
304.000,Caldari Citizen 8777524,Prospect,19382,32547,33393,3462,0.0956,-0.8529,0.5132,488,0.500,0.230,1.000,2026-10-06T01:13:56.000Z
304.000,Minmatar Citizen 0254120,Procurer,72411,11819,26431,2219,0.1526,-0.9882,0.0143,271,0.000,0.394,1.000,2026-10-06T01:13:56.000Z
304.000,Amarr Citizen 2674287,Capsule,65031,48580,58213,0,,,,79,,,,2026-10-06T01:13:56.000Z
304.000,Amarr Citizen 5054432,Venture,51776,49905,64687,416,-0.9856,-0.0248,-0.1673,177,1.000,1.000,1.000,2026-10-06T01:13:56.000Z
304.000,Amarr Citizen 4520313,Capsule,45084,144935,102229,0,,,,6,,,,2026-10-06T01:13:56.000Z
304.000,Minmatar Citizen 9978241,Retriever,54839,39395,65657,217,-0.7824,-0.5773,0.2337,113,0.000,0.091,1.000,2026-10-06T01:13:56.000Z
304.000,Minmatar Citizen 9678938,Capsule,64493,39880,72628,0,,,,3,,,,2026-10-06T01:13:56.000Z
304.000,Minmatar Citizen 2250648,Porpoise,67320,40929,28026,1227,0.2077,-0.9170,-0.3406,286,1.000,1.000,1.000,2026-10-06T01:13:56.000Z
304.000,Gallente Citizen 1635012,Venture,11136,36147,9026,2500,0.9424,0.0797,-0.3248,554,1.000,1.000,1.000,2026-10-06T01:13:56.000Z
304.000,Amarr Citizen 2281178,Capsule,61260,63557,53010,0,,,,29,,,,2026-10-06T01:13:56.000Z
305.000,Caldari Citizen 6206817,Orca,67124,50368,49224,410,-0.7553,-0.6418,0.1327,467,0.495,1.000,1.000,2026-10-06T01:13:57.000Z
305.000,Minmatar Citizen 9745080,Capsule,-122924,-125345,225764,0,,,,11,,,,2026-10-06T01:13:57.000Z
305.000,Amarr Citizen 0220922,Capsule,78692,58763,51702,0,,,,11,,,,2026-10-06T01:13:57.000Z
305.000,Minmatar Citizen 4351238,Venture,62212,22972,30922,2542,0.8057,-0.1878,-0.5617,133,0.828,1.000,1.000,2026-10-06T01:13:57.000Z
305.000,Caldari Citizen 3216932,Capsule,51645,20842,93706,187,-0.3946,-0.8124,0.4292,24,,,,2026-10-06T01:13:57.000Z
305.000,Minmatar Citizen 9076035,Porpoise,66526,40131,54896,83,,,,94,0.970,1.000,1.000,2026-10-06T01:13:57.000Z
305.000,Minmatar Citizen 6662812,Capsule,53232,48498,69392,0,,,,4,,,,2026-10-06T01:13:57.000Z
305.000,Caldari Citizen 3891005,Capsule,49353,50780,71981,0,,,,20,,,,2026-10-06T01:13:57.000Z
305.000,Caldari Citizen 8777524,Prospect,19571,29608,35007,3463,0.0682,-0.8731,0.4828,273,0.510,0.230,1.000,2026-10-06T01:13:57.000Z
305.000,Minmatar Citizen 0254120,Procurer,72715,9630,26334,2221,0.1432,-0.9894,0.0242,175,0.000,0.390,1.000,2026-10-06T01:13:57.000Z
305.000,Amarr Citizen 2674287,Capsule,65031,48580,58213,0,,,,79,,,,2026-10-06T01:13:57.000Z
305.000,Amarr Citizen 5054432,Venture,51397,49893,64598,408,-0.9736,0.0339,-0.2257,316,1.000,1.000,1.000,2026-10-06T01:13:57.000Z
305.000,Amarr Citizen 4520313,Capsule,45084,144935,102229,0,,,,6,,,,2026-10-06T01:13:57.000Z
305.000,Minmatar Citizen 9978241,Retriever,54701,39278,65754,203,-0.8454,-0.4253,0.3230,109,0.000,0.082,1.000,2026-10-06T01:13:57.000Z
305.000,Minmatar Citizen 9678938,Capsule,64493,39880,72628,0,,,,3,,,,2026-10-06T01:13:57.000Z
305.000,Minmatar Citizen 2250648,Porpoise,67557,39841,27621,1237,0.2138,-0.9265,-0.3097,307,1.000,1.000,1.000,2026-10-06T01:13:57.000Z
305.000,Gallente Citizen 1635012,Venture,14238,36072,7935,2690,0.9555,-0.0654,-0.2877,351,1.000,1.000,1.000,2026-10-06T01:13:57.000Z
305.000,Amarr Citizen 2281178,Capsule,61260,63557,53010,0,,,,29,,,,2026-10-06T01:13:57.000Z
306.000,Caldari Citizen 6206817,Orca,66700,50039,49251,498,-0.5916,-0.8041,0.0589,714,0.495,1.000,1.000,2026-10-06T01:13:58.000Z
306.000,Minmatar Citizen 9745080,Capsule,-122924,-125345,225764,0,,,,11,,,,2026-10-06T01:13:58.000Z
306.000,Amarr Citizen 0220922,Capsule,78692,58763,51702,0,,,,11,,,,2026-10-06T01:13:58.000Z
306.000,Minmatar Citizen 4351238,Venture,64220,22211,29544,2443,0.7473,-0.2886,-0.5985,99,0.828,1.000,1.000,2026-10-06T01:13:58.000Z
306.000,Caldari Citizen 3216932,Capsule,51605,20730,93795,187,-0.3748,-0.8381,0.3963,54,,,,2026-10-06T01:13:58.000Z
306.000,Minmatar Citizen 9076035,Porpoise,66470,40089,54933,84,,,,91,0.970,1.000,1.000,2026-10-06T01:13:58.000Z
306.000,Minmatar Citizen 6662812,Capsule,53232,48498,69392,0,,,,4,,,,2026-10-06T01:13:58.000Z
306.000,Caldari Citizen 3891005,Capsule,49353,50780,71981,0,,,,20,,,,2026-10-06T01:13:58.000Z
306.000,Caldari Citizen 8777524,Prospect,19683,26586,36533,3471,0.0447,-0.8888,0.4561,214,0.510,0.230,1.000,2026-10-06T01:13:58.000Z
306.000,Minmatar Citizen 0254120,Procurer,72957,7491,26244,2158,0.1379,-0.9873,0.0788,376,0.000,0.380,1.000,2026-10-06T01:13:58.000Z
306.000,Amarr Citizen 2674287,Capsule,65031,48580,58213,0,,,,79,,,,2026-10-06T01:13:58.000Z
306.000,Amarr Citizen 5054432,Venture,51042,49916,64514,360,-0.9628,0.0951,-0.2528,400,1.000,1.000,1.000,2026-10-06T01:13:58.000Z
306.000,Amarr Citizen 4520313,Capsule,45084,144935,102229,0,,,,6,,,,2026-10-06T01:13:58.000Z
306.000,Minmatar Citizen 9978241,Retriever,54577,39228,65899,161,-0.9341,-0.1620,0.3180,130,0.000,0.081,1.000,2026-10-06T01:13:58.000Z
306.000,Minmatar Citizen 9678938,Capsule,64493,39880,72628,0,,,,3,,,,2026-10-06T01:13:58.000Z
306.000,Minmatar Citizen 2250648,Porpoise,67865,38731,27330,1247,0.2229,-0.9393,-0.2608,325,1.000,1.000,1.000,2026-10-06T01:13:58.000Z
306.000,Gallente Citizen 1635012,Venture,17079,35334,7056,2851,0.9553,-0.1658,-0.2450,622,1.000,1.000,1.000,2026-10-06T01:13:58.000Z
306.000,Amarr Citizen 2281178,Capsule,61260,63557,53010,0,,,,29,,,,2026-10-06T01:13:58.000Z
307.000,Caldari Citizen 6206817,Orca,66423,49510,49258,581,-0.4085,-0.9127,0.0058,341,0.495,1.000,1.000,2026-10-06T01:13:59.000Z
307.000,Minmatar Citizen 9745080,Capsule,-122924,-125345,225764,0,,,,11,,,,2026-10-06T01:13:59.000Z
307.000,Amarr Citizen 0220922,Capsule,78692,58763,51702,0,,,,11,,,,2026-10-06T01:13:59.000Z
307.000,Minmatar Citizen 4351238,Venture,65953,21244,28068,2427,0.6788,-0.3518,-0.6446,255,0.828,1.000,1.000,2026-10-06T01:13:59.000Z
307.000,Caldari Citizen 3216932,Capsule,51562,20607,93883,187,-0.3844,-0.8504,0.3592,125,,,,2026-10-06T01:13:59.000Z
307.000,Minmatar Citizen 9076035,Porpoise,66380,39937,54937,84,,,,159,0.970,1.000,1.000,2026-10-06T01:13:59.000Z
307.000,Minmatar Citizen 6662812,Capsule,53232,48498,69392,0,,,,4,,,,2026-10-06T01:13:59.000Z
307.000,Caldari Citizen 3891005,Capsule,49353,50780,71981,0,,,,20,,,,2026-10-06T01:13:59.000Z
307.000,Caldari Citizen 8777524,Prospect,19804,23573,38063,3482,0.0346,-0.8980,0.4386,56,0.515,0.230,1.000,2026-10-06T01:13:59.000Z
307.000,Minmatar Citizen 0254120,Procurer,73192,5565,26358,1895,0.1392,-0.9716,0.1915,366,0.000,0.364,1.000,2026-10-06T01:13:59.000Z
307.000,Amarr Citizen 2674287,Capsule,65031,48580,58213,0,,,,79,,,,2026-10-06T01:13:59.000Z
307.000,Amarr Citizen 5054432,Venture,50706,49965,64392,245,-0.9606,0.1641,-0.2245,224,1.000,1.000,1.000,2026-10-06T01:13:59.000Z
307.000,Amarr Citizen 4520313,Capsule,45084,144935,102229,0,,,,6,,,,2026-10-06T01:13:59.000Z
307.000,Minmatar Citizen 9978241,Retriever,54432,39253,66005,136,-0.9854,0.0327,0.1673,146,0.000,0.071,1.000,2026-10-06T01:13:59.000Z
307.000,Minmatar Citizen 9678938,Capsule,64493,39880,72628,0,,,,3,,,,2026-10-06T01:13:59.000Z
307.000,Minmatar Citizen 2250648,Porpoise,68126,37588,27013,1257,0.2221,-0.9538,-0.2025,239,1.000,1.000,1.000,2026-10-06T01:13:59.000Z
307.000,Gallente Citizen 1635012,Venture,19999,34527,6475,2984,0.9517,-0.2323,-0.2008,353,1.000,1.000,1.000,2026-10-06T01:13:59.000Z
307.000,Amarr Citizen 2281178,Capsule,61260,63557,53010,0,,,,29,,,,2026-10-06T01:13:59.000Z
308.000,Caldari Citizen 6206817,Orca,66287,48865,49276,622,-0.2569,-0.9657,-0.0370,696,0.500,1.000,1.000,2026-10-06T01:14:00.000Z
308.000,Minmatar Citizen 9745080,Capsule,-122924,-125345,225764,0,,,,11,,,,2026-10-06T01:14:00.000Z
308.000,Amarr Citizen 0220922,Capsule,78692,58763,51702,0,,,,11,,,,2026-10-06T01:14:00.000Z
308.000,Minmatar Citizen 4351238,Venture,67429,20230,26402,2438,0.6045,-0.3802,-0.7000,409,0.828,1.000,1.000,2026-10-06T01:14:00.000Z
308.000,Caldari Citizen 3216932,Capsule,51480,20423,93936,187,-0.4037,-0.8269,0.3915,232,,,,2026-10-06T01:14:00.000Z
308.000,Minmatar Citizen 9076035,Porpoise,66253,39701,54902,84,,,,316,0.970,1.000,1.000,2026-10-06T01:14:00.000Z
308.000,Minmatar Citizen 6662812,Capsule,53232,48498,69392,0,,,,4,,,,2026-10-06T01:14:00.000Z
308.000,Caldari Citizen 3891005,Capsule,49353,50780,71981,0,,,,20,,,,2026-10-06T01:14:00.000Z
308.000,Caldari Citizen 8777524,Prospect,19901,20519,39523,3488,0.0420,-0.8986,0.4368,286,0.520,0.232,1.000,2026-10-06T01:14:00.000Z
308.000,Minmatar Citizen 0254120,Procurer,73435,3882,26763,1810,0.1470,-0.9191,0.3655,217,0.000,0.350,1.000,2026-10-06T01:14:00.000Z
308.000,Amarr Citizen 2674287,Capsule,65031,48580,58213,0,,,,79,,,,2026-10-06T01:14:00.000Z
308.000,Amarr Citizen 5054432,Venture,50493,50031,64320,185,-0.9671,0.2335,-0.1006,119,1.000,1.000,1.000,2026-10-06T01:14:00.000Z
308.000,Amarr Citizen 4520313,Capsule,45084,144935,102229,0,,,,6,,,,2026-10-06T01:14:00.000Z
308.000,Minmatar Citizen 9978241,Retriever,54174,39310,66009,130,-0.9944,0.0981,-0.0388,239,0.000,0.061,1.000,2026-10-06T01:14:00.000Z
308.000,Minmatar Citizen 9678938,Capsule,64493,39880,72628,0,,,,3,,,,2026-10-06T01:14:00.000Z
308.000,Minmatar Citizen 2250648,Porpoise,68407,36448,26768,1262,0.2050,-0.9677,-0.1464,179,1.000,1.000,1.000,2026-10-06T01:14:00.000Z
308.000,Gallente Citizen 1635012,Venture,22969,33768,6020,3042,0.9490,-0.2710,-0.1612,287,1.000,1.000,1.000,2026-10-06T01:14:00.000Z
308.000,Amarr Citizen 2281178,Capsule,61260,63557,53010,0,,,,29,,,,2026-10-06T01:14:00.000Z
309.000,Caldari Citizen 6206817,Orca,66191,48167,49239,697,-0.1775,-0.9825,-0.0556,514,0.500,1.000,1.000,2026-10-06T01:14:01.000Z
309.000,Minmatar Citizen 9745080,Capsule,-122924,-125345,225764,0,,,,11,,,,2026-10-06T01:14:01.000Z
309.000,Amarr Citizen 0220922,Capsule,78692,58763,51702,0,,,,11,,,,2026-10-06T01:14:01.000Z
309.000,Minmatar Citizen 4351238,Venture,68814,19312,24654,2480,0.5281,-0.3852,-0.7568,303,0.828,1.000,1.000,2026-10-06T01:14:01.000Z
309.000,Caldari Citizen 3216932,Capsule,51346,20158,93979,187,-0.3966,-0.7501,0.5292,179,,,,2026-10-06T01:14:01.000Z
309.000,Minmatar Citizen 9076035,Porpoise,66205,39542,54839,84,-0.3248,-0.7673,-0.5530,290,0.980,1.000,1.000,2026-10-06T01:14:01.000Z
309.000,Minmatar Citizen 6662812,Capsule,53232,48498,69392,0,,,,4,,,,2026-10-06T01:14:01.000Z
309.000,Caldari Citizen 3891005,Capsule,49353,50780,71981,0,,,,20,,,,2026-10-06T01:14:01.000Z
309.000,Caldari Citizen 8777524,Prospect,19961,17243,40962,3902,0.0653,-0.8890,0.4533,392,0.535,0.232,1.000,2026-10-06T01:14:01.000Z
309.000,Minmatar Citizen 0254120,Procurer,73713,2438,27583,1647,0.1474,-0.8101,0.5675,238,0.000,0.350,1.000,2026-10-06T01:14:01.000Z
309.000,Amarr Citizen 2674287,Capsule,65031,48580,58213,0,,,,79,,,,2026-10-06T01:14:01.000Z
309.000,Amarr Citizen 5054432,Venture,50375,50094,64317,130,,,,112,1.000,1.000,1.000,2026-10-06T01:14:01.000Z
309.000,Amarr Citizen 4520313,Capsule,45084,144935,102229,0,,,,6,,,,2026-10-06T01:14:01.000Z
309.000,Minmatar Citizen 9978241,Retriever,53815,39358,65923,127,-0.9743,0.0604,-0.2168,398,0.000,0.030,1.000,2026-10-06T01:14:01.000Z
309.000,Minmatar Citizen 9678938,Capsule,64493,39880,72628,0,,,,3,,,,2026-10-06T01:14:01.000Z
309.000,Minmatar Citizen 2250648,Porpoise,68681,35256,26641,1271,0.1709,-0.9800,-0.1023,273,1.000,1.000,1.000,2026-10-06T01:14:01.000Z
309.000,Gallente Citizen 1635012,Venture,25949,32963,5547,3139,0.9478,-0.2909,-0.1306,451,1.000,1.000,1.000,2026-10-06T01:14:01.000Z
309.000,Amarr Citizen 2281178,Capsule,61260,63557,53010,0,,,,29,,,,2026-10-06T01:14:01.000Z
310.000,Caldari Citizen 6206817,Orca,66146,47496,49169,763,-0.1842,-0.9810,-0.0605,383,0.500,1.000,1.000,2026-10-06T01:14:02.000Z
310.000,Minmatar Citizen 9745080,Capsule,-122924,-125345,225764,0,,,,11,,,,2026-10-06T01:14:02.000Z
310.000,Amarr Citizen 0220922,Capsule,78692,58763,51702,0,,,,11,,,,2026-10-06T01:14:02.000Z
310.000,Minmatar Citizen 4351238,Venture,70036,18435,22785,2531,0.4559,-0.3830,-0.8034,171,0.837,1.000,1.000,2026-10-06T01:14:02.000Z
310.000,Caldari Citizen 3216932,Capsule,51231,19953,94077,187,-0.3231,-0.5782,0.7492,52,,,,2026-10-06T01:14:02.000Z
310.000,Minmatar Citizen 9076035,Porpoise,66200,39464,54706,84,,,,303,0.980,1.000,1.000,2026-10-06T01:14:02.000Z
310.000,Minmatar Citizen 6662812,Capsule,53232,48498,69392,0,,,,4,,,,2026-10-06T01:14:02.000Z
310.000,Caldari Citizen 3891005,Capsule,49353,50780,71981,0,,,,20,,,,2026-10-06T01:14:02.000Z
310.000,Caldari Citizen 8777524,Prospect,20171,13701,42643,4229,0.1046,-0.8664,0.4882,196,0.535,0.232,1.000,2026-10-06T01:14:02.000Z
310.000,Minmatar Citizen 0254120,Procurer,73955,1281,28684,1569,0.1287,-0.6570,0.7428,367,0.000,0.350,1.000,2026-10-06T01:14:02.000Z
310.000,Amarr Citizen 2674287,Capsule,65031,48580,58213,0,,,,79,,,,2026-10-06T01:14:02.000Z
310.000,Amarr Citizen 5054432,Venture,50282,50136,64388,151,,,,110,1.000,1.000,1.000,2026-10-06T01:14:02.000Z
310.000,Amarr Citizen 4520313,Capsule,45084,144935,102229,0,,,,6,,,,2026-10-06T01:14:02.000Z
310.000,Minmatar Citizen 9978241,Retriever,53609,39379,65840,128,-0.9491,-0.0317,-0.3134,342,0.000,0.030,1.000,2026-10-06T01:14:02.000Z
310.000,Minmatar Citizen 9678938,Capsule,64493,39880,72628,0,,,,3,,,,2026-10-06T01:14:02.000Z
310.000,Minmatar Citizen 2250648,Porpoise,68887,34024,26590,1280,0.1395,-0.9881,-0.0648,378,1.000,1.000,1.000,2026-10-06T01:14:02.000Z
310.000,Gallente Citizen 1635012,Venture,29022,31991,5129,3212,0.9440,-0.3107,-0.1109,483,1.000,1.000,1.000,2026-10-06T01:14:02.000Z
310.000,Amarr Citizen 2281178,Capsule,61260,63557,53010,0,,,,29,,,,2026-10-06T01:14:02.000Z
311.000,Caldari Citizen 6206817,Orca,66046,46776,49065,828,-0.2444,-0.9685,-0.0478,379,0.500,1.000,1.000,2026-10-06T01:14:03.000Z
311.000,Minmatar Citizen 9745080,Capsule,-122924,-125345,225764,0,,,,11,,,,2026-10-06T01:14:03.000Z
311.000,Amarr Citizen 0220922,Capsule,78692,58763,51702,0,,,,11,,,,2026-10-06T01:14:03.000Z
311.000,Minmatar Citizen 4351238,Venture,71062,17528,20724,2586,0.3906,-0.3880,-0.8348,119,0.837,1.000,1.000,2026-10-06T01:14:03.000Z
311.000,Caldari Citizen 3216932,Capsule,51151,19841,94277,187,-0.2140,-0.3625,0.9071,56,,,,2026-10-06T01:14:03.000Z
311.000,Minmatar Citizen 9076035,Porpoise,66143,39390,54534,84,,,,199,0.980,1.000,1.000,2026-10-06T01:14:03.000Z
311.000,Minmatar Citizen 6662812,Capsule,53232,48498,69392,0,,,,4,,,,2026-10-06T01:14:03.000Z
311.000,Caldari Citizen 3891005,Capsule,49353,50780,71981,0,,,,20,,,,2026-10-06T01:14:03.000Z
311.000,Caldari Citizen 8777524,Prospect,20611,10016,44693,4527,0.1618,-0.8254,0.5409,218,0.545,0.232,1.000,2026-10-06T01:14:03.000Z
311.000,Minmatar Citizen 0254120,Procurer,74173,456,30008,1548,0.1001,-0.4955,0.8629,323,0.000,0.330,1.000,2026-10-06T01:14:03.000Z
311.000,Amarr Citizen 2674287,Capsule,65031,48580,58213,0,,,,79,,,,2026-10-06T01:14:03.000Z
311.000,Amarr Citizen 5054432,Venture,50185,50145,64517,206,-0.5329,-0.1822,0.8263,97,1.000,1.000,1.000,2026-10-06T01:14:03.000Z
311.000,Amarr Citizen 4520313,Capsule,45084,144935,102229,0,,,,6,,,,2026-10-06T01:14:03.000Z
311.000,Minmatar Citizen 9978241,Retriever,53496,39345,65741,133,-0.9327,-0.1200,-0.3401,356,0.000,0.010,0.990,2026-10-06T01:14:03.000Z
311.000,Minmatar Citizen 9678938,Capsule,64493,39880,72628,0,,,,3,,,,2026-10-06T01:14:03.000Z
311.000,Minmatar Citizen 2250648,Porpoise,69022,32752,26573,1288,0.1124,-0.9927,-0.0442,195,1.000,1.000,1.000,2026-10-06T01:14:03.000Z
311.000,Gallente Citizen 1635012,Venture,32158,30864,4795,3274,0.9386,-0.3307,-0.0982,153,1.000,1.000,1.000,2026-10-06T01:14:03.000Z
311.000,Amarr Citizen 2281178,Capsule,61260,63557,53010,0,,,,29,,,,2026-10-06T01:14:03.000Z
312.000,Caldari Citizen 6206817,Orca,65862,46026,49059,888,-0.3197,-0.9474,-0.0156,563,0.500,1.000,1.000,2026-10-06T01:14:04.000Z
312.000,Minmatar Citizen 9745080,Capsule,-122924,-125345,225764,0,,,,11,,,,2026-10-06T01:14:04.000Z
312.000,Amarr Citizen 0220922,Capsule,78692,58763,51702,0,,,,11,,,,2026-10-06T01:14:04.000Z
312.000,Minmatar Citizen 4351238,Venture,71895,16572,18523,2637,0.3345,-0.4123,-0.8474,143,0.838,1.000,1.000,2026-10-06T01:14:04.000Z
312.000,Caldari Citizen 3216932,Capsule,51123,19812,94605,187,-0.1571,-0.2464,0.9563,202,,,,2026-10-06T01:14:04.000Z
312.000,Minmatar Citizen 9076035,Porpoise,66139,39337,54406,84,,,,159,0.980,1.000,1.000,2026-10-06T01:14:04.000Z
312.000,Minmatar Citizen 6662812,Capsule,53232,48498,69392,0,,,,4,,,,2026-10-06T01:14:04.000Z
312.000,Caldari Citizen 3891005,Capsule,49353,50780,71981,0,,,,20,,,,2026-10-06T01:14:04.000Z
312.000,Caldari Citizen 8777524,Prospect,21376,6296,47187,4793,0.2405,-0.7580,0.6063,178,0.545,0.232,1.000,2026-10-06T01:14:04.000Z
312.000,Minmatar Citizen 0254120,Procurer,74293,-123,31498,1576,0.0742,-0.3507,0.9336,201,0.000,0.323,1.000,2026-10-06T01:14:04.000Z
312.000,Amarr Citizen 2674287,Capsule,65031,48580,58213,0,,,,79,,,,2026-10-06T01:14:04.000Z
312.000,Amarr Citizen 5054432,Venture,50078,50109,64692,258,-0.3489,-0.4152,0.8401,68,1.000,1.000,1.000,2026-10-06T01:14:04.000Z
312.000,Amarr Citizen 4520313,Capsule,45084,144935,102229,0,,,,6,,,,2026-10-06T01:14:04.000Z
312.000,Minmatar Citizen 9978241,Retriever,53337,39271,65675,143,,,,165,0.000,0.010,0.990,2026-10-06T01:14:04.000Z
312.000,Minmatar Citizen 9678938,Capsule,64493,39880,72628,0,,,,3,,,,2026-10-06T01:14:04.000Z
312.000,Minmatar Citizen 2250648,Porpoise,69079,31462,26503,1296,0.0961,-0.9948,-0.0349,294,1.000,1.000,1.000,2026-10-06T01:14:04.000Z
312.000,Gallente Citizen 1635012,Venture,35333,29657,4562,3322,0.9332,-0.3489,-0.0863,208,1.000,1.000,1.000,2026-10-06T01:14:04.000Z
312.000,Amarr Citizen 2281178,Capsule,61260,63557,53010,0,,,,29,,,,2026-10-06T01:14:04.000Z
313.000,Caldari Citizen 6206817,Orca,65515,45263,49053,914,-0.3880,-0.9213,0.0268,424,0.500,1.000,1.000,2026-10-06T01:14:05.000Z
313.000,Minmatar Citizen 9745080,Capsule,-122924,-125345,225764,0,,,,11,,,,2026-10-06T01:14:05.000Z
313.000,Amarr Citizen 0220922,Capsule,78692,58763,51702,0,,,,11,,,,2026-10-06T01:14:05.000Z
313.000,Minmatar Citizen 4351238,Venture,72503,15644,16520,2165,0.3003,-0.4707,-0.8296,188,0.838,1.000,1.000,2026-10-06T01:14:05.000Z
313.000,Caldari Citizen 3216932,Capsule,51151,19843,94992,187,-0.2045,-0.2804,0.9379,176,,,,2026-10-06T01:14:05.000Z
313.000,Minmatar Citizen 9076035,Porpoise,66183,39277,54322,84,,,,160,0.980,1.000,1.000,2026-10-06T01:14:05.000Z
313.000,Minmatar Citizen 6662812,Capsule,53232,48498,69392,0,,,,4,,,,2026-10-06T01:14:05.000Z
313.000,Caldari Citizen 3891005,Capsule,49353,50780,71981,0,,,,20,,,,2026-10-06T01:14:05.000Z
313.000,Caldari Citizen 8777524,Prospect,22530,2936,50038,4417,0.3449,-0.6528,0.6745,157,0.540,0.230,1.000,2026-10-06T01:14:05.000Z
313.000,Minmatar Citizen 0254120,Procurer,74315,-537,33057,1633,0.0614,-0.2305,0.9711,382,0.000,0.323,1.000,2026-10-06T01:14:05.000Z
313.000,Amarr Citizen 2674287,Capsule,65031,48580,58213,0,,,,79,,,,2026-10-06T01:14:05.000Z
313.000,Amarr Citizen 5054432,Venture,49980,50007,64918,301,-0.2559,-0.6060,0.7532,43,1.000,1.000,1.000,2026-10-06T01:14:05.000Z
313.000,Amarr Citizen 4520313,Capsule,45084,144935,102229,0,,,,6,,,,2026-10-06T01:14:05.000Z
313.000,Minmatar Citizen 9978241,Retriever,53209,39220,65666,154,-0.9825,0.1231,-0.1401,106,0.000,0.010,0.990,2026-10-06T01:14:05.000Z
313.000,Minmatar Citizen 9678938,Capsule,64493,39880,72628,0,,,,3,,,,2026-10-06T01:14:05.000Z
313.000,Minmatar Citizen 2250648,Porpoise,69201,30159,26452,1303,0.1012,-0.9946,-0.0250,144,1.000,1.000,1.000,2026-10-06T01:14:05.000Z
313.000,Gallente Citizen 1635012,Venture,38552,28466,4308,3361,0.9269,-0.3670,-0.0783,251,1.000,1.000,1.000,2026-10-06T01:14:05.000Z
313.000,Amarr Citizen 2281178,Capsule,61260,63557,53010,0,,,,29,,,,2026-10-06T01:14:05.000Z
314.000,Caldari Citizen 6206817,Orca,65127,44532,49103,930,-0.4316,-0.9001,0.0594,69,0.500,1.000,1.000,2026-10-06T01:14:06.000Z
314.000,Minmatar Citizen 9745080,Capsule,-122924,-125345,225764,0,,,,11,,,,2026-10-06T01:14:06.000Z
314.000,Amarr Citizen 0220922,Capsule,78692,58763,51702,0,,,,11,,,,2026-10-06T01:14:06.000Z
314.000,Minmatar Citizen 4351238,Venture,72912,14791,14946,1755,0.3028,-0.5886,-0.7495,462,0.838,1.000,1.000,2026-10-06T01:14:06.000Z
314.000,Caldari Citizen 3216932,Capsule,51126,19799,95287,187,-0.3501,-0.3717,0.8598,55,,,,2026-10-06T01:14:06.000Z
314.000,Minmatar Citizen 9076035,Porpoise,66193,39208,54294,84,,,,167,0.980,1.000,1.000,2026-10-06T01:14:06.000Z
314.000,Minmatar Citizen 6662812,Capsule,53232,48498,69392,0,,,,4,,,,2026-10-06T01:14:06.000Z
314.000,Caldari Citizen 3891005,Capsule,49353,50780,71981,0,,,,20,,,,2026-10-06T01:14:06.000Z
314.000,Caldari Citizen 8777524,Prospect,24084,397,53011,3986,0.4725,-0.5001,0.7257,495,0.540,0.230,1.000,2026-10-06T01:14:06.000Z
314.000,Minmatar Citizen 0254120,Procurer,74372,-853,34691,1707,0.0592,-0.1382,0.9886,132,0.000,0.290,1.000,2026-10-06T01:14:06.000Z
314.000,Amarr Citizen 2674287,Capsule,65031,48580,58213,0,,,,79,,,,2026-10-06T01:14:06.000Z
314.000,Amarr Citizen 5054432,Venture,49928,49791,65209,335,-0.2062,-0.7749,0.5975,164,1.000,1.000,1.000,2026-10-06T01:14:06.000Z
314.000,Amarr Citizen 4520313,Capsule,45084,144935,102229,0,,,,6,,,,2026-10-06T01:14:06.000Z
314.000,Minmatar Citizen 9978241,Retriever,53076,39233,65655,165,-0.9242,0.3811,-0.0230,119,0.000,0.000,0.667,2026-10-06T01:14:06.000Z
314.000,Minmatar Citizen 9678938,Capsule,64493,39880,72628,0,,,,3,,,,2026-10-06T01:14:06.000Z
314.000,Minmatar Citizen 2250648,Porpoise,69335,28875,26396,1295,0.1252,-0.9921,-0.0086,267,1.000,1.000,1.000,2026-10-06T01:14:06.000Z
314.000,Gallente Citizen 1635012,Venture,41759,27224,3969,3391,0.9198,-0.3848,-0.0769,270,1.000,1.000,1.000,2026-10-06T01:14:06.000Z
314.000,Amarr Citizen 2281178,Capsule,61260,63557,53010,0,,,,29,,,,2026-10-06T01:14:06.000Z
315.000,Caldari Citizen 6206817,Orca,64747,43831,49175,878,-0.4318,-0.9002,0.0571,398,0.500,1.000,1.000,2026-10-06T01:14:07.000Z
315.000,Minmatar Citizen 9745080,Capsule,-122924,-125345,225764,0,,,,11,,,,2026-10-06T01:14:07.000Z
315.000,Amarr Citizen 0220922,Capsule,78692,58763,51702,0,,,,11,,,,2026-10-06T01:14:07.000Z
315.000,Minmatar Citizen 4351238,Venture,73305,13879,13833,1566,0.3421,-0.7692,-0.5397,236,0.847,1.000,1.000,2026-10-06T01:14:07.000Z
315.000,Caldari Citizen 3216932,Capsule,50994,19599,95500,187,-0.5634,-0.4292,0.7059,155,,,,2026-10-06T01:14:07.000Z
315.000,Minmatar Citizen 9076035,Porpoise,66161,39200,54324,84,,,,165,0.980,1.000,1.000,2026-10-06T01:14:07.000Z
315.000,Minmatar Citizen 6662812,Capsule,53232,48498,69392,0,,,,4,,,,2026-10-06T01:14:07.000Z
315.000,Caldari Citizen 3891005,Capsule,49353,50780,71981,0,,,,20,,,,2026-10-06T01:14:07.000Z
315.000,Caldari Citizen 8777524,Prospect,26128,-1203,56005,3923,0.6065,-0.3026,0.7353,161,0.550,0.230,1.000,2026-10-06T01:14:07.000Z
315.000,Minmatar Citizen 0254120,Procurer,74487,-1008,36405,1780,0.0622,-0.0677,0.9958,278,0.000,0.290,1.000,2026-10-06T01:14:07.000Z
315.000,Amarr Citizen 2674287,Capsule,65031,48580,58213,0,,,,79,,,,2026-10-06T01:14:07.000Z
315.000,Amarr Citizen 5054432,Venture,49891,49431,65534,362,-0.1494,-0.8897,0.4313,224,1.000,1.000,1.000,2026-10-06T01:14:07.000Z
315.000,Amarr Citizen 4520313,Capsule,45084,144935,102229,0,,,,6,,,,2026-10-06T01:14:07.000Z
315.000,Minmatar Citizen 9978241,Retriever,52860,39359,65661,176,-0.7808,0.6240,0.0305,222,0.000,0.000,0.566,2026-10-06T01:14:07.000Z
315.000,Minmatar Citizen 9678938,Capsule,64493,39880,72628,0,,,,3,,,,2026-10-06T01:14:07.000Z
315.000,Minmatar Citizen 2250648,Porpoise,69479,27593,26392,1285,0.1590,-0.9871,0.0188,314,1.000,1.000,1.000,2026-10-06T01:14:07.000Z
315.000,Gallente Citizen 1635012,Venture,44994,25848,3738,3414,0.9132,-0.3999,-0.0786,239,1.000,1.000,1.000,2026-10-06T01:14:07.000Z
315.000,Amarr Citizen 2281178,Capsule,61260,63557,53010,0,,,,29,,,,2026-10-06T01:14:07.000Z
316.000,Caldari Citizen 6206817,Orca,64377,43120,49280,816,-0.3788,-0.9254,0.0097,316,0.500,1.000,1.000,2026-10-06T01:14:08.000Z
316.000,Minmatar Citizen 9745080,Capsule,-122924,-125345,225764,0,,,,11,,,,2026-10-06T01:14:08.000Z
316.000,Amarr Citizen 0220922,Capsule,78692,58763,51702,0,,,,11,,,,2026-10-06T01:14:08.000Z
316.000,Minmatar Citizen 4351238,Venture,73793,12698,13128,1559,0.3695,-0.9135,-0.1704,363,0.847,1.000,1.000,2026-10-06T01:14:08.000Z
316.000,Caldari Citizen 3216932,Capsule,50765,19338,95645,187,-0.7395,-0.4067,0.5364,234,,,,2026-10-06T01:14:08.000Z
316.000,Minmatar Citizen 9076035,Porpoise,66114,39301,54337,85,,,,157,0.980,1.000,1.000,2026-10-06T01:14:08.000Z
316.000,Minmatar Citizen 6662812,Capsule,53232,48498,69392,0,,,,4,,,,2026-10-06T01:14:08.000Z
316.000,Caldari Citizen 3891005,Capsule,49353,50780,71981,0,,,,20,,,,2026-10-06T01:14:08.000Z
316.000,Caldari Citizen 8777524,Prospect,28840,-1933,59074,4099,0.7162,-0.1026,0.6903,528,0.556,0.230,1.000,2026-10-06T01:14:08.000Z
316.000,Minmatar Citizen 0254120,Procurer,74660,-1032,38242,1846,0.0617,-0.0130,0.9980,160,0.000,0.290,1.000,2026-10-06T01:14:08.000Z
316.000,Amarr Citizen 2674287,Capsule,65031,48580,58213,0,,,,79,,,,2026-10-06T01:14:08.000Z
316.000,Amarr Citizen 5054432,Venture,49794,48980,65697,383,-0.0815,-0.9582,0.2744,230,1.000,1.000,1.000,2026-10-06T01:14:08.000Z
316.000,Amarr Citizen 4520313,Capsule,45084,144935,102229,0,,,,6,,,,2026-10-06T01:14:08.000Z
316.000,Minmatar Citizen 9978241,Retriever,52579,39576,65680,185,-0.5800,0.8121,0.0633,210,0.000,0.000,0.566,2026-10-06T01:14:08.000Z
316.000,Minmatar Citizen 9678938,Capsule,64493,39880,72628,0,,,,3,,,,2026-10-06T01:14:08.000Z
316.000,Minmatar Citizen 2250648,Porpoise,69714,26367,26446,1266,0.1899,-0.9797,0.0642,260,1.000,1.000,1.000,2026-10-06T01:14:08.000Z
316.000,Gallente Citizen 1635012,Venture,48201,24314,3507,3433,0.9083,-0.4106,-0.0797,141,1.000,1.000,1.000,2026-10-06T01:14:08.000Z
316.000,Amarr Citizen 2281178,Capsule,61260,63557,53010,0,,,,29,,,,2026-10-06T01:14:08.000Z
317.000,Caldari Citizen 6206817,Orca,64047,42422,49324,759,-0.2720,-0.9587,-0.0831,274,0.500,1.000,1.000,2026-10-06T01:14:09.000Z
317.000,Minmatar Citizen 9745080,Capsule,-122924,-125345,225764,0,,,,11,,,,2026-10-06T01:14:09.000Z
317.000,Amarr Citizen 0220922,Capsule,78692,58763,51702,0,,,,11,,,,2026-10-06T01:14:09.000Z
317.000,Minmatar Citizen 4351238,Venture,74438,11156,13065,1661,0.3382,-0.9170,0.2116,291,0.848,1.000,1.000,2026-10-06T01:14:09.000Z
317.000,Caldari Citizen 3216932,Capsule,50488,19225,95758,187,-0.8442,-0.2996,0.4444,191,,,,2026-10-06T01:14:09.000Z
317.000,Minmatar Citizen 9076035,Porpoise,66025,39503,54261,85,-0.1859,0.7005,-0.6890,218,0.980,1.000,1.000,2026-10-06T01:14:09.000Z
317.000,Minmatar Citizen 6662812,Capsule,53232,48498,69392,0,,,,4,,,,2026-10-06T01:14:09.000Z
317.000,Caldari Citizen 3891005,Capsule,49353,50780,71981,0,,,,20,,,,2026-10-06T01:14:09.000Z
317.000,Caldari Citizen 8777524,Prospect,32126,-1841,61953,4416,0.7907,0.0530,0.6099,488,0.560,0.230,1.000,2026-10-06T01:14:09.000Z
317.000,Minmatar Citizen 0254120,Procurer,74814,-980,40137,1905,0.0551,0.0305,0.9980,70,0.000,0.290,1.000,2026-10-06T01:14:09.000Z
317.000,Amarr Citizen 2674287,Capsule,65031,48580,58213,0,,,,79,,,,2026-10-06T01:14:09.000Z
317.000,Amarr Citizen 5054432,Venture,49696,48432,65690,399,0.0018,-0.9946,0.1035,360,1.000,1.000,1.000,2026-10-06T01:14:09.000Z
317.000,Amarr Citizen 4520313,Capsule,45084,144935,102229,0,,,,6,,,,2026-10-06T01:14:09.000Z
317.000,Minmatar Citizen 9978241,Retriever,52425,39794,65697,193,-0.3768,0.9226,0.0832,77,0.000,0.000,0.556,2026-10-06T01:14:09.000Z
317.000,Minmatar Citizen 9678938,Capsule,64493,39880,72628,0,,,,3,,,,2026-10-06T01:14:09.000Z
317.000,Minmatar Citizen 2250648,Porpoise,70002,25152,26529,1248,0.2120,-0.9686,0.1302,154,1.000,1.000,1.000,2026-10-06T01:14:09.000Z
317.000,Gallente Citizen 1635012,Venture,51391,22763,3185,3448,0.9077,-0.4124,-0.0773,246,1.000,1.000,1.000,2026-10-06T01:14:09.000Z
317.000,Amarr Citizen 2281178,Capsule,61260,63557,53010,0,,,,29,,,,2026-10-06T01:14:09.000Z
318.000,Caldari Citizen 6206817,Orca,63920,41781,49239,706,-0.1097,-0.9757,-0.1896,166,0.505,1.000,1.000,2026-10-06T01:14:10.000Z
318.000,Minmatar Citizen 9745080,Capsule,-122924,-125345,225764,0,,,,11,,,,2026-10-06T01:14:10.000Z
318.000,Amarr Citizen 0220922,Capsule,78692,58763,51702,0,,,,11,,,,2026-10-06T01:14:10.000Z
318.000,Minmatar Citizen 4351238,Venture,75131,9424,13828,1806,0.2636,-0.8296,0.4922,290,0.848,1.000,1.000,2026-10-06T01:14:10.000Z
318.000,Caldari Citizen 3216932,Capsule,50174,19227,95868,187,-0.8892,-0.1424,0.4347,257,,,,2026-10-06T01:14:10.000Z
318.000,Minmatar Citizen 9076035,Porpoise,65888,39737,54125,85,0.0714,0.4267,-0.9016,226,0.980,1.000,1.000,2026-10-06T01:14:10.000Z
318.000,Minmatar Citizen 6662812,Capsule,53232,48498,69392,0,,,,4,,,,2026-10-06T01:14:10.000Z
318.000,Caldari Citizen 3891005,Capsule,49353,50780,71981,0,,,,20,,,,2026-10-06T01:14:10.000Z
318.000,Caldari Citizen 8777524,Prospect,35970,-1007,64592,4706,0.8395,0.1478,0.5229,692,0.566,0.230,1.000,2026-10-06T01:14:10.000Z
318.000,Minmatar Citizen 0254120,Procurer,74893,-888,42073,1956,0.0445,0.0641,0.9970,97,0.000,0.260,1.000,2026-10-06T01:14:10.000Z
318.000,Amarr Citizen 2674287,Capsule,65031,48580,58213,0,,,,79,,,,2026-10-06T01:14:10.000Z
318.000,Amarr Citizen 5054432,Venture,49722,47924,65714,412,0.0985,-0.9904,-0.0969,331,1.000,1.000,1.000,2026-10-06T01:14:10.000Z
318.000,Amarr Citizen 4520313,Capsule,45084,144935,102229,0,,,,6,,,,2026-10-06T01:14:10.000Z
318.000,Minmatar Citizen 9978241,Retriever,52430,40050,65708,200,-0.2043,0.9769,0.0621,104,0.000,0.000,0.515,2026-10-06T01:14:10.000Z
318.000,Minmatar Citizen 9678938,Capsule,64493,39880,72628,0,,,,3,,,,2026-10-06T01:14:10.000Z
318.000,Minmatar Citizen 2250648,Porpoise,70295,23983,26658,1230,0.2156,-0.9539,0.2090,246,1.000,1.000,1.000,2026-10-06T01:14:10.000Z
318.000,Gallente Citizen 1635012,Venture,54647,21284,2881,3459,0.9113,-0.4055,-0.0710,230,1.000,1.000,1.000,2026-10-06T01:14:10.000Z
318.000,Amarr Citizen 2281178,Capsule,61260,63557,53010,0,,,,29,,,,2026-10-06T01:14:10.000Z
319.000,Caldari Citizen 6206817,Orca,63892,41066,48981,656,0.0662,-0.9519,-0.2991,384,0.510,1.000,1.000,2026-10-06T01:14:11.000Z
319.000,Minmatar Citizen 9745080,Capsule,-122924,-125345,225764,0,,,,11,,,,2026-10-06T01:14:11.000Z
319.000,Amarr Citizen 0220922,Capsule,78692,58763,51702,0,,,,11,,,,2026-10-06T01:14:11.000Z
319.000,Minmatar Citizen 4351238,Venture,75631,7806,15223,1960,0.1775,-0.7126,0.6787,565,0.848,1.000,1.000,2026-10-06T01:14:11.000Z
319.000,Caldari Citizen 3216932,Capsule,49971,19259,95957,187,-0.8683,-0.0470,0.4939,158,,,,2026-10-06T01:14:11.000Z
319.000,Minmatar Citizen 9076035,Porpoise,65919,39836,53901,79,0.2882,0.1364,-0.9478,125,0.980,1.000,1.000,2026-10-06T01:14:11.000Z
319.000,Minmatar Citizen 6662812,Capsule,53232,48498,69392,0,,,,4,,,,2026-10-06T01:14:11.000Z
319.000,Caldari Citizen 3891005,Capsule,49353,50780,71981,0,,,,20,,,,2026-10-06T01:14:11.000Z
319.000,Caldari Citizen 8777524,Prospect,40155,139,66886,4952,0.8745,0.1891,0.4467,350,0.566,0.232,1.000,2026-10-06T01:14:11.000Z
319.000,Minmatar Citizen 0254120,Procurer,74919,-746,44037,2000,0.0283,0.0910,0.9954,392,0.000,0.250,1.000,2026-10-06T01:14:11.000Z
319.000,Amarr Citizen 2674287,Capsule,65031,48580,58213,0,,,,79,,,,2026-10-06T01:14:11.000Z
319.000,Amarr Citizen 5054432,Venture,49838,47546,65686,422,0.2118,-0.9370,-0.2778,215,1.000,1.000,1.000,2026-10-06T01:14:11.000Z
319.000,Amarr Citizen 4520313,Capsule,45084,144935,102229,0,,,,6,,,,2026-10-06T01:14:11.000Z
319.000,Minmatar Citizen 9978241,Retriever,52482,40355,65761,207,-0.0805,0.9967,-0.0055,394,0.000,0.000,0.480,2026-10-06T01:14:11.000Z
319.000,Minmatar Citizen 9678938,Capsule,64493,39880,72628,0,,,,3,,,,2026-10-06T01:14:11.000Z
319.000,Minmatar Citizen 2250648,Porpoise,70600,22813,26981,1219,0.1909,-0.9382,0.2888,147,1.000,1.000,1.000,2026-10-06T01:14:11.000Z
319.000,Gallente Citizen 1635012,Venture,57905,19857,2579,3468,0.9163,-0.3958,-0.0612,157,1.000,1.000,1.000,2026-10-06T01:14:11.000Z
319.000,Amarr Citizen 2281178,Capsule,61260,63557,53010,0,,,,29,,,,2026-10-06T01:14:11.000Z
320.000,Caldari Citizen 6206817,Orca,63985,40252,48676,611,0.2067,-0.8958,-0.3935,367,0.510,1.000,1.000,2026-10-06T01:14:12.000Z
320.000,Minmatar Citizen 9745080,Capsule,-122924,-125345,225764,0,,,,11,,,,2026-10-06T01:14:12.000Z
320.000,Amarr Citizen 0220922,Capsule,78692,58763,51702,0,,,,11,,,,2026-10-06T01:14:12.000Z
320.000,Minmatar Citizen 4351238,Venture,75867,6504,16885,2102,0.0960,-0.5990,0.7950,263,0.848,1.000,1.000,2026-10-06T01:14:12.000Z
320.000,Caldari Citizen 3216932,Capsule,49860,19301,96037,187,-0.7992,-0.1377,0.5851,102,,,,2026-10-06T01:14:12.000Z
320.000,Minmatar Citizen 9076035,Porpoise,66116,39821,53485,74,0.4441,-0.0874,-0.8917,164,0.980,1.000,1.000,2026-10-06T01:14:12.000Z
320.000,Minmatar Citizen 6662812,Capsule,53232,48498,69392,0,,,,4,,,,2026-10-06T01:14:12.000Z
320.000,Caldari Citizen 3891005,Capsule,49353,50780,71981,0,,,,20,,,,2026-10-06T01:14:12.000Z
320.000,Caldari Citizen 8777524,Prospect,44699,1359,68862,5151,0.9040,0.1881,0.3841,351,0.570,0.230,1.000,2026-10-06T01:14:12.000Z
320.000,Minmatar Citizen 0254120,Procurer,74976,-540,45889,1621,0.0146,0.1094,0.9939,236,0.000,0.250,1.000,2026-10-06T01:14:12.000Z
320.000,Amarr Citizen 2674287,Capsule,65031,48580,58213,0,,,,79,,,,2026-10-06T01:14:12.000Z
320.000,Amarr Citizen 5054432,Venture,49995,47211,65539,430,0.3258,-0.8500,-0.4139,273,1.000,1.000,1.000,2026-10-06T01:14:12.000Z
320.000,Amarr Citizen 4520313,Capsule,45084,144935,102229,0,,,,6,,,,2026-10-06T01:14:12.000Z
320.000,Minmatar Citizen 9978241,Retriever,52484,40601,65776,212,-0.0270,0.9973,-0.0679,375,0.020,0.061,0.293,2026-10-06T01:14:12.000Z
320.000,Minmatar Citizen 9678938,Capsule,64493,39880,72628,0,,,,3,,,,2026-10-06T01:14:12.000Z
320.000,Minmatar Citizen 2250648,Porpoise,70848,21643,27440,1215,0.1461,-0.9192,0.3656,190,1.000,1.000,1.000,2026-10-06T01:14:12.000Z
320.000,Gallente Citizen 1635012,Venture,61230,18495,2375,3475,0.9185,-0.3919,-0.0526,200,1.000,1.000,1.000,2026-10-06T01:14:12.000Z
320.000,Amarr Citizen 2281178,Capsule,61260,63557,53010,0,,,,29,,,,2026-10-06T01:14:12.000Z
321.000,Caldari Citizen 6206817,Orca,64310,39524,48395,568,0.3016,-0.8293,-0.4705,228,0.510,1.000,1.000,2026-10-06T01:14:13.000Z
321.000,Minmatar Citizen 9745080,Capsule,-122924,-125345,225764,0,,,,11,,,,2026-10-06T01:14:13.000Z
321.000,Amarr Citizen 0220922,Capsule,78692,58763,51702,0,,,,11,,,,2026-10-06T01:14:13.000Z
321.000,Minmatar Citizen 4351238,Venture,75885,5401,18750,2230,0.0377,-0.4993,0.8656,209,0.848,1.000,1.000,2026-10-06T01:14:13.000Z
321.000,Caldari Citizen 3216932,Capsule,49753,19289,96158,187,-0.6942,-0.3377,0.6356,92,,,,2026-10-06T01:14:13.000Z
321.000,Minmatar Citizen 9076035,Porpoise,66353,39683,53026,69,0.5346,-0.2457,-0.8086,313,0.980,1.000,1.000,2026-10-06T01:14:13.000Z
321.000,Minmatar Citizen 6662812,Capsule,53232,48498,69392,0,,,,4,,,,2026-10-06T01:14:13.000Z
321.000,Caldari Citizen 3891005,Capsule,49353,50780,71981,0,,,,20,,,,2026-10-06T01:14:13.000Z
321.000,Caldari Citizen 8777524,Prospect,49568,2401,70688,5209,0.9353,0.1506,0.3202,450,0.576,0.230,1.000,2026-10-06T01:14:13.000Z
321.000,Minmatar Citizen 0254120,Procurer,75018,-295,47425,1291,0.0075,0.1201,0.9927,189,0.000,0.240,1.000,2026-10-06T01:14:13.000Z
321.000,Amarr Citizen 2674287,Capsule,65031,48580,58213,0,,,,79,,,,2026-10-06T01:14:13.000Z
321.000,Amarr Citizen 5054432,Venture,50115,46841,65244,436,0.3873,-0.7691,-0.5084,276,1.000,1.000,1.000,2026-10-06T01:14:13.000Z
321.000,Amarr Citizen 4520313,Capsule,45084,144935,102229,0,,,,6,,,,2026-10-06T01:14:13.000Z
321.000,Minmatar Citizen 9978241,Retriever,52414,40835,65724,217,-0.0315,0.9934,-0.1107,415,0.020,0.061,0.101,2026-10-06T01:14:13.000Z
321.000,Minmatar Citizen 9678938,Capsule,64493,39880,72628,0,,,,3,,,,2026-10-06T01:14:13.000Z
321.000,Minmatar Citizen 2250648,Porpoise,70997,20575,27978,1178,0.0987,-0.8930,0.4392,192,1.000,1.000,1.000,2026-10-06T01:14:13.000Z
321.000,Gallente Citizen 1635012,Venture,64598,17141,2321,3481,0.9167,-0.3966,-0.0494,199,1.000,1.000,1.000,2026-10-06T01:14:13.000Z
321.000,Amarr Citizen 2281178,Capsule,61260,63557,53010,0,,,,29,,,,2026-10-06T01:14:13.000Z
322.000,Caldari Citizen 6206817,Orca,64639,38971,48016,529,0.3736,-0.7538,-0.5406,383,0.510,1.000,1.000,2026-10-06T01:14:14.000Z
322.000,Minmatar Citizen 9745080,Capsule,-122924,-125345,225764,0,,,,11,,,,2026-10-06T01:14:14.000Z
322.000,Amarr Citizen 0220922,Capsule,78692,58763,51702,0,,,,11,,,,2026-10-06T01:14:14.000Z
322.000,Minmatar Citizen 4351238,Venture,75848,4400,20804,2340,0.0132,-0.4171,0.9088,306,0.857,1.000,1.000,2026-10-06T01:14:14.000Z
322.000,Caldari Citizen 3216932,Capsule,49588,19175,96330,187,-0.5795,-0.5484,0.6028,194,,,,2026-10-06T01:14:14.000Z
322.000,Minmatar Citizen 9076035,Porpoise,66598,39522,52815,65,0.5424,-0.3749,-0.7518,247,0.980,1.000,1.000,2026-10-06T01:14:14.000Z
322.000,Minmatar Citizen 6662812,Capsule,53232,48498,69392,0,,,,4,,,,2026-10-06T01:14:14.000Z
322.000,Caldari Citizen 3891005,Capsule,49353,50780,71981,0,,,,20,,,,2026-10-06T01:14:14.000Z
322.000,Caldari Citizen 8777524,Prospect,54162,3069,72190,4120,0.9703,0.0717,0.2313,278,0.580,0.230,1.000,2026-10-06T01:14:14.000Z
322.000,Minmatar Citizen 0254120,Procurer,74967,-93,48658,1036,0.0041,0.1126,0.9936,267,0.000,0.230,1.000,2026-10-06T01:14:14.000Z
322.000,Amarr Citizen 2674287,Capsule,65031,48580,58213,0,,,,79,,,,2026-10-06T01:14:14.000Z
322.000,Amarr Citizen 5054432,Venture,50277,46507,64935,430,0.3944,-0.7406,-0.5440,326,1.000,1.000,1.000,2026-10-06T01:14:14.000Z
322.000,Amarr Citizen 4520313,Capsule,45084,144935,102229,0,,,,6,,,,2026-10-06T01:14:14.000Z
322.000,Minmatar Citizen 9978241,Retriever,52369,41163,65625,220,-0.0388,0.9876,-0.1521,342,,,,2026-10-06T01:14:14.000Z
322.000,Minmatar Citizen 9678938,Capsule,64493,39880,72628,0,,,,3,,,,2026-10-06T01:14:14.000Z
322.000,Minmatar Citizen 2250648,Porpoise,71029,19569,28492,1135,0.0700,-0.8583,0.5084,351,1.000,1.000,1.000,2026-10-06T01:14:14.000Z
322.000,Gallente Citizen 1635012,Venture,67916,15724,2200,3485,0.9115,-0.4082,-0.0516,163,1.000,1.000,1.000,2026-10-06T01:14:14.000Z
322.000,Amarr Citizen 2281178,Capsule,61260,63557,53010,0,,,,29,,,,2026-10-06T01:14:14.000Z
323.000,Caldari Citizen 6206817,Orca,64862,38598,47606,493,0.4227,-0.6679,-0.6125,140,0.510,1.000,1.000,2026-10-06T01:14:15.000Z
323.000,Minmatar Citizen 9745080,Capsule,-122924,-125345,225764,0,,,,11,,,,2026-10-06T01:14:15.000Z
323.000,Amarr Citizen 0220922,Capsule,78692,58763,51702,0,,,,11,,,,2026-10-06T01:14:15.000Z
323.000,Minmatar Citizen 4351238,Venture,75773,3472,22946,2417,0.0155,-0.3540,0.9351,185,0.859,1.000,1.000,2026-10-06T01:14:15.000Z
323.000,Caldari Citizen 3216932,Capsule,49369,18977,96541,187,-0.4512,-0.7310,0.5120,255,,,,2026-10-06T01:14:15.000Z
323.000,Minmatar Citizen 9076035,Porpoise,66725,39438,52782,58,0.4038,-0.5594,-0.7239,223,0.980,1.000,1.000,2026-10-06T01:14:15.000Z
323.000,Minmatar Citizen 6662812,Capsule,53232,48498,69392,0,,,,4,,,,2026-10-06T01:14:15.000Z
323.000,Caldari Citizen 3891005,Capsule,49353,50780,71981,0,,,,20,,,,2026-10-06T01:14:15.000Z
323.000,Caldari Citizen 8777524,Prospect,57609,3165,72934,2306,0.9942,-0.0566,0.0919,237,0.580,0.230,1.000,2026-10-06T01:14:15.000Z
323.000,Minmatar Citizen 0254120,Procurer,74953,-2,49689,838,-0.0025,0.0711,0.9975,207,0.000,0.230,1.000,2026-10-06T01:14:15.000Z
323.000,Amarr Citizen 2674287,Capsule,65031,48580,58213,0,,,,79,,,,2026-10-06T01:14:15.000Z
323.000,Amarr Citizen 5054432,Venture,50551,46176,64684,429,0.3771,-0.7547,-0.5369,237,1.000,1.000,1.000,2026-10-06T01:14:15.000Z
323.000,Amarr Citizen 4520313,Capsule,45084,144935,102229,0,,,,6,,,,2026-10-06T01:14:15.000Z
323.000,Minmatar Citizen 9978241,Capsule,52418,41505,65586,222,-0.0129,0.9867,-0.1622,214,0.020,0.061,0.101,2026-10-06T01:14:15.000Z
323.000,Minmatar Citizen 9678938,Capsule,64493,39880,72628,0,,,,3,,,,2026-10-06T01:14:15.000Z
323.000,Minmatar Citizen 2250648,Porpoise,71010,18590,29050,1109,0.0801,-0.8122,0.5779,137,1.000,1.000,1.000,2026-10-06T01:14:15.000Z
323.000,Gallente Citizen 1635012,Venture,71160,14215,1958,3488,0.9049,-0.4219,-0.0552,419,1.000,1.000,1.000,2026-10-06T01:14:15.000Z
323.000,Amarr Citizen 2281178,Capsule,61260,63557,53010,0,,,,29,,,,2026-10-06T01:14:15.000Z
324.000,Caldari Citizen 6206817,Orca,65067,38323,47239,459,0.4247,-0.6098,-0.6691,214,0.510,1.000,1.000,2026-10-06T01:14:16.000Z
324.000,Minmatar Citizen 9745080,Capsule,-122924,-125345,225764,0,,,,11,,,,2026-10-06T01:14:16.000Z
324.000,Amarr Citizen 0220922,Capsule,78692,58763,51702,0,,,,11,,,,2026-10-06T01:14:16.000Z
324.000,Minmatar Citizen 4351238,Venture,75822,2695,25265,2483,0.0212,-0.3254,0.9453,236,0.859,1.000,1.000,2026-10-06T01:14:16.000Z
324.000,Caldari Citizen 3216932,Capsule,49254,18770,96674,187,-0.3850,-0.8054,0.4506,166,,,,2026-10-06T01:14:16.000Z
324.000,Minmatar Citizen 9076035,Porpoise,66749,39385,52738,57,,,,212,0.980,1.000,1.000,2026-10-06T01:14:16.000Z
324.000,Minmatar Citizen 6662812,Capsule,53232,48498,69392,0,,,,4,,,,2026-10-06T01:14:16.000Z
324.000,Caldari Citizen 3891005,Capsule,49353,50780,71981,0,,,,20,,,,2026-10-06T01:14:16.000Z
324.000,Caldari Citizen 8777524,Prospect,59997,2654,72742,1484,0.9888,-0.1491,-0.0107,631,0.580,0.232,1.000,2026-10-06T01:14:16.000Z
324.000,Minmatar Citizen 0254120,Procurer,74973,56,50521,684,-0.0049,0.0366,0.9993,389,0.000,0.210,1.000,2026-10-06T01:14:16.000Z
324.000,Amarr Citizen 2674287,Capsule,65031,48580,58213,0,,,,79,,,,2026-10-06T01:14:16.000Z
324.000,Amarr Citizen 5054432,Venture,50774,45851,64454,387,0.3887,-0.7644,-0.5144,211,1.000,1.000,1.000,2026-10-06T01:14:16.000Z
324.000,Amarr Citizen 4520313,Capsule,45084,144935,102229,0,,,,6,,,,2026-10-06T01:14:16.000Z
324.000,Minmatar Citizen 9978241,Capsule,52430,41649,65590,0,,,,202,,,,2026-10-06T01:14:16.000Z
324.000,Minmatar Citizen 9678938,Capsule,64493,39880,72628,0,,,,3,,,,2026-10-06T01:14:16.000Z
324.000,Minmatar Citizen 2250648,Porpoise,71046,17688,29748,1096,0.0844,-0.7882,0.6096,22,1.000,1.000,1.000,2026-10-06T01:14:16.000Z
324.000,Gallente Citizen 1635012,Venture,74323,12670,1697,3491,0.9002,-0.4311,-0.0617,406,1.000,1.000,1.000,2026-10-06T01:14:16.000Z
324.000,Amarr Citizen 2281178,Capsule,61260,63557,53010,0,,,,29,,,,2026-10-06T01:14:16.000Z
325.000,Caldari Citizen 6206817,Orca,65270,38054,46899,427,0.4248,-0.5682,-0.7048,193,0.510,1.000,1.000,2026-10-06T01:14:17.000Z
325.000,Minmatar Citizen 9745080,Capsule,-122924,-125345,225764,0,,,,11,,,,2026-10-06T01:14:17.000Z
325.000,Amarr Citizen 0220922,Capsule,78692,58763,51702,0,,,,11,,,,2026-10-06T01:14:17.000Z
325.000,Minmatar Citizen 4351238,Venture,75981,2038,27738,2546,0.0333,-0.2975,0.9541,123,0.859,1.000,1.000,2026-10-06T01:14:17.000Z
325.000,Caldari Citizen 3216932,Capsule,49265,18546,96692,187,,,,88,,,,2026-10-06T01:14:17.000Z
325.000,Minmatar Citizen 9076035,Porpoise,66693,39295,52651,58,,,,232,0.980,1.000,1.000,2026-10-06T01:14:17.000Z
325.000,Minmatar Citizen 6662812,Capsule,53232,48498,69392,0,,,,4,,,,2026-10-06T01:14:17.000Z
325.000,Caldari Citizen 3891005,Capsule,49353,50780,71981,0,,,,20,,,,2026-10-06T01:14:17.000Z
325.000,Caldari Citizen 8777524,Prospect,62300,1608,71898,1853,0.9528,-0.2637,-0.1505,612,0.590,0.232,1.000,2026-10-06T01:14:17.000Z
325.000,Minmatar Citizen 0254120,Procurer,74988,8,51216,600,0.0056,-0.0114,0.9999,152,0.000,0.210,1.000,2026-10-06T01:14:17.000Z
325.000,Amarr Citizen 2674287,Capsule,65031,48580,58213,0,,,,79,,,,2026-10-06T01:14:17.000Z
325.000,Amarr Citizen 5054432,Venture,50828,45566,64312,,0.3693,-0.7953,-0.4807,276,1.000,1.000,1.000,2026-10-06T01:14:17.000Z
325.000,Amarr Citizen 4520313,Capsule,45084,144935,102229,0,,,,6,,,,2026-10-06T01:14:17.000Z
325.000,Minmatar Citizen 9978241,Capsule,52430,41649,65590,0,,,,202,,,,2026-10-06T01:14:17.000Z
325.000,Minmatar Citizen 9678938,Capsule,64493,39880,72628,0,,,,3,,,,2026-10-06T01:14:17.000Z
325.000,Minmatar Citizen 2250648,Porpoise,71217,16878,30554,1095,0.1090,-0.7542,0.6475,187,1.000,1.000,1.000,2026-10-06T01:14:17.000Z
325.000,Gallente Citizen 1635012,Venture,77402,11097,1431,3493,0.8960,-0.4393,-0.0657,281,1.000,1.000,1.000,2026-10-06T01:14:17.000Z
325.000,Amarr Citizen 2281178,Capsule,61260,63557,53010,0,,,,29,,,,2026-10-06T01:14:17.000Z
326.000,Caldari Citizen 6206817,Orca,65494,37826,46612,397,0.4463,-0.5493,-0.7064,104,0.510,1.000,1.000,2026-10-06T01:14:18.000Z
326.000,Minmatar Citizen 9745080,Capsule,-122924,-125345,225764,0,,,,11,,,,2026-10-06T01:14:18.000Z
326.000,Amarr Citizen 0220922,Capsule,78692,58763,51702,0,,,,11,,,,2026-10-06T01:14:18.000Z
326.000,Minmatar Citizen 4351238,Venture,76157,1430,30232,2605,0.0518,-0.2682,0.9620,160,0.859,1.000,1.000,2026-10-06T01:14:18.000Z
326.000,Caldari Citizen 3216932,Capsule,49323,18354,96671,187,,,,97,,,,2026-10-06T01:14:18.000Z
326.000,Minmatar Citizen 9076035,Porpoise,66557,39131,52474,59,,,,225,0.980,1.000,1.000,2026-10-06T01:14:18.000Z
326.000,Minmatar Citizen 6662812,Capsule,53232,48498,69392,0,,,,4,,,,2026-10-06T01:14:18.000Z
326.000,Caldari Citizen 3891005,Capsule,49353,50780,71981,0,,,,20,,,,2026-10-06T01:14:18.000Z
326.000,Caldari Citizen 8777524,Prospect,64650,296,70680,2596,0.8856,-0.3649,-0.2875,476,0.590,0.232,1.000,2026-10-06T01:14:18.000Z
326.000,Minmatar Citizen 0254120,Procurer,74972,-143,51844,535,0.0097,-0.0656,0.9978,188,0.000,0.210,1.000,2026-10-06T01:14:18.000Z
326.000,Amarr Citizen 2674287,Capsule,65031,48580,58213,0,,,,79,,,,2026-10-06T01:14:18.000Z
326.000,Amarr Citizen 5054432,Venture,50812,45362,64244,177,,,,268,1.000,1.000,1.000,2026-10-06T01:14:18.000Z
326.000,Amarr Citizen 4520313,Capsule,45084,144935,102229,0,,,,6,,,,2026-10-06T01:14:18.000Z
326.000,Minmatar Citizen 9978241,Capsule,52430,41649,65590,0,,,,202,,,,2026-10-06T01:14:18.000Z
326.000,Minmatar Citizen 9678938,Capsule,64493,39880,72628,0,,,,3,,,,2026-10-06T01:14:18.000Z
326.000,Minmatar Citizen 2250648,Porpoise,71544,16143,31417,1119,0.1543,-0.7093,0.6878,123,1.000,1.000,1.000,2026-10-06T01:14:18.000Z
326.000,Gallente Citizen 1635012,Venture,80539,9564,1309,3495,0.8936,-0.4444,-0.0634,170,1.000,1.000,1.000,2026-10-06T01:14:18.000Z
326.000,Amarr Citizen 2281178,Capsule,61260,63557,53010,0,,,,29,,,,2026-10-06T01:14:18.000Z
